{"_t":[1376974800,1377061200,86400,144],"_i":["timana0\/001\/humidity","timana0\/001\/temp_dry","timana0\/001\/temp_wet","timana0\/002\/VoltR","timana0\/003\/VoltR","timana0\/004\/VoltR"],"_@":{"humi":[40,100],"temp":[0,30],"Volt":[0,130]},"timana0\/001\/humidity":[["2","95.00000","0.00000","95.0","95.0"],["2","95.50000","0.50000","95.0","96.0"],["2","95.50000","0.50000","95.0","96.0"],["2","96.00000","0.00000","96.0","96.0"],["2","96.50000","0.50000","96.0","97.0"],["2","98.00000","0.00000","98.0","98.0"],["2","98.00000","0.00000","98.0","98.0"],["2","98.00000","0.00000","98.0","98.0"],["2","98.00000","0.00000","98.0","98.0"],["2","98.00000","0.00000","98.0","98.0"],["2","98.00000","0.00000","98.0","98.0"],["2","97.00000","0.00000","97.0","97.0"],["2","97.50000","0.50000","97.0","98.0"],["2","97.00000","0.00000","97.0","97.0"],["2","97.00000","0.00000","97.0","97.0"],["2","96.50000","0.50000","96.0","97.0"],["2","94.50000","0.50000","94.0","95.0"],["2","95.00000","0.00000","95.0","95.0"],["2","95.50000","0.50000","95.0","96.0"],["2","95.50000","0.50000","95.0","96.0"],["2","96.00000","0.00000","96.0","96.0"],["2","96.50000","0.50000","96.0","97.0"],["2","96.50000","0.50000","96.0","97.0"],["2","96.50000","0.50000","96.0","97.0"],["2","97.00000","0.00000","97.0","97.0"],["2","97.50000","0.50000","97.0","98.0"],["2","97.50000","0.50000","97.0","98.0"],["2","97.00000","0.00000","97.0","97.0"],["2","99.00000","1.00000","98.0","100.0"],["2","97.50000","0.50000","97.0","98.0"],["2","97.50000","0.50000","97.0","98.0"],["2","97.50000","0.50000","97.0","98.0"],["2","97.50000","0.50000","97.0","98.0"],["2","97.50000","0.50000","97.0","98.0"],["2","97.50000","0.50000","97.0","98.0"],["2","98.00000","0.00000","98.0","98.0"],["2","97.50000","0.50000","97.0","98.0"],["2","97.00000","0.00000","97.0","97.0"],["2","96.50000","0.50000","96.0","97.0"],["2","96.00000","0.00000","96.0","96.0"],["2","95.00000","0.00000","95.0","95.0"],["2","92.50000","1.50000","91.0","94.0"],["2","92.50000","0.50000","92.0","93.0"],["2","89.00000","0.00000","89.0","89.0"],["2","80.00000","2.00000","78.0","82.0"],["2","78.50000","0.50000","78.0","79.0"],["2","75.50000","0.50000","75.0","76.0"],["2","69.50000","0.50000","69.0","70.0"],["2","66.00000","1.00000","65.0","67.0"],["2","64.50000","0.50000","64.0","65.0"],["2","67.00000","1.00000","66.0","68.0"],["2","66.00000","0.00000","66.0","66.0"],["2","61.00000","2.00000","59.0","63.0"],["2","59.50000","0.50000","59.0","60.0"],["2","56.50000","0.50000","56.0","57.0"],["2","55.50000","0.50000","55.0","56.0"],["2","49.50000","2.50000","47.0","52.0"],["2","46.50000","1.50000","45.0","48.0"],["2","47.50000","1.50000","46.0","49.0"],["2","50.50000","0.50000","50.0","51.0"],["2","52.00000","0.00000","52.0","52.0"],["2","51.50000","0.50000","51.0","52.0"],["1","51.00000","0.00000","51.0","51.0"],["2","46.00000","0.00000","46.0","46.0"],["2","42.50000","0.50000","42.0","43.0"],["1","51.00000","0.00000","51.0","51.0"],["2","50.00000","3.00000","47.0","53.0"],["2","52.00000","0.00000","52.0","52.0"],["2","55.50000","2.50000","53.0","58.0"],["2","54.00000","2.00000","52.0","56.0"],["2","53.00000","1.00000","52.0","54.0"],["2","56.00000","4.00000","52.0","60.0"],["2","63.50000","1.50000","62.0","65.0"],["2","66.50000","0.50000","66.0","67.0"],["2","68.00000","1.00000","67.0","69.0"],["2","71.00000","1.00000","70.0","72.0"],["2","78.50000","2.50000","76.0","81.0"],["2","80.50000","0.50000","80.0","81.0"],["1","78.00000","0.00000","78.0","78.0"]],"timana0\/001\/temp_dry":[["2","11.10000","0.00000","11.1","11.1"],["2","10.95000","0.05000","10.9","11.0"],["2","10.75000","0.05000","10.7","10.8"],["2","10.60000","0.00000","10.6","10.6"],["2","10.40000","0.10000","10.3","10.5"],["2","9.70000","0.10000","9.6","9.8"],["2","9.40000","0.10000","9.3","9.5"],["2","9.00000","0.10000","8.9","9.1"],["2","9.00000","0.10000","8.9","9.1"],["2","9.20000","0.00000","9.2","9.2"],["2","9.10000","0.10000","9.0","9.2"],["2","9.40000","0.00000","9.4","9.4"],["2","9.40000","0.00000","9.4","9.4"],["2","9.55000","0.05000","9.5","9.6"],["2","9.70000","0.00000","9.7","9.7"],["2","9.90000","0.10000","9.8","10.0"],["2","10.25000","0.05000","10.2","10.3"],["2","10.30000","0.00000","10.3","10.3"],["2","10.25000","0.05000","10.2","10.3"],["2","10.30000","0.00000","10.3","10.3"],["2","10.00000","0.10000","9.9","10.1"],["2","9.85000","0.05000","9.8","9.9"],["2","9.80000","0.00000","9.8","9.8"],["2","9.75000","0.05000","9.7","9.8"],["2","9.70000","0.00000","9.7","9.7"],["2","9.60000","0.00000","9.6","9.6"],["2","9.20000","0.20000","9.0","9.4"],["2","8.85000","0.05000","8.8","8.9"],["2","8.35000","0.05000","8.3","8.4"],["2","8.45000","0.15000","8.3","8.6"],["2","8.75000","0.05000","8.7","8.8"],["2","9.10000","0.10000","9.0","9.2"],["2","9.40000","0.00000","9.4","9.4"],["2","9.65000","0.05000","9.6","9.7"],["2","9.70000","0.00000","9.7","9.7"],["2","9.60000","0.00000","9.6","9.6"],["2","9.60000","0.00000","9.6","9.6"],["2","9.80000","0.00000","9.8","9.8"],["2","10.10000","0.10000","10.0","10.2"],["2","10.25000","0.05000","10.2","10.3"],["2","10.65000","0.05000","10.6","10.7"],["2","11.30000","0.20000","11.1","11.5"],["2","11.75000","0.15000","11.6","11.9"],["2","12.35000","0.25000","12.1","12.6"],["2","14.20000","0.50000","13.7","14.7"],["2","14.35000","0.05000","14.3","14.4"],["2","14.65000","0.15000","14.5","14.8"],["2","15.45000","0.05000","15.4","15.5"],["2","16.00000","0.20000","15.8","16.2"],["2","16.05000","0.05000","16.0","16.1"],["2","15.40000","0.20000","15.2","15.6"],["2","15.95000","0.15000","15.8","16.1"],["2","16.95000","0.25000","16.7","17.2"],["2","17.20000","0.10000","17.1","17.3"],["2","18.70000","0.40000","18.3","19.1"],["2","19.70000","0.40000","19.3","20.1"],["2","21.15000","0.15000","21.0","21.3"],["2","21.60000","0.30000","21.3","21.9"],["2","21.65000","0.55000","21.1","22.2"],["2","20.05000","0.15000","19.9","20.2"],["2","19.40000","0.10000","19.3","19.5"],["2","19.40000","0.10000","19.3","19.5"],["1","19.70000","0.00000","19.7","19.7"],["2","22.15000","0.25000","21.9","22.4"],["2","22.50000","0.10000","22.4","22.6"],["1","21.30000","0.00000","21.3","21.3"],["2","20.95000","0.25000","20.7","21.2"],["2","20.75000","0.25000","20.5","21.0"],["2","20.15000","0.35000","19.8","20.5"],["2","20.45000","0.75000","19.7","21.2"],["2","21.05000","0.55000","20.5","21.6"],["2","19.90000","0.40000","19.5","20.3"],["2","18.10000","0.20000","17.9","18.3"],["2","17.65000","0.15000","17.5","17.8"],["2","17.30000","0.20000","17.1","17.5"],["2","16.65000","0.15000","16.5","16.8"],["2","15.35000","0.45000","14.9","15.8"],["2","14.90000","0.30000","14.6","15.2"],["1","15.40000","0.00000","15.4","15.4"]],