{"_t":[1366002000,1366606800,604800,168],"_i":["sanpedro\/004\/humidity","sanpedro\/004\/temp_dry","sanpedro\/004\/temp_wet"],"_@":{"humi":[60,110],"temp":[0,40]},"sanpedro\/004\/humidity":{"8":["232","77.82759","4.09431","71.0","89.0"],"9":["213","75.54460","1.91464","71.0","80.0"],"14":["85","96.21176","5.26720","88.0","106.0"],"15":["153","85.42484","3.13465","81.0","93.0"],"16":["142","86.76761","4.08133","81.0","94.0"],"17":["73","93.45205","3.45238","88.0","100.0"],"18":["66","98.68182","0.92375","97.0","100.0"],"19":["54","98.61111","1.20825","96.0","101.0"],"20":["58","97.67241","0.75173","96.0","99.0"],"21":["37","98.67568","0.57205","97.0","100.0"],"22":["54","98.96296","0.81566","97.0","100.0"],"23":["49","98.97959","0.97917","97.0","100.0"],"24":["34","98.79412","0.71863","97.0","100.0"],"25":["41","99.29268","0.96888","98.0","101.0"],"26":["37","99.59459","0.75192","98.0","101.0"],"27":["32","99.15625","0.83327","98.0","101.0"],"28":["39","99.10256","1.03267","97.0","101.0"],"29":["42","98.45238","1.11702","96.0","100.0"],"30":["85","94.95294","1.57858","91.0","98.0"],"31":["246","80.69512","5.55173","69.0","92.0"],"32":["314","65.78981","2.09041","61.0","70.0"],"33":["352","67.53125","3.46970","60.0","73.0"],"34":["321","74.97196","3.87529","67.0","82.0"],"35":["258","76.92636","2.70916","70.0","82.0"],"36":["281","77.15658","3.71738","71.0","87.0"],"37":["230","81.10870","3.61656","73.0","88.0"],"38":["342","78.02047","4.06485","71.0","88.0"],"39":["220","83.68182","2.47692","78.0","90.0"],"40":["154","92.24675","2.60945","86.0","96.0"],"41":["101","98.11881","1.80915","95.0","102.0"],"42":["59","102.45763","0.72069","101.0","104.0"],"43":["58","101.15517","0.84694","100.0","103.0"],"44":["37","99.97297","0.88490","99.0","102.0"],"45":["47","99.72340","0.44731","99.0","100.0"],"46":["30","99.96667","0.17951","99.0","100.0"],"47":["60","99.66667","0.72265","98.0","101.0"],"48":["50","99.68000","0.88182","98.0","102.0"],"49":["48","99.89583","1.15902","98.0","102.0"],"50":["38","99.26316","1.18509","97.0","101.0"],"51":["37","99.56757","1.05371","97.0","101.0"],"52":["49","99.42857","1.08797","98.0","101.0"],"53":["50","99.66000","1.10653","98.0","101.0"],"54":["78","96.34615","1.87307","93.0","100.0"],"55":["160","87.91250","4.95150","78.0","95.0"],"56":["303","73.59076","3.32966","68.0","81.0"],"57":["310","67.74839","3.10690","60.0","73.0"],"58":["237","74.37131","1.42213","71.0","78.0"],"59":["376","75.13298","3.18046","69.0","83.0"],"60":["436","73.09404","3.50136","66.0","83.0"],"61":["338","82.10651","3.08181","75.0","88.0"],"62":["298","80.42617","4.00875","73.0","89.0"],"63":["259","83.83784","1.98371","77.0","87.0"],"64":["117","95.49573","4.80318","83.0","101.0"],"65":["72","100.38889","0.56656","100.0","102.0"],"66":["62","99.22581","1.12765","97.0","101.0"],"67":["56","98.42857","0.84213","97.0","101.0"],"68":["70","98.65714","0.62987","98.0","101.0"],"69":["40","98.80000","0.55678","98.0","100.0"],"70":["41","99.34146","0.56783","98.0","101.0"],"71":["50","98.76000","0.64992","98.0","101.0"],"72":["36","99.50000","0.72648","98.0","101.0"],"73":["47","99.42553","0.73643","98.0","100.0"],"74":["34","99.02941","0.95441","97.0","100.0"],"75":["33","98.54545","0.85603","97.0","100.0"],"76":["38","98.50000","0.85070","97.0","100.0"],"77":["7","98.00000","0.53452","97.0","99.0"],"81":["125","71.87200","2.09753","68.0","78.0"],"82":["239","79.47699","3.13945","73.0","86.0"],"83":["237","76.14346","1.24799","73.0","79.0"],"84":["266","81.01504","2.41700","76.0","87.0"],"85":["285","83.79298","2.14131","79.0","89.0"],"86":["214","86.98598","2.01740","83.0","91.0"],"87":["212","84.84906","1.69512","82.0","91.0"],"88":["162","92.87654","4.18222","86.0","100.0"],"89":["81","99.74074","0.49135","99.0","101.0"],"90":["56","99.67857","0.46702","99.0","100.0"],"91":["54","99.81481","0.38845","99.0","100.0"],"92":["53","99.54717","0.60082","99.0","101.0"],"93":["58","99.41379","0.55815","98.0","101.0"],"94":["58","99.55172","0.85445","97.0","101.0"],"95":["39","99.05128","0.84577","98.0","100.0"],"96":["41","99.26829","0.85609","98.0","101.0"],"97":["43","99.18605","0.99431","97.0","101.0"],"98":["39","98.25641","0.77519","97.0","101.0"],"99":["49","98.51020","0.64278","97.0","100.0"],"100":["44","98.75000","0.95644","97.0","100.0"],"101":["7","98.14286","0.83299","97.0","100.0"],"104":["32","74.78125","1.72725","72.0","78.0"],"105":["102","74.01961","3.25088","68.0","80.0"],"112":["40","99.32500","0.56513","98.0","100.0"],"113":["56","100.26786","0.61211","99.0","102.0"],"114":["47","100.31915","0.82788","99.0","102.0"],"115":["49","99.95918","0.53296","99.0","101.0"],"116":["44","99.54545","0.86483","98.0","101.0"],"117":["43","99.13953","0.55327","98.0","101.0"],"118":["44","98.95455","0.42397","98.0","101.0"],"119":["45","99.46667","0.68638","98.0","101.0"],"120":["55","99.40000","0.72864","98.0","100.0"],"121":["47","98.76596","0.99387","97.0","101.0"],"122":["37","99.21622","0.66313","98.0","100.0"],"123":["53","99.28302","0.89816","98.0","101.0"],"124":["40","99.07500","1.08138","97.0","101.0"],"125":["37","98.35135","1.01917","97.0","100.0"],"126":["54","97.85185","0.89043","96.0","101.0"],"127":["145","87.75862","4.69523","81.0","97.0"],"128":["192","73.22917","5.07440","66.0","82.0"]},"sanpedro\/004\/temp_dry":{"8":["232","19.20560","1.77352","14.8","22.4"],"9":["213","19.61784","0.81117","18.4","21.7"],"14":["85","16.15882","0.89945","14.3","17.4"],"15":["153","18.00980","0.63005","16.6","18.8"],"16":["142","19.21690","0.97872","17.1","20.5"],"17":["73","16.33562","0.78310","14.8","17.3"],"18":["66","14.20303","0.27959","13.8","14.8"],"19":["54","13.78148","0.08405","13.6","14.0"],"20":["58","13.42414","0.27562","12.9","13.9"],"21":["37","12.78649","0.09053","12.6","13.0"],"22":["54","12.38519","0.18095","12.1","12.8"],"23":["49","12.33061","0.08380","12.2","12.5"],"24":["34","12.24706","0.07759","12.1","12.4"],"25":["41","11.96098","0.33849","11.3","12.4"],"26":["37","11.11351","0.09632","11.0","11.3"],"27":["32","11.24375","0.09333","11.1","11.4"],"28":["39","11.23077","0.13988","11.0","11.5"],"29":["42","10.82857","0.32241","10.3","11.4"],"30":["85","11.27882","0.52806","10.4","12.4"],"31":["246","16.32561","1.96422","12.5","20.9"],"32":["314","22.76210","1.10727","20.9","25.3"],"33":["352","24.98920","1.09842","23.1","27.9"],"34":["321","23.86604","2.03773","20.8","27.9"],"35":["258","21.66860","1.00127","20.3","24.1"],"36":["281","22.73452","0.95659","20.9","24.9"],"37":["230","21.76913","0.61195","20.5","23.3"],"38":["342","24.23070","1.52207","20.9","27.7"],"39":["220","22.81773","0.63440","21.7","24.6"],"40":["154","20.10390","0.91912","18.5","22.0"],"41":["101","16.92079","1.06132","15.0","18.5"],"42":["59","13.76271","0.56655","12.9","14.9"],"43":["58","12.52414","0.15571","12.2","12.9"],"44":["37","12.77297","0.12660","12.5","13.0"],"45":["47","13.17660","0.08803","13.0","13.4"],"46":["30","13.23000","0.04583","13.2","13.3"],"47":["60","12.65000","0.54574","11.8","13.3"],"48":["50","11.15200","0.37536","10.4","11.9"],"49":["48","9.83542","0.31982","9.2","10.4"],"50":["38","9.30263","0.20325","9.0","9.6"],"51":["37","9.45405","0.11051","9.2","9.6"],"52":["49","9.26122","0.08528","9.1","9.4"],"53":["50","9.10200","0.14898","8.8","9.4"],"54":["78","9.81154","0.69908","9.0","11.3"],"55":["160","13.72625","1.70988","11.3","17.0"],"56":["303","20.18680","1.65099","16.1","23.1"],"57":["310","22.12968","1.17787","19.5","24.7"],"58":["237","21.03671","1.10111","19.7","24.7"],"59":["376","25.58032","1.33123","22.8","28.2"],"60":["436","26.65046","1.74903","22.5","30.6"],"61":["338","22.79201","0.99690","20.9","25.1"],"62":["298","23.56678","1.74098","20.8","27.3"],"63":["259","21.97181","0.77685","20.6","23.8"],"64":["117","19.12051","1.68181","16.3","21.9"],"65":["72","15.73611","0.47061","14.8","16.3"],"66":["62","14.59839","0.23657","14.0","15.0"],"67":["56","13.73571","0.28811","13.2","14.1"],