{"_t":[1379653200,1380258000,604800,168],"_i":["valentina\/003\/humidity","valentina\/003\/temp_dry","valentina\/003\/temp_wet"],"_@":{"humi":[50,100],"temp":[0,30]},"valentina\/003\/humidity":{"5":["7","96.57143","0.49487","96.0","97.0"],"6":["12","92.33333","2.89636","87.0","96.0"],"7":["12","74.58333","4.71625","67.0","84.0"],"8":["12","64.08333","2.56445","60.0","68.0"],"9":["12","65.75000","2.80253","62.0","71.0"],"10":["12","62.66667","1.79505","59.0","66.0"],"11":["12","58.75000","4.26468","52.0","65.0"],"12":["12","55.58333","2.25308","51.0","59.0"],"13":["12","56.75000","1.73805","54.0","60.0"],"14":["12","62.75000","1.58771","60.0","65.0"],"15":["12","64.75000","2.38485","61.0","69.0"],"16":["11","73.90909","3.65450","69.0","80.0"],"81":["10","68.50000","1.20416","66.0","70.0"],"82":["12","62.83333","1.46249","61.0","66.0"],"83":["12","68.00000","3.95811","61.0","74.0"],"84":["12","65.25000","2.91905","61.0","69.0"],"85":["12","67.50000","2.14087","63.0","72.0"],"86":["12","63.58333","2.75252","60.0","68.0"],"87":["12","67.75000","2.20322","63.0","71.0"],"88":["12","66.91667","4.27119","62.0","76.0"],"89":["12","75.41667","1.44097","73.0","78.0"],"90":["12","82.75000","2.41954","79.0","87.0"],"91":["12","93.33333","1.74801","89.0","95.0"],"92":["12","95.41667","0.49301","95.0","96.0"],"93":["1","96.00000","0.00000","96.0","96.0"]},"valentina\/003\/temp_dry":{"5":["7","7.48571","0.03499","7.4","7.5"],"6":["12","8.45833","0.82710","7.6","10.2"],"7":["12","13.44167","1.45514","10.8","16.3"],"8":["12","18.89167","1.08433","17.3","20.7"],"9":["12","19.86667","1.36707","18.2","22.6"],"10":["12","20.66667","0.65870","19.7","21.7"],"11":["12","23.95833","2.11047","20.7","26.6"],"12":["12","25.59167","1.03639","23.7","27.4"],"13":["12","27.76667","0.86827","26.4","28.9"],"14":["12","25.44167","1.16007","23.4","27.2"],"15":["12","24.95833","0.70411","23.4","26.0"],"16":["11","21.24545","1.75259","18.1","23.3"],"81":["10","18.29000","0.55937","17.6","19.6"],"82":["12","22.22500","0.83877","20.7","23.2"],"83":["12","20.02500","1.35961","18.3","22.5"],"84":["12","21.45000","1.49136","19.4","23.7"],"85":["12","19.80000","0.70828","18.9","21.5"],"86":["12","22.38333","1.77943","20.3","26.0"],"87":["12","19.96667","1.29121","18.4","23.1"],"88":["12","20.03333","1.62241","17.1","22.0"],"89":["12","16.14167","0.82103","15.0","17.1"],"90":["12","14.11667","0.56544","12.9","14.9"],"91":["12","11.10000","0.68191","10.3","12.4"],"92":["12","9.67500","0.26180","9.3","10.2"],"93":["1","9.30000","0.00000","9.3","9.3"]},"valentina\/003\/temp_wet":{"5":["7","7.24286","0.04949","7.2","7.3"],"6":["12","7.79167","0.55597","7.2","9.0"],"7":["12","10.68333","0.87734","9.3","12.9"],"8":["12","14.30000","0.85440","12.8","15.6"],"9":["12","15.40000","0.97553","14.2","17.4"],"10":["12","15.66667","0.41899","15.0","16.5"],"11":["12","17.90000","1.22474","15.6","19.5"],"12":["12","18.80833","0.68612","17.6","20.3"],"13":["12","20.87500","0.81458","19.7","22.3"],"14":["12","19.88333","0.88490","18.5","21.2"],"15":["12","19.80833","0.43677","19.1","20.4"],"16":["11","17.80000","1.13378","15.7","19.1"],"81":["10","14.39000","0.49082","13.7","15.5"],"82":["12","17.06667","0.61824","15.9","17.7"],"83":["12","15.84167","0.67387","15.0","17.0"],"84":["12","16.73333","0.94192","15.4","18.2"],"85":["12","15.60000","0.41028","15.1","16.4"],"86":["12","17.32500","1.23161","15.6","19.9"],"87":["12","15.78333","0.87924","14.6","17.8"],"88":["12","15.70833","0.87508","14.3","16.9"],"89":["12","13.29167","0.61841","12.4","14.1"],"90":["12","12.27500","0.27726","11.6","12.6"],"91":["12","10.50833","0.49406","9.9","11.3"],"92":["12","9.31667","0.27029","9.0","9.9"],"93":["1","9.00000","0.00000","9.0","9.0"]}}