{"_t":[1366642080,1366728480,86400,144],"_i":["valentina\/002\/humidity","valentina\/002\/temperature"],"_@":{"humi":[30,90],"temp":[0,30]},"valentina\/002\/humidity":{"0":["2","61.55000","4.55000","57.0","66.1"],"1":["3","53.56667","6.37303","44.7","59.4"],"2":["2","48.50000","0.50000","48.0","49.0"],"3":["2","61.70000","3.00000","58.7","64.7"],"4":["2","66.15000","2.15000","64.0","68.3"],"5":["2","65.45000","1.45000","64.0","66.9"],"6":["2","64.00000","0.40000","63.6","64.4"],"7":["2","62.20000","0.10000","62.1","62.3"],"8":["2","60.50000","3.60000","56.9","64.1"],"9":["2","66.75000","0.15000","66.6","66.9"],"10":["2","67.95000","2.25000","65.7","70.2"],"11":["3","63.13333","5.79904","55.2","68.9"],"12":["2","58.85000","1.85000","57.0","60.7"],"13":["2","57.80000","2.80000","55.0","60.6"],"14":["2","47.80000","1.00000","46.8","48.8"],"15":["2","56.50000","2.80000","53.7","59.3"],"16":["2","63.30000","0.30000","63.0","63.6"],"17":["2","65.60000","4.60000","61.0","70.2"],"18":["2","68.85000","1.65000","67.2","70.5"],"19":["3","77.06667","12.35512","59.6","86.2"],"20":["3","76.00000","7.54188","65.8","83.8"],"21":["3","61.90000","6.55642","54.3","70.3"],"22":["2","64.20000","2.80000","61.4","67.0"],"23":["2","72.60000","0.20000","72.4","72.8"],"24":["2","75.45000","0.75000","74.7","76.2"],"25":["3","72.43333","8.99123","63.4","84.7"],"26":["2","57.30000","2.80000","54.5","60.1"],"27":["2","70.30000","5.30000","65.0","75.6"],"28":["2","73.90000","0.30000","73.6","74.2"],"29":["2","74.45000","2.85000","71.6","77.3"],"30":["2","75.45000","0.15000","75.3","75.6"],"31":["2","76.75000","0.65000","76.1","77.4"],"32":["3","72.56667","3.09228","68.4","75.8"],"33":["2","71.75000","0.55000","71.2","72.3"],"34":["2","70.70000","0.60000","70.1","71.3"],"35":["2","71.15000","0.85000","70.3","72.0"],"36":["3","63.66667","4.82517","58.3","70.0"],"37":["2","65.80000","0.20000","65.6","66.0"],"38":["2","50.20000","4.30000","45.9","54.5"],"39":["2","64.00000","4.90000","59.1","68.9"],"40":["2","50.20000","3.00000","47.2","53.2"],"41":["2","61.05000","3.65000","57.4","64.7"],"42":["3","49.00000","4.28019","44.6","54.8"],"43":["3","67.83333","4.46791","62.1","73.0"],"44":["2","80.05000","0.15000","79.9","80.2"],"45":["2","85.95000","0.75000","85.2","86.7"],"46":["2","86.45000","0.25000","86.2","86.7"],"47":["2","86.70000","0.00000","86.7","86.7"],"48":["2","86.70000","0.00000","86.7","86.7"],"49":["2","86.65000","0.05000","86.6","86.7"],"50":["2","86.60000","0.00000","86.6","86.6"],"51":["2","86.55000","0.05000","86.5","86.6"],"52":["3","85.06667","2.02704","82.2","86.5"],"53":["2","86.55000","0.05000","86.5","86.6"],"54":["2","86.60000","0.00000","86.6","86.6"],"55":["2","86.60000","0.00000","86.6","86.6"],"56":["2","86.50000","0.00000","86.5","86.5"],"57":["2","86.50000","0.00000","86.5","86.5"],"58":["2","86.45000","0.05000","86.4","86.5"],"59":["3","84.96667","2.02704","82.1","86.4"],"60":["2","86.40000","0.00000","86.4","86.4"],"61":["2","86.40000","0.00000","86.4","86.4"],"62":["2","86.40000","0.00000","86.4","86.4"],"63":["2","86.40000","0.00000","86.4","86.4"],"64":["3","84.93333","2.07418","82.0","86.4"],"65":["2","86.40000","0.00000","86.4","86.4"],"66":["2","86.40000","0.00000","86.4","86.4"],"67":["2","86.40000","0.00000","86.4","86.4"],"68":["2","86.40000","0.00000","86.4","86.4"],"69":["2","86.35000","0.05000","86.3","86.4"],"70":["2","86.30000","0.00000","86.3","86.3"],"71":["2","86.30000","0.00000","86.3","86.3"],"72":["3","84.83333","2.07418","81.9","86.3"],"73":["3","84.83333","2.07418","81.9","86.3"],"74":["3","84.83333","2.07418","81.9","86.3"],"75":["3","84.83333","2.07418","81.9","86.3"],"76":["2","86.30000","0.00000","86.3","86.3"],"77":["2","86.30000","0.00000","86.3","86.3"],"78":["2","86.30000","0.00000","86.3","86.3"],"79":["2","86.30000","0.00000","86.3","86.3"],"80":["2","86.30000","0.00000","86.3","86.3"],"81":["3","84.83333","2.07418","81.9","86.3"],"82":["3","84.83333","2.07418","81.9","86.3"],"83":["2","86.30000","0.00000","86.3","86.3"],"84":["2","86.30000","0.00000","86.3","86.3"],"85":["2","86.30000","0.00000","86.3","86.3"],"86":["2","86.30000","0.00000","86.3","86.3"],"87":["2","86.30000","0.00000","86.3","86.3"],"88":["2","86.30000","0.00000","86.3","86.3"],"89":["2","86.30000","0.00000","86.3","86.3"],"90":["3","84.83333","2.07418","81.9","86.3"],"91":["3","84.83333","2.07418","81.9","86.3"],"92":["2","86.30000","0.00000","86.3","86.3"],"93":["2","86.30000","0.00000","86.3","86.3"],"94":["2","86.30000","0.00000","86.3","86.3"],"95":["2","86.30000","0.00000","86.3","86.3"],"96":["2","86.30000","0.00000","86.3","86.3"],"97":["2","86.30000","0.00000","86.3","86.3"],"98":["3","84.83333","2.07418","81.9","86.3"],"99":["3","84.83333","2.07418","81.9","86.3"],"100":["2","86.30000","0.00000","86.3","86.3"],"101":["2","86.30000","0.00000","86.3","86.3"],"102":["2","86.30000","0.00000","86.3","86.3"],"103":["2","86.30000","0.00000","86.3","86.3"],"104":["2","86.20000","0.00000","86.2","86.2"],"105":["2","86.20000","0.00000","86.2","86.2"],"106":["3","84.73333","2.07418","81.8","86.2"],"107":["2","86.10000","0.00000","86.1","86.1"],"108":["2","86.10000","0.00000","86.1","86.1"],"109":["2","86.20000","0.00000","86.2","86.2"],"110":["2","86.20000","0.00000","86.2","86.2"],"111":["2","86.20000","0.00000","86.2","86.2"],"112":["2","86.20000","0.00000","86.2","86.2"],"113":["2","86.20000","0.00000","86.2","86.2"],"114":["2","86.20000","0.00000","86.2","86.2"],"115":["2","86.30000","0.00000","86.3","86.3"],"116":["2","86.30000","0.00000","86.3","86.3"],"117":["2","86.30000","0.00000","86.3","86.3"],"118":["3","84.83333","2.07418","81.9","86.3"],"119":["2","86.30000","0.00000","86.3","86.3"],"120":["2","86.30000","0.00000","86.3","86.3"],"121":["3","84.76667","2.02704","81.9","86.2"],"122":["3","84.80000","2.05102","81.9","86.3"],"123":["3","84.83333","2.07418","81.9","86.3"],"124":["2","86.30000","0.00000","86.3","86.3"],"125":["2","86.35000","0.05000","86.3","86.4"],"126":["2","86.45000","0.05000","86.4","86.5"],"127":["2","86.50000","0.00000","86.5","86.5"],"128":["2","86.60000","0.00000","86.6","86.6"],"129":["2","83.00000","0.90000","82.1","83.9"],"130":["2","82.75000","1.45000","81.3","84.2"],"131":["3","77.40000","1.18603","75.9","78.8"],"132":["2","77.20000","3.10000","74.1","80.3"],"133":["2","66.00000","0.90000","65.1","66.9"],"134":["2","64.85000","1.45000","63.4","66.3"],"135":["2","62.80000","1.00000","61.8","63.8"],"136":["2","59.15000","2.35000","56.8","61.5"],"137":["2","55.90000","4.20000","51.7","60.1"],"138":["3","63.80000","2.41799","60.7","66.6"],"139":["2","68.55000","0.25000","68.3","68.8"],"143":["2","44.70000","5.40000","39.3","50.1"]},"valentina\/002\/temperature":{"0":["2","18.50000","1.30000","17.2","19.8"],"1":["3","22.13333","3.12552","19.0","26.4"],"2":["2","22.40000","0.50000","21.9","22.9"],"3":["2","18.55000","0.85000","17.7","19.4"],"4":["2","17.60000","0.20000","17.4","17.8"],"5":["2","17.95000","0.15000","17.8","18.1"],"6":["2","18.15000","0.05000","18.1","18.2"],"7":["2","18.70000","0.20000","18.5","18.9"],"8":["2","19.10000","0.80000","18.3","19.9"],"9":["2","17.55000","0.15000","17.4","17.7"],"10":["2","17.40000","0.30000","17.1","17.7"],"11":["3","19.83333","2.94882","17.0","23.9"],"12":["2","20.60000","0.10000","20.5","20.7"],"13":["2","20.80000","0.40000","20.4","21.2"],"14":["2","24.05000","0.05000","24.0","24.1"],"15":["2","20.80000","0.60000","20.2","21.4"],"16":["2","19.25000","0.45000","18.8","19.7"],"17":["2","19.35000","1.55000","17.8","20.9"],"18":["2","18.05000","0.55000","17.5","18.6"],"19":["3","17.76667","3.13511","15.5","22.2"],"20":["3","17.63333","2.59529","15.1","21.2"],"21":["3","20.70000","2.14165","18.3","23.5"],"22":["2","19.55000","0.65000","18.9","20.2"],"23":["2","17.10000","0.20000","16.9","17.3"],"24":["2","16.95000","0.05000","16.9","17.0"],"25":["3","18.93333","2.65372","15.7","22.2"],"26":["2","21.30000","0.50000","20.8","21.8"],"27":["2","17.75000","1.35000","16.4","19.1"],