{"_t":[1364792400,1364878800,86400,144],"_i":["valentina\/001\/humidity","valentina\/001\/temperature"],"_@":{"humi":[30,90],"temp":[0,30]},"valentina\/001\/humidity":[["2","85.80000","0.00000","85.8","85.8"],["2","85.80000","0.00000","85.8","85.8"],["2","85.80000","0.00000","85.8","85.8"],["2","85.80000","0.00000","85.8","85.8"],["2","85.80000","0.00000","85.8","85.8"],["2","85.80000","0.00000","85.8","85.8"],["2","85.80000","0.00000","85.8","85.8"],["2","85.80000","0.00000","85.8","85.8"],["2","85.80000","0.00000","85.8","85.8"],["2","85.80000","0.00000","85.8","85.8"],["2","85.80000","0.00000","85.8","85.8"],["2","85.80000","0.00000","85.8","85.8"],["2","85.80000","0.00000","85.8","85.8"],["2","85.90000","0.00000","85.9","85.9"],["2","86.00000","0.00000","86.0","86.0"],["2","86.00000","0.00000","86.0","86.0"],["2","86.00000","0.00000","86.0","86.0"],["2","86.00000","0.00000","86.0","86.0"],["2","86.00000","0.00000","86.0","86.0"],["2","85.90000","0.00000","85.9","85.9"],["2","85.90000","0.00000","85.9","85.9"],["2","85.90000","0.00000","85.9","85.9"],["2","85.90000","0.00000","85.9","85.9"],["2","85.80000","0.00000","85.8","85.8"],["2","85.80000","0.00000","85.8","85.8"],["2","85.80000","0.00000","85.8","85.8"],["2","85.80000","0.00000","85.8","85.8"],["2","85.80000","0.00000","85.8","85.8"],["2","85.80000","0.00000","85.8","85.8"],["2","85.80000","0.00000","85.8","85.8"],["2","85.80000","0.00000","85.8","85.8"],["2","85.80000","0.00000","85.8","85.8"],["2","85.80000","0.00000","85.8","85.8"],["2","85.80000","0.00000","85.8","85.8"],["2","85.80000","0.00000","85.8","85.8"],["2","85.80000","0.00000","85.8","85.8"],["2","85.80000","0.00000","85.8","85.8"],["2","85.80000","0.00000","85.8","85.8"],["2","85.95000","0.05000","85.9","86.0"],["2","86.15000","0.05000","86.1","86.2"],["2","86.05000","0.25000","85.8","86.3"],["2","82.15000","1.15000","81.0","83.3"],["2","81.80000","1.10000","80.7","82.9"],["2","80.10000","1.60000","78.5","81.7"],["2","77.25000","1.05000","76.2","78.3"],["2","73.20000","0.30000","72.9","73.5"],["2","75.30000","0.90000","74.4","76.2"],["2","70.75000","1.15000","69.6","71.9"],["2","64.75000","0.95000","63.8","65.7"],["2","62.75000","1.25000","61.5","64.0"],["2","61.40000","0.60000","60.8","62.0"],["2","61.30000","0.20000","61.1","61.5"],["2","57.45000","0.05000","57.4","57.5"],["2","55.15000","0.85000","54.3","56.0"],["2","56.15000","0.75000","55.4","56.9"],["2","52.80000","0.30000","52.5","53.1"],["2","49.20000","0.70000","48.5","49.9"],["2","49.55000","2.95000","46.6","52.5"],["2","44.75000","1.65000","43.1","46.4"],["2","43.60000","2.50000","41.1","46.1"],["2","40.50000","1.70000","38.8","42.2"],["2","45.80000","0.50000","45.3","46.3"],["2","45.70000","0.50000","45.2","46.2"],["2","45.00000","1.90000","43.1","46.9"],["2","45.95000","0.15000","45.8","46.1"],["2","45.55000","0.55000","45.0","46.1"],["2","46.75000","2.05000","44.7","48.8"],["2","44.60000","0.60000","44.0","45.2"],["2","38.50000","1.60000","36.9","40.1"],["2","41.75000","1.05000","40.7","42.8"],["2","36.70000","0.90000","35.8","37.6"],["2","36.35000","0.45000","35.9","36.8"],["2","39.50000","5.40000","34.1","44.9"],["2","38.40000","1.30000","37.1","39.7"],["2","42.20000","0.90000","41.3","43.1"],["2","42.10000","2.20000","39.9","44.3"],["2","39.10000","5.30000","33.8","44.4"],["2","37.15000","3.85000","33.3","41.0"],["2","36.55000","0.95000","35.6","37.5"],["2","42.35000","2.65000","39.7","45.0"],["2","43.60000","1.40000","42.2","45.0"],["2","42.00000","0.30000","41.7","42.3"],["2","45.70000","1.20000","44.5","46.9"],["2","39.35000","1.65000","37.7","41.0"],["2","41.50000","0.20000","41.3","41.7"],["2","40.85000","0.95000","39.9","41.8"]],"valentina\/001\/temperature":[["2","7.35000","0.05000","7.3","7.4"],["2","7.75000","0.05000","7.7","7.8"],["2","7.55000","0.05000","7.5","7.6"],["2","7.60000","0.00000","7.6","7.6"],["2","7.75000","0.05000","7.7","7.8"],["2","7.75000","0.05000","7.7","7.8"],["2","7.50000","0.10000","7.4","7.6"],["2","7.35000","0.05000","7.3","7.4"],["2","7.20000","0.00000","7.2","7.2"],["2","7.45000","0.05000","7.4","7.5"],["2","7.35000","0.05000","7.3","7.4"],["2","7.30000","0.00000","7.3","7.3"],["2","7.80000","0.20000","7.6","8.0"],["2","8.40000","0.20000","8.2","8.6"],["2","9.05000","0.15000","8.9","9.2"],["2","9.40000","0.00000","9.4","9.4"],["2","9.45000","0.05000","9.4","9.5"],["2","9.40000","0.00000","9.4","9.4"],["2","8.80000","0.20000","8.6","9.0"],["2","8.15000","0.15000","8.0","8.3"],["2","7.75000","0.05000","7.7","7.8"],["2","7.55000","0.05000","7.5","7.6"],["2","7.50000","0.10000","7.4","7.6"],["2","7.30000","0.00000","7.3","7.3"],["2","7.55000","0.05000","7.5","7.6"],["2","7.30000","0.00000","7.3","7.3"],["2","7.80000","0.10000","7.7","7.9"],["2","7.45000","0.05000","7.4","7.5"],["2","7.30000","0.00000","7.3","7.3"],["2","7.20000","0.10000","7.1","7.3"],["2","6.95000","0.05000","6.9","7.0"],["2","6.90000","0.00000","6.9","6.9"],["2","6.95000","0.15000","6.8","7.1"],["2","7.20000","0.10000","7.1","7.3"],["2","7.30000","0.00000","7.3","7.3"],["2","7.00000","0.10000","6.9","7.1"],["2","7.05000","0.15000","6.9","7.2"],["2","7.65000","0.15000","7.5","7.8"],["2","8.55000","0.25000","8.3","8.8"],["2","10.05000","0.45000","9.6","10.5"],["2","11.75000","0.35000","11.4","12.1"],["2","13.10000","0.20000","12.9","13.3"],["2","13.55000","0.25000","13.3","13.8"],["2","14.05000","0.25000","13.8","14.3"],["2","14.90000","0.20000","14.7","15.1"],["2","15.15000","0.05000","15.1","15.2"],["2","14.85000","0.25000","14.6","15.1"],["2","16.10000","0.40000","15.7","16.5"],["2","17.40000","0.40000","17.0","17.8"],["2","17.90000","0.40000","17.5","18.3"],["2","18.00000","0.00000","18.0","18.0"],["2","18.35000","0.05000","18.3","18.4"],["2","19.35000","0.15000","19.2","19.5"],["2","19.45000","0.15000","19.3","19.6"],["2","19.15000","0.35000","18.8","19.5"],["2","20.40000","0.20000","20.2","20.6"],["2","21.15000","0.25000","20.9","21.4"],["2","21.45000","0.55000","20.9","22.0"],["2","22.90000","0.20000","22.7","23.1"],["2","24.10000","0.60000","23.5","24.7"],["2","25.15000","0.25000","24.9","25.4"],["2","23.60000","1.20000","22.4","24.8"],["2","22.50000","0.10000","22.4","22.6"],["2","22.75000","0.35000","22.4","23.1"],["2","22.20000","0.20000","22.0","22.4"],["2","22.15000","0.35000","21.8","22.5"],["2","21.70000","0.60000","21.1","22.3"],["2","23.20000","0.30000","22.9","23.5"],["2","25.10000","0.80000","24.3","25.9"],["2","24.10000","0.10000","24.0","24.2"],["2","26.35000","0.05000","26.3","26.4"],["2","26.60000","0.10000","26.5","26.7"],["2","25.50000","1.60000","23.9","27.1"],["2","24.70000","0.30000","24.4","25.0"],["2","23.70000","0.20000","23.5","23.9"],["2","23.55000","1.05000","22.5","24.6"],["2","25.10000","2.50000","22.6","27.6"],["2","25.65000","1.15000","24.5","26.8"],["2","25.85000","0.15000","25.7","26.0"],["2","23.75000","0.85000","22.9","24.6"],["2","22.50000","0.20000","22.3","22.7"],["2","23.80000","0.20000","23.6","24.0"],["2","22.35000","0.55000","21.8","22.9"],["2","24.75000","0.25000","24.5","25.0"],["2","24.30000","0.20000","24.1","24.5"],["2","23.90000","0.80000","23.1","24.7"]]}