{"_t":[1366261200,1368853200,2592000,240],"_i":["marly\/007\/temp_dry","marly\/007\/temp_wet"],"_@":{"temp":[0,30]},"marly\/007\/temp_dry":{"42":["58","20.51897","1.58935","16.5","22.4"],"43":["165","25.93394","2.14602","21.4","29.6"],"44":["125","24.10400","1.15137","22.4","26.7"],"45":["5","19.18000","0.89084","17.9","19.9"],"46":["13","16.13846","0.69453","15.4","17.7"],"47":["9","14.97778","0.23465","14.8","15.4"],"48":["6","14.61667","0.40995","13.7","14.8"],"49":["9","13.33333","0.10541","13.1","13.4"],"50":["99","16.21010","1.38027","13.5","20.0"],"51":["154","24.69805","2.32324","20.0","27.9"],"52":["150","24.89333","0.99951","23.2","26.7"],"53":["74","20.47703","1.08722","18.2","23.6"],"54":["127","16.40394","0.66480","15.1","18.1"],"55":["115","14.64522","0.31019","14.0","15.1"],"56":["24","14.25833","0.19347","13.9","14.5"],"57":["4","14.50000","0.00000","14.5","14.5"],"69":["18","28.36111","0.53763","27.6","29.1"],"91":["100","21.56000","1.96000","19.2","24.3"]},"marly\/007\/temp_wet":{"42":["58","20.26552","1.74203","15.8","22.3"],"43":["165","25.26242","2.16810","21.0","28.8"],"44":["125","23.86320","1.32088","22.1","26.8"],"45":["5","18.22000","1.08701","16.7","19.2"],"46":["13","15.18462","0.50512","14.8","16.4"],"47":["9","13.81111","0.35101","13.5","14.3"],"48":["6","13.38333","0.26719","12.8","13.6"],"49":["9","12.12222","0.09162","12.0","12.2"],"50":["99","15.28485","1.34362","12.4","19.1"],"51":["154","23.71104","2.25122","19.2","26.7"],"52":["150","24.78733","1.14329","22.8","26.8"],"53":["74","19.74730","2.69320","0.0","23.8"],"54":["127","15.37638","0.65068","14.4","17.1"],"55":["115","13.64261","0.43938","12.9","14.4"],"56":["24","13.30417","0.13064","13.1","13.5"],"57":["4","13.30000","0.00000","13.3","13.3"],"69":["18","28.50556","0.60688","27.6","29.4"],"91":["100","21.45200","1.75667","19.2","23.9"]}}