{"_t":[1365685200,1365771600,86400,240],"_i":["valentina\/002\/humidity"],"_@":{"humi":[20,90]},"valentina\/002\/humidity":[["3","68.20000","7.92338","57.0","74.1"],["1","69.80000","0.00000","69.8","69.8"],["1","67.10000","0.00000","67.1","67.1"],["1","68.10000","0.00000","68.1","68.1"],["1","64.60000","0.00000","64.6","64.6"],["2","64.90000","0.90000","64.0","65.8"],["1","63.80000","0.00000","63.8","63.8"],["1","64.00000","0.00000","64.0","64.0"],["1","56.00000","0.00000","56.0","56.0"],["1","55.00000","0.00000","55.0","55.0"],["2","56.25000","0.05000","56.2","56.3"],["2","50.75000","1.35000","49.4","52.1"],["1","52.90000","0.00000","52.9","52.9"],["1","53.40000","0.00000","53.4","53.4"],["1","56.30000","0.00000","56.3","56.3"],["2","39.75000","0.75000","39.0","40.5"],["1","44.10000","0.00000","44.1","44.1"],["1","41.50000","0.00000","41.5","41.5"],["1","46.90000","0.00000","46.9","46.9"],["1","43.80000","0.00000","43.8","43.8"],["2","46.90000","0.60000","46.3","47.5"],["2","40.85000","0.95000","39.9","41.8"],["1","43.10000","0.00000","43.1","43.1"],["1","44.40000","0.00000","44.4","44.4"],["1","39.80000","0.00000","39.8","39.8"],["3","41.16667","2.31565","39.1","44.4"],["1","42.60000","0.00000","42.6","42.6"],["1","47.10000","0.00000","47.1","47.1"],["1","41.90000","0.00000","41.9","41.9"],["1","38.50000","0.00000","38.5","38.5"],["3","39.70000","3.60832","35.8","44.5"],["2","43.35000","4.15000","39.2","47.5"],["1","42.10000","0.00000","42.1","42.1"],["1","37.10000","0.00000","37.1","37.1"],["1","30.90000","0.00000","30.9","30.9"],["2","34.45000","2.85000","31.6","37.3"],["1","26.70000","0.00000","26.7","26.7"],["1","31.90000","0.00000","31.9","31.9"],["1","33.00000","0.00000","33.0","33.0"],["1","37.50000","0.00000","37.5","37.5"],["2","33.70000","3.70000","30.0","37.4"],["1","31.90000","0.00000","31.9","31.9"],["1","29.50000","0.00000","29.5","29.5"],["1","31.90000","0.00000","31.9","31.9"],["1","32.20000","0.00000","32.2","32.2"],["2","50.20000","5.00000","45.2","55.2"],["1","61.00000","0.00000","61.0","61.0"],["1","63.20000","0.00000","63.2","63.2"],["1","56.60000","0.00000","56.6","56.6"],["1","56.10000","0.00000","56.1","56.1"],["3","45.76667","8.09211","34.4","52.6"],["1","47.80000","0.00000","47.8","47.8"],["1","56.00000","0.00000","56.0","56.0"],["1","55.60000","0.00000","55.6","55.6"],["1","53.70000","0.00000","53.7","53.7"],["2","50.05000","2.75000","47.3","52.8"],["1","52.50000","0.00000","52.5","52.5"],["1","49.60000","0.00000","49.6","49.6"],["1","44.90000","0.00000","44.9","44.9"],["1","48.70000","0.00000","48.7","48.7"],["2","45.30000","3.20000","42.1","48.5"],["1","45.20000","0.00000","45.2","45.2"],["1","45.80000","0.00000","45.8","45.8"],["1","47.00000","0.00000","47.0","47.0"],["1","56.30000","0.00000","56.3","56.3"],["2","53.05000","0.25000","52.8","53.3"],["1","54.10000","0.00000","54.1","54.1"],["1","52.50000","0.00000","52.5","52.5"],["2","44.85000","6.75000","38.1","51.6"],["1","55.10000","0.00000","55.1","55.1"],["2","69.50000","1.70000","67.8","71.2"],["1","64.60000","0.00000","64.6","64.6"],["1","62.60000","0.00000","62.6","62.6"],["1","58.10000","0.00000","58.1","58.1"],["1","56.90000","0.00000","56.9","56.9"],["2","55.05000","1.05000","54.0","56.1"],["1","45.80000","0.00000","45.8","45.8"],["1","44.20000","0.00000","44.2","44.2"],["1","45.40000","0.00000","45.4","45.4"],["1","47.80000","0.00000","47.8","47.8"],["2","41.40000","0.50000","40.9","41.9"],["1","56.50000","0.00000","56.5","56.5"],["1","67.30000","0.00000","67.3","67.3"],["1","69.30000","0.00000","69.3","69.3"],["1","66.40000","0.00000","66.4","66.4"],["2","69.30000","1.60000","67.7","70.9"],["1","75.80000","0.00000","75.8","75.8"],["2","72.40000","4.30000","68.1","76.7"],["1","76.70000","0.00000","76.7","76.7"],["1","78.20000","0.00000","78.2","78.2"],["2","82.00000","1.30000","80.7","83.3"],["1","83.70000","0.00000","83.7","83.7"],["1","85.00000","0.00000","85.0","85.0"],["1","86.70000","0.00000","86.7","86.7"],["1","86.80000","0.00000","86.8","86.8"],["2","86.80000","0.00000","86.8","86.8"],["2","84.70000","2.10000","82.6","86.8"],["1","86.80000","0.00000","86.8","86.8"],["1","86.80000","0.00000","86.8","86.8"],["1","86.80000","0.00000","86.8","86.8"],["2","86.80000","0.00000","86.8","86.8"],["1","86.80000","0.00000","86.8","86.8"],["1","86.80000","0.00000","86.8","86.8"],["1","86.70000","0.00000","86.7","86.7"],["1","86.70000","0.00000","86.7","86.7"],["1","86.70000","0.00000","86.7","86.7"],["3","85.23333","2.00389","82.4","86.7"],["1","86.60000","0.00000","86.6","86.6"],["1","86.60000","0.00000","86.6","86.6"],["1","86.60000","0.00000","86.6","86.6"],["1","86.60000","0.00000","86.6","86.6"],["2","86.60000","0.00000","86.6","86.6"],["1","86.60000","0.00000","86.6","86.6"],["1","86.60000","0.00000","86.6","86.6"],["1","86.60000","0.00000","86.6","86.6"],["1","86.60000","0.00000","86.6","86.6"],["2","86.60000","0.00000","86.6","86.6"],["1","86.60000","0.00000","86.6","86.6"],["1","86.60000","0.00000","86.6","86.6"],["1","86.60000","0.00000","86.6","86.6"],["1","86.60000","0.00000","86.6","86.6"],["2","86.60000","0.00000","86.6","86.6"],["2","84.45000","2.15000","82.3","86.6"],["1","86.50000","0.00000","86.5","86.5"],["1","86.50000","0.00000","86.5","86.5"],["1","86.50000","0.00000","86.5","86.5"],["2","86.50000","0.00000","86.5","86.5"],["1","86.50000","0.00000","86.5","86.5"],["1","86.50000","0.00000","86.5","86.5"],["1","86.50000","0.00000","86.5","86.5"],["1","86.50000","0.00000","86.5","86.5"],["2","86.50000","0.00000","86.5","86.5"],["1","86.50000","0.00000","86.5","86.5"],["1","86.50000","0.00000","86.5","86.5"],["1","86.50000","0.00000","86.5","86.5"],["1","86.50000","0.00000","86.5","86.5"],["2","86.50000","0.00000","86.5","86.5"],["1","86.50000","0.00000","86.5","86.5"],["1","86.50000","0.00000","86.5","86.5"],["1","86.50000","0.00000","86.5","86.5"],["1","86.50000","0.00000","86.5","86.5"],["2","86.50000","0.00000","86.5","86.5"],["1","86.40000","0.00000","86.4","86.4"],["1","86.40000","0.00000","86.4","86.4"],["2","84.30000","2.10000","82.2","86.4"],["1","86.40000","0.00000","86.4","86.4"],["2","86.30000","0.00000","86.3","86.3"],["1","86.30000","0.00000","86.3","86.3"],["1","86.30000","0.00000","86.3","86.3"],["1","86.30000","0.00000","86.3","86.3"],["1","86.30000","0.00000","86.3","86.3"],["3","84.86667","2.02704","82.0","86.3"],["1","86.30000","0.00000","86.3","86.3"],["1","86.30000","0.00000","86.3","86.3"],["1","86.20000","0.00000","86.2","86.2"],["1","86.20000","0.00000","86.2","86.2"],["2","86.20000","0.00000","86.2","86.2"],["1","86.10000","0.00000","86.1","86.1"],["1","86.10000","0.00000","86.1","86.1"],["2","84.05000","2.05000","82.0","86.1"],["1","86.10000","0.00000","86.1","86.1"],["2","86.10000","0.00000","86.1","86.1"],["2","84.00000","2.10000","81.9","86.1"],["1","86.10000","0.00000","86.1","86.1"],["1","86.10000","0.00000","86.1","86.1"],["1","86.10000","0.00000","86.1","86.1"],["2","86.10000","0.00000","86.1","86.1"],["1","86.10000","0.00000","86.1","86.1"],["1","86.20000","0.00000","86.2","86.2"],["1","86.20000","0.00000","86.2","86.2"],["2","84.05000","2.15000","81.9","86.2"],["2","86.30000","0.00000","86.3","86.3"],["1","86.30000","0.00000","86.3","86.3"],["2","84.15000","2.15000","82.0","86.3"],["1","86.30000","0.00000","86.3","86.3"],["1","86.30000","0.00000","86.3","86.3"],["2","86.30000","0.00000","86.3","86.3"],["1","86.30000","0.00000","86.3","86.3"],["1","86.30000","0.00000","86.3","86.3"],["1","86.30000","0.00000","86.3","86.3"],["1","86.30000","0.00000","86.3","86.3"],["3","84.90000","1.97990","82.1","86.3"],["1","86.30000","0.00000","86.3","86.3"],["1","86.30000","0.00000","86.3","86.3"],["1","86.30000","0.00000","86.3","86.3"],["1","86.30000","0.00000","86.3","86.3"],["2","86.20000","0.00000","86.2","86.2"],["1","86.10000","0.00000","86.1","86.1"],["1","86.10000","0.00000","86.1","86.1"],["1","86.10000","0.00000","86.1","86.1"],["2","84.00000","2.10000","81.9","86.1"],["2","86.05000","0.05000","86.0","86.1"],