{"_t":[1364446800,1367038800,2592000,240],"_i":["sanpedro\/005\/humidity","sanpedro\/005\/temperature"],"_@":{"humi":[20,100],"temp":[0,40]},"sanpedro\/005\/humidity":{"0":["35","94.24571","0.11549","94.1","94.4"],"1":["34","94.33824","0.04860","94.3","94.4"],"2":["36","80.06667","14.42440","56.0","94.7"],"3":["36","46.89722","8.93932","37.3","65.4"],"4":["36","54.44444","5.71608","47.2","70.9"],"5":["36","83.53611","11.56203","60.5","94.9"],"6":["35","94.61143","0.08543","94.5","94.8"],"7":["36","94.49722","0.01643","94.4","94.5"],"8":["36","94.22222","0.08854","94.1","94.4"],"9":["36","94.02778","0.04479","94.0","94.1"],"10":["36","83.28611","13.03408","55.2","94.8"],"11":["31","60.28065","6.95629","50.8","73.7"],"12":["36","63.54167","5.21176","53.0","74.0"],"13":["36","83.18056","11.30363","61.2","95.1"],"14":["36","94.64167","0.12775","94.5","94.9"],"15":["36","94.39444","0.12235","94.2","94.6"],"16":["36","94.20000","0.00000","94.2","94.2"],"17":["35","94.09143","0.05540","94.0","94.2"],"18":["36","88.41944","9.80586","61.3","94.8"],"19":["36","67.65278","3.79689","60.3","74.7"],"20":["36","63.21667","4.31390","52.7","73.3"],"21":["36","73.71667","5.98862","61.2","87.9"],"22":["36","94.11944","1.19462","89.4","94.8"],"23":["36","94.50000","0.00000","94.5","94.5"],"24":["35","94.56286","0.04832","94.5","94.6"],"25":["35","94.34286","0.06881","94.3","94.5"],"26":["36","84.70833","12.18889","61.6","94.9"],"27":["36","60.05833","8.69790","46.5","80.1"],"28":["36","63.88611","5.40710","53.2","74.4"],"29":["36","64.58611","6.57627","57.2","82.4"],"30":["36","93.80278","2.10231","83.9","94.7"],"31":["36","94.11389","0.08217","94.0","94.2"],"32":["35","93.96571","0.07538","93.9","94.1"],"33":["36","93.98889","0.06136","93.9","94.1"],"34":["36","80.54444","15.29974","52.7","94.7"],"35":["36","53.03889","2.69385","48.8","59.4"],"36":["28","57.62857","4.18457","48.1","64.8"],"38":["55","91.00364","3.67453","86.3","94.8"],"39":["16","91.24375","3.15178","86.1","94.4"],"66":["589","65.64669","7.61175","48.4","86.2"],"67":["1483","52.01632","7.56807","36.4","74.8"],"68":["1531","56.21234","3.41772","47.2","65.8"],"69":["1151","70.19227","9.00768","54.5","91.4"],"70":["37","91.23514","3.40145","86.4","94.8"],"71":["29","91.42069","3.13395","86.5","94.7"],"72":["43","90.90000","3.58673","86.3","94.7"],"73":["56","90.96250","3.58815","86.1","94.5"],"74":["949","72.97187","12.37616","50.2","94.9"],"75":["1488","47.03636","9.52463","28.9","93.7"],"76":["1449","61.94472","12.57607","39.9","84.0"],"77":["1115","75.23058","8.89036","59.3","95.0"],"78":["106","91.26132","3.46202","86.5","94.9"],"79":["40","91.48250","3.36674","86.5","94.8"],"80":["92","89.99348","3.67032","86.0","94.6"],"81":["117","88.74872","3.45730","85.7","94.1"],"82":["825","73.03042","13.07853","52.3","94.8"],"83":["1488","52.41935","7.14675","39.7","74.3"],"84":["1006","55.01471","10.43087","31.2","74.6"],"101":["940","60.31394","14.53474","36.6","93.8"],"102":["47","90.97447","3.59589","86.4","95.0"],"103":["80","90.92500","3.48172","86.2","94.7"],"104":["25","91.24400","3.56764","86.1","94.5"],"105":["41","91.10976","3.37840","86.1","94.4"],"106":["996","70.90382","13.45153","49.3","94.9"],"107":["1496","54.33596","10.23006","37.8","86.6"],"108":["893","63.57626","6.76345","53.0","85.2"],"109":["102","89.83824","3.57508","85.2","95.1"],"110":["37","90.45946","3.49327","86.3","94.7"],"111":["66","90.28939","3.61852","86.0","94.6"],"112":["41","89.72439","3.72322","85.9","94.3"],"113":["3","90.83333","3.40816","86.2","94.3"],"146":["433","72.34411","6.58868","58.7","94.4"],"147":["386","67.33938","5.00241","60.1","81.4"],"149":["1273","78.52294","7.16252","64.7","95.0"],"150":["75","91.17067","3.48554","86.7","95.0"],"151":["55","91.18727","2.99066","86.4","94.7"],"152":["33","91.27576","3.40285","86.2","94.6"],"153":["69","90.82754","3.56150","86.2","94.5"],"154":["1063","71.56171","12.23039","48.9","94.9"],"155":["1569","50.27119","5.76450","39.6","77.4"],"156":["1450","53.09545","7.14207","40.0","74.9"],"157":["1157","61.28142","10.68628","46.4","95.0"],"158":["58","90.95345","3.14287","86.4","94.9"],"159":["43","91.02326","3.27257","86.5","94.7"],"160":["90","90.24333","3.63376","85.9","94.4"],"161":["30","89.46667","3.59540","85.9","94.2"],"162":["747","73.10549","11.46568","55.6","94.9"],"163":["1580","53.19468","4.51984","35.6","66.5"],"164":["1434","52.94951","8.09390","31.7","71.6"],"165":["805","65.61901","13.35082","47.1","95.1"],"166":["60","90.49333","3.66565","86.5","94.9"],"167":["42","91.35000","3.39532","86.5","94.6"],"168":["31","90.97097","3.22662","86.5","94.6"],"169":["63","91.07143","3.37740","86.5","94.5"],"171":["988","61.20213","6.96908","49.7","77.6"],"172":["1581","58.89323","3.52902","51.1","73.8"],"173":["820","67.43622","11.45872","51.6","95.1"],"174":["91","91.43187","3.54003","86.6","95.0"],"175":["70","91.24143","3.47557","86.4","94.7"],"176":["72","91.22083","3.51445","86.3","94.6"],"177":["33","91.21515","3.39198","86.3","94.5"],"179":["139","65.86547","4.60276","60.1","81.7"],"182":["45","91.40667","3.13698","86.5","94.7"],"183":["69","91.57246","3.30269","86.5","94.7"],"184":["55","91.56727","3.22677","86.3","94.7"],"185":["54","91.67037","3.33664","86.3","94.6"],"186":["554","75.60397","9.63992","55.1","95.1"],"203":["876","66.40217","5.30625","49.0","76.1"],"204":["1457","71.50185","7.50143","50.3","86.9"],"205":["1208","71.97136","12.54218","43.2","95.0"],"206":["40","91.04000","3.65621","86.3","94.8"],"207":["43","91.01395","3.48682","86.2","94.5"],"208":["59","90.63898","3.41239","86.2","94.4"],"209":["73","91.03151","3.54764","86.1","94.4"],"210":["744","69.25766","12.22476","50.3","94.9"],"211":["1509","65.86594","10.86698","41.0","91.0"],"212":["964","59.28942","4.02219","50.8","78.8"],"213":["1339","60.36453","13.16021","40.7","94.4"],"214":["222","83.67072","5.68109","76.6","94.8"],"215":["45","91.52444","3.22298","86.3","94.6"],"216":["47","91.17872","3.47146","86.1","94.5"],"235":["960","51.68885","4.11503","38.5","65.2"],"236":["1450","53.78034","5.20594","41.6","66.4"],"237":["1356","60.55678","11.69748","41.4","94.7"],"238":["70","90.79286","3.52750","86.7","95.0"],"239":["305","81.21180","9.10357","68.6","94.8"]},"sanpedro\/005\/temperature":{"0":["35","10.19714","0.76550","9.1","11.5"],"1":["34","11.00588","0.32079","10.4","11.4"],"2":["36","17.57778","5.12402","10.6","25.3"],"3":["36","28.65000","3.48899","22.3","33.9"],"4":["36","27.34444","2.14495","21.0","30.0"],"5":["36","18.95278","3.91361","14.1","27.6"],"6":["35","12.38000","0.67604","11.3","13.9"],"7":["36","11.79167","0.27525","10.9","12.1"],"8":["36","9.36944","0.64370","8.3","10.7"],"9":["36","7.85556","0.39260","7.3","8.5"],"10":["36","16.41111","5.66072","8.5","27.1"],"11":["31","24.71290","2.46978","20.2","28.6"],"12":["36","22.57500","1.59049","19.6","25.2"],"13":["36","20.02222","3.44134","15.2","26.5"],"14":["36","13.02222","0.87690","11.8","15.0"],"15":["36","11.05833","0.82407","9.8","12.7"],"16":["36","9.74722","0.23745","9.3","10.2"],"17":["35","8.86286","0.37499","8.4","9.7"],"18":["36","14.50000","4.27668","9.2","24.1"],"19":["36","21.39444","1.24207","19.0","23.7"],"20":["36","22.98056","1.62495","19.3","26.3"],"21":["36","20.53056","1.88087","16.5","24.3"],"22":["36","12.23889","1.58522","10.7","16.2"],"23":["36","12.01389","0.26050","11.4","12.3"],"24":["35","12.25429","0.10782","11.9","12.4"],"25":["35","10.87429","0.44358","10.3","12.0"],"26":["36","16.61389","4.53965","10.9","24.2"],"27":["36","24.32222","3.24680","17.9","29.3"],"28":["36","21.53611","1.83184","18.8","26.4"],"29":["36","22.76111","3.10486","16.7","26.5"],"30":["36","11.81111","1.53311","9.8","16.3"],"31":["36","8.76111","0.56729","7.9","9.8"],"32":["35","7.95714","0.68171","7.3","9.4"],"33":["36","7.87778","0.49279","7.2","9.1"],"34":["36","16.20556","6.20546","7.3","26.7"],"35":["36","26.62778","1.31035","23.5","28.8"],"36":["28","24.05000","1.63018","22.2","28.4"],