{"_t":[1381467600,1381554000,86400,144],"_i":["timana0\/006\/temp_dry","timana0\/006\/temp_wet"],"_@":{"temp":[10,40]},"timana0\/006\/temp_dry":{"0":["2","22.65000","0.05000","22.6","22.7"],"1":["2","22.60000","0.00000","22.6","22.6"],"2":["2","22.45000","0.05000","22.4","22.5"],"3":["2","22.40000","0.00000","22.4","22.4"],"4":["2","22.30000","0.00000","22.3","22.3"],"5":["2","22.25000","0.05000","22.2","22.3"],"6":["2","22.10000","0.00000","22.1","22.1"],"7":["2","22.10000","0.00000","22.1","22.1"],"8":["2","22.00000","0.00000","22.0","22.0"],"9":["2","21.95000","0.05000","21.9","22.0"],"10":["2","21.90000","0.00000","21.9","21.9"],"11":["2","21.85000","0.05000","21.8","21.9"],"12":["2","21.75000","0.05000","21.7","21.8"],"13":["2","21.70000","0.00000","21.7","21.7"],"14":["2","21.65000","0.05000","21.6","21.7"],"15":["2","21.60000","0.00000","21.6","21.6"],"16":["2","21.50000","0.00000","21.5","21.5"],"17":["2","21.40000","0.00000","21.4","21.4"],"18":["2","21.40000","0.00000","21.4","21.4"],"19":["2","21.30000","0.00000","21.3","21.3"],"20":["2","21.20000","0.00000","21.2","21.2"],"21":["2","21.15000","0.05000","21.1","21.2"],"22":["2","21.00000","0.00000","21.0","21.0"],"23":["2","20.95000","0.05000","20.9","21.0"],"24":["2","20.85000","0.05000","20.8","20.9"],"25":["2","20.70000","0.00000","20.7","20.7"],"26":["2","20.65000","0.05000","20.6","20.7"],"27":["1","20.60000","0.00000","20.6","20.6"],"28":["2","20.55000","0.05000","20.5","20.6"],"29":["2","20.40000","0.00000","20.4","20.4"],"30":["2","20.35000","0.05000","20.3","20.4"],"31":["2","20.30000","0.00000","20.3","20.3"],"32":["2","20.15000","0.05000","20.1","20.2"],"33":["2","20.10000","0.00000","20.1","20.1"],"34":["2","20.00000","0.00000","20.0","20.0"],"35":["2","20.00000","0.00000","20.0","20.0"],"36":["2","19.90000","0.00000","19.9","19.9"],"37":["2","19.80000","0.00000","19.8","19.8"],"38":["2","19.70000","0.00000","19.7","19.7"],"42":["1","18.90000","0.00000","18.9","18.9"],"45":["1","18.90000","0.00000","18.9","18.9"],"48":["1","20.90000","0.00000","20.9","20.9"],"51":["1","21.80000","0.00000","21.8","21.8"],"54":["1","21.80000","0.00000","21.8","21.8"],"57":["1","22.40000","0.00000","22.4","22.4"],"60":["1","23.60000","0.00000","23.6","23.6"],"63":["1","25.10000","0.00000","25.1","25.1"],"66":["1","26.20000","0.00000","26.2","26.2"],"69":["1","26.90000","0.00000","26.9","26.9"],"73":["1","27.80000","0.00000","27.8","27.8"],"76":["1","27.80000","0.00000","27.8","27.8"],"79":["1","27.50000","0.00000","27.5","27.5"],"82":["1","26.60000","0.00000","26.6","26.6"],"88":["1","25.50000","0.00000","25.5","25.5"],"91":["1","25.50000","0.00000","25.5","25.5"],"94":["1","26.20000","0.00000","26.2","26.2"],"97":["1","26.30000","0.00000","26.3","26.3"],"100":["1","25.60000","0.00000","25.6","25.6"],"101":["1","25.40000","0.00000","25.4","25.4"],"102":["2","25.35000","0.05000","25.3","25.4"],"103":["2","25.30000","0.00000","25.3","25.3"],"104":["2","25.30000","0.00000","25.3","25.3"],"105":["2","25.40000","0.00000","25.4","25.4"],"106":["2","25.50000","0.00000","25.5","25.5"],"107":["2","25.60000","0.00000","25.6","25.6"],"108":["2","25.60000","0.00000","25.6","25.6"],"109":["1","25.60000","0.00000","25.6","25.6"],"110":["2","25.50000","0.00000","25.5","25.5"],"111":["2","25.40000","0.00000","25.4","25.4"],"112":["2","25.35000","0.05000","25.3","25.4"],"113":["2","25.25000","0.05000","25.2","25.3"],"114":["2","25.10000","0.00000","25.1","25.1"],"115":["2","25.00000","0.00000","25.0","25.0"],"116":["2","24.95000","0.05000","24.9","25.0"],"117":["2","24.80000","0.00000","24.8","24.8"],"118":["2","24.75000","0.05000","24.7","24.8"],"119":["2","24.70000","0.00000","24.7","24.7"],"120":["2","24.55000","0.05000","24.5","24.6"],"121":["2","24.45000","0.05000","24.4","24.5"],"122":["2","24.35000","0.05000","24.3","24.4"],"123":["2","24.15000","0.05000","24.1","24.2"],"124":["2","24.05000","0.05000","24.0","24.1"],"125":["2","23.95000","0.05000","23.9","24.0"],"126":["2","23.85000","0.05000","23.8","23.9"],"127":["2","23.75000","0.05000","23.7","23.8"],"128":["2","23.70000","0.00000","23.7","23.7"],"129":["2","23.60000","0.00000","23.6","23.6"],"130":["2","23.45000","0.05000","23.4","23.5"],"131":["2","23.35000","0.05000","23.3","23.4"],"132":["2","23.25000","0.05000","23.2","23.3"],"133":["2","23.15000","0.05000","23.1","23.2"],"134":["2","23.05000","0.05000","23.0","23.1"],"135":["2","22.95000","0.05000","22.9","23.0"],"136":["2","22.85000","0.05000","22.8","22.9"],"137":["2","22.80000","0.00000","22.8","22.8"],"138":["2","22.70000","0.10000","22.6","22.8"],"139":["2","22.60000","0.00000","22.6","22.6"],"140":["1","22.50000","0.00000","22.5","22.5"],"141":["2","22.50000","0.00000","22.5","22.5"],"142":["2","22.30000","0.00000","22.3","22.3"],"143":["2","22.25000","0.05000","22.2","22.3"]},"timana0\/006\/temp_wet":{"0":["2","31.05000","0.05000","31.0","31.1"],"1":["2","31.00000","0.00000","31.0","31.0"],"2":["2","30.85000","0.05000","30.8","30.9"],"3":["2","30.75000","0.05000","30.7","30.8"],"4":["2","30.65000","0.05000","30.6","30.7"],"5":["2","30.60000","0.00000","30.6","30.6"],"6":["2","30.55000","0.05000","30.5","30.6"],"7":["2","30.50000","0.00000","30.5","30.5"],"8":["2","30.50000","0.00000","30.5","30.5"],"9":["2","30.50000","0.00000","30.5","30.5"],"10":["2","30.45000","0.05000","30.4","30.5"],"11":["2","30.40000","0.00000","30.4","30.4"],"12":["2","30.30000","0.00000","30.3","30.3"],"13":["2","30.25000","0.05000","30.2","30.3"],"14":["2","30.20000","0.00000","30.2","30.2"],"15":["2","30.20000","0.00000","30.2","30.2"],"16":["2","30.15000","0.05000","30.1","30.2"],"17":["2","30.00000","0.00000","30.0","30.0"],"18":["2","30.00000","0.00000","30.0","30.0"],"19":["2","29.95000","0.05000","29.9","30.0"],"20":["2","29.90000","0.00000","29.9","29.9"],"21":["2","29.75000","0.05000","29.7","29.8"],"22":["2","29.70000","0.00000","29.7","29.7"],"23":["2","29.55000","0.05000","29.5","29.6"],"24":["2","29.45000","0.05000","29.4","29.5"],"25":["2","29.35000","0.05000","29.3","29.4"],"26":["2","29.30000","0.00000","29.3","29.3"],"27":["1","29.20000","0.00000","29.2","29.2"],"28":["2","29.15000","0.05000","29.1","29.2"],"29":["2","29.10000","0.00000","29.1","29.1"],"30":["2","28.95000","0.05000","28.9","29.0"],"31":["2","28.80000","0.00000","28.8","28.8"],"32":["2","28.70000","0.00000","28.7","28.7"],"33":["2","28.55000","0.05000","28.5","28.6"],"34":["2","28.50000","0.00000","28.5","28.5"],"35":["2","28.50000","0.00000","28.5","28.5"],"36":["2","28.50000","0.00000","28.5","28.5"],"37":["2","28.35000","0.05000","28.3","28.4"],"38":["2","28.20000","0.00000","28.2","28.2"],"42":["1","24.20000","0.00000","24.2","24.2"],"45":["1","22.30000","0.00000","22.3","22.3"],"48":["1","23.00000","0.00000","23.0","23.0"],"51":["1","24.40000","0.00000","24.4","24.4"],"54":["1","24.90000","0.00000","24.9","24.9"],"57":["1","25.50000","0.00000","25.5","25.5"],"60":["1","26.50000","0.00000","26.5","26.5"],"63":["1","28.00000","0.00000","28.0","28.0"],"66":["1","29.10000","0.00000","29.1","29.1"],"69":["1","30.00000","0.00000","30.0","30.0"],"73":["1","31.00000","0.00000","31.0","31.0"],"76":["1","31.20000","0.00000","31.2","31.2"],"79":["1","31.00000","0.00000","31.0","31.0"],"82":["1","30.40000","0.00000","30.4","30.4"],"88":["1","29.20000","0.00000","29.2","29.2"],"91":["1","29.10000","0.00000","29.1","29.1"],"94":["1","29.70000","0.00000","29.7","29.7"],"97":["1","29.90000","0.00000","29.9","29.9"],"100":["1","29.60000","0.00000","29.6","29.6"],"101":["1","29.40000","0.00000","29.4","29.4"],"102":["2","29.50000","0.10000","29.4","29.6"],"103":["2","30.40000","0.30000","30.1","30.7"],"104":["2","31.60000","0.30000","31.3","31.9"],"105":["2","32.50000","0.20000","32.3","32.7"],"106":["2","33.10000","0.10000","33.0","33.2"],"107":["2","33.40000","0.10000","33.3","33.5"],"108":["2","33.60000","0.00000","33.6","33.6"],"109":["1","33.60000","0.00000","33.6","33.6"],"110":["2","33.60000","0.00000","33.6","33.6"],