{"_t":[1368162000,1368248400,86400,144],"_i":["sanpedro\/002\/humidity","sanpedro\/002\/temperature"],"_@":{"humi":[40,100],"temp":[0,30]},"sanpedro\/002\/humidity":{"0":["5","90.84000","3.64176","86.5","94.5"],"2":["10","91.86000","1.91374","86.5","94.5"],"4":["9","91.66667","2.94995","86.5","94.5"],"5":["6","91.03333","3.35195","86.5","94.5"],"7":["6","91.00000","3.39706","86.4","94.5"],"8":["4","91.87500","3.30936","86.4","94.5"],"10":["4","91.87500","3.30936","86.4","94.5"],"16":["7","90.28571","3.53166","86.3","94.4"],"17":["3","90.93333","3.40816","86.3","94.4"],"21":["2","89.20000","2.90000","86.3","92.1"],"23":["4","91.22500","2.99447","86.3","94.4"],"24":["6","90.45000","3.11328","86.2","94.3"],"25":["10","90.95000","3.25215","86.2","94.3"],"26":["5","90.14000","3.32482","86.2","94.3"],"29":["4","89.62500","3.61758","86.1","94.3"],"32":["8","91.41250","3.16995","86.2","94.3"],"35":["5","90.14000","3.32482","86.2","94.3"],"40":["11","91.47273","3.21618","86.5","94.6"],"41":["11","91.00000","3.53116","86.5","94.6"],"42":["8","90.72500","3.40211","86.5","94.7"],"45":["45","75.46667","4.95011","70.1","86.8"],"47":["56","71.33393","4.09531","67.1","80.6"],"48":["47","63.28298","4.03555","59.8","75.4"],"50":["46","58.84130","2.91731","49.8","62.9"],"55":["51","69.53333","9.23463","64.8","95.1"],"64":["44","53.90455","11.05959","47.7","82.4"]},"sanpedro\/002\/temperature":{"0":["5","11.96000","0.36111","11.5","12.4"],"2":["10","11.86000","0.14283","11.6","12.2"],"4":["9","11.77778","0.26152","11.5","12.2"],"5":["6","11.70000","0.29439","11.4","12.1"],"7":["6","11.63333","0.32998","11.2","12.0"],"8":["4","11.67500","0.34911","11.1","12.0"],"10":["4","11.47500","0.34911","10.9","11.8"],"16":["7","11.02857","0.41305","10.5","11.5"],"17":["3","11.03333","0.38586","10.5","11.4"],"21":["2","10.65000","0.35000","10.3","11.0"],"23":["4","10.62500","0.42057","9.9","10.9"],"24":["6","10.05000","0.43493","9.4","10.5"],"25":["10","10.06000","0.44542","9.3","10.5"],"26":["5","9.78000","0.51923","9.1","10.3"],"29":["4","9.67500","0.43229","9.2","10.2"],"32":["8","10.30000","0.36742","9.7","10.7"],"35":["5","10.28000","0.37630","9.8","10.8"],"40":["11","12.24545","0.43561","11.7","12.9"],"41":["11","12.55455","0.46586","12.0","13.3"],"42":["8","13.26250","0.46887","12.8","14.1"],"45":["45","17.24222","0.44246","16.5","18.5"],"47":["56","17.86964","1.18290","17.0","20.8"],"48":["47","19.86596","1.03251","19.2","22.8"],"50":["46","21.06304","2.24706","19.3","26.5"],"55":["51","17.74706","0.79171","16.8","19.5"],"64":["44","22.06136","1.02762","20.9","25.6"]}}