{"_t":[1364101200,1366693200,2592000,240],"_i":["sanpedro\/003\/humidity","sanpedro\/003\/temperature"],"_@":{"humi":[20,100],"temp":[0,40]},"sanpedro\/003\/humidity":{"0":["35","85.91429","0.06821","85.8","86.0"],"1":["36","85.71944","0.09667","85.6","85.9"],"2":["36","79.88333","8.99128","61.6","86.7"],"3":["36","49.10000","4.77185","41.3","61.6"],"4":["36","61.03889","14.02714","42.3","82.6"],"5":["36","73.27222","4.00948","65.2","82.0"],"6":["36","85.45833","1.60492","79.1","86.7"],"7":["36","86.16667","0.09129","86.1","86.4"],"8":["36","85.95556","0.08315","85.8","86.1"],"9":["36","85.89167","0.13617","85.7","86.1"],"10":["36","77.46111","10.11466","57.9","86.7"],"11":["36","52.03333","6.90390","40.5","66.7"],"12":["36","63.70833","5.95657","47.1","74.9"],"13":["36","85.71389","2.69280","75.3","87.0"],"14":["36","86.54722","0.13014","86.4","86.9"],"15":["36","86.35833","0.06821","86.2","86.4"],"16":["35","86.12000","0.12604","85.9","86.3"],"17":["36","85.70833","0.08620","85.6","85.9"],"18":["36","79.08333","9.17098","60.3","86.4"],"19":["36","53.13333","7.29098","37.8","66.4"],"20":["36","52.90278","4.74374","42.2","64.8"],"21":["36","68.76944","11.16970","54.2","86.9"],"22":["36","86.43611","0.64211","83.0","86.9"],"23":["36","86.02778","0.16768","85.8","86.4"],"24":["36","85.64167","0.10639","85.5","85.8"],"25":["36","85.35278","0.07633","85.2","85.5"],"26":["36","70.86111","19.14991","36.9","86.4"],"27":["36","35.34444","8.26100","25.2","53.9"],"28":["36","55.60000","7.03199","45.2","67.7"],"29":["36","77.93056","8.77021","52.8","86.8"],"30":["36","86.44167","0.11637","86.2","86.6"],"31":["36","86.24722","0.06449","86.2","86.4"],"32":["36","86.03889","0.11125","85.9","86.2"],"33":["36","86.14722","0.04992","86.1","86.2"],"34":["36","72.73611","12.52735","51.2","86.5"],"35":["36","44.04444","9.57707","33.0","67.4"],"36":["36","59.21944","4.92814","50.7","76.0"],"37":["36","81.69444","6.77409","66.5","86.8"],"38":["36","86.35556","0.10123","86.2","86.5"],"39":["35","86.26000","0.05451","86.1","86.3"],"40":["36","85.93056","0.10225","85.8","86.1"],"41":["36","85.75000","0.05000","85.7","85.8"],"42":["36","76.62500","11.97640","50.0","86.8"],"43":["31","56.17419","6.76909","47.5","68.9"],"44":["36","54.50278","6.30615","41.2","67.5"],"45":["36","76.40278","9.88808","56.3","86.9"],"46":["36","86.50000","0.14142","86.3","86.8"],"47":["36","86.18889","0.12197","86.0","86.4"],"48":["34","86.01471","0.08789","85.9","86.1"],"49":["36","85.91389","0.07510","85.8","86.1"],"50":["36","81.07222","7.61572","63.4","86.7"],"51":["36","59.76389","3.07843","53.7","66.3"],"52":["36","58.79444","4.36329","51.2","68.0"],"53":["36","59.22778","7.34221","39.3","68.6"],"54":["36","84.27778","4.93812","68.8","86.5"],"55":["36","86.38056","0.03958","86.3","86.4"],"56":["34","86.40000","0.00000","86.4","86.4"],"57":["35","86.14571","0.07688","86.1","86.4"],"58":["36","75.61111","10.57620","57.1","86.6"],"59":["36","57.32222","6.72471","46.2","72.1"],"60":["36","61.53333","4.81329","50.0","68.4"],"61":["36","53.03056","7.49936","43.7","67.8"],"62":["36","84.14722","4.65460","69.4","86.5"],"63":["36","85.82222","0.08535","85.7","86.0"],"64":["36","85.74167","0.13411","85.6","86.0"],"65":["36","85.72500","0.09242","85.6","86.0"],"66":["36","78.36389","9.16094","59.9","86.6"],"67":["36","51.56944","3.90682","45.9","62.6"],"68":["28","50.91786","2.82477","44.8","55.3"],"70":["33","90.62424","3.54376","86.2","94.8"],"71":["43","89.86977","3.61666","86.1","94.5"],"99":["49","45.26327","2.03908","40.4","49.4"],"101":["126","76.50952","8.42692","65.1","95.0"],"102":["68","90.76176","3.46627","86.4","94.8"],"103":["67","90.78955","3.46764","86.5","94.7"],"104":["100","90.48500","3.55276","86.2","94.7"],"105":["80","90.06500","3.60361","86.0","94.5"],"106":["108","77.09537","13.56418","58.7","94.6"],"107":["56","56.48393","11.67731","49.8","93.6"],"109":["87","80.45862","9.42886","70.5","95.0"],"110":["26","90.97692","3.37038","86.5","94.7"],"111":["65","90.10308","3.41927","86.4","94.8"],"112":["114","89.49035","3.62782","86.0","94.6"],"113":["126","87.77302","3.14321","85.8","94.1"],"114":["143","85.91049","3.39380","80.3","94.8"],"116":["45","52.91556","1.79505","51.1","58.1"],"133":["114","80.99825","4.20073","75.2","91.3"],"134":["81","90.40000","3.60524","86.3","95.0"],"135":["57","89.73509","3.56703","86.2","94.7"],"136":["78","90.27949","3.58170","86.1","94.6"],"137":["51","90.51765","3.63009","86.1","94.5"],"138":["33","90.82424","3.64443","86.1","94.5"],"140":["49","61.86735","7.29177","55.9","77.1"],"141":["6","89.11667","3.34286","86.8","94.9"],"142":["107","90.38131","3.42654","86.3","94.8"],"143":["111","89.25946","3.54608","86.0","94.5"],"144":["71","89.18028","3.57103","85.9","94.3"],"181":["119","76.87647","8.62990","63.2","95.0"],"182":["32","90.91875","3.61416","86.7","94.9"],"183":["46","90.89130","3.45687","86.5","94.7"],"184":["57","90.48070","3.53521","86.2","94.6"],"185":["69","89.88551","3.55097","86.2","94.5"],"186":["71","89.29296","3.78155","84.3","94.8"],"189":["199","81.01206","8.84216","63.4","92.3"],"190":["84","90.53690","3.36904","86.4","94.9"],"191":["87","90.68506","3.41695","86.3","94.7"],"192":["105","89.49143","3.64410","85.9","94.5"],"193":["132","88.80379","3.53179","85.9","94.2"],"194":["89","75.65281","13.65100","60.2","94.4"],"195":["51","55.31569","2.76089","52.7","62.6"],"196":["38","39.72895","3.97836","32.5","48.8"],"197":["73","85.04521","3.49089","81.4","95.1"],"198":["364","85.64066","2.51467","82.8","94.9"],"199":["63","91.05238","3.13894","86.5","94.6"],"200":["35","91.23714","3.14761","86.5","94.6"],"201":["32","91.17500","3.30520","86.5","94.5"],"205":["161","85.35963","4.70547","77.7","95.2"],"206":["32","90.89688","3.62142","86.6","94.9"],"207":["26","91.15000","3.53458","86.4","94.6"],"208":["56","91.45714","3.34685","86.3","94.6"],"209":["41","90.62195","3.41585","86.3","94.5"],"213":["92","91.38152","3.24901","86.5","94.9"],"214":["69","90.96957","3.40712","86.5","94.8"],"215":["23","90.59130","3.70299","86.5","94.7"],"216":["34","91.07941","3.38967","86.3","94.7"],"217":["21","90.69048","3.57050","86.3","94.5"],"218":["49","90.79388","3.49463","86.3","94.7"],"236":["92","75.62935","3.05741","71.5","84.8"],"237":["105","74.34095","3.70273","69.0","82.4"],"238":["92","90.20217","3.56151","86.2","94.9"],"239":["96","90.26979","3.51216","86.1","94.5"]},"sanpedro\/003\/temperature":{"0":["35","7.92286","0.49862","7.2","8.7"],"1":["36","6.22222","0.73866","5.1","7.7"],"2":["36","11.43333","4.74318","5.2","18.7"],"3":["36","20.72778","1.24178","18.4","23.0"],"4":["36","19.04722","1.71586","16.4","22.8"],"5":["36","17.51944","1.12146","14.8","19.7"],"6":["36","13.45556","0.73085","11.5","14.8"],"7":["36","9.48889","0.65903","8.6","11.2"],"8":["36","8.07222","0.65346","7.1","9.5"],"9":["36","7.45000","0.97994","6.2","9.0"],"10":["36","12.74722","4.38821","6.8","19.3"],"11":["36","22.44722","1.58876","19.0","25.8"],"12":["36","21.56667","1.45182","19.0","25.4"],"13":["36","15.96944","0.85402","15.0","18.5"],"14":["36","12.31111","0.95387","11.0","14.7"],"15":["36","11.19167","0.63437","9.9","11.9"],"16":["35","9.07429","0.87255","7.2","10.2"],"17":["36","6.10833","0.59319","5.2","7.5"],"18":["36","11.29167","4.68990","5.3","18.7"],"19":["36","20.88056","1.46739","17.3","24.0"],"20":["36","22.64444","0.97964","20.0","24.3"],"21":["36","19.48056","2.40449","15.2","22.6"],"22":["36","12.80556","1.33852","10.7","15.1"],"23":["36","8.32778","1.20959","6.4","11.0"],"24":["36","5.36111","0.76204","4.1","6.4"],"25":["36","3.21111","0.63674","1.9","4.1"],"26":["36","9.88333","5.97172","1.8","18.0"],"27":["36","22.28056","1.23532","19.0","24.7"],"28":["36","21.88889","1.67312","18.8","24.2"],"29":["36","16.67778","2.26558","13.4","22.7"],"30":["36","11.97778","0.91199","10.1","13.1"],"31":["36","10.68333","0.44628","9.9","11.6"],"32":["36","8.98056","0.89126","7.6","10.4"],"33":["36","9.85833","0.28223","9.1","10.1"],