{"_t":[1371013200,1371099600,86400,144],"_i":["fantasy\/004\/humidity","fantasy\/004\/temperature"],"_@":{"humi":[30,70],"temp":[0,30]},"fantasy\/004\/humidity":{"36":["4","59.67500","0.42647","59.1","60.3"],"37":["9","54.87778","3.83399","47.3","59.6"],"38":["9","56.43333","0.96379","54.5","58.2"],"39":["10","53.38000","3.84754","49.9","59.7"],"40":["9","56.25556","2.52635","49.7","58.9"],"41":["10","52.53000","3.06106","47.0","56.0"],"42":["9","51.55556","3.55562","45.6","54.9"],"43":["10","54.56000","1.08000","52.8","56.2"],"44":["9","53.11111","1.96720","47.7","54.9"],"45":["9","52.11111","1.43716","50.0","54.3"],"46":["10","51.13000","0.70718","50.0","52.7"],"47":["9","48.05556","0.99678","46.4","49.5"],"48":["10","51.32000","1.53870","48.9","53.2"],"49":["9","51.33333","1.04456","50.0","53.3"],"50":["9","51.22222","0.69567","50.2","52.3"],"51":["10","51.21000","0.50090","50.2","52.2"],"52":["9","47.93333","2.35608","45.1","51.2"],"53":["10","44.57000","2.37363","41.1","48.3"],"54":["9","43.81111","2.77907","39.0","47.6"],"55":["9","42.92222","4.29361","35.1","48.0"],"56":["10","38.71000","2.46433","35.1","43.6"],"57":["1","36.20000","0.00000","36.2","36.2"],"59":["6","53.13333","0.64722","52.4","54.4"],"60":["9","51.74444","1.23388","49.7","53.9"],"61":["10","52.56000","0.37470","52.0","53.2"],"62":["9","44.50000","3.08509","39.8","48.9"],"63":["10","50.75000","1.55580","48.9","52.9"]},"fantasy\/004\/temperature":{"36":["4","7.25000","0.05000","7.2","7.3"],"37":["9","7.22222","0.04157","7.2","7.3"],"38":["9","7.34444","0.04969","7.3","7.4"],"39":["10","7.57000","0.14177","7.4","7.8"],"40":["9","8.23333","0.18257","7.9","8.4"],"41":["10","8.51000","0.34482","8.2","9.2"],"42":["9","10.38889","0.59525","9.4","11.0"],"43":["10","10.67000","0.12689","10.5","10.9"],"44":["9","11.35556","0.27933","10.9","11.7"],"45":["9","12.70000","0.68961","11.8","13.9"],"46":["10","16.27000","1.06118","14.4","17.5"],"47":["9","17.53333","0.39441","16.8","18.0"],"48":["10","15.67000","0.54046","15.0","16.6"],"49":["9","15.06667","0.11547","14.9","15.3"],"50":["9","16.08889","0.39845","15.4","16.7"],"51":["10","17.20000","0.73756","16.2","18.3"],"52":["9","19.92222","0.63030","18.6","20.5"],"53":["10","21.40000","0.70000","20.1","22.3"],"54":["9","20.63333","0.82462","19.5","21.8"],"55":["9","21.74444","1.98220","19.5","25.2"],"56":["10","22.57000","1.29310","20.7","24.7"],"57":["1","23.90000","0.00000","23.9","23.9"],"59":["6","16.53333","0.51532","16.1","17.6"],"60":["9","17.64444","0.49690","16.9","18.3"],"61":["10","16.83000","0.48590","16.5","18.1"],"62":["9","20.86667","0.94751","19.4","22.1"],"63":["10","17.64000","0.72277","16.7","18.9"]}}