{"_t":[1379307600,1379394000,86400,144],"_i":["timana0\/002\/VoltR"],"_@":{"Volt":[0,0]},"timana0\/002\/VoltR":{"7":["1","0.00000","0.00000","0.0","0.0"],"8":["2","0.00000","0.00000","0.0","0.0"],"9":["2","0.00000","0.00000","0.0","0.0"],"10":["2","0.00000","0.00000","0.0","0.0"],"11":["2","0.00000","0.00000","0.0","0.0"],"12":["2","0.00000","0.00000","0.0","0.0"],"13":["2","0.00000","0.00000","0.0","0.0"],"14":["2","0.00000","0.00000","0.0","0.0"],"15":["2","0.00000","0.00000","0.0","0.0"],"16":["2","0.00000","0.00000","0.0","0.0"],"17":["2","0.00000","0.00000","0.0","0.0"],"18":["2","0.00000","0.00000","0.0","0.0"],"19":["2","0.00000","0.00000","0.0","0.0"],"20":["2","0.00000","0.00000","0.0","0.0"],"21":["2","0.00000","0.00000","0.0","0.0"],"22":["2","0.00000","0.00000","0.0","0.0"],"23":["2","0.00000","0.00000","0.0","0.0"],"24":["2","0.00000","0.00000","0.0","0.0"],"25":["2","0.00000","0.00000","0.0","0.0"],"26":["2","0.00000","0.00000","0.0","0.0"],"27":["2","0.00000","0.00000","0.0","0.0"],"28":["2","0.00000","0.00000","0.0","0.0"],"29":["2","0.00000","0.00000","0.0","0.0"],"30":["2","0.00000","0.00000","0.0","0.0"],"31":["2","0.00000","0.00000","0.0","0.0"],"32":["2","0.00000","0.00000","0.0","0.0"],"33":["2","0.00000","0.00000","0.0","0.0"],"34":["2","0.00000","0.00000","0.0","0.0"],"35":["2","0.00000","0.00000","0.0","0.0"],"36":["2","0.00000","0.00000","0.0","0.0"],"37":["2","0.00000","0.00000","0.0","0.0"],"38":["2","0.00000","0.00000","0.0","0.0"],"39":["2","0.00000","0.00000","0.0","0.0"],"40":["2","0.00000","0.00000","0.0","0.0"],"41":["2","0.00000","0.00000","0.0","0.0"],"42":["2","0.00000","0.00000","0.0","0.0"],"43":["2","0.00000","0.00000","0.0","0.0"],"44":["2","0.00000","0.00000","0.0","0.0"],"45":["2","0.00000","0.00000","0.0","0.0"],"46":["2","0.00000","0.00000","0.0","0.0"],"47":["1","0.00000","0.00000","0.0","0.0"],"48":["2","0.00000","0.00000","0.0","0.0"],"49":["2","0.00000","0.00000","0.0","0.0"],"50":["2","0.00000","0.00000","0.0","0.0"],"51":["2","0.00000","0.00000","0.0","0.0"],"52":["2","0.00000","0.00000","0.0","0.0"],"53":["2","0.00000","0.00000","0.0","0.0"],"54":["2","0.00000","0.00000","0.0","0.0"],"55":["2","0.00000","0.00000","0.0","0.0"],"56":["2","0.00000","0.00000","0.0","0.0"],"57":["2","0.00000","0.00000","0.0","0.0"],"58":["2","0.00000","0.00000","0.0","0.0"]}}