{"_t":[1364706000,1364792400,86400,144],"_i":["valentina\/003\/humidity","valentina\/003\/temp_dry","valentina\/003\/temp_wet"],"_@":{"humi":[50,100],"temp":[0,30]},"valentina\/003\/humidity":[["2","92.00000","0.00000","92.0","92.0"],["2","92.50000","0.50000","92.0","93.0"],["1","94.00000","0.00000","94.0","94.0"],["2","94.00000","0.00000","94.0","94.0"],["2","94.00000","0.00000","94.0","94.0"],["2","94.00000","0.00000","94.0","94.0"],["2","94.00000","0.00000","94.0","94.0"],["2","93.50000","0.50000","93.0","94.0"],["2","94.00000","0.00000","94.0","94.0"],["2","93.00000","0.00000","93.0","93.0"],["2","94.00000","0.00000","94.0","94.0"],["2","94.50000","0.50000","94.0","95.0"],["2","94.00000","0.00000","94.0","94.0"],["2","93.50000","0.50000","93.0","94.0"],["2","94.00000","0.00000","94.0","94.0"],["2","94.50000","0.50000","94.0","95.0"],["2","95.00000","0.00000","95.0","95.0"],["2","95.00000","1.00000","94.0","96.0"],["2","95.00000","0.00000","95.0","95.0"],["2","95.00000","0.00000","95.0","95.0"],["2","95.00000","0.00000","95.0","95.0"],["2","95.00000","0.00000","95.0","95.0"],["2","95.00000","0.00000","95.0","95.0"],["2","95.50000","0.50000","95.0","96.0"],["2","95.00000","0.00000","95.0","95.0"],["2","95.00000","0.00000","95.0","95.0"],["2","94.50000","0.50000","94.0","95.0"],["1","95.00000","0.00000","95.0","95.0"],["2","95.00000","0.00000","95.0","95.0"],["2","95.00000","0.00000","95.0","95.0"],["2","95.00000","0.00000","95.0","95.0"],["2","95.50000","0.50000","95.0","96.0"],["2","96.00000","0.00000","96.0","96.0"],["2","95.50000","0.50000","95.0","96.0"],["2","95.00000","0.00000","95.0","95.0"],["2","95.50000","0.50000","95.0","96.0"],["2","94.50000","0.50000","94.0","95.0"],["2","94.00000","0.00000","94.0","94.0"],["2","93.50000","0.50000","93.0","94.0"],["2","92.50000","0.50000","92.0","93.0"],["2","90.50000","0.50000","90.0","91.0"],["2","82.00000","3.00000","79.0","85.0"],["2","76.50000","1.50000","75.0","78.0"],["2","72.50000","0.50000","72.0","73.0"],["2","78.00000","1.00000","77.0","79.0"],["2","81.50000","0.50000","81.0","82.0"],["2","82.50000","0.50000","82.0","83.0"],["2","78.50000","1.50000","77.0","80.0"],["2","74.00000","2.00000","72.0","76.0"],["2","67.00000","1.00000","66.0","68.0"],["2","64.50000","1.50000","63.0","66.0"],["2","65.50000","0.50000","65.0","66.0"],["2","70.50000","1.50000","69.0","72.0"],["2","66.00000","1.00000","65.0","67.0"],["2","73.00000","2.00000","71.0","75.0"],["2","76.00000","0.00000","76.0","76.0"],["2","76.00000","0.00000","76.0","76.0"],["2","72.50000","0.50000","72.0","73.0"],["2","66.00000","4.00000","62.0","70.0"],["2","67.00000","1.00000","66.0","68.0"],["2","61.50000","0.50000","61.0","62.0"],["2","63.50000","0.50000","63.0","64.0"],["2","64.50000","0.50000","64.0","65.0"],["2","69.00000","1.00000","68.0","70.0"],["2","67.50000","0.50000","67.0","68.0"],["2","67.00000","2.00000","65.0","69.0"],["2","66.50000","1.50000","65.0","68.0"],["2","68.00000","0.00000","68.0","68.0"],["2","72.00000","1.00000","71.0","73.0"],["2","66.50000","2.50000","64.0","69.0"],["2","61.50000","0.50000","61.0","62.0"],["2","64.00000","1.00000","63.0","65.0"],["2","65.50000","1.50000","64.0","67.0"],["2","71.00000","3.00000","68.0","74.0"],["2","72.00000","0.00000","72.0","72.0"],["2","75.00000","2.00000","73.0","77.0"],["2","79.00000","2.00000","77.0","81.0"],["2","76.50000","0.50000","76.0","77.0"],["2","75.00000","0.00000","75.0","75.0"],["2","70.50000","2.50000","68.0","73.0"],["2","67.00000","2.00000","65.0","69.0"],["2","70.50000","1.50000","69.0","72.0"],["2","70.50000","1.50000","69.0","72.0"],["2","71.50000","0.50000","71.0","72.0"],["2","74.50000","0.50000","74.0","75.0"],["2","74.50000","0.50000","74.0","75.0"],["2","70.50000","2.50000","68.0","73.0"],["2","64.00000","2.00000","62.0","66.0"],["2","66.50000","0.50000","66.0","67.0"],["2","64.00000","2.00000","62.0","66.0"],["2","66.00000","3.00000","63.0","69.0"],["2","59.50000","1.50000","58.0","61.0"],["2","66.00000","1.00000","65.0","67.0"],["2","67.50000","0.50000","67.0","68.0"],["2","66.50000","6.50000","60.0","73.0"],["2","63.50000","2.50000","61.0","66.0"],["2","63.00000","4.00000","59.0","67.0"],["2","63.00000","1.00000","62.0","64.0"],["2","65.50000","1.50000","64.0","67.0"],["2","66.00000","0.00000","66.0","66.0"],["2","66.00000","2.00000","64.0","68.0"],["2","67.50000","0.50000","67.0","68.0"],["2","70.00000","0.00000","70.0","70.0"],["2","73.50000","2.50000","71.0","76.0"],["2","77.50000","0.50000","77.0","78.0"],["2","79.00000","0.00000","79.0","79.0"],["2","79.00000","0.00000","79.0","79.0"],["2","80.50000","0.50000","80.0","81.0"],["2","82.00000","1.00000","81.0","83.0"],["2","87.00000","0.00000","87.0","87.0"],["2","88.50000","1.50000","87.0","90.0"],["2","91.50000","0.50000","91.0","92.0"],["2","92.00000","0.00000","92.0","92.0"],["2","92.50000","0.50000","92.0","93.0"],["2","93.00000","0.00000","93.0","93.0"],["2","92.50000","0.50000","92.0","93.0"],["2","92.00000","0.00000","92.0","92.0"],["2","92.00000","0.00000","92.0","92.0"],["2","91.00000","0.00000","91.0","91.0"],["2","92.50000","0.50000","92.0","93.0"],["2","93.00000","0.00000","93.0","93.0"],["2","92.50000","0.50000","92.0","93.0"],["2","92.00000","0.00000","92.0","92.0"],["2","92.00000","0.00000","92.0","92.0"],["2","92.50000","0.50000","92.0","93.0"],["2","93.00000","0.00000","93.0","93.0"],["2","93.50000","0.50000","93.0","94.0"],["2","93.00000","0.00000","93.0","93.0"],["2","93.50000","0.50000","93.0","94.0"],["2","93.50000","0.50000","93.0","94.0"],["2","93.50000","0.50000","93.0","94.0"],["2","94.00000","0.00000","94.0","94.0"],["2","94.50000","0.50000","94.0","95.0"],["2","94.00000","0.00000","94.0","94.0"],["2","94.50000","0.50000","94.0","95.0"],["2","94.00000","0.00000","94.0","94.0"],["2","95.00000","0.00000","95.0","95.0"],["2","94.00000","1.00000","93.0","95.0"],["2","95.50000","0.50000","95.0","96.0"],["2","93.50000","0.50000","93.0","94.0"],["2","94.50000","0.50000","94.0","95.0"],["2","94.50000","0.50000","94.0","95.0"],["2","95.00000","0.00000","95.0","95.0"],["2","95.00000","0.00000","95.0","95.0"]],