{"_t":[1371013200,1371099600,86400,144],"_i":["fantasy\/002\/VoltR"],"_@":{"Volt":[0,130]},"fantasy\/002\/VoltR":{"36":["3","81.33333","57.51135","0.0","122.0"],"37":["10","85.90000","56.23602","0.0","123.0"],"38":["9","41.66667","58.92557","0.0","125.0"],"39":["9","97.33333","52.02777","0.0","126.0"],"40":["10","37.20000","56.82394","0.0","124.0"],"41":["9","96.11111","51.37540","0.0","124.0"],"42":["10","12.50000","37.50000","0.0","125.0"],"43":["9","111.11111","39.28371","0.0","125.0"],"44":["10","24.80000","49.60000","0.0","124.0"],"45":["9","41.22222","58.29766","0.0","124.0"],"46":["9","0.00000","0.00000","0.0","0.0"],"47":["10","0.00000","0.00000","0.0","0.0"],"48":["9","0.00000","0.00000","0.0","0.0"],"49":["9","0.00000","0.00000","0.0","0.0"],"50":["10","0.00000","0.00000","0.0","0.0"],"51":["9","0.00000","0.00000","0.0","0.0"],"52":["10","0.00000","0.00000","0.0","0.0"],"53":["9","0.00000","0.00000","0.0","0.0"],"54":["9","0.00000","0.00000","0.0","0.0"],"55":["10","0.00000","0.00000","0.0","0.0"],"56":["9","0.00000","0.00000","0.0","0.0"],"57":["2","0.00000","0.00000","0.0","0.0"],"59":["5","0.00000","0.00000","0.0","0.0"],"60":["10","0.00000","0.00000","0.0","0.0"],"61":["9","0.00000","0.00000","0.0","0.0"],"62":["10","12.10000","36.30000","0.0","121.0"],"63":["3","0.00000","0.00000","0.0","0.0"]}}