{"_t":[1379826000,1382418000,2592000,240],"_i":["timana0\/001\/humidity","timana0\/001\/temp_dry","timana0\/001\/temp_wet"],"_@":{"humi":[30,100],"temp":[0,30]},"timana0\/001\/humidity":{"11":["36","46.19444","1.96948","41.0","49.0"],"12":["35","43.80000","1.96832","39.0","47.0"],"13":["36","46.97222","7.78705","37.0","63.0"],"14":["35","76.48571","4.85428","63.0","82.0"],"15":["36","81.16667","2.82351","76.0","85.0"],"16":["35","82.94286","2.36574","79.0","88.0"],"17":["9","87.33333","2.10819","85.0","91.0"],"18":["9","52.55556","0.83148","51.0","53.0"],"19":["36","45.52778","3.25308","41.0","53.0"],"20":["30","55.53333","4.47015","43.0","63.0"],"21":["36","55.63889","5.22894","48.0","68.0"],"22":["8","73.50000","4.09268","68.0","79.0"],"26":["25","67.00000","11.05260","54.0","84.0"],"27":["35","48.40000","3.29675","43.0","55.0"],"28":["36","50.86111","5.92618","41.0","64.0"],"29":["36","56.66667","10.87811","39.0","70.0"],"30":["35","78.91429","4.84840","69.0","85.0"],"31":["35","83.91429","1.85736","80.0","88.0"],"32":["36","87.05556","2.13365","84.0","91.0"],"33":["35","86.54286","2.76036","82.0","91.0"],"34":["36","72.61111","14.97271","51.0","92.0"],"35":["29","44.62069","2.67058","40.0","50.0"],"36":["26","55.61538","6.55789","46.0","78.0"],"64":["30","81.93333","1.36463","80.0","85.0"],"65":["35","85.00000","4.82257","78.0","94.0"],"66":["35","70.45714","11.33224","50.0","86.0"],"67":["34","49.23529","2.94118","44.0","55.0"],"68":["35","47.54286","4.88346","40.0","60.0"],"69":["36","67.69444","9.70057","52.0","85.0"],"70":["36","95.13889","2.57286","87.0","98.0"],"71":["35","97.17143","0.77407","95.0","98.0"],"72":["36","97.52778","0.95702","95.0","100.0"],"73":["36","97.66667","1.02740","96.0","100.0"],"74":["35","74.05714","15.66058","47.0","97.0"],"75":["36","51.08333","7.50324","42.0","64.0"],"76":["35","57.25714","3.29799","51.0","64.0"],"77":["36","75.55556","9.65069","59.0","91.0"],"78":["35","93.20000","2.29035","87.0","97.0"],"79":["35","95.34286","2.05555","91.0","98.0"],"80":["36","97.72222","0.76779","96.0","100.0"],"81":["35","97.48571","0.49980","97.0","98.0"],"82":["36","75.75000","18.55978","45.0","98.0"],"83":["35","55.48571","2.20870","50.0","61.0"],"84":["36","55.97222","2.99524","51.0","62.0"],"85":["35","83.11429","10.49019","60.0","94.0"],"86":["36","95.86111","1.00423","94.0","98.0"],"87":["35","97.02857","0.77407","95.0","98.0"],"88":["35","97.57143","0.87131","95.0","100.0"],"89":["36","95.66667","2.16025","92.0","100.0"],"90":["35","74.65714","12.88619","56.0","94.0"],"91":["36","56.11111","3.34812","50.0","63.0"],"92":["35","60.28571","4.65109","54.0","73.0"],"93":["35","64.51429","7.19274","53.0","79.0"],"94":["36","79.66667","5.28625","73.0","90.0"],"95":["35","88.62857","1.77419","84.0","91.0"],"96":["35","95.88571","1.36845","91.0","98.0"],"97":["35","97.31429","0.46423","97.0","98.0"],"98":["36","79.13889","14.16402","59.0","98.0"],"99":["36","54.61111","4.72745","44.0","61.0"],"100":["35","60.74286","8.81344","47.0","79.0"],"101":["36","76.44444","3.96824","68.0","84.0"],"102":["35","85.28571","2.49080","82.0","90.0"],"103":["36","95.44444","2.38566","90.0","98.0"],"104":["34","97.44118","0.49653","97.0","98.0"],"105":["35","97.51429","0.76984","96.0","100.0"],"106":["36","68.11111","16.33296","50.0","97.0"],"107":["28","52.67857","2.40615","47.0","57.0"],"122":["8","52.25000","1.39194","50.0","55.0"],"123":["36","53.94444","5.52743","46.0","67.0"],"124":["35","65.00000","10.62880","45.0","87.0"],"125":["36","70.72222","10.54517","57.0","90.0"],"126":["36","92.63889","1.20538","91.0","95.0"],"127":["35","82.74286","4.63738","75.0","94.0"],"128":["36","83.80556","3.19565","78.0","89.0"],"129":["36","94.52778","2.15363","89.0","97.0"],"130":["35","76.91429","14.96734","52.0","96.0"],"131":["36","53.97222","3.26161","49.0","61.0"],"132":["35","56.25714","4.21794","47.0","63.0"],"133":["35","61.42857","9.12856","48.0","75.0"],"134":["36","83.38889","4.90055","77.0","92.0"],"135":["35","93.02857","3.44330","85.0","98.0"],"136":["36","97.80556","0.65910","96.0","100.0"],"137":["35","97.31429","1.18975","96.0","100.0"],"138":["35","77.37143","13.27314","55.0","98.0"],"139":["35","54.68571","1.89392","51.0","58.0"],"140":["36","56.41667","2.79260","51.0","61.0"],"141":["36","58.27778","8.30867","47.0","75.0"],"142":["35","91.85714","3.65781","80.0","97.0"],"143":["36","94.25000","1.53433","90.0","97.0"],"144":["35","95.97143","0.99959","94.0","97.0"],"145":["34","96.76471","0.97192","95.0","98.0"],"146":["29","78.03448","16.51224","52.0","98.0"],"147":["36","53.11111","2.03822","50.0","57.0"],"148":["36","53.58333","4.23855","46.0","63.0"],"149":["35","72.17143","8.81390","55.0","90.0"],"150":["36","92.86111","1.39747","89.0","96.0"],"151":["35","94.88571","2.92547","86.0","97.0"],"152":["36","96.33333","0.57735","95.0","97.0"],"153":["35","97.42857","0.49487","97.0","98.0"],"154":["35","80.54286","13.05886","64.0","98.0"],"155":["36","54.47222","4.96927","48.0","65.0"],"156":["33","64.00000","7.95822","48.0","74.0"],"157":["36","75.27778","10.35377","57.0","88.0"],"158":["35","88.94286","1.56649","86.0","93.0"],"159":["36","94.58333","0.72169","93.0","96.0"],"160":["35","97.28571","0.69985","96.0","98.0"],"161":["36","97.47222","0.49923","97.0","98.0"],"162":["35","71.68571","18.70641","49.0","98.0"],"163":["36","56.50000","3.26173","49.0","65.0"],"164":["35","64.91429","6.98722","49.0","76.0"],"165":["36","78.80556","10.55625","55.0","90.0"],"166":["4","93.75000","1.29904","92.0","95.0"],"186":["4","64.50000","0.50000","64.0","65.0"],"187":["36","58.58333","2.92855","52.0","63.0"],"188":["35","54.68571","4.06920","46.0","62.0"],"189":["36","69.27778","11.24626","57.0","92.0"],"190":["36","96.58333","1.81621","92.0","100.0"],"191":["35","98.20000","1.09022","96.0","100.0"],"192":["36","97.02778","0.60028","96.0","98.0"],"193":["35","97.40000","0.72506","96.0","100.0"],"194":["8","93.75000","2.68095","90.0","97.0"]},"timana0\/001\/temp_dry":{"11":["36","20.28889","0.92008","18.1","22.0"],"12":["35","22.09714","0.92195","20.3","24.1"],"13":["36","20.43611","2.32763","15.8","24.1"],"14":["35","12.39143","1.44210","10.8","15.6"],"15":["36","11.67500","0.38757","10.9","12.4"],"16":["35","10.72000","0.46892","9.6","11.1"],"17":["9","9.57778","0.26152","9.1","9.8"],"18":["9","17.05556","0.17708","16.7","17.3"],"19":["36","20.39722","2.14055","16.6","23.2"],"20":["30","19.36333","1.35117","17.2","22.7"],"21":["36","17.98889","2.03426","13.5","21.2"],"22":["8","12.42500","0.59948","11.6","13.3"],"26":["25","14.80800","2.57805","11.0","18.0"],"27":["35","20.32286","1.95332","17.5","23.5"],"28":["36","20.69722","1.68613","17.4","23.9"],"29":["36","19.16667","3.33017","15.1","24.7"],"30":["35","13.47714","0.87769","12.3","15.0"],"31":["35","11.98000","0.27754","11.5","12.4"],"32":["36","10.73889","0.42182","10.0","11.5"],"33":["35","10.68571","0.59673","9.7","11.4"],"34":["36","13.69722","3.33604","9.4","19.0"],"35":["29","22.01724","0.96600","20.0","23.8"],"36":["26","21.34231","1.70816","16.7","23.9"],"64":["30","11.57667","0.18200","11.3","11.8"],"65":["35","10.74857","0.59827","9.9","11.5"],"66":["35","13.38286","2.42316","10.4","18.8"],"67":["34","20.84412","1.82631","17.9","24.1"],"68":["35","23.45143","1.38055","21.2","26.8"],"69":["36","19.39722","3.00892","14.0","25.1"],"70":["36","10.50000","1.29293","8.3","13.5"],"71":["35","7.26571","1.02705","5.6","8.8"],"72":["36","5.40833","0.58280","4.4","6.3"],"73":["36","3.81111","0.40399","3.0","4.5"],"74":["35","12.42857","4.86930","4.3","21.3"],"75":["36","21.79722","2.13639","18.6","25.7"],"76":["35","22.69714","1.19773","19.8","25.1"],"77":["36","17.08611","2.59338","13.3","22.3"],"78":["35","11.62571","1.00095","10.1","13.2"],"79":["35","9.45429","0.61008","8.3","10.1"],"80":["36","7.86389","0.21878","7.4","8.2"],"81":["35","8.07714","0.20155","7.6","8.4"],"82":["36","13.39722","4.15889","8.2","21.0"],"83":["35","19.50857","1.17409","17.6","22.3"],