{"_t":[1367254800,1367273280,18480,50],"_i":["sanpedro\/006\/VoltR"],"_@":{"Volt":[0,140]},"sanpedro\/006\/VoltR":{"0":["13","110.46154","48.99233","0.0","138.0"],"1":["2","0.00000","0.00000","0.0","0.0"],"2":["1","0.00000","0.00000","0.0","0.0"],"3":["1","0.00000","0.00000","0.0","0.0"],"4":["1","0.00000","0.00000","0.0","0.0"],"5":["1","0.00000","0.00000","0.0","0.0"],"6":["2","0.00000","0.00000","0.0","0.0"],"7":["1","0.00000","0.00000","0.0","0.0"],"8":["1","0.00000","0.00000","0.0","0.0"],"9":["3","0.00000","0.00000","0.0","0.0"],"10":["1","0.00000","0.00000","0.0","0.0"],"11":["1","0.00000","0.00000","0.0","0.0"],"12":["1","0.00000","0.00000","0.0","0.0"],"13":["2","0.00000","0.00000","0.0","0.0"],"14":["1","0.00000","0.00000","0.0","0.0"],"15":["1","0.00000","0.00000","0.0","0.0"],"16":["1","0.00000","0.00000","0.0","0.0"],"17":["1","0.00000","0.00000","0.0","0.0"],"18":["2","0.00000","0.00000","0.0","0.0"],"19":["1","0.00000","0.00000","0.0","0.0"],"20":["1","0.00000","0.00000","0.0","0.0"],"21":["1","0.00000","0.00000","0.0","0.0"],"22":["2","0.00000","0.00000","0.0","0.0"],"23":["1","0.00000","0.00000","0.0","0.0"],"25":["3","0.00000","0.00000","0.0","0.0"],"26":["2","68.50000","68.50000","0.0","137.0"],"27":["1","0.00000","0.00000","0.0","0.0"],"28":["1","0.00000","0.00000","0.0","0.0"],"29":["2","0.00000","0.00000","0.0","0.0"],"30":["1","0.00000","0.00000","0.0","0.0"],"31":["1","0.00000","0.00000","0.0","0.0"],"32":["1","0.00000","0.00000","0.0","0.0"],"33":["1","0.00000","0.00000","0.0","0.0"],"34":["2","0.00000","0.00000","0.0","0.0"],"35":["1","0.00000","0.00000","0.0","0.0"],"36":["1","0.00000","0.00000","0.0","0.0"],"37":["4","67.50000","67.50000","0.0","135.0"],"38":["1","0.00000","0.00000","0.0","0.0"],"39":["2","0.00000","0.00000","0.0","0.0"],"40":["1","0.00000","0.00000","0.0","0.0"],"41":["1","0.00000","0.00000","0.0","0.0"],"42":["1","0.00000","0.00000","0.0","0.0"],"43":["1","0.00000","0.00000","0.0","0.0"],"44":["2","0.00000","0.00000","0.0","0.0"],"45":["1","0.00000","0.00000","0.0","0.0"],"46":["1","0.00000","0.00000","0.0","0.0"],"47":["1","0.00000","0.00000","0.0","0.0"],"48":["1","0.00000","0.00000","0.0","0.0"],"49":["2","0.00000","0.00000","0.0","0.0"]}}