{"_t":[1368939600,1369026000,86400,144],"_i":["valentina\/002\/humidity","valentina\/002\/temperature"],"_@":{"humi":[30,90],"temp":[0,30]},"valentina\/002\/humidity":{"0":["1","86.30000","0.00000","86.3","86.3"],"2":["1","86.30000","0.00000","86.3","86.3"],"6":["1","86.40000","0.00000","86.4","86.4"],"7":["2","84.20000","2.20000","82.0","86.4"],"10":["1","86.30000","0.00000","86.3","86.3"],"13":["1","86.40000","0.00000","86.4","86.4"],"15":["2","86.40000","0.00000","86.4","86.4"],"26":["1","86.30000","0.00000","86.3","86.3"],"33":["1","86.30000","0.00000","86.3","86.3"],"34":["1","86.30000","0.00000","86.3","86.3"],"36":["1","86.40000","0.00000","86.4","86.4"],"38":["2","86.55000","0.05000","86.5","86.6"],"42":["1","77.60000","0.00000","77.6","77.6"],"48":["1","67.80000","0.00000","67.8","67.8"],"49":["1","71.40000","0.00000","71.4","71.4"],"50":["1","73.30000","0.00000","73.3","73.3"],"51":["2","61.90000","2.90000","59.0","64.8"],"52":["2","54.75000","0.75000","54.0","55.5"],"53":["3","55.33333","4.85821","48.7","60.2"],"54":["2","55.40000","0.20000","55.2","55.6"],"55":["2","55.10000","0.30000","54.8","55.4"],"56":["2","54.50000","1.00000","53.5","55.5"],"57":["2","51.45000","0.35000","51.1","51.8"],"58":["2","48.05000","2.85000","45.2","50.9"],"59":["2","45.20000","1.50000","43.7","46.7"],"60":["2","45.35000","0.95000","44.4","46.3"],"61":["3","38.56667","4.36221","32.4","41.8"],"62":["2","43.25000","0.15000","43.1","43.4"],"63":["2","46.30000","0.80000","45.5","47.1"],"64":["2","44.25000","2.65000","41.6","46.9"],"65":["2","42.60000","0.60000","42.0","43.2"],"66":["2","42.70000","0.40000","42.3","43.1"],"67":["2","47.65000","0.25000","47.4","47.9"],"68":["3","47.56667","0.36818","47.1","48.0"],"69":["3","50.33333","1.62138","48.9","52.6"],"70":["2","50.70000","3.30000","47.4","54.0"],"71":["2","52.30000","0.80000","51.5","53.1"],"72":["2","56.90000","1.40000","55.5","58.3"],"73":["2","49.35000","5.45000","43.9","54.8"],"74":["2","52.10000","6.80000","45.3","58.9"],"75":["2","71.50000","1.80000","69.7","73.3"],"76":["2","72.10000","6.90000","65.2","79.0"],"77":["1","76.20000","0.00000","76.2","76.2"],"78":["2","77.25000","0.45000","76.8","77.7"],"79":["2","79.60000","1.70000","77.9","81.3"],"80":["2","75.45000","2.15000","73.3","77.6"],"81":["2","71.60000","2.40000","69.2","74.0"],"82":["2","75.80000","1.90000","73.9","77.7"],"83":["2","66.50000","3.50000","63.0","70.0"],"84":["2","58.75000","7.35000","51.4","66.1"],"85":["1","73.80000","0.00000","73.8","73.8"],"86":["2","59.30000","1.40000","57.9","60.7"],"87":["2","57.45000","2.35000","55.1","59.8"],"88":["2","54.25000","1.35000","52.9","55.6"],"89":["2","67.45000","2.25000","65.2","69.7"],"90":["2","78.00000","6.10000","71.9","84.1"],"91":["2","86.75000","0.05000","86.7","86.8"],"92":["2","86.65000","0.05000","86.6","86.7"],"93":["2","86.60000","0.00000","86.6","86.6"],"94":["2","82.80000","4.10000","78.7","86.9"],"95":["3","62.96667","14.02886","44.9","79.1"],"96":["2","61.40000","1.50000","59.9","62.9"],"97":["2","66.55000","8.85000","57.7","75.4"],"98":["2","84.25000","2.55000","81.7","86.8"],"99":["2","86.70000","0.00000","86.7","86.7"],"100":["1","86.70000","0.00000","86.7","86.7"],"101":["2","75.45000","11.65000","63.8","87.1"],"102":["2","62.55000","2.65000","59.9","65.2"],"103":["2","58.20000","0.60000","57.6","58.8"],"104":["1","57.80000","0.00000","57.8","57.8"],"105":["1","57.80000","0.00000","57.8","57.8"],"106":["1","81.20000","0.00000","81.2","81.2"],"107":["3","84.83333","2.78129","80.9","86.8"],"109":["3","85.26667","2.02704","82.4","86.7"],"110":["1","86.70000","0.00000","86.7","86.7"],"112":["1","86.70000","0.00000","86.7","86.7"],"114":["1","86.70000","0.00000","86.7","86.7"],"115":["1","86.70000","0.00000","86.7","86.7"],"116":["2","85.20000","0.20000","85.0","85.4"],"117":["2","85.30000","0.90000","84.4","86.2"],"123":["1","86.50000","0.00000","86.5","86.5"],"133":["1","86.40000","0.00000","86.4","86.4"],"134":["1","86.30000","0.00000","86.3","86.3"],"135":["1","86.30000","0.00000","86.3","86.3"]},"valentina\/002\/temperature":{"0":["1","10.40000","0.00000","10.4","10.4"],"2":["1","10.90000","0.00000","10.9","10.9"],"6":["1","11.40000","0.00000","11.4","11.4"],"7":["2","9.95000","1.35000","8.6","11.3"],"10":["1","10.80000","0.00000","10.8","10.8"],"13":["1","11.40000","0.00000","11.4","11.4"],"15":["2","11.00000","0.20000","10.8","11.2"],"26":["1","11.30000","0.00000","11.3","11.3"],"33":["1","11.10000","0.00000","11.1","11.1"],"34":["1","11.10000","0.00000","11.1","11.1"],"36":["1","11.60000","0.00000","11.6","11.6"],"38":["2","13.20000","0.20000","13.0","13.4"],"42":["1","15.50000","0.00000","15.5","15.5"],"48":["1","18.00000","0.00000","18.0","18.0"],"49":["1","17.50000","0.00000","17.5","17.5"],"50":["1","17.60000","0.00000","17.6","17.6"],"51":["2","19.20000","0.60000","18.6","19.8"],"52":["2","22.00000","0.10000","21.9","22.1"],"53":["3","20.50000","0.29439","20.1","20.8"],"54":["2","20.60000","0.40000","20.2","21.0"],"55":["2","21.05000","0.05000","21.0","21.1"],"56":["2","21.15000","0.45000","20.7","21.6"],"57":["2","22.05000","0.15000","21.9","22.2"],"58":["2","22.85000","0.45000","22.4","23.3"],"59":["2","23.60000","0.10000","23.5","23.7"],"60":["2","23.85000","0.45000","23.4","24.3"],"61":["3","24.63333","0.88066","23.4","25.4"],"62":["2","24.35000","0.55000","23.8","24.9"],"63":["2","23.05000","0.05000","23.0","23.1"],"64":["2","24.10000","0.80000","23.3","24.9"],"65":["2","24.20000","0.50000","23.7","24.7"],"66":["2","24.10000","0.10000","24.0","24.2"],"67":["2","21.95000","0.25000","21.7","22.2"],"68":["3","21.90000","1.36382","20.1","23.4"],"69":["3","21.36667","1.47045","19.3","22.6"],"70":["2","22.20000","0.80000","21.4","23.0"],"71":["2","21.45000","0.55000","20.9","22.0"],"72":["2","20.65000","0.25000","20.4","20.9"],"73":["2","23.20000","1.40000","21.8","24.6"],"74":["2","22.85000","1.25000","21.6","24.1"],"75":["2","19.15000","0.75000","18.4","19.9"],"76":["2","18.95000","1.55000","17.4","20.5"],"77":["1","17.70000","0.00000","17.7","17.7"],"78":["2","17.30000","0.00000","17.3","17.3"],"79":["2","16.55000","0.35000","16.2","16.9"],"80":["2","17.65000","0.55000","17.1","18.2"],"81":["2","18.25000","0.35000","17.9","18.6"],"82":["2","18.20000","0.60000","17.6","18.8"],"83":["2","20.40000","0.80000","19.6","21.2"],"84":["2","21.95000","1.75000","20.2","23.7"],"85":["1","18.00000","0.00000","18.0","18.0"],"86":["2","21.35000","0.55000","20.8","21.9"],"87":["2","21.55000","0.45000","21.1","22.0"],"88":["2","22.45000","0.85000","21.6","23.3"],"89":["2","19.05000","0.35000","18.7","19.4"],"90":["2","16.75000","1.25000","15.5","18.0"],"91":["2","14.60000","0.30000","14.3","14.9"],"92":["2","13.90000","0.10000","13.8","14.0"],"93":["2","14.10000","0.10000","14.0","14.2"],"94":["2","18.15000","1.85000","16.3","20.0"],"95":["3","22.66667","1.18977","21.5","24.3"],"96":["2","23.85000","1.45000","22.4","25.3"],"97":["2","21.90000","3.40000","18.5","25.3"],"98":["2","16.10000","0.70000","15.4","16.8"],"99":["2","14.30000","0.00000","14.3","14.3"],"100":["1","14.60000","0.00000","14.6","14.6"],"101":["2","21.60000","3.90000","17.7","25.5"],"102":["2","25.60000","0.30000","25.3","25.9"],"103":["2","24.60000","0.80000","23.8","25.4"],"104":["1","24.20000","0.00000","24.2","24.2"],"105":["1","23.90000","0.00000","23.9","23.9"],"106":["1","16.30000","0.00000","16.3","16.3"],"107":["3","14.50000","1.20830","12.8","15.5"],"109":["3","12.93333","1.09646","11.4","13.9"],"110":["1","13.60000","0.00000","13.6","13.6"],"112":["1","13.90000","0.00000","13.9","13.9"],"114":["1","13.90000","0.00000","13.9","13.9"],"115":["1","13.80000","0.00000","13.8","13.8"],"116":["2","13.80000","0.00000","13.8","13.8"],"117":["2","13.65000","0.15000","13.5","13.8"],"123":["1","12.60000","0.00000","12.6","12.6"],"133":["1","11.00000","0.00000","11.0","11.0"],"134":["1","10.80000","0.00000","10.8","10.8"],"135":["1","10.70000","0.00000","10.7","10.7"]}}