{"_t":[1377147600,1377234000,86400,144],"_i":["timana0\/001\/humidity","timana0\/001\/temp_dry","timana0\/001\/temp_wet"],"_@":{"humi":[30,100],"temp":[0,30]},"timana0\/001\/humidity":[["2","93.00000","1.00000","92.0","94.0"],["2","92.50000","1.50000","91.0","94.0"],["2","91.00000","0.00000","91.0","91.0"],["2","91.00000","0.00000","91.0","91.0"],["2","92.00000","1.00000","91.0","93.0"],["2","88.00000","0.00000","88.0","88.0"],["2","90.50000","1.50000","89.0","92.0"],["2","95.00000","0.00000","95.0","95.0"],["2","95.50000","0.50000","95.0","96.0"],["2","96.50000","0.50000","96.0","97.0"],["2","98.00000","0.00000","98.0","98.0"],["2","96.50000","0.50000","96.0","97.0"],["2","97.00000","1.00000","96.0","98.0"],["2","97.50000","0.50000","97.0","98.0"],["2","98.00000","0.00000","98.0","98.0"],["2","97.50000","0.50000","97.0","98.0"],["2","97.50000","0.50000","97.0","98.0"],["2","97.00000","0.00000","97.0","97.0"],["2","94.50000","1.50000","93.0","96.0"],["2","93.50000","1.50000","92.0","95.0"],["2","92.00000","0.00000","92.0","92.0"],["2","93.00000","1.00000","92.0","94.0"],["1","93.00000","0.00000","93.0","93.0"],["2","93.50000","0.50000","93.0","94.0"],["2","95.00000","1.00000","94.0","96.0"],["2","96.00000","0.00000","96.0","96.0"],["2","96.00000","0.00000","96.0","96.0"],["2","96.00000","0.00000","96.0","96.0"],["2","94.50000","0.50000","94.0","95.0"],["2","96.00000","0.00000","96.0","96.0"],["2","97.00000","0.00000","97.0","97.0"],["2","95.50000","0.50000","95.0","96.0"],["2","96.00000","0.00000","96.0","96.0"],["2","96.00000","0.00000","96.0","96.0"],["2","97.00000","0.00000","97.0","97.0"],["2","97.00000","0.00000","97.0","97.0"],["2","97.00000","0.00000","97.0","97.0"],["2","90.00000","3.00000","87.0","93.0"],["2","82.50000","1.50000","81.0","84.0"],["2","80.50000","2.50000","78.0","83.0"],["2","77.00000","1.00000","76.0","78.0"],["2","71.00000","0.00000","71.0","71.0"],["2","68.00000","1.00000","67.0","69.0"],["2","64.00000","1.00000","63.0","65.0"],["2","63.00000","2.00000","61.0","65.0"],["2","61.00000","1.00000","60.0","62.0"],["2","61.00000","1.00000","60.0","62.0"],["2","63.50000","0.50000","63.0","64.0"],["2","60.50000","0.50000","60.0","61.0"],["2","57.00000","1.00000","56.0","58.0"],["2","60.50000","0.50000","60.0","61.0"],["2","59.00000","2.00000","57.0","61.0"],["2","59.00000","0.00000","59.0","59.0"],["2","59.50000","0.50000","59.0","60.0"],["2","59.00000","0.00000","59.0","59.0"],["2","61.00000","0.00000","61.0","61.0"],["2","58.50000","0.50000","58.0","59.0"],["2","57.50000","0.50000","57.0","58.0"],["2","55.00000","2.00000","53.0","57.0"],["2","53.00000","1.00000","52.0","54.0"],["2","49.00000","1.00000","48.0","50.0"],["2","50.00000","1.00000","49.0","51.0"],["2","49.00000","0.00000","49.0","49.0"],["2","46.00000","0.00000","46.0","46.0"],["2","46.50000","0.50000","46.0","47.0"],["2","43.50000","0.50000","43.0","44.0"],["2","42.00000","1.00000","41.0","43.0"],["2","39.50000","0.50000","39.0","40.0"],["2","41.00000","0.00000","41.0","41.0"],["2","38.50000","1.50000","37.0","40.0"],["2","40.00000","0.00000","40.0","40.0"],["2","41.50000","1.50000","40.0","43.0"],["2","43.00000","1.00000","42.0","44.0"],["2","43.00000","0.00000","43.0","43.0"],["2","38.50000","1.50000","37.0","40.0"],["2","36.00000","1.00000","35.0","37.0"],["2","34.00000","0.00000","34.0","34.0"],["2","39.00000","2.00000","37.0","41.0"],["2","46.00000","0.00000","46.0","46.0"],["2","40.00000","1.00000","39.0","41.0"],["2","41.50000","0.50000","41.0","42.0"],["2","41.00000","1.00000","40.0","42.0"],["2","39.00000","3.00000","36.0","42.0"],["2","40.50000","1.50000","39.0","42.0"],["2","42.00000","0.00000","42.0","42.0"],["2","43.00000","0.00000","43.0","43.0"],["2","40.50000","0.50000","40.0","41.0"],["2","38.50000","1.50000","37.0","40.0"],["2","37.00000","1.00000","36.0","38.0"],["2","41.00000","1.00000","40.0","42.0"],["2","43.50000","1.50000","42.0","45.0"],["2","41.50000","1.50000","40.0","43.0"],["1","41.00000","0.00000","41.0","41.0"]],"timana0\/001\/temp_dry":[["2","10.65000","0.05000","10.6","10.7"],["2","10.85000","0.05000","10.8","10.9"],["2","10.90000","0.00000","10.9","10.9"],["2","10.80000","0.00000","10.8","10.8"],["2","10.85000","0.05000","10.8","10.9"],["2","11.10000","0.00000","11.1","11.1"],["2","10.55000","0.25000","10.3","10.8"],["2","9.70000","0.10000","9.6","9.8"],["2","9.50000","0.10000","9.4","9.6"],["2","8.75000","0.15000","8.6","8.9"],["2","8.50000","0.00000","8.5","8.5"],["2","8.60000","0.10000","8.5","8.7"],["2","8.80000","0.10000","8.7","8.9"],["2","8.65000","0.05000","8.6","8.7"],["2","8.35000","0.05000","8.3","8.4"],["2","8.15000","0.05000","8.1","8.2"],["2","7.95000","0.05000","7.9","8.0"],["2","8.30000","0.10000","8.2","8.4"],["2","8.70000","0.10000","8.6","8.8"],["2","8.80000","0.20000","8.6","9.0"],["2","9.20000","0.00000","9.2","9.2"],["2","9.00000","0.20000","8.8","9.2"],["1","8.40000","0.00000","8.4","8.4"],["2","8.40000","0.00000","8.4","8.4"],["2","8.40000","0.00000","8.4","8.4"],["2","8.40000","0.10000","8.3","8.5"],["2","8.75000","0.05000","8.7","8.8"],["2","8.80000","0.00000","8.8","8.8"],["2","8.85000","0.05000","8.8","8.9"],["2","8.90000","0.00000","8.9","8.9"],["2","9.00000","0.00000","9.0","9.0"],["2","9.20000","0.00000","9.2","9.2"],["2","9.15000","0.05000","9.1","9.2"],["2","8.90000","0.10000","8.8","9.0"],["2","8.30000","0.10000","8.2","8.4"],["2","7.85000","0.15000","7.7","8.0"],["2","8.00000","0.10000","7.9","8.1"],["2","8.50000","0.10000","8.4","8.6"],["2","9.80000","0.40000","9.4","10.2"],["2","10.85000","0.45000","10.4","11.3"],["2","12.25000","0.35000","11.9","12.6"],["2","13.40000","0.20000","13.2","13.6"],["2","14.55000","0.25000","14.3","14.8"],["2","15.25000","0.05000","15.2","15.3"],["2","15.40000","0.20000","15.2","15.6"],["2","15.95000","0.15000","15.8","16.1"],["2","15.90000","0.20000","15.7","16.1"],["2","15.10000","0.10000","15.0","15.2"],["2","15.95000","0.15000","15.8","16.1"],["2","16.50000","0.30000","16.2","16.8"],["2","15.80000","0.10000","15.7","15.9"],["2","16.30000","0.60000","15.7","16.9"],["2","16.50000","0.00000","16.5","16.5"],["2","16.35000","0.25000","16.1","16.6"],["2","16.50000","0.00000","16.5","16.5"],["2","16.10000","0.00000","16.1","16.1"],["2","16.85000","0.05000","16.8","16.9"],["2","17.35000","0.05000","17.3","17.4"],["2","17.55000","0.55000","17.0","18.1"],["2","19.45000","0.45000","19.0","19.9"],["2","20.15000","0.85000","19.3","21.0"],["2","20.05000","0.05000","20.0","20.1"],["2","19.85000","0.05000","19.8","19.9"],["2","20.40000","0.10000","20.3","20.5"],["2","20.15000","0.45000","19.7","20.6"],["2","20.80000","0.00000","20.8","20.8"],["2","21.30000","0.20000","21.1","21.5"],["2","22.10000","0.20000","21.9","22.3"],["2","21.20000","0.50000","20.7","21.7"],["2","23.00000","0.40000","22.6","23.4"],["2","21.50000","0.40000","21.1","21.9"],["2","20.20000","0.10000","20.1","20.3"],["2","19.15000","0.05000","19.1","19.2"],["2","19.35000","0.25000","19.1","19.6"],["2","21.95000","0.65000","21.3","22.6"],["2","22.70000","0.50000","22.2","23.2"],["2","22.90000","0.20000","22.7","23.1"],["2","20.40000","0.90000","19.5","21.3"],["2","18.50000","0.10000","18.4","18.6"],["2","20.75000","0.15000","20.6","20.9"],["2","20.85000","0.15000","20.7","21.0"],["2","20.40000","0.00000","20.4","20.4"],["2","20.90000","1.10000","19.8","22.0"],["2","20.25000","0.95000","19.3","21.2"],["2","19.45000","0.05000","19.4","19.5"],["2","19.10000","0.00000","19.1","19.1"],["2","19.85000","0.05000","19.8","19.9"],["2","19.60000","0.60000","19.0","20.2"],["2","19.65000","0.35000","19.3","20.0"],["2","18.85000","0.25000","18.6","19.1"],["2","18.10000","0.30000","17.8","18.4"],["2","19.20000","0.30000","18.9","19.5"],["1","19.50000","0.00000","19.5","19.5"]],