{"_t":[1368680400,1368766800,86400,144],"_i":["sanpedro\/003\/humidity","sanpedro\/003\/temperature"],"_@":{"humi":[60,100],"temp":[10,20]},"sanpedro\/003\/humidity":{"0":["3","91.06667","3.38657","86.5","94.6"],"10":["7","91.21429","3.15614","86.5","94.6"],"11":["6","91.06667","3.38657","86.5","94.6"],"12":["6","91.06667","3.38657","86.5","94.6"],"17":["5","90.30000","3.30273","86.4","94.5"],"18":["3","91.00000","3.39706","86.4","94.5"],"20":["11","90.90000","3.53116","86.4","94.5"],"21":["6","91.00000","3.39706","86.4","94.5"],"22":["7","91.50000","3.37512","86.4","94.5"],"33":["9","90.65556","3.21009","86.3","94.4"],"34":["7","91.40000","3.37512","86.3","94.4"],"35":["13","91.60769","3.09179","86.3","94.4"],"37":["5","90.68000","3.68206","86.3","94.4"],"38":["7","89.51429","3.69997","86.3","94.5"],"40":["5","91.96000","2.99640","86.4","94.6"],"41":["14","89.86429","3.46752","86.5","94.6"],"45":["49","79.29184","5.39882","75.2","90.1"],"48":["51","75.04314","5.31717","69.6","86.0"],"49":["53","73.97736","5.02915","69.7","86.0"]},"sanpedro\/003\/temperature":{"0":["3","12.16667","0.26247","11.8","12.4"],"10":["7","12.01429","0.30439","11.6","12.4"],"11":["6","12.03333","0.32998","11.6","12.4"],"12":["6","11.98333","0.33375","11.5","12.4"],"17":["5","11.30000","0.37417","10.8","11.7"],"18":["3","11.36667","0.33993","10.9","11.7"],"20":["11","11.57273","0.34665","11.1","12.0"],"21":["6","11.63333","0.32998","11.2","12.0"],"22":["7","11.70000","0.34641","11.2","12.1"],"33":["9","10.78889","0.46772","10.1","11.2"],"34":["7","10.80000","0.38173","10.2","11.1"],"35":["13","10.86923","0.35167","10.2","11.1"],"37":["5","11.06000","0.42237","10.5","11.5"],"38":["7","11.42857","0.41650","11.0","12.0"],"40":["5","12.28000","0.27857","11.8","12.6"],"41":["14","12.49286","0.25485","12.0","12.9"],"45":["49","16.64286","0.22039","16.5","17.3"],"48":["51","17.70000","0.66774","17.0","19.0"],"49":["53","17.96226","0.89532","17.0","19.5"]}}