{"_t":[1366088400,1369544340,3455940,240],"_i":["sanpedro\/002\/humidity","sanpedro\/002\/temperature"],"_@":{"humi":[30,100],"temp":[0,40]},"sanpedro\/002\/humidity":{"0":["77","90.78831","3.42109","86.2","94.6"],"1":["59","90.76610","3.26759","86.3","94.6"],"2":["138","56.40217","5.30527","46.7","67.1"],"3":["184","59.74239","7.98702","46.4","73.5"],"4":["355","80.66423","12.66494","49.2","95.0"],"5":["54","91.06111","3.38058","86.4","94.7"],"6":["51","90.56863","3.35626","85.9","94.5"],"7":["219","89.52329","3.59803","85.9","94.9"],"9":["237","54.30464","7.99174","36.1","70.6"],"10":["217","86.23456","7.05913","71.6","95.1"],"11":["72","91.65417","2.46796","86.5","94.7"],"12":["97","91.14021","3.03134","86.5","94.6"],"13":["9","91.03333","3.35195","86.5","94.5"],"14":["267","58.79326","5.37211","50.5","71.5"],"15":["94","62.67766","4.35138","55.5","74.2"],"16":["344","85.23779","4.67295","67.4","95.2"],"17":["69","91.44928","3.31127","86.4","94.8"],"18":["51","91.36275","3.34681","86.3","94.6"],"19":["28","91.80000","3.06291","86.3","94.5"],"22":["41","91.69512","2.95089","86.5","94.7"],"23":["51","91.30784","3.27425","86.5","94.7"],"24":["88","91.13068","3.24613","86.3","94.7"],"25":["124","90.61613","3.53130","83.7","95.0"],"26":["151","71.02781","9.01608","55.4","88.6"],"39":["246","73.71098","4.91785","61.8","83.2"],"40":["170","74.30471","15.74508","51.8","95.0"],"41":["89","90.41348","3.25422","86.2","94.5"],"42":["55","90.98364","3.24400","86.1","94.4"],"43":["144","88.45139","4.86468","78.8","94.9"],"44":["134","73.93209","7.25574","59.1","85.4"],"46":["240","66.30250","10.02487","48.6","92.4"],"47":["85","90.95529","3.30908","86.3","94.6"],"48":["61","91.02131","3.34934","86.0","94.5"],"62":["111","54.88649","5.58687","45.3","68.0"],"63":["134","55.22985","2.44336","48.3","62.3"],"64":["146","85.86575","6.70876","75.0","95.0"],"65":["17","91.83529","3.09724","86.3","94.8"],"66":["85","90.53765","3.44127","85.7","94.5"],"67":["292","88.39315","4.87798","76.5","94.5"],"68":["143","57.22657","6.10493","40.4","69.2"],"69":["93","50.50860","4.59333","42.7","62.0"],"70":["392","83.05179","7.07929","72.1","95.1"],"71":["75","90.71867","3.37831","86.2","94.6"],"72":["75","90.78133","3.39170","86.2","94.6"],"73":["111","80.71802","11.89489","61.9","94.8"],"74":["223","59.68206","6.38657","51.0","71.6"],"75":["223","51.99507","2.37300","45.3","58.1"],"76":["327","71.26820","20.93160","41.6","94.8"],"77":["108","90.77407","3.30640","86.2","94.5"],"78":["57","91.20351","3.28735","86.4","94.5"],"79":["68","90.79559","3.41723","86.3","94.8"],"80":["143","70.17972","8.11323","58.1","84.6"],"81":["133","66.34511","3.60863","60.0","72.9"],"82":["151","87.25497","6.46515","76.9","94.9"],"83":["103","91.00874","3.48077","86.4","94.7"],"84":["62","91.37258","3.09621","86.4","94.6"],"97":["105","82.62095","5.56309","75.7","95.0"],"98":["138","56.54275","10.81565","36.7","66.9"],"99":["453","73.21678","6.08010","59.8","87.8"],"100":["146","81.05548","16.35465","51.8","94.8"],"101":["80","91.12375","3.22150","86.4","94.6"],"102":["93","91.18602","3.41179","86.4","94.6"],"103":["101","91.04554","3.34805","86.4","94.8"],"104":["66","64.62121","20.18458","47.0","94.8"],"105":["215","54.29256","6.61996","46.4","74.1"],"106":["423","73.60686","10.35212","61.0","94.9"],"107":["69","90.90870","3.36279","86.4","94.6"],"108":["88","90.39091","3.29954","86.0","94.5"],"109":["148","88.69122","4.86822","80.0","94.9"],"110":["145","51.82621","5.15546","41.6","66.1"]},"sanpedro\/002\/temperature":{"0":["77","11.52597","0.69121","10.4","12.8"],"1":["59","11.46610","0.59278","10.5","12.7"],"2":["138","21.27754","2.30582","18.1","26.2"],"3":["184","22.00326","1.25529","20.5","25.4"],"4":["355","17.37634","3.48788","11.4","25.1"],"5":["54","12.94815","0.48980","11.8","13.8"],"6":["51","9.65098","0.96961","7.8","11.9"],"7":["219","9.99909","1.92717","7.9","15.0"],"9":["237","23.64219","1.83981","21.6","31.6"],"10":["217","16.07005","2.16569","13.0","21.0"],"11":["72","12.78750","0.28428","12.3","13.6"],"12":["97","12.33505","0.38504","11.7","13.1"],"13":["9","12.10000","0.28674","11.7","12.6"],"14":["267","22.01985","1.58772","19.8","26.1"],"15":["94","21.72766","1.24937","20.0","24.5"],"16":["344","16.32674","1.44167","13.0","21.3"],"17":["69","12.71014","0.64654","11.3","14.0"],"18":["51","11.97059","0.73945","10.4","13.1"],"19":["28","11.29643","0.64944","10.4","12.1"],"22":["41","12.91707","0.54634","12.0","13.9"],"23":["51","12.40196","0.44611","11.8","13.1"],"24":["88","11.64545","0.60564","10.5","12.9"],"25":["124","13.24032","1.90021","10.5","16.6"],"26":["151","18.81921","2.86259","15.2","24.8"],"39":["246","18.59024","1.57033","16.8","23.4"],"40":["170","18.10882","3.89953","10.4","23.7"],"41":["89","10.97191","0.66248","9.6","12.2"],"42":["55","10.69818","0.69713","8.9","11.9"],"43":["144","13.22847","2.38807","9.7","17.6"],"44":["134","18.58881","1.50381","16.7","22.8"],"46":["240","17.34458","2.38220","13.2","22.6"],"47":["85","11.82824","0.66573","10.4","13.4"],"48":["61","10.84262","1.12708","8.4","12.4"],"62":["111","21.58198","1.87858","19.4","26.4"],"63":["134","23.39627","1.82738","21.7","27.8"],"64":["146","16.17329","1.06129","14.2","18.8"],"65":["17","13.29412","1.06521","10.8","14.2"],"66":["85","9.21412","1.37046","6.5","11.7"],"67":["292","11.44863","3.13590","5.4","15.7"],"68":["143","21.01049","3.78131","18.3","30.6"],"69":["93","24.10000","1.68357","22.4","28.3"],"70":["392","15.97781","1.70410","10.4","20.2"],"71":["75","12.06000","0.46904","10.4","12.7"],"72":["75","11.42133","0.45965","10.1","12.2"],"73":["111","14.68288","3.52650","9.7","19.9"],"74":["223","20.87399","2.09914","17.9","26.6"],"75":["223","23.86861","1.65410","22.1","28.1"],"76":["327","18.82905","4.73976","11.3","26.3"],"77":["108","11.17222","0.83198","9.4","12.5"],"78":["57","11.86140","0.48187","10.9","12.6"],"79":["68","12.52500","1.06955","10.7","14.7"],"80":["143","19.31818","2.26890","16.5","25.9"],"81":["133","19.12556","1.70495","17.1","22.9"],"82":["151","14.44901","0.83085","12.6","16.7"],"83":["103","12.49029","0.59684","11.4","13.4"],"84":["62","11.89194","0.47257","11.1","12.7"],"97":["105","15.85524","0.75403","14.3","17.7"],"98":["138","22.69855","3.81917","18.1","32.9"],"99":["453","18.45695","1.30310","15.8","21.8"],"100":["146","15.90548","3.31350","11.5","21.2"],"101":["80","12.63875","0.39670","11.2","13.3"],"102":["93","12.24194","0.41745","11.3","13.0"],"103":["101","12.34950","0.75552","11.2","14.2"],"104":["66","20.01061","5.27970","11.8","27.9"],"105":["215","22.90512","2.14786","19.4","28.1"],"106":["423","17.81868","2.31090","11.1","21.8"],"107":["69","12.28986","0.52507","11.0","13.0"],"108":["88","10.29318","0.87071","8.7","12.2"],"109":["148","13.46892","2.35231","9.0","16.8"],"110":["145","24.42897","2.72779","21.0","30.6"]}}