{"_t":[1364101200,1366693200,2592000,240],"_i":["valentina\/002\/humidity","valentina\/002\/temperature"],"_@":{"humi":[20,90],"temp":[0,40]},"valentina\/002\/humidity":{"0":["36","81.63611","0.04803","81.6","81.7"],"1":["36","81.39444","0.12235","81.2","81.6"],"2":["36","72.05833","9.76193","51.8","82.1"],"3":["36","42.06389","5.09832","34.0","56.0"],"4":["36","55.58333","11.87159","29.3","71.9"],"5":["35","65.40000","5.44127","53.1","77.6"],"6":["36","80.71944","2.46518","73.1","82.2"],"7":["36","81.86667","0.07071","81.8","82.0"],"8":["36","81.66389","0.08217","81.6","81.8"],"9":["36","81.58611","0.07871","81.5","81.7"],"10":["36","68.09722","11.79834","50.0","82.2"],"11":["36","43.84167","5.68083","33.6","56.9"],"12":["36","41.89167","3.67441","34.2","48.7"],"13":["36","77.38056","7.71311","53.3","82.6"],"14":["36","82.20000","0.08819","82.1","82.4"],"15":["36","82.06667","0.04714","82.0","82.1"],"16":["36","81.74722","0.11177","81.6","81.9"],"17":["36","81.40833","0.09825","81.3","81.6"],"18":["36","69.76111","10.61486","51.5","81.9"],"19":["36","46.70556","10.12497","33.7","82.9"],"20":["36","32.38056","5.58176","24.3","50.9"],"21":["35","47.86286","17.80571","26.2","78.2"],"22":["35","81.78286","0.87390","78.4","82.3"],"23":["36","81.77500","0.10639","81.6","82.0"],"24":["36","81.41944","0.11742","81.2","81.6"],"25":["36","81.08333","0.06872","81.0","81.2"],"26":["36","62.53611","16.58961","35.9","81.7"],"27":["36","32.80833","4.30874","20.8","40.2"],"28":["36","37.88889","7.74409","28.7","52.0"],"29":["36","64.48333","13.93484","35.3","82.4"],"30":["36","82.19444","0.09702","82.0","82.3"],"31":["36","81.99444","0.06211","81.9","82.1"],"32":["36","81.81389","0.10840","81.7","82.0"],"33":["36","81.86667","0.07071","81.8","82.0"],"34":["36","74.50556","9.88014","52.3","82.8"],"35":["36","38.61667","7.11022","29.7","54.9"],"36":["36","34.98056","3.89778","27.6","45.0"],"37":["36","68.61944","14.12185","37.4","82.2"],"38":["35","82.08000","0.06676","82.0","82.3"],"39":["36","81.99444","0.02291","81.9","82.0"],"40":["36","81.76389","0.06304","81.7","81.9"],"41":["36","81.55000","0.08333","81.4","81.7"],"42":["35","69.11429","12.24829","45.7","82.3"],"43":["31","47.38710","5.88660","37.8","58.7"],"44":["36","47.71944","6.54182","30.6","57.3"],"45":["36","66.63889","11.25061","46.7","82.5"],"46":["36","82.17500","0.10375","82.0","82.4"],"47":["36","81.94722","0.09856","81.8","82.1"],"48":["36","81.77778","0.04157","81.7","81.8"],"49":["36","81.71111","0.03143","81.7","81.8"],"50":["36","72.84722","8.92666","55.1","82.2"],"51":["36","55.66944","5.67068","45.0","67.0"],"52":["36","49.20556","5.59543","37.3","58.8"],"53":["36","57.15556","8.82624","32.7","70.4"],"54":["36","81.00556","2.78567","70.1","82.3"],"55":["36","82.07222","0.04479","82.0","82.1"],"56":["35","82.10571","0.03332","82.1","82.3"],"57":["35","81.91429","0.07228","81.8","82.1"],"58":["36","69.00000","11.03192","52.4","82.3"],"59":["36","49.20556","7.54877","36.1","65.7"],"60":["36","52.46389","7.32284","36.8","64.0"],"61":["36","44.06944","12.00423","26.5","69.5"],"62":["36","80.97222","2.74779","69.0","82.1"],"63":["36","81.65278","0.05521","81.6","81.8"],"64":["36","81.58333","0.05528","81.5","81.7"],"65":["36","81.55556","0.06849","81.5","81.7"],"66":["36","69.38889","10.07915","53.9","82.1"],"67":["36","49.86111","11.80561","32.3","82.7"],"68":["28","48.59643","6.82074","39.8","61.7"],"70":["26","86.10000","1.17637","82.0","86.6"],"71":["39","85.72051","1.12550","81.8","86.2"],"72":["40","85.44000","1.24836","81.7","86.0"],"73":["39","85.60000","1.10986","81.7","86.0"],"74":["37","77.42162","9.32318","56.5","86.5"],"75":["41","40.71463","6.99315","30.0","57.4"],"76":["40","33.79750","6.52512","23.2","53.7"],"77":["41","75.52683","10.33915","36.9","86.6"],"78":["38","86.03158","1.17341","82.0","86.6"],"79":["38","85.80789","0.96283","81.7","86.4"],"80":["38","85.61316","0.94707","81.6","85.9"],"81":["40","85.31250","1.28845","81.4","85.8"],"82":["34","78.24706","11.41785","52.5","86.4"],"83":["2","54.25000","0.25000","54.0","54.5"],"131":["8","63.28750","3.76976","59.5","71.0"],"132":["38","43.33947","12.23979","23.3","63.4"],"133":["38","46.38158","19.63190","24.2","85.9"],"134":["40","86.12750","1.28802","82.2","86.8"],"135":["38","86.17105","0.97681","82.0","86.5"],"136":["38","86.06842","0.97309","81.9","86.4"],"137":["39","85.83590","1.15769","81.8","86.3"],"138":["37","72.59459","12.81057","52.3","86.5"],"139":["41","47.82439","9.07892","34.9","69.8"],"140":["38","50.48947","9.57455","25.5","68.8"],"141":["39","78.72051","5.81295","65.8","86.7"],"142":["39","85.69231","1.51765","81.6","86.7"],"143":["40","85.81750","1.28722","81.8","86.5"],"144":["39","85.67179","1.14263","81.7","86.2"],"145":["41","85.45610","1.39896","81.6","86.2"],"146":["37","76.58378","9.71122","55.0","86.3"],"147":["41","42.50488","6.94669","26.7","56.3"],"148":["38","47.86316","8.81832","29.5","63.2"],"149":["38","69.48684","14.82271","40.9","86.8"],"150":["38","86.38684","0.95536","82.3","86.8"],"151":["39","86.03590","1.15325","82.0","86.5"],"152":["40","85.79000","1.27491","81.9","86.3"],"153":["39","85.69744","1.11642","81.8","86.1"],"154":["40","79.72750","8.34344","59.6","86.6"],"155":["41","47.50976","5.87756","37.8","64.3"],"156":["39","45.53846","10.36749","25.8","63.7"],"157":["39","65.96154","14.38073","33.6","86.8"],"158":["37","86.22973","1.07424","82.2","86.8"],"159":["42","85.62857","1.49814","81.9","86.4"],"160":["16","85.75000","1.02042","81.8","86.1"],"177":["35","85.93429","1.20734","81.9","86.4"],"178":["39","81.78205","7.35384","63.9","86.7"],"179":["33","60.57576","5.59063","49.3","71.3"],"180":["38","82.14211","8.71323","41.2","87.1"],"181":["39","84.98718","6.31373","56.5","87.3"],"182":["39","86.18462","1.29705","82.3","86.7"],"183":["39","86.11795","1.13202","82.2","86.5"],"184":["39","86.04359","1.12996","82.0","86.4"],"185":["40","85.89000","1.29842","82.0","86.4"],"186":["38","74.12895","12.02836","53.5","86.8"],"187":["39","45.11282","4.16217","32.3","51.3"],"188":["37","43.76757","7.43640","27.5","55.6"],"189":["37","55.37027","18.29433","27.0","86.7"],"190":["40","86.03000","1.27910","82.1","86.6"],"191":["37","86.37297","0.67969","82.3","86.5"],"192":["38","85.95526","0.98400","81.8","86.4"],"193":["39","85.74872","1.15977","81.7","86.1"],"194":["38","77.54737","11.03162","53.5","86.4"],"195":["37","44.26216","5.96369","32.6","57.2"],"196":["40","41.42500","8.11735","26.6","57.7"],"197":["43","65.36279","22.26285","32.2","86.8"],"198":["39","81.75897","2.24542","77.2","86.7"],"199":["40","85.97500","1.29649","82.2","86.5"],"200":["38","86.09211","1.16966","82.1","86.5"],"201":["32","85.99375","1.26317","82.0","86.4"],"202":["35","70.97143","13.35835","48.8","86.6"],"203":["38","51.31579","6.32524","40.5","68.6"],"204":["39","55.76667","5.62377","36.5","61.8"],"205":["40","68.89750","16.89222","28.7","86.8"],"206":["38","86.40789","0.98312","82.2","86.8"],"207":["40","86.00500","1.30268","82.0","86.5"],"208":["38","86.09211","0.95735","82.0","86.4"],"209":["40","85.77500","1.27510","81.9","86.2"],"210":["40","84.82500","5.77177","56.2","87.0"],"211":["37","75.71622","9.15546","46.1","85.4"],"212":["41","61.60488","10.46266","44.1","85.0"],"213":["39","79.81538","7.54309","66.2","86.7"],"214":["39","86.16154","1.12492","82.2","86.5"],"215":["39","86.07692","1.11917","82.2","86.4"],"216":["40","85.93000","1.27754","82.1","86.4"],"217":["41","85.74634","1.39688","82.0","86.3"],"218":["37","85.10541","2.43599","77.9","87.0"],"219":["39","71.07692","6.64829","51.3","79.8"],"220":["39","66.54359","7.66543","38.3","75.9"],"221":["42","73.01429","9.46949","43.7","86.2"],"222":["39","86.13846","1.14144","82.1","86.5"],"223":["39","86.16923","1.14582","82.2","86.5"],"224":["39","86.09231","1.15323","82.1","86.5"],"225":["37","86.34054","0.70843","82.1","86.5"],"226":["41","85.09756","2.48355","77.2","86.7"],"227":["39","83.63846","4.60137","69.0","86.8"],