{"_t":[1376456400,1377061140,604740,240],"_i":["timana0\/002\/VoltR"],"_@":{"Volt":[0,130]},"timana0\/002\/VoltR":{"17":["14","25.85714","49.51314","0.0","121.0"],"18":["19","56.52632","59.58838","0.0","120.0"],"19":["16","60.00000","60.00417","0.0","121.0"],"20":["17","49.29412","58.92245","0.0","121.0"],"21":["4","30.25000","52.39454","0.0","121.0"]}}