{"_t":[1369150920,1369237320,86400,144],"_i":["sanpedro\/006\/VoltR"],"_@":{"Volt":[0,140]},"sanpedro\/006\/VoltR":{"0":["2","0.00000","0.00000","0.0","0.0"],"1":["2","0.00000","0.00000","0.0","0.0"],"2":["2","0.00000","0.00000","0.0","0.0"],"3":["2","0.00000","0.00000","0.0","0.0"],"4":["1","0.00000","0.00000","0.0","0.0"],"5":["2","0.00000","0.00000","0.0","0.0"],"6":["2","0.00000","0.00000","0.0","0.0"],"7":["2","0.00000","0.00000","0.0","0.0"],"8":["2","0.00000","0.00000","0.0","0.0"],"9":["2","0.00000","0.00000","0.0","0.0"],"10":["2","0.00000","0.00000","0.0","0.0"],"11":["2","0.00000","0.00000","0.0","0.0"],"12":["2","0.00000","0.00000","0.0","0.0"],"13":["2","0.00000","0.00000","0.0","0.0"],"14":["2","0.00000","0.00000","0.0","0.0"],"15":["2","0.00000","0.00000","0.0","0.0"],"16":["2","0.00000","0.00000","0.0","0.0"],"17":["2","0.00000","0.00000","0.0","0.0"],"18":["2","0.00000","0.00000","0.0","0.0"],"19":["2","0.00000","0.00000","0.0","0.0"],"20":["2","0.00000","0.00000","0.0","0.0"],"21":["2","0.00000","0.00000","0.0","0.0"],"22":["2","0.00000","0.00000","0.0","0.0"],"23":["2","0.00000","0.00000","0.0","0.0"],"24":["2","0.00000","0.00000","0.0","0.0"],"25":["2","0.00000","0.00000","0.0","0.0"],"26":["12","84.83333","59.99143","0.0","129.0"],"27":["2","0.00000","0.00000","0.0","0.0"],"28":["5","50.20000","61.48301","0.0","126.0"],"29":["7","35.71429","56.46924","0.0","125.0"],"30":["2","0.00000","0.00000","0.0","0.0"],"31":["2","0.00000","0.00000","0.0","0.0"],"32":["2","0.00000","0.00000","0.0","0.0"],"33":["2","0.00000","0.00000","0.0","0.0"],"34":["2","0.00000","0.00000","0.0","0.0"],"35":["2","0.00000","0.00000","0.0","0.0"],"36":["2","0.00000","0.00000","0.0","0.0"],"37":["1","0.00000","0.00000","0.0","0.0"],"38":["2","0.00000","0.00000","0.0","0.0"],"39":["2","0.00000","0.00000","0.0","0.0"],"40":["2","0.00000","0.00000","0.0","0.0"],"41":["2","0.00000","0.00000","0.0","0.0"],"42":["2","0.00000","0.00000","0.0","0.0"],"43":["2","0.00000","0.00000","0.0","0.0"],"44":["2","0.00000","0.00000","0.0","0.0"],"45":["2","0.00000","0.00000","0.0","0.0"],"46":["2","0.00000","0.00000","0.0","0.0"],"47":["2","0.00000","0.00000","0.0","0.0"],"48":["2","0.00000","0.00000","0.0","0.0"],"49":["2","0.00000","0.00000","0.0","0.0"],"50":["2","0.00000","0.00000","0.0","0.0"],"51":["2","0.00000","0.00000","0.0","0.0"],"52":["2","0.00000","0.00000","0.0","0.0"],"53":["2","0.00000","0.00000","0.0","0.0"],"54":["2","0.00000","0.00000","0.0","0.0"],"55":["2","0.00000","0.00000","0.0","0.0"],"56":["2","0.00000","0.00000","0.0","0.0"],"57":["2","0.00000","0.00000","0.0","0.0"],"58":["2","0.00000","0.00000","0.0","0.0"],"59":["2","0.00000","0.00000","0.0","0.0"],"60":["2","0.00000","0.00000","0.0","0.0"],"61":["2","0.00000","0.00000","0.0","0.0"],"62":["2","0.00000","0.00000","0.0","0.0"],"63":["2","0.00000","0.00000","0.0","0.0"],"64":["2","0.00000","0.00000","0.0","0.0"],"65":["2","0.00000","0.00000","0.0","0.0"],"66":["2","0.00000","0.00000","0.0","0.0"],"67":["2","0.00000","0.00000","0.0","0.0"],"68":["2","0.00000","0.00000","0.0","0.0"],"69":["2","0.00000","0.00000","0.0","0.0"],"70":["2","0.00000","0.00000","0.0","0.0"],"71":["2","0.00000","0.00000","0.0","0.0"],"72":["2","0.00000","0.00000","0.0","0.0"],"73":["2","0.00000","0.00000","0.0","0.0"],"74":["2","0.00000","0.00000","0.0","0.0"],"75":["1","0.00000","0.00000","0.0","0.0"],"133":["1","0.00000","0.00000","0.0","0.0"],"134":["7","93.14286","58.91017","0.0","131.0"],"135":["2","0.00000","0.00000","0.0","0.0"],"136":["2","0.00000","0.00000","0.0","0.0"],"137":["2","0.00000","0.00000","0.0","0.0"],"138":["2","0.00000","0.00000","0.0","0.0"],"139":["10","93.40000","61.14605","0.0","134.0"],"140":["2","0.00000","0.00000","0.0","0.0"],"141":["2","0.00000","0.00000","0.0","0.0"],"142":["2","0.00000","0.00000","0.0","0.0"],"143":["1","0.00000","0.00000","0.0","0.0"]}}