{"_t":[1365535200,1365621600,86400,144],"_i":["sanpedro\/004\/humidity","sanpedro\/004\/temp_dry","sanpedro\/004\/temp_wet"],"_@":{"humi":[60,120],"temp":[0,30]},"sanpedro\/004\/humidity":{"7":["39","74.43590","0.70873","73.0","76.0"],"8":["46","76.65217","0.88998","75.0","78.0"],"9":["49","82.10204","1.56811","78.0","84.0"],"10":["38","81.63158","0.90091","80.0","84.0"],"11":["25","78.92000","0.84475","78.0","81.0"],"12":["29","79.68966","1.23466","78.0","82.0"],"13":["30","84.60000","1.78139","82.0","87.0"],"14":["27","88.14815","0.84782","86.0","89.0"],"15":["29","89.58621","1.24616","88.0","92.0"],"16":["23","92.65217","1.04710","91.0","94.0"],"17":["21","95.04762","0.65292","94.0","96.0"],"18":["17","98.88235","0.96298","97.0","100.0"],"19":["16","100.12500","0.33072","100.0","101.0"],"20":["11","101.45455","0.98753","100.0","103.0"],"21":["19","103.05263","0.68623","102.0","104.0"],"22":["12","103.16667","0.68718","102.0","104.0"],"23":["18","103.50000","0.50000","103.0","104.0"],"24":["14","102.35714","1.10887","100.0","104.0"],"25":["9","102.22222","0.62854","101.0","103.0"],"26":["11","101.45455","0.49793","101.0","102.0"],"27":["11","102.63636","0.88140","101.0","104.0"],"28":["3","101.33333","0.47140","101.0","102.0"],"29":["11","101.36364","0.64282","100.0","102.0"],"30":["12","100.66667","0.62361","100.0","102.0"],"31":["6","100.66667","0.47140","100.0","101.0"],"32":["16","100.62500","0.59948","100.0","102.0"],"33":["9","100.33333","0.47140","100.0","101.0"],"34":["9","100.33333","0.47140","100.0","101.0"],"35":["9","100.55556","0.49690","100.0","101.0"],"36":["7","100.71429","1.16058","99.0","102.0"],"37":["7","101.71429","0.69985","101.0","103.0"],"38":["11","100.72727","0.74966","100.0","102.0"],"39":["12","100.33333","0.62361","100.0","102.0"],"40":["9","100.66667","0.66667","100.0","102.0"],"41":["4","100.75000","1.08972","99.0","102.0"],"42":["8","100.50000","1.00000","99.0","102.0"],"43":["5","99.80000","0.74833","99.0","101.0"],"44":["13","100.61538","0.48650","100.0","101.0"],"45":["5","100.20000","0.74833","99.0","101.0"],"46":["8","99.37500","1.11102","98.0","101.0"],"47":["3","99.66667","0.47140","99.0","100.0"],"48":["7","99.14286","0.83299","98.0","100.0"],"49":["11","99.36364","0.48105","99.0","100.0"],"50":["9","100.00000","0.81650","99.0","101.0"],"51":["8","100.12500","0.78062","99.0","101.0"],"52":["4","99.00000","0.00000","99.0","99.0"],"53":["10","99.00000","0.77460","98.0","101.0"],"54":["8","99.50000","0.50000","99.0","100.0"],"55":["7","99.28571","0.45175","99.0","100.0"],"56":["11","99.72727","0.74966","99.0","101.0"],"57":["8","100.37500","0.69597","100.0","102.0"],"58":["8","99.50000","0.70711","98.0","100.0"],"59":["7","99.28571","0.69985","98.0","100.0"],"60":["15","99.60000","0.71181","98.0","100.0"],"61":["10","99.60000","0.91652","98.0","101.0"],"62":["10","99.70000","1.10000","98.0","101.0"],"63":["12","98.75000","0.82916","98.0","101.0"],"64":["4","99.25000","1.08972","98.0","101.0"],"65":["16","99.75000","0.90139","98.0","101.0"],"66":["8","100.00000","0.70711","99.0","101.0"],"67":["6","100.00000","1.00000","98.0","101.0"],"68":["10","99.00000","1.00000","98.0","100.0"],"69":["7","100.00000","0.92582","98.0","101.0"],"70":["8","98.87500","0.92702","98.0","100.0"],"71":["5","97.60000","0.48990","97.0","98.0"],"72":["12","98.33333","1.02740","97.0","100.0"],"73":["11","97.90909","0.79253","97.0","99.0"],"74":["5","98.00000","1.09545","97.0","100.0"],"75":["5","97.80000","0.40000","97.0","98.0"],"76":["16","98.43750","1.11629","97.0","100.0"],"77":["3","98.66667","0.94281","98.0","100.0"],"78":["14","100.07143","0.79860","98.0","101.0"],"79":["3","100.00000","0.00000","100.0","100.0"],"80":["7","99.57143","0.49487","99.0","100.0"],"81":["6","100.16667","1.06719","98.0","101.0"],"82":["5","98.60000","1.20000","97.0","100.0"],"83":["6","98.50000","1.11803","97.0","100.0"],"84":["10","99.00000","1.26491","97.0","101.0"],"85":["4","99.00000","1.00000","98.0","100.0"],"86":["7","98.00000","0.92582","97.0","100.0"],"87":["6","98.16667","0.89753","97.0","100.0"],"88":["5","98.20000","0.97980","97.0","100.0"],"89":["6","98.00000","1.00000","97.0","100.0"],"90":["3","98.66667","0.94281","98.0","100.0"],"91":["4","99.75000","1.08972","98.0","101.0"],"92":["8","100.50000","0.50000","100.0","101.0"],"93":["8","100.50000","0.50000","100.0","101.0"],"94":["16","98.56250","1.27322","97.0","101.0"],"95":["10","97.30000","0.64031","96.0","98.0"],"96":["14","96.28571","0.88063","95.0","98.0"],"97":["15","93.26667","0.77172","92.0","95.0"],"98":["9","93.77778","0.91625","93.0","95.0"],"99":["31","89.77419","2.10544","87.0","93.0"],"100":["30","85.20000","1.46969","83.0","88.0"],"101":["29","85.10345","1.15504","83.0","87.0"],"102":["43","81.39535","2.13650","78.0","86.0"],"103":["36","77.16667","0.83333","76.0","79.0"],"104":["38","74.31579","1.43463","72.0","77.0"],"105":["34","71.55882","0.60348","71.0","73.0"],"106":["47","70.17021","1.13586","68.0","72.0"],"107":["45","68.26667","0.71181","67.0","69.0"],"108":["52","67.51923","1.00939","66.0","69.0"],"109":["47","66.02128","1.22890","64.0","68.0"],"110":["57","65.94737","1.17609","63.0","68.0"],"111":["63","65.01587","1.71355","62.0","68.0"],"112":["56","63.25000","1.37905","60.0","66.0"],"113":["49","63.81633","0.74706","62.0","65.0"],"114":["45","68.53333","2.49978","63.0","72.0"],"115":["36","74.16667","1.11803","72.0","76.0"],"116":["16","76.00000","0.79057","75.0","77.0"],"117":["38","74.36842","1.11026","73.0","77.0"],"118":["35","76.77143","1.58719","74.0","79.0"],"119":["33","78.78788","0.72853","77.0","80.0"],"120":["65","73.21538","4.21533","66.0","79.0"],"121":["50","68.70000","0.85440","67.0","70.0"],"122":["75","67.69333","1.14278","66.0","71.0"],"123":["70","69.04286","1.17638","67.0","71.0"],"124":["68","67.69118","1.52679","65.0","72.0"],"125":["68","71.69118","1.12795","70.0","75.0"],"126":["51","75.00000","2.50490","71.0","78.0"],"127":["43","81.46512","2.98328","78.0","90.0"],"128":["43","95.27907","1.63288","91.0","97.0"],"129":["42","101.14286","4.46985","95.0","108.0"],"130":["55","104.63636","5.36102","93.0","112.0"],"131":["37","99.37838","3.09622","94.0","106.0"],"132":["38","88.65789","1.75134","86.0","93.0"],"133":["34","87.88235","0.75789","86.0","89.0"],"134":["32","87.06250","0.89922","85.0","88.0"],"135":["45","80.31111","1.63057","78.0","85.0"],"136":["25","82.68000","1.99439","79.0","87.0"],"137":["31","82.64516","1.51441","80.0","87.0"],"138":["23","84.78261","1.86400","82.0","88.0"],"139":["29","85.72414","1.25661","83.0","88.0"],"140":["23","85.21739","1.01966","84.0","88.0"],"141":["16","85.06250","2.60933","81.0","89.0"],"142":["31","80.19355","1.17554","79.0","83.0"]},"sanpedro\/004\/temp_dry":{"7":["39","24.34103","0.62047","23.2","25.3"],"8":["46","24.19565","0.88119","22.8","25.5"],"9":["49","21.72041","0.46378","21.0","22.7"],"10":["38","23.25263","0.72247","22.1","24.4"],"11":["25","24.76400","0.15970","24.4","25.0"],"12":["29","23.89310","0.52780","22.9","24.6"],"13":["30","22.25333","0.30739","21.7","22.8"],"14":["27","21.41852","0.19633","21.0","21.7"],"15":["29","20.39310","0.39821","19.7","21.0"],"16":["23","19.05217","0.28722","18.7","19.6"],"17":["21","18.70952","0.11086","18.5","18.9"],"18":["17","17.92941","0.24438","17.6","18.4"],"19":["16","17.28750","0.22044","16.9","17.6"],"20":["11","16.52727","0.20041","16.2","16.8"],"21":["19","15.70526","0.27237","15.3","16.2"],"22":["12","15.00833","0.17540","14.7","15.3"],"23":["18","14.58889","0.14866","14.3","14.8"],"24":["14","14.42857","0.14357","14.2","14.6"],"25":["9","14.30000","0.13333","14.1","14.5"],"26":["11","14.02727","0.08624","13.9","14.2"],"27":["11","13.55455","0.13048","13.4","13.8"],"28":["3","13.36667","0.04714","13.3","13.4"],"29":["11","13.12727","0.07497","13.0","13.2"],"30":["12","13.09167","0.06401","13.0","13.2"],"31":["6","12.98333","0.03727","12.9","13.0"],"32":["16","13.03125","0.05830","12.9","13.1"],