{"_t":[1363410000,1366002000,2592000,240],"_i":["valentina\/002\/humidity","valentina\/002\/temperature"],"_@":{"humi":[20,90],"temp":[0,40]},"valentina\/002\/humidity":{"18":["4","66.40000","11.65912","54.7","78.7"],"19":["179","45.95754","6.56769","26.0","56.3"],"20":["180","64.40500","13.83862","40.4","82.7"],"21":["180","66.55389","12.85962","48.3","82.5"],"22":["180","82.28278","0.05561","82.2","82.4"],"23":["180","82.20000","0.00000","82.2","82.2"],"24":["179","82.20000","0.00000","82.2","82.2"],"25":["180","82.10722","0.02589","82.1","82.2"],"26":["180","69.96556","14.99383","38.0","82.6"],"27":["180","56.75167","11.45421","37.2","83.1"],"28":["179","66.92458","13.18585","34.4","81.0"],"29":["180","59.48833","11.63065","35.8","82.4"],"30":["180","82.16111","0.06863","82.1","82.3"],"31":["180","81.97222","0.05381","81.9","82.1"],"32":["178","81.92978","0.04573","81.9","82.0"],"33":["180","81.88944","0.07031","81.8","82.0"],"34":["180","73.73722","7.56695","56.2","82.5"],"35":["180","48.18278","6.08171","34.3","66.2"],"36":["171","34.07719","6.95372","21.1","51.5"],"37":["180","65.96556","7.96836","44.6","82.7"],"38":["180","82.36056","0.08131","82.2","82.6"],"39":["179","82.07542","0.08363","82.0","82.2"],"40":["180","82.01556","0.03624","82.0","82.1"],"41":["180","82.07778","0.04157","82.0","82.1"],"42":["180","71.56389","11.81622","46.3","82.7"],"43":["45","55.52000","4.91775","40.2","63.1"],"44":["36","52.84722","12.70749","33.4","75.2"],"45":["36","76.62500","4.07174","69.4","82.4"],"46":["36","82.17500","0.05951","82.1","82.3"],"47":["36","82.10000","0.00000","82.1","82.1"],"48":["36","82.10000","0.00000","82.1","82.1"],"49":["36","82.07500","0.04330","82.0","82.1"],"50":["36","81.08056","3.57272","65.4","82.8"],"51":["36","52.91944","11.08276","35.6","72.4"],"52":["36","51.18333","6.36961","40.7","63.4"],"53":["35","78.14286","5.87514","61.2","82.5"],"54":["34","82.22059","0.08670","82.1","82.3"],"55":["36","81.95278","0.04992","81.9","82.0"],"56":["34","81.85882","0.05487","81.8","82.0"],"57":["36","81.63611","0.04803","81.6","81.7"],"58":["36","81.79444","0.15446","81.6","82.1"],"59":["36","66.19722","14.22098","40.3","82.4"],"60":["36","45.91944","6.14450","33.3","59.3"],"61":["36","60.44444","13.67854","41.3","82.5"],"62":["31","82.00968","0.03898","82.0","82.2"],"63":["36","81.88333","0.10672","81.7","82.0"],"64":["36","81.63611","0.04803","81.6","81.7"],"65":["36","81.39444","0.12235","81.2","81.6"],"66":["36","72.05833","9.76193","51.8","82.1"],"67":["36","42.06389","5.09832","34.0","56.0"],"68":["36","55.58333","11.87159","29.3","71.9"],"69":["35","65.40000","5.44127","53.1","77.6"],"70":["36","80.71944","2.46518","73.1","82.2"],"71":["36","81.86667","0.07071","81.8","82.0"],"72":["36","81.66389","0.08217","81.6","81.8"],"73":["36","81.58611","0.07871","81.5","81.7"],"74":["36","68.09722","11.79834","50.0","82.2"],"75":["36","43.84167","5.68083","33.6","56.9"],"76":["36","41.89167","3.67441","34.2","48.7"],"77":["36","77.38056","7.71311","53.3","82.6"],"78":["36","82.20000","0.08819","82.1","82.4"],"79":["36","82.06667","0.04714","82.0","82.1"],"80":["36","81.74722","0.11177","81.6","81.9"],"81":["36","81.40833","0.09825","81.3","81.6"],"82":["36","69.76111","10.61486","51.5","81.9"],"83":["36","46.70556","10.12497","33.7","82.9"],"84":["36","32.38056","5.58176","24.3","50.9"],"85":["35","47.86286","17.80571","26.2","78.2"],"86":["35","81.78286","0.87390","78.4","82.3"],"87":["36","81.77500","0.10639","81.6","82.0"],"88":["36","81.41944","0.11742","81.2","81.6"],"89":["36","81.08333","0.06872","81.0","81.2"],"90":["36","62.53611","16.58961","35.9","81.7"],"91":["36","32.80833","4.30874","20.8","40.2"],"92":["36","37.88889","7.74409","28.7","52.0"],"93":["36","64.48333","13.93484","35.3","82.4"],"94":["36","82.19444","0.09702","82.0","82.3"],"95":["36","81.99444","0.06211","81.9","82.1"],"96":["36","81.81389","0.10840","81.7","82.0"],"97":["36","81.86667","0.07071","81.8","82.0"],"98":["36","74.50556","9.88014","52.3","82.8"],"99":["36","38.61667","7.11022","29.7","54.9"],"100":["36","34.98056","3.89778","27.6","45.0"],"101":["36","68.61944","14.12185","37.4","82.2"],"102":["35","82.08000","0.06676","82.0","82.3"],"103":["36","81.99444","0.02291","81.9","82.0"],"104":["36","81.76389","0.06304","81.7","81.9"],"105":["36","81.55000","0.08333","81.4","81.7"],"106":["35","69.11429","12.24829","45.7","82.3"],"107":["31","47.38710","5.88660","37.8","58.7"],"108":["36","47.71944","6.54182","30.6","57.3"],"109":["36","66.63889","11.25061","46.7","82.5"],"110":["36","82.17500","0.10375","82.0","82.4"],"111":["36","81.94722","0.09856","81.8","82.1"],"112":["36","81.77778","0.04157","81.7","81.8"],"113":["36","81.71111","0.03143","81.7","81.8"],"114":["36","72.84722","8.92666","55.1","82.2"],"115":["36","55.66944","5.67068","45.0","67.0"],"116":["36","49.20556","5.59543","37.3","58.8"],"117":["36","57.15556","8.82624","32.7","70.4"],"118":["36","81.00556","2.78567","70.1","82.3"],"119":["36","82.07222","0.04479","82.0","82.1"],"120":["35","82.10571","0.03332","82.1","82.3"],"121":["35","81.91429","0.07228","81.8","82.1"],"122":["36","69.00000","11.03192","52.4","82.3"],"123":["36","49.20556","7.54877","36.1","65.7"],"124":["36","52.46389","7.32284","36.8","64.0"],"125":["36","44.06944","12.00423","26.5","69.5"],"126":["36","80.97222","2.74779","69.0","82.1"],"127":["36","81.65278","0.05521","81.6","81.8"],"128":["36","81.58333","0.05528","81.5","81.7"],"129":["36","81.55556","0.06849","81.5","81.7"],"130":["36","69.38889","10.07915","53.9","82.1"],"131":["36","49.86111","11.80561","32.3","82.7"],"132":["28","48.59643","6.82074","39.8","61.7"],"134":["26","86.10000","1.17637","82.0","86.6"],"135":["39","85.72051","1.12550","81.8","86.2"],"136":["40","85.44000","1.24836","81.7","86.0"],"137":["39","85.60000","1.10986","81.7","86.0"],"138":["37","77.42162","9.32318","56.5","86.5"],"139":["41","40.71463","6.99315","30.0","57.4"],"140":["40","33.79750","6.52512","23.2","53.7"],"141":["41","75.52683","10.33915","36.9","86.6"],"142":["38","86.03158","1.17341","82.0","86.6"],"143":["38","85.80789","0.96283","81.7","86.4"],"144":["38","85.61316","0.94707","81.6","85.9"],"145":["40","85.31250","1.28845","81.4","85.8"],"146":["34","78.24706","11.41785","52.5","86.4"],"147":["2","54.25000","0.25000","54.0","54.5"],"195":["8","63.28750","3.76976","59.5","71.0"],"196":["38","43.33947","12.23979","23.3","63.4"],"197":["38","46.38158","19.63190","24.2","85.9"],"198":["40","86.12750","1.28802","82.2","86.8"],"199":["38","86.17105","0.97681","82.0","86.5"],"200":["38","86.06842","0.97309","81.9","86.4"],"201":["39","85.83590","1.15769","81.8","86.3"],"202":["37","72.59459","12.81057","52.3","86.5"],"203":["41","47.82439","9.07892","34.9","69.8"],"204":["38","50.48947","9.57455","25.5","68.8"],"205":["39","78.72051","5.81295","65.8","86.7"],"206":["39","85.69231","1.51765","81.6","86.7"],"207":["40","85.81750","1.28722","81.8","86.5"],"208":["39","85.67179","1.14263","81.7","86.2"],"209":["41","85.45610","1.39896","81.6","86.2"],"210":["37","76.58378","9.71122","55.0","86.3"],"211":["41","42.50488","6.94669","26.7","56.3"],"212":["38","47.86316","8.81832","29.5","63.2"],"213":["38","69.48684","14.82271","40.9","86.8"],"214":["38","86.38684","0.95536","82.3","86.8"],"215":["39","86.03590","1.15325","82.0","86.5"],"216":["40","85.79000","1.27491","81.9","86.3"],"217":["39","85.69744","1.11642","81.8","86.1"],"218":["40","79.72750","8.34344","59.6","86.6"],"219":["41","47.50976","5.87756","37.8","64.3"],"220":["39","45.53846","10.36749","25.8","63.7"],"221":["39","65.96154","14.38073","33.6","86.8"],"222":["37","86.22973","1.07424","82.2","86.8"],"223":["42","85.62857","1.49814","81.9","86.4"],"224":["16","85.75000","1.02042","81.8","86.1"]},"valentina\/002\/temperature":{"18":["4","20.90000","2.85219","17.9","23.8"],"19":["179","25.77821","1.73981","23.1","30.3"],"20":["180","22.21444","3.51242","17.8","28.6"],"21":["180","20.58278","3.91402","15.6","26.9"],