{"_t":[1370613960,1370700360,86400,144],"_i":["fantasy\/004\/humidity","fantasy\/004\/temperature"],"_@":{"humi":[20,90],"temp":[0,30]},"fantasy\/004\/humidity":{"12":["8","47.37500","2.35146","42.9","51.1"],"13":["5","48.12000","1.40485","46.0","50.0"],"14":["9","50.41111","3.43202","46.7","58.2"],"15":["9","53.13333","2.51440","49.1","56.3"],"16":["7","52.45714","1.18184","50.3","53.8"],"17":["9","48.84444","2.46942","44.3","52.6"],"18":["8","50.47500","3.28510","45.5","56.0"],"19":["9","53.70000","2.66083","48.5","57.5"],"20":["7","47.80000","5.59490","40.3","57.2"],"21":["10","51.33000","1.95246","47.4","53.5"],"22":["9","58.16667","2.95597","53.2","62.2"],"23":["10","64.01000","1.57762","61.1","66.7"],"24":["9","65.87778","1.65111","63.8","69.2"],"25":["9","60.44444","4.44450","52.8","65.0"],"26":["10","45.63000","4.77013","38.6","52.4"],"27":["9","46.14444","4.73524","39.4","53.1"],"28":["10","52.82000","2.03558","49.5","56.4"],"29":["9","57.41111","2.68926","53.1","61.3"],"30":["9","55.68889","1.59335","54.0","58.4"],"31":["10","57.26000","2.59584","53.0","61.5"],"32":["9","59.03333","1.78823","56.4","62.5"],"33":["10","60.27000","1.78104","57.5","63.8"],"34":["9","68.86667","2.25586","64.2","71.8"],"35":["9","67.85556","1.37527","66.1","70.2"],"36":["10","69.45000","2.22137","66.5","72.1"],"37":["9","75.37778","1.96230","71.5","78.5"],"38":["10","76.79000","1.11396","75.0","78.5"],"39":["9","74.52222","1.14288","73.0","76.9"],"40":["10","69.37000","1.92720","66.8","73.0"],"41":["9","68.43333","0.75277","67.3","69.6"],"42":["9","68.66667","1.00000","67.1","70.2"],"43":["10","74.45000","2.03236","71.8","78.5"],"44":["9","79.03333","1.24544","76.6","80.8"],"45":["10","80.55000","1.41651","79.0","82.7"],"46":["9","82.38889","0.40673","81.8","83.0"],"47":["9","79.78889","1.02138","78.8","82.0"],"48":["10","76.48000","1.96662","72.8","78.7"],"49":["9","72.90000","0.74536","71.9","74.3"],"50":["10","78.25000","1.28160","75.8","80.1"],"51":["9","76.80000","1.79320","73.5","79.1"],"52":["9","79.20000","1.97878","74.0","81.1"],"53":["10","80.35000","1.72525","78.8","84.5"],"54":["9","83.45556","0.44500","82.8","84.1"],"55":["9","85.61111","0.92670","83.8","86.7"],"56":["9","86.53333","0.22111","86.0","86.7"],"57":["9","86.52222","0.04157","86.5","86.6"],"58":["10","86.50000","0.00000","86.5","86.5"],"59":["9","86.52222","0.04157","86.5","86.6"],"60":["10","86.60000","0.00000","86.6","86.6"],"61":["9","86.63333","0.04714","86.6","86.7"],"62":["9","86.70000","0.00000","86.7","86.7"],"63":["10","86.69000","0.03000","86.6","86.7"],"64":["9","85.43333","2.21911","80.5","86.6"],"65":["10","86.55000","0.05000","86.5","86.6"],"66":["9","86.50000","0.00000","86.5","86.5"],"67":["9","86.45556","0.04969","86.4","86.5"],"68":["10","86.40000","0.00000","86.4","86.4"],"69":["9","86.40000","0.00000","86.4","86.4"],"70":["10","86.40000","0.00000","86.4","86.4"],"71":["9","86.40000","0.00000","86.4","86.4"],"72":["9","86.40000","0.00000","86.4","86.4"],"73":["10","86.04000","1.34700","82.0","86.5"],"74":["9","85.72222","2.19989","79.5","86.5"],"75":["10","72.50000","3.44122","67.9","80.3"],"76":["9","85.52222","2.76557","77.7","86.5"],"77":["9","86.50000","0.00000","86.5","86.5"],"78":["10","86.50000","0.00000","86.5","86.5"],"79":["9","30.13333","19.94136","22.0","86.5"],"80":["10","27.98000","2.14700","25.0","30.9"],"81":["9","32.78889","1.82419","30.4","36.8"],"82":["9","32.04444","1.87327","29.8","35.4"],"83":["10","31.60000","1.43944","29.9","33.9"],"84":["9","35.66667","2.44813","32.0","39.2"],"85":["10","35.52000","1.51974","33.6","38.0"],"86":["9","38.27778","1.97865","35.9","41.8"],"87":["9","38.84444","2.92047","34.0","45.6"],"88":["10","43.08000","4.40427","36.8","49.4"],"89":["9","48.53333","2.94317","45.6","55.0"],"90":["10","72.52000","17.01845","48.9","86.4"],"91":["9","86.30000","0.00000","86.3","86.3"],"92":["10","85.99000","0.79806","83.6","86.3"],"93":["9","86.12222","0.21999","85.5","86.2"],"94":["9","85.57778","2.04275","79.8","86.3"],"95":["10","86.30000","0.00000","86.3","86.3"],"96":["9","86.30000","0.00000","86.3","86.3"],"97":["10","86.30000","0.00000","86.3","86.3"],"98":["9","86.20000","0.00000","86.2","86.2"],"99":["9","55.97778","25.73626","28.4","86.2"],"100":["10","33.47000","9.24349","24.1","52.6"],"101":["9","28.72222","1.91589","26.8","33.1"],"102":["10","27.24000","1.00916","25.5","28.8"],"103":["9","28.91111","0.64368","27.7","29.7"],"104":["9","31.58889","2.09202","28.7","35.2"],"105":["10","32.42000","2.81098","28.2","36.1"],"106":["9","30.36667","1.32330","28.9","33.8"],"107":["10","30.68000","1.16516","28.9","33.0"],"108":["9","31.80000","0.50332","30.9","32.3"],"109":["9","32.20000","0.52493","31.6","33.0"],"110":["10","31.14000","1.70423","29.5","34.2"],"111":["9","31.01111","0.77380","29.4","32.3"],"112":["10","32.18000","0.53628","31.4","33.3"],"113":["9","32.92222","0.85216","31.9","34.8"],"114":["9","33.44444","0.69139","32.6","34.7"],"115":["10","34.25000","0.72007","33.0","35.2"],"116":["9","35.15556","1.28246","32.9","37.0"],"117":["10","36.54000","0.92650","34.3","37.6"],"118":["9","37.66667","2.73130","34.8","44.5"],"119":["9","44.20000","6.58584","37.8","61.7"],"120":["10","52.03000","12.13681","36.7","68.9"],"121":["9","38.24444","0.76174","36.7","39.1"],"122":["10","38.61000","1.20370","35.6","39.8"],"123":["9","40.06667","0.91043","38.5","41.3"],"124":["9","44.18889","2.44424","40.3","48.8"],"125":["10","52.39000","10.42127","40.9","71.4"],"126":["9","40.43333","12.50102","29.5","71.9"],"127":["10","35.84000","1.12712","34.1","38.3"],"128":["9","39.60000","3.78623","34.1","49.0"],"129":["10","40.42000","10.32432","34.1","70.9"],"130":["9","35.71111","0.89993","34.4","36.7"],"131":["9","37.62222","1.46042","34.4","40.1"],"132":["10","37.61000","1.72479","35.3","41.0"],"133":["9","38.54444","0.96852","36.8","40.6"],"134":["10","38.65000","0.59034","37.6","39.4"],"135":["9","40.42222","1.85279","37.0","42.4"],"136":["9","40.71111","1.43096","38.6","43.0"],"137":["10","39.52000","2.25158","36.6","43.5"],"138":["9","41.15556","3.04854","36.6","46.0"],"139":["10","39.72000","2.62633","37.4","44.9"],"140":["9","41.64444","3.52361","37.1","46.9"],"141":["9","43.70000","3.38231","38.6","47.9"],"142":["10","45.16000","2.82850","41.2","49.3"],"143":["4","41.05000","0.84410","40.1","42.4"]},"fantasy\/004\/temperature":{"12":["8","26.21250","0.59883","25.5","27.3"],"13":["5","25.62000","0.36551","25.1","26.2"],"14":["9","24.83333","0.70553","24.0","26.0"],"15":["9","23.93333","0.29059","23.5","24.4"],"16":["7","24.22857","0.23733","23.9","24.6"],"17":["9","24.67778","0.34570","24.1","25.2"],"18":["8","24.41250","0.37894","23.6","24.8"],"19":["9","22.96667","0.39441","22.4","23.4"],"20":["7","25.65714","1.70114","22.9","27.3"],"21":["10","24.24000","0.69599","23.3","25.7"],"22":["9","21.48889","0.89498","20.2","23.0"],"23":["10","19.41000","0.29816","19.1","20.0"],"24":["9","19.47778","0.15476","19.2","19.7"],"25":["9","20.90000","1.11255","19.8","23.3"],"26":["10","26.75000","1.10204","24.5","28.4"],"27":["9","25.37778","1.53534","23.6","28.1"],"28":["10","23.10000","0.34928","22.7","23.6"],"29":["9","22.51111","0.50869","21.9","23.5"],"30":["9","24.11111","0.29229","23.7","24.4"],"31":["10","22.88000","0.39699","22.3","23.4"],"32":["9","22.77778","0.25724","22.5","23.2"],"33":["10","21.93000","0.69289","20.7","22.7"],"34":["9","20.35556","0.14229","20.2","20.6"],"35":["9","20.86667","0.14142","20.6","21.0"],"36":["10","19.58000","0.55100","18.8","20.5"],"37":["9","18.22222","0.26152","17.9","18.7"],"38":["10","18.03000","0.09000","17.9","18.1"],"39":["9","18.56667","0.34960","18.1","19.2"],"40":["10","19.76000","0.19596","19.4","20.0"],"41":["9","19.45556","0.06849","19.4","19.6"],"42":["9","19.13333","0.42426","18.4","19.6"],"43":["10","17.68000","0.27129","17.4","18.2"],"44":["9","17.20000","0.08165","17.1","17.3"],"45":["10","16.85000","0.06708","16.8","17.0"],"46":["9","17.01111","0.17916","16.8","17.4"],