{"_t":[1363150800,1365742800,2592000,240],"_i":["sanpedro\/004\/humidity"],"_@":{"humi":[50,120]},"sanpedro\/004\/humidity":{"0":["36","99.52778","0.89710","98.0","101.0"],"1":["36","99.19444","0.93747","98.0","100.0"],"2":["35","98.68571","1.18975","97.0","100.0"],"3":["35","95.20000","6.20046","78.0","101.0"],"4":["36","71.66667","5.22813","59.0","80.0"],"5":["41","80.68293","5.97735","70.0","99.0"],"6":["41","95.46341","7.29550","80.0","101.0"],"7":["36","99.91667","0.95379","98.0","101.0"],"8":["36","100.11111","0.69832","99.0","102.0"],"9":["36","98.77778","1.08298","97.0","101.0"],"10":["36","79.41667","14.87798","59.0","101.0"],"11":["36","74.25000","6.21099","64.0","88.0"],"12":["36","82.38889","2.76162","77.0","90.0"],"13":["36","83.75000","5.50946","76.0","96.0"],"14":["6","98.33333","1.49071","96.0","100.0"],"19":["11","83.54545","3.08556","80.0","90.0"],"20":["36","87.05556","2.59213","83.0","91.0"],"21":["36","90.13889","3.51309","80.0","95.0"],"22":["36","97.22222","0.94608","95.0","100.0"],"23":["9","97.88889","0.87489","97.0","100.0"],"42":["1","74.00000","0.00000","74.0","74.0"],"43":["36","69.61111","6.55438","58.0","82.0"],"44":["36","87.38889","8.03215","73.0","99.0"],"45":["34","84.32353","7.13616","74.0","95.0"],"46":["35","97.17143","0.90981","95.0","99.0"],"47":["36","98.61111","0.48750","98.0","99.0"],"48":["36","98.63889","0.48032","98.0","99.0"],"49":["35","98.31429","0.85428","97.0","100.0"],"50":["36","85.22222","14.96127","62.0","99.0"],"51":["36","73.22222","3.06514","68.0","80.0"],"52":["36","88.88889","6.96331","72.0","95.0"],"53":["36","84.61111","4.89488","77.0","95.0"],"54":["36","99.05556","1.10414","96.0","101.0"],"55":["36","98.72222","1.01683","97.0","100.0"],"56":["36","98.75000","0.92421","98.0","100.0"],"57":["36","98.52778","1.06683","97.0","100.0"],"58":["36","86.72222","9.94600","71.0","100.0"],"59":["36","74.91667","5.96925","62.0","84.0"],"60":["36","73.38889","4.05708","66.0","82.0"],"61":["36","88.91667","2.84190","81.0","96.0"],"62":["36","98.05556","1.26808","96.0","100.0"],"63":["36","98.50000","0.89753","97.0","100.0"],"64":["36","98.80556","0.73860","98.0","100.0"],"65":["3","98.33333","0.47140","98.0","99.0"],"66":["22","78.68182","11.12485","64.0","97.0"],"67":["36","73.44444","4.69896","65.0","85.0"],"68":["36","80.25000","7.25479","68.0","93.0"],"69":["35","91.88571","2.08082","89.0","97.0"],"70":["35","97.80000","1.00854","95.0","100.0"],"71":["36","98.38889","0.79154","97.0","100.0"],"72":["36","97.88889","0.69832","97.0","99.0"],"73":["36","98.05556","0.57467","97.0","99.0"],"74":["36","92.11111","6.06803","76.0","99.0"],"75":["36","72.00000","5.32291","62.0","81.0"],"76":["36","79.91667","4.15916","71.0","89.0"],"77":["36","94.19444","2.90421","89.0","98.0"],"78":["34","98.08824","0.88675","96.0","100.0"],"79":["34","98.11765","0.96298","97.0","100.0"],"80":["34","98.41176","0.91129","97.0","100.0"],"81":["36","97.52778","0.64490","97.0","100.0"],"82":["36","97.22222","1.29338","95.0","100.0"],"83":["36","83.97222","8.68103","66.0","96.0"],"84":["36","74.47222","6.43983","67.0","87.0"],"85":["36","87.66667","5.74456","78.0","99.0"],"86":["31","98.25806","1.56510","95.0","100.0"],"87":["36","98.88889","0.90608","97.0","100.0"],"88":["36","98.97222","1.06683","98.0","101.0"],"89":["36","98.88889","1.04822","97.0","100.0"],"90":["36","81.44444","12.79202","63.0","100.0"],"91":["36","71.22222","5.10507","63.0","80.0"],"92":["36","82.75000","6.80022","73.0","93.0"],"93":["36","90.02778","2.52197","86.0","94.0"],"94":["36","96.47222","1.21303","95.0","100.0"],"95":["36","99.19444","1.04932","98.0","101.0"],"96":["36","99.36111","1.20538","98.0","101.0"],"97":["36","99.05556","1.15336","97.0","101.0"],"98":["36","80.58333","14.32049","58.0","100.0"],"99":["36","71.94444","4.40924","63.0","79.0"],"100":["36","78.94444","4.16296","72.0","87.0"],"101":["36","95.55556","3.41926","86.0","99.0"],"102":["36","99.44444","0.83148","97.0","101.0"],"103":["36","99.30556","0.81033","98.0","101.0"],"104":["36","99.22222","1.03040","98.0","101.0"],"105":["35","99.08571","1.07893","97.0","100.0"],"106":["36","78.97222","14.78830","60.0","100.0"],"107":["36","74.77778","5.54332","65.0","86.0"],"108":["36","75.91667","2.25308","73.0","82.0"],"109":["36","84.38889","6.90924","75.0","95.0"],"110":["36","98.55556","1.38332","95.0","100.0"],"111":["36","99.41667","1.21049","97.0","101.0"],"112":["36","98.91667","1.16369","97.0","101.0"],"113":["36","98.61111","1.31820","96.0","101.0"],"114":["36","74.27778","16.39887","53.0","98.0"],"115":["36","70.50000","5.03046","57.0","78.0"],"116":["36","77.00000","2.63523","73.0","82.0"],"117":["36","90.11111","7.38158","75.0","100.0"],"118":["36","98.58333","1.44097","96.0","101.0"],"119":["35","98.71429","1.03016","97.0","101.0"],"120":["35","98.40000","1.07438","97.0","100.0"],"121":["36","99.33333","0.94281","98.0","101.0"],"122":["36","83.91667","14.09368","62.0","101.0"],"123":["36","69.80556","5.40483","63.0","81.0"],"124":["36","78.38889","2.04502","74.0","83.0"],"125":["36","91.13889","6.90472","76.0","98.0"],"126":["35","99.34286","1.04041","97.0","101.0"],"127":["36","99.13889","0.88672","97.0","101.0"],"128":["36","98.50000","1.14261","97.0","100.0"],"129":["36","98.77778","1.05702","97.0","101.0"],"130":["36","82.30556","12.70568","62.0","100.0"],"131":["31","76.12903","6.61251","64.0","86.0"],"132":["36","79.41667","2.72208","75.0","85.0"],"133":["36","90.58333","5.39225","79.0","99.0"],"134":["36","99.66667","0.84984","98.0","101.0"],"135":["36","99.27778","0.90096","98.0","101.0"],"136":["35","98.68571","1.03569","97.0","100.0"],"137":["36","98.41667","1.11492","97.0","100.0"],"138":["35","87.05714","9.55867","68.0","101.0"],"139":["36","74.58333","1.87639","71.0","80.0"],"140":["36","78.33333","2.78887","73.0","85.0"],"141":["36","85.66667","3.45607","78.0","93.0"],"142":["36","99.36111","1.88787","94.0","101.0"],"143":["36","100.27778","0.76779","98.0","102.0"],"144":["36","98.80556","0.39577","98.0","99.0"],"145":["36","98.50000","1.04083","97.0","101.0"],"146":["36","83.88889","11.09749","63.0","100.0"],"147":["36","75.55556","4.15294","67.0","83.0"],"148":["36","80.80556","3.06249","75.0","86.0"],"149":["36","81.55556","4.71077","77.0","94.0"],"150":["36","99.08333","2.20322","92.0","101.0"],"151":["36","99.69444","1.12594","98.0","101.0"],"152":["36","99.47222","1.25800","97.0","101.0"],"153":["36","99.30556","1.15035","97.0","101.0"],"154":["36","80.05556","13.84827","60.0","101.0"],"155":["36","72.69444","4.24146","62.0","78.0"],"156":["28","77.71429","1.68729","73.0","80.0"],"158":["82","100.08537","0.81452","98.0","102.0"],"159":["30","99.83333","0.85959","98.0","101.0"],"186":["235","71.36170","6.67362","61.0","85.0"],"187":["870","71.01494","5.66790","62.0","86.0"],"188":["865","75.48092","2.38394","69.0","82.0"],"189":["475","85.89684","5.77216","77.0","100.0"],"190":["138","99.97826","0.67531","99.0","102.0"],"191":["81","99.35802","0.61481","98.0","100.0"],"192":["101","98.36634","0.84106","97.0","100.0"],"193":["90","98.01111","0.84976","97.0","100.0"],"194":["600","73.97667","12.56169","57.0","100.0"],"195":["1035","69.30628","4.00843","58.0","79.0"],"196":["843","77.18743","7.01704","68.0","92.0"],"197":["499","88.16834","5.99764","78.0","100.0"],"198":["150","99.86000","0.55414","99.0","101.0"],"199":["98","99.02041","0.62237","98.0","100.0"],"200":["132","98.50000","1.01876","97.0","101.0"],"201":["122","98.59016","1.17176","97.0","101.0"],"202":["828","67.41063","12.47995","52.0","98.0"],"203":["831","73.25391","4.94852","58.0","83.0"],"204":["645","77.59225","5.26444","67.0","86.0"],"221":["419","85.53222","8.59876","73.0","104.0"],"222":["187","101.49733","1.28494","99.0","104.0"],"223":["138","99.85507","0.92901","98.0","102.0"],"224":["159","99.12579","1.14234","97.0","101.0"],"225":["121","99.14876","1.28989","97.0","101.0"],"226":["616","75.19805","10.30523","62.0","101.0"],"227":["883","73.62061","9.50972","60.0","108.0"],