{"_t":[1377234000,1377320400,86400,144],"_i":["timana0\/001\/humidity","timana0\/001\/temp_dry","timana0\/001\/temp_wet"],"_@":{"humi":[50,100],"temp":[0,20]},"timana0\/001\/humidity":[["2","92.00000","1.00000","91.0","93.0"],["2","92.00000","1.00000","91.0","93.0"],["2","92.00000","1.00000","91.0","93.0"],["2","94.00000","0.00000","94.0","94.0"],["2","95.00000","0.00000","95.0","95.0"],["2","96.00000","1.00000","95.0","97.0"],["2","97.00000","0.00000","97.0","97.0"],["2","97.50000","0.50000","97.0","98.0"],["2","97.50000","0.50000","97.0","98.0"],["2","97.50000","0.50000","97.0","98.0"],["2","97.50000","0.50000","97.0","98.0"],["2","97.50000","0.50000","97.0","98.0"],["2","97.50000","0.50000","97.0","98.0"],["2","97.50000","0.50000","97.0","98.0"],["2","96.00000","1.00000","95.0","97.0"],["2","95.50000","1.50000","94.0","97.0"],["2","95.00000","0.00000","95.0","95.0"],["2","94.50000","0.50000","94.0","95.0"],["2","94.50000","0.50000","94.0","95.0"],["2","94.50000","0.50000","94.0","95.0"],["2","96.00000","0.00000","96.0","96.0"],["2","95.00000","0.00000","95.0","95.0"],["2","96.00000","1.00000","95.0","97.0"],["2","95.00000","0.00000","95.0","95.0"],["2","97.00000","0.00000","97.0","97.0"],["2","97.50000","0.50000","97.0","98.0"],["2","96.50000","1.50000","95.0","98.0"],["2","97.50000","0.50000","97.0","98.0"],["2","96.00000","1.00000","95.0","97.0"],["2","97.50000","0.50000","97.0","98.0"],["2","97.00000","0.00000","97.0","97.0"],["2","97.50000","0.50000","97.0","98.0"],["2","97.50000","0.50000","97.0","98.0"],["2","97.50000","0.50000","97.0","98.0"],["2","97.50000","0.50000","97.0","98.0"],["2","98.00000","0.00000","98.0","98.0"],["2","95.00000","0.00000","95.0","95.0"],["2","96.00000","1.00000","95.0","97.0"],["2","87.00000","3.00000","84.0","90.0"],["2","80.50000","0.50000","80.0","81.0"],["2","79.50000","2.50000","77.0","82.0"],["2","76.50000","0.50000","76.0","77.0"],["2","75.00000","1.00000","74.0","76.0"],["2","74.00000","1.00000","73.0","75.0"],["2","75.00000","0.00000","75.0","75.0"],["2","75.50000","0.50000","75.0","76.0"],["2","71.00000","1.00000","70.0","72.0"],["2","68.00000","1.00000","67.0","69.0"],["2","60.50000","0.50000","60.0","61.0"],["2","58.50000","0.50000","58.0","59.0"],["2","60.00000","0.00000","60.0","60.0"],["2","59.00000","1.00000","58.0","60.0"],["2","58.50000","0.50000","58.0","59.0"],["2","58.50000","0.50000","58.0","59.0"],["2","57.00000","1.00000","56.0","58.0"],["2","59.00000","1.00000","58.0","60.0"],["1","59.00000","0.00000","59.0","59.0"]],"timana0\/001\/temp_dry":[["2","6.55000","0.15000","6.4","6.7"],["2","6.55000","0.05000","6.5","6.6"],["2","6.40000","0.00000","6.4","6.4"],["2","6.05000","0.05000","6.0","6.1"],["2","5.45000","0.25000","5.2","5.7"],["2","5.20000","0.10000","5.1","5.3"],["2","5.50000","0.10000","5.4","5.6"],["2","5.50000","0.00000","5.5","5.5"],["2","5.15000","0.05000","5.1","5.2"],["2","4.95000","0.05000","4.9","5.0"],["2","4.75000","0.05000","4.7","4.8"],["2","4.55000","0.15000","4.4","4.7"],["2","4.45000","0.05000","4.4","4.5"],["2","4.60000","0.00000","4.6","4.6"],["2","5.30000","0.20000","5.1","5.5"],["2","6.00000","0.20000","5.8","6.2"],["2","6.35000","0.05000","6.3","6.4"],["2","6.45000","0.05000","6.4","6.5"],["2","6.50000","0.00000","6.5","6.5"],["2","6.55000","0.05000","6.5","6.6"],["2","6.70000","0.00000","6.7","6.7"],["2","6.25000","0.15000","6.1","6.4"],["2","5.90000","0.00000","5.9","5.9"],["2","6.00000","0.00000","6.0","6.0"],["2","5.65000","0.15000","5.5","5.8"],["2","5.00000","0.30000","4.7","5.3"],["2","4.75000","0.45000","4.3","5.2"],["2","5.05000","0.05000","5.0","5.1"],["2","5.35000","0.15000","5.2","5.5"],["2","5.45000","0.05000","5.4","5.5"],["2","6.00000","0.00000","6.0","6.0"],["2","5.55000","0.25000","5.3","5.8"],["2","4.95000","0.05000","4.9","5.0"],["2","4.75000","0.05000","4.7","4.8"],["2","4.70000","0.10000","4.6","4.8"],["2","4.50000","0.10000","4.4","4.6"],["2","5.05000","0.15000","4.9","5.2"],["2","5.65000","0.15000","5.5","5.8"],["2","7.25000","0.65000","6.6","7.9"],["2","9.15000","0.05000","9.1","9.2"],["2","10.05000","0.55000","9.5","10.6"],["2","11.10000","0.20000","10.9","11.3"],["2","11.55000","0.25000","11.3","11.8"],["2","11.70000","0.10000","11.6","11.8"],["2","11.70000","0.10000","11.6","11.8"],["2","12.20000","0.20000","12.0","12.4"],["2","13.30000","0.30000","13.0","13.6"],["2","14.00000","0.20000","13.8","14.2"],["2","14.95000","0.15000","14.8","15.1"],["2","15.45000","0.05000","15.4","15.5"],["2","15.65000","0.05000","15.6","15.7"],["2","15.90000","0.30000","15.6","16.2"],["2","16.05000","0.05000","16.0","16.1"],["2","16.75000","0.15000","16.6","16.9"],["2","16.90000","0.10000","16.8","17.0"],["2","16.15000","0.15000","16.0","16.3"],["1","16.40000","0.00000","16.4","16.4"]],"timana0\/001\/temp_wet":[["2","6.00000","0.10000","5.9","6.1"],["2","6.00000","0.00000","6.0","6.0"],["2","5.85000","0.05000","5.8","5.9"],["2","5.65000","0.05000","5.6","5.7"],["2","5.15000","0.25000","4.9","5.4"],["2","4.95000","0.05000","4.9","5.0"],["2","5.30000","0.10000","5.2","5.4"],["2","5.35000","0.05000","5.3","5.4"],["2","5.00000","0.10000","4.9","5.1"],["2","4.80000","0.00000","4.8","4.8"],["2","4.60000","0.10000","4.5","4.7"],["2","4.40000","0.10000","4.3","4.5"],["2","4.30000","0.00000","4.3","4.3"],["2","4.45000","0.05000","4.4","4.5"],["2","5.05000","0.15000","4.9","5.2"],["2","5.70000","0.10000","5.6","5.8"],["2","6.05000","0.05000","6.0","6.1"],["2","6.10000","0.00000","6.1","6.1"],["2","6.15000","0.05000","6.1","6.2"],["2","6.20000","0.10000","6.1","6.3"],["2","6.40000","0.00000","6.4","6.4"],["2","5.95000","0.15000","5.8","6.1"],["2","5.65000","0.05000","5.6","5.7"],["2","5.70000","0.00000","5.7","5.7"],["2","5.45000","0.15000","5.3","5.6"],["2","4.85000","0.25000","4.6","5.1"],["2","4.55000","0.35000","4.2","4.9"],["2","4.90000","0.00000","4.9","4.9"],["2","5.10000","0.10000","5.0","5.2"],["2","5.30000","0.10000","5.2","5.4"],["2","5.80000","0.00000","5.8","5.8"],["2","5.40000","0.20000","5.2","5.6"],["2","4.80000","0.10000","4.7","4.9"],["2","4.60000","0.10000","4.5","4.7"],["2","4.55000","0.05000","4.5","4.6"],["2","4.40000","0.10000","4.3","4.5"],["2","4.75000","0.15000","4.6","4.9"],["2","5.40000","0.20000","5.2","5.6"],["2","6.30000","0.40000","5.9","6.7"],["2","7.60000","0.10000","7.5","7.7"],["2","8.30000","0.30000","8.0","8.6"],["2","9.05000","0.15000","8.9","9.2"],["2","9.35000","0.15000","9.2","9.5"],["2","9.40000","0.00000","9.4","9.4"],["2","9.50000","0.10000","9.4","9.6"],["2","9.95000","0.15000","9.8","10.1"],["2","10.55000","0.15000","10.4","10.7"],["2","10.85000","0.05000","10.8","10.9"],["2","10.85000","0.05000","10.8","10.9"],["2","11.10000","0.10000","11.0","11.2"],["2","11.45000","0.05000","11.4","11.5"],["2","11.55000","0.15000","11.4","11.7"],["2","11.60000","0.10000","11.5","11.7"],["2","12.20000","0.10000","12.1","12.3"],["2","12.15000","0.05000","12.1","12.2"],["2","11.75000","0.05000","11.7","11.8"],["1","12.00000","0.00000","12.0","12.0"]]}