{"_t":[1367084400,1367170800,86400,144],"_i":["valentina\/002\/humidity","valentina\/002\/temperature"],"_@":{"humi":[30,90],"temp":[0,40]},"valentina\/002\/humidity":[["2","55.35000","0.85000","54.5","56.2"],["2","62.45000","8.05000","54.4","70.5"],["3","55.26667","7.93361","44.8","64.0"],["3","50.50000","10.01432","36.4","58.7"],["2","50.45000","1.85000","48.6","52.3"],["3","51.56667","9.82559","40.7","64.5"],["2","48.95000","1.65000","47.3","50.6"],["2","46.85000","3.95000","42.9","50.8"],["2","46.00000","1.50000","44.5","47.5"],["2","42.15000","2.05000","40.1","44.2"],["2","44.35000","1.75000","42.6","46.1"],["2","44.75000","0.75000","44.0","45.5"],["3","42.90000","5.88104","35.1","49.3"],["2","43.75000","0.35000","43.4","44.1"],["2","52.45000","5.35000","47.1","57.8"],["2","42.70000","0.90000","41.8","43.6"],["2","43.15000","1.55000","41.6","44.7"],["2","52.10000","7.80000","44.3","59.9"],["2","53.35000","8.65000","44.7","62.0"],["2","63.35000","3.55000","59.8","66.9"],["2","59.65000","0.35000","59.3","60.0"],["3","60.43333","2.50377","57.8","63.8"],["2","67.95000","2.25000","65.7","70.2"],["2","63.90000","1.80000","62.1","65.7"],["2","67.25000","2.65000","64.6","69.9"],["3","73.76667","2.31565","70.5","75.6"],["3","78.66667","0.81786","77.9","79.8"],["2","83.40000","0.30000","83.1","83.7"],["2","82.65000","0.85000","81.8","83.5"],["2","79.55000","0.75000","78.8","80.3"],["2","81.35000","0.05000","81.3","81.4"],["3","82.60000","0.43205","82.2","83.2"],["2","85.75000","0.95000","84.8","86.7"],["2","86.70000","0.00000","86.7","86.7"],["3","84.53333","1.79691","82.3","86.7"],["2","84.70000","0.30000","84.4","85.0"],["2","86.50000","0.00000","86.5","86.5"],["2","86.50000","0.00000","86.5","86.5"],["2","86.45000","0.05000","86.4","86.5"],["2","86.40000","0.00000","86.4","86.4"],["3","84.96667","2.02704","82.1","86.4"],["2","86.40000","0.00000","86.4","86.4"],["3","84.90000","1.97990","82.1","86.3"],["2","86.30000","0.00000","86.3","86.3"],["2","86.30000","0.00000","86.3","86.3"],["3","84.90000","2.05102","82.0","86.4"],["2","86.40000","0.00000","86.4","86.4"],["2","86.40000","0.00000","86.4","86.4"],["2","86.40000","0.00000","86.4","86.4"],["2","86.40000","0.00000","86.4","86.4"],["2","86.40000","0.00000","86.4","86.4"],["1","86.50000","0.00000","86.5","86.5"],["1","86.50000","0.00000","86.5","86.5"],["2","86.50000","0.00000","86.5","86.5"],["2","86.50000","0.00000","86.5","86.5"],["2","86.50000","0.00000","86.5","86.5"],["3","85.03333","2.07418","82.1","86.5"],["1","86.50000","0.00000","86.5","86.5"],["3","85.03333","2.07418","82.1","86.5"],["2","86.50000","0.00000","86.5","86.5"],["2","86.50000","0.00000","86.5","86.5"],["2","86.50000","0.00000","86.5","86.5"],["2","86.50000","0.00000","86.5","86.5"],["2","86.50000","0.00000","86.5","86.5"],["3","85.03333","2.07418","82.1","86.5"],["2","86.50000","0.00000","86.5","86.5"],["2","86.50000","0.00000","86.5","86.5"],["2","86.50000","0.00000","86.5","86.5"],["2","86.45000","0.05000","86.4","86.5"],["2","86.40000","0.00000","86.4","86.4"],["2","86.40000","0.00000","86.4","86.4"],["3","84.96667","2.02704","82.1","86.4"],["2","86.40000","0.00000","86.4","86.4"],["2","86.40000","0.00000","86.4","86.4"],["2","86.40000","0.00000","86.4","86.4"],["2","86.40000","0.00000","86.4","86.4"],["2","86.40000","0.00000","86.4","86.4"],["2","86.40000","0.00000","86.4","86.4"],["2","86.40000","0.00000","86.4","86.4"],["2","86.40000","0.00000","86.4","86.4"],["3","84.86667","2.02704","82.0","86.3"],["2","86.30000","0.00000","86.3","86.3"],["2","86.30000","0.00000","86.3","86.3"],["2","86.30000","0.00000","86.3","86.3"],["2","86.30000","0.00000","86.3","86.3"],["2","86.30000","0.00000","86.3","86.3"],["2","86.25000","0.05000","86.2","86.3"],["2","86.20000","0.00000","86.2","86.2"],["3","84.80000","1.97990","82.0","86.2"],["2","86.20000","0.00000","86.2","86.2"],["2","86.20000","0.00000","86.2","86.2"],["2","86.20000","0.00000","86.2","86.2"],["3","84.80000","1.97990","82.0","86.2"],["2","86.20000","0.00000","86.2","86.2"],["2","86.20000","0.00000","86.2","86.2"],["2","86.20000","0.00000","86.2","86.2"],["2","86.20000","0.00000","86.2","86.2"],["2","86.20000","0.00000","86.2","86.2"],["2","86.20000","0.00000","86.2","86.2"],["2","86.20000","0.00000","86.2","86.2"],["2","86.20000","0.00000","86.2","86.2"],["2","86.20000","0.00000","86.2","86.2"],["2","86.20000","0.00000","86.2","86.2"],["2","86.20000","0.00000","86.2","86.2"],["2","86.20000","0.00000","86.2","86.2"],["2","86.20000","0.00000","86.2","86.2"],["2","86.20000","0.00000","86.2","86.2"],["2","86.25000","0.05000","86.2","86.3"],["2","86.30000","0.10000","86.2","86.4"],["2","83.00000","1.30000","81.7","84.3"],["2","77.70000","1.40000","76.3","79.1"],["2","69.50000","3.80000","65.7","73.3"],["2","63.15000","1.45000","61.7","64.6"],["3","71.70000","0.86410","70.5","72.5"],["2","66.25000","1.95000","64.3","68.2"],["2","62.10000","1.10000","61.0","63.2"],["2","60.75000","0.85000","59.9","61.6"],["2","63.00000","0.60000","62.4","63.6"],["2","60.85000","0.15000","60.7","61.0"],["2","55.90000","1.70000","54.2","57.6"],["3","54.76667","2.19292","51.7","56.7"],["1","46.90000","0.00000","46.9","46.9"],["2","45.75000","5.55000","40.2","51.3"],["2","57.35000","4.85000","52.5","62.2"],["4","59.55000","11.12081","46.2","73.1"],["2","73.50000","0.60000","72.9","74.1"],["2","70.00000","3.40000","66.6","73.4"],["2","61.15000","1.05000","60.1","62.2"],["2","64.40000","3.50000","60.9","67.9"],["2","59.40000","0.50000","58.9","59.9"],["3","54.60000","5.69269","47.0","60.7"],["2","51.75000","0.75000","51.0","52.5"],["2","56.75000","1.65000","55.1","58.4"],["1","56.70000","0.00000","56.7","56.7"],["2","58.05000","1.15000","56.9","59.2"],["3","51.56667","9.73664","37.8","58.7"],["2","58.70000","1.90000","56.8","60.6"],["2","54.65000","1.95000","52.7","56.6"],["2","54.30000","3.80000","50.5","58.1"],["2","55.30000","1.20000","54.1","56.5"],["3","47.03333","8.43854","35.1","53.1"],["2","52.85000","2.05000","50.8","54.9"],["2","52.00000","3.30000","48.7","55.3"],["2","56.80000","1.30000","55.5","58.1"]],