{"_t":[1365687480,1365773880,86400,144],"_i":["valentina\/002\/humidity","valentina\/002\/temperature"],"_@":{"humi":[20,90],"temp":[0,40]},"valentina\/002\/humidity":[["2","63.90000","0.10000","63.8","64.0"],["2","55.50000","0.50000","55.0","56.0"],["2","56.25000","0.05000","56.2","56.3"],["3","51.46667","1.49741","49.4","52.9"],["2","54.85000","1.45000","53.4","56.3"],["2","39.75000","0.75000","39.0","40.5"],["2","42.80000","1.30000","41.5","44.1"],["2","45.35000","1.55000","43.8","46.9"],["2","46.90000","0.60000","46.3","47.5"],["3","41.60000","1.31403","39.9","43.1"],["2","42.10000","2.30000","39.8","44.4"],["3","41.16667","2.31565","39.1","44.4"],["2","44.85000","2.25000","42.6","47.1"],["2","40.20000","1.70000","38.5","41.9"],["3","39.70000","3.60832","35.8","44.5"],["3","42.93333","3.43932","39.2","47.5"],["2","34.00000","3.10000","30.9","37.1"],["2","34.45000","2.85000","31.6","37.3"],["2","29.30000","2.60000","26.7","31.9"],["2","35.25000","2.25000","33.0","37.5"],["2","33.70000","3.70000","30.0","37.4"],["2","30.70000","1.20000","29.5","31.9"],["2","32.05000","0.15000","31.9","32.2"],["2","50.20000","5.00000","45.2","55.2"],["2","62.10000","1.10000","61.0","63.2"],["2","56.35000","0.25000","56.1","56.6"],["3","45.76667","8.09211","34.4","52.6"],["2","51.90000","4.10000","47.8","56.0"],["2","54.65000","0.95000","53.7","55.6"],["2","50.05000","2.75000","47.3","52.8"],["2","51.05000","1.45000","49.6","52.5"],["2","46.80000","1.90000","44.9","48.7"],["2","45.30000","3.20000","42.1","48.5"],["2","45.50000","0.30000","45.2","45.8"],["2","51.65000","4.65000","47.0","56.3"],["2","53.05000","0.25000","52.8","53.3"],["2","53.30000","0.80000","52.5","54.1"],["3","48.26667","7.32954","38.1","55.1"],["2","69.50000","1.70000","67.8","71.2"],["2","63.60000","1.00000","62.6","64.6"],["2","57.50000","0.60000","56.9","58.1"],["2","55.05000","1.05000","54.0","56.1"],["2","45.00000","0.80000","44.2","45.8"],["2","46.60000","1.20000","45.4","47.8"],["2","41.40000","0.50000","40.9","41.9"],["2","61.90000","5.40000","56.5","67.3"],["2","67.85000","1.45000","66.4","69.3"],["2","69.30000","1.60000","67.7","70.9"],["3","73.53333","3.85948","68.1","76.7"],["2","77.45000","0.75000","76.7","78.2"],["2","82.00000","1.30000","80.7","83.3"],["2","84.35000","0.65000","83.7","85.0"],["2","86.75000","0.05000","86.7","86.8"],["2","86.80000","0.00000","86.8","86.8"],["3","85.40000","1.97990","82.6","86.8"],["2","86.80000","0.00000","86.8","86.8"],["2","86.80000","0.00000","86.8","86.8"],["2","86.80000","0.00000","86.8","86.8"],["2","86.70000","0.00000","86.7","86.7"],["3","85.26667","2.02704","82.4","86.7"],["2","86.60000","0.00000","86.6","86.6"],["2","86.60000","0.00000","86.6","86.6"],["2","86.60000","0.00000","86.6","86.6"],["2","86.60000","0.00000","86.6","86.6"],["2","86.60000","0.00000","86.6","86.6"],["2","86.60000","0.00000","86.6","86.6"],["2","86.60000","0.00000","86.6","86.6"],["2","86.60000","0.00000","86.6","86.6"],["2","86.60000","0.00000","86.6","86.6"],["3","85.16667","2.02704","82.3","86.6"],["2","86.50000","0.00000","86.5","86.5"],["2","86.50000","0.00000","86.5","86.5"],["2","86.50000","0.00000","86.5","86.5"],["2","86.50000","0.00000","86.5","86.5"],["2","86.50000","0.00000","86.5","86.5"],["2","86.50000","0.00000","86.5","86.5"],["2","86.50000","0.00000","86.5","86.5"],["2","86.50000","0.00000","86.5","86.5"],["2","86.50000","0.00000","86.5","86.5"],["2","86.50000","0.00000","86.5","86.5"],["2","86.50000","0.00000","86.5","86.5"],["2","86.45000","0.05000","86.4","86.5"],["3","85.00000","1.97990","82.2","86.4"],["2","86.35000","0.05000","86.3","86.4"],["2","86.30000","0.00000","86.3","86.3"],["2","86.30000","0.00000","86.3","86.3"],["2","86.30000","0.00000","86.3","86.3"],["3","84.86667","2.02704","82.0","86.3"],["2","86.25000","0.05000","86.2","86.3"],["2","86.20000","0.00000","86.2","86.2"],["2","86.15000","0.05000","86.1","86.2"],["3","84.73333","1.93276","82.0","86.1"],["2","86.10000","0.00000","86.1","86.1"],["3","84.70000","1.97990","81.9","86.1"],["2","86.10000","0.00000","86.1","86.1"],["2","86.10000","0.00000","86.1","86.1"],["2","86.10000","0.00000","86.1","86.1"],["2","86.20000","0.00000","86.2","86.2"],["3","84.80000","2.05102","81.9","86.3"],["2","86.30000","0.00000","86.3","86.3"],["3","84.86667","2.02704","82.0","86.3"],["2","86.30000","0.00000","86.3","86.3"],["2","86.30000","0.00000","86.3","86.3"],["2","86.30000","0.00000","86.3","86.3"],["3","84.90000","1.97990","82.1","86.3"],["2","86.30000","0.00000","86.3","86.3"],["2","86.30000","0.00000","86.3","86.3"],["2","86.25000","0.05000","86.2","86.3"],["2","86.15000","0.05000","86.1","86.2"],["2","86.10000","0.00000","86.1","86.1"],["3","84.70000","1.97990","81.9","86.1"],["2","86.00000","0.00000","86.0","86.0"],["2","86.00000","0.00000","86.0","86.0"],["2","86.00000","0.00000","86.0","86.0"],["2","86.00000","0.00000","86.0","86.0"],["2","86.00000","0.00000","86.0","86.0"],["2","86.05000","0.05000","86.0","86.1"],["2","86.10000","0.00000","86.1","86.1"],["2","86.10000","0.00000","86.1","86.1"],["2","86.05000","0.05000","86.0","86.1"],["3","84.60000","1.97990","81.8","86.0"],["2","86.00000","0.00000","86.0","86.0"],["2","86.00000","0.00000","86.0","86.0"],["2","86.00000","0.00000","86.0","86.0"],["2","86.00000","0.00000","86.0","86.0"],["3","84.60000","1.97990","81.8","86.0"],["2","86.00000","0.00000","86.0","86.0"],["2","85.95000","0.05000","85.9","86.0"],["2","85.90000","0.00000","85.9","85.9"],["3","84.50000","1.97990","81.7","85.9"],["2","85.90000","0.00000","85.9","85.9"],["2","86.05000","0.05000","86.0","86.1"],["2","86.15000","0.05000","86.1","86.2"],["2","86.20000","0.00000","86.2","86.2"],["2","86.30000","0.00000","86.3","86.3"],["3","84.96667","1.95675","82.2","86.4"],["3","85.00000","1.97990","82.2","86.4"],["2","86.45000","0.05000","86.4","86.5"],["2","81.75000","4.85000","76.9","86.6"],["2","79.35000","3.05000","76.3","82.4"],["2","75.60000","1.50000","74.1","77.1"],["2","70.80000","1.20000","69.6","72.0"],["2","72.45000","1.85000","70.6","74.3"],["3","68.40000","4.57019","62.1","72.8"]],