{"_t":[1371272400,1373864400,2592000,240],"_i":["sanpedro\/002\/humidity","sanpedro\/002\/temperature"],"_@":{"humi":[30,100],"temp":[0,40]},"sanpedro\/002\/humidity":{"0":["76","90.43289","3.48902","86.2","94.4"],"1":["65","90.06615","3.41514","85.9","94.3"],"2":["349","75.89971","12.39890","56.2","94.8"],"3":["133","56.49850","3.59820","50.3","68.1"],"4":["265","57.55887","4.26913","50.4","65.5"],"5":["220","81.08591","8.98001","67.3","94.8"],"6":["44","91.39773","3.40531","86.5","94.8"],"7":["19","91.88421","3.03441","86.4","94.7"],"8":["98","89.36633","3.53680","86.0","94.6"],"9":["123","88.47724","3.34112","85.7","94.3"],"10":["441","71.11361","10.07364","52.4","94.6"],"11":["141","38.12199","1.79270","32.4","46.4"],"12":["249","65.83815","14.69044","33.9","81.7"],"13":["300","68.71067","10.28198","45.9","88.1"],"14":["82","90.99024","3.31429","86.2","94.9"],"15":["95","90.27158","3.39801","86.0","94.3"],"16":["95","88.42000","3.36316","85.9","94.2"],"17":["86","90.14651","3.53427","85.9","94.1"],"18":["192","78.93177","13.07033","59.5","94.8"],"19":["48","59.68125","4.48185","55.7","74.8"],"20":["48","72.55208","1.03863","70.3","75.1"],"21":["210","72.62048","9.35057","48.6","95.1"],"22":["98","90.85918","3.44576","86.3","95.0"],"23":["65","89.44000","3.53444","86.0","94.4"],"24":["102","88.72353","3.52918","85.7","94.2"],"58":["48","65.63750","5.24625","60.0","74.6"],"59":["137","53.13504","5.98908","43.3","65.1"],"60":["94","61.42340","2.96082","55.4","69.4"],"61":["397","65.54106","12.15062","44.0","93.9"],"62":["131","89.81985","3.47779","84.6","94.8"],"63":["110","90.46273","3.40521","85.8","94.2"],"64":["53","89.74151","3.36735","85.7","94.0"],"65":["58","88.07069","3.29869","85.6","93.9"],"66":["256","79.45859","13.76850","47.2","94.6"],"67":["101","61.35446","3.40162","57.3","70.8"],"68":["135","51.56222","8.67267","38.5","68.9"],"69":["266","65.70977","7.08843","55.7","77.6"],"70":["188","82.68404","7.46902","72.7","94.7"],"71":["10","91.17000","3.23792","86.4","94.6"],"72":["41","91.05366","3.05136","86.2","94.4"],"73":["35","90.62571","3.35068","86.1","94.3"],"74":["261","80.65441","7.23135","62.9","94.7"],"75":["200","63.71750","5.77980","54.6","75.5"],"76":["85","52.26000","7.91333","41.8","66.5"],"77":["70","81.53143","5.44769","76.3","94.8"],"78":["63","91.14603","3.32765","86.5","94.7"],"79":["27","90.99259","3.34242","86.4","94.6"],"80":["48","90.57292","3.45771","86.2","94.5"],"82":["91","88.31429","4.78497","81.7","94.9"],"83":["41","54.07317","1.37433","52.1","58.0"],"84":["227","57.55815","6.96852","47.0","83.2"],"85":["195","73.68821","13.41190","46.2","90.7"],"86":["79","89.42025","3.88774","83.9","94.8"],"87":["71","91.37465","3.18919","86.4","94.7"],"88":["64","90.71875","3.45931","86.1","94.6"],"89":["65","89.51846","3.55519","85.8","94.3"],"90":["71","85.33380","4.38014","79.9","94.2"],"91":["90","51.27000","6.17444","42.1","62.1"],"92":["257","59.38911","3.16995","49.5","69.5"],"93":["310","81.52226","6.81520","71.9","95.0"],"94":["78","91.26154","3.24698","86.2","94.8"],"95":["69","89.77246","3.48121","85.9","94.4"],"96":["94","88.97660","3.43720","85.8","94.2"],"97":["67","88.16418","3.23279","85.7","94.0"],"98":["137","78.33942","11.69147","56.9","94.3"],"99":["88","59.67386","2.67911","53.1","63.9"],"100":["92","55.31196","9.98720","45.9","82.6"],"101":["226","77.90177","9.25912","60.9","92.9"],"102":["84","90.41786","3.41007","86.2","94.8"],"103":["81","91.02840","2.77000","86.4","94.5"],"104":["17","90.54118","3.27523","86.2","94.5"],"105":["56","90.86964","3.24301","86.2","94.4"],"106":["252","76.67143","7.17131","65.9","94.6"],"107":["181","59.64088","7.53048","45.8","77.2"],"108":["185","60.17730","3.02491","54.9","67.9"],"109":["505","72.12455","6.39905","61.2","90.0"],"110":["57","89.86316","3.43136","86.0","94.4"],"111":["95","89.44526","3.52237","85.7","94.2"],"193":["34","87.70588","2.64274","86.0","91.8"],"194":["716","69.01355","9.37014","51.3","92.0"],"195":["1377","56.22752","10.60655","40.8","82.2"],"196":["48","63.36458","2.39309","60.4","70.3"],"197":["496","74.64435","10.28424","52.0","94.7"],"198":["25","91.50000","3.07454","86.2","94.7"],"199":["70","90.14429","3.40767","86.0","94.4"],"200":["100","89.03200","3.51121","86.0","94.2"],"201":["62","89.70645","3.58306","86.0","94.2"],"202":["179","79.77542","6.41048","69.6","94.4"],"203":["103","73.66990","3.18750","69.5","82.3"],"204":["148","68.85203","13.81769","45.8","84.7"],"205":["291","62.98351","11.82352","44.7","84.3"],"206":["61","90.31803","3.60617","85.5","94.7"],"207":["38","90.32368","3.46869","86.1","94.5"],"208":["21","90.89524","3.39558","86.3","94.4"]},"sanpedro\/002\/temperature":{"0":["76","10.70263","0.49735","9.8","11.4"],"1":["65","9.06308","0.87593","7.2","10.4"],"2":["349","16.18109","3.73562","7.6","24.6"],"3":["133","21.55188","2.03476","19.7","27.7"],"4":["265","22.21736","1.51059","20.2","25.9"],"5":["220","15.98909","1.71710","13.6","19.2"],"6":["44","13.26818","0.65114","12.0","14.5"],"7":["19","12.03684","0.41449","11.3","12.7"],"8":["98","9.45306","0.94590","8.3","12.2"],"9":["123","7.46667","0.82656","6.4","9.9"],"10":["441","17.73991","2.81376","11.9","25.7"],"11":["141","27.66241","4.00796","24.6","35.9"],"12":["249","20.29357","3.70643","17.0","35.1"],"13":["300","19.67900","2.47841","16.7","24.9"],"14":["82","11.95244","1.55314","9.3","14.6"],"15":["95","9.49895","0.84523","7.8","10.7"],"16":["95","7.69158","0.77005","6.9","9.4"],"17":["86","8.08023","0.62297","7.0","9.2"],"18":["192","15.48073","3.51303","8.7","22.3"],"19":["48","20.87083","1.89197","19.4","25.3"],"20":["48","19.85625","0.79684","19.1","21.5"],"21":["210","19.41000","2.31935","15.3","24.7"],"22":["98","13.01939","1.19725","10.4","15.2"],"23":["65","9.57538","1.05189","8.2","11.2"],"24":["102","7.46275","0.97145","6.2","9.3"],"58":["48","18.29375","0.72698","17.4","19.4"],"59":["137","21.42701","2.04124","18.9","27.0"],"60":["94","20.82234","0.89135","19.9","23.3"],"61":["397","19.83602","2.54699","15.1","24.2"],"62":["131","12.30763","1.72767","8.5","14.9"],"63":["110","8.28636","0.88733","6.7","9.8"],"64":["53","7.20566","0.75296","6.0","8.3"],"65":["58","6.02241","0.75476","5.0","7.2"],"66":["256","14.36211","4.40512","6.1","26.4"],"67":["101","19.85842","0.63935","18.9","21.9"],"68":["135","22.87259","1.88528","20.3","27.6"],"69":["266","17.66579","0.64195","16.6","19.1"],"70":["188","13.81968","0.77658","12.1","15.0"],"71":["10","12.00000","0.29665","11.4","12.5"],"72":["41","10.78537","0.35992","10.1","11.2"],"73":["35","10.06857","0.44450","9.0","10.7"],"74":["261","14.49387","1.80037","8.9","18.1"],"75":["200","18.06850","1.49611","16.4","21.8"],"76":["85","21.80706","2.29330","19.4","28.1"],"77":["70","15.36429","1.12910","12.2","16.8"],"78":["63","12.34921","0.32115","11.8","12.9"],"79":["27","11.85185","0.42633","11.0","12.5"],"80":["48","10.61458","0.61169","9.3","11.8"],"82":["91","13.82967","2.22006","8.8","16.3"],"83":["41","21.64878","1.72558","20.6","26.3"],"84":["227","22.25463","1.92549","19.8","28.8"],"85":["195","17.05231","3.75331","14.3","26.9"],"86":["79","13.58354","0.62712","11.7","14.5"],"87":["71","11.92394","0.43749","11.1","12.7"],"88":["64","11.04531","0.83515","8.6","12.2"],"89":["65","8.56462","1.13455","6.6","10.5"],"90":["71","13.56056","2.80982","8.5","17.3"],"91":["90","24.41778","2.20729","22.3","29.4"],"92":["257","22.68833","1.88717","19.9","28.9"],"93":["310","17.35968","1.16324","13.5","18.9"],"94":["78","11.82949","1.33562","9.3","13.9"],"95":["69","9.01449","1.03927","7.2","10.9"],"96":["94","7.14574","0.78478","5.8","8.7"],"97":["67","6.26716","0.72614","5.4","7.6"],"98":["137","15.19781","4.30349","8.1","23.8"],"99":["88","20.26705","2.78921","17.3","26.1"],"100":["92","20.17500","0.85129","18.1","22.5"],"101":["226","16.22434","0.73526","14.5","17.8"],"102":["84","11.76429","1.06476","9.7","14.1"],"103":["81","11.17284","0.39032","10.5","12.1"],"104":["17","10.47647","0.48933","9.7","11.5"],