{"_t":[1371877200,1371963600,86400,144],"_i":["fantasy\/002\/VoltR"],"_@":{"Volt":[0,130]},"fantasy\/002\/VoltR":[["9","95.66667","51.13598","0.0","123.0"],["9","27.33333","51.13598","0.0","123.0"],["9","110.00000","38.89302","0.0","124.0"],["10","24.60000","49.20000","0.0","123.0"],["9","96.11111","51.37540","0.0","124.0"],["9","27.33333","51.13598","0.0","123.0"],["9","109.77778","38.81517","0.0","124.0"],["9","13.77778","38.96944","0.0","124.0"],["10","98.40000","49.20203","0.0","124.0"],["9","27.55556","51.55172","0.0","124.0"],["9","110.33333","39.00997","0.0","125.0"],["9","13.55556","38.34090","0.0","122.0"],["10","98.10000","49.05191","0.0","123.0"],["9","27.33333","51.13598","0.0","123.0"],["9","95.66667","51.13598","0.0","123.0"],["9","13.66667","38.65517","0.0","123.0"],["10","98.50000","49.25089","0.0","124.0"],["9","27.33333","51.13598","0.0","123.0"],["9","96.00000","51.31601","0.0","124.0"],["9","13.77778","38.96944","0.0","124.0"],["9","109.55556","38.73589","0.0","124.0"],["10","24.50000","49.00051","0.0","123.0"],["9","95.55556","51.07753","0.0","123.0"],["9","13.44444","38.02663","0.0","121.0"],["9","108.44444","38.34090","0.0","122.0"],["10","24.40000","48.80000","0.0","122.0"],["9","94.77778","50.66179","0.0","122.0"],["9","27.22222","50.92866","0.0","123.0"],["9","108.33333","38.30289","0.0","122.0"],["9","13.55556","38.34090","0.0","122.0"],["10","97.70000","48.85090","0.0","123.0"],["9","27.00000","50.51292","0.0","122.0"],["9","108.66667","38.42453","0.0","123.0"],["9","13.44444","38.02663","0.0","121.0"],["10","97.10000","48.55399","0.0","122.0"],["9","26.88889","50.30450","0.0","121.0"],["9","107.66667","38.06719","0.0","122.0"],["9","13.55556","38.34090","0.0","122.0"],["9","107.55556","38.03832","0.0","123.0"],["10","0.00000","0.00000","0.0","0.0"],["9","0.00000","0.00000","0.0","0.0"],["9","0.00000","0.00000","0.0","0.0"],["9","0.00000","0.00000","0.0","0.0"],["10","12.20000","36.60000","0.0","122.0"],["9","0.00000","0.00000","0.0","0.0"],["9","0.00000","0.00000","0.0","0.0"],["9","0.00000","0.00000","0.0","0.0"],["9","0.00000","0.00000","0.0","0.0"],["10","0.00000","0.00000","0.0","0.0"],["9","0.00000","0.00000","0.0","0.0"],["9","0.00000","0.00000","0.0","0.0"],["9","0.00000","0.00000","0.0","0.0"],["10","0.00000","0.00000","0.0","0.0"],["9","0.00000","0.00000","0.0","0.0"],["9","0.00000","0.00000","0.0","0.0"],["9","0.00000","0.00000","0.0","0.0"],["10","0.00000","0.00000","0.0","0.0"],["9","0.00000","0.00000","0.0","0.0"],["9","0.00000","0.00000","0.0","0.0"],["9","0.00000","0.00000","0.0","0.0"],["9","0.00000","0.00000","0.0","0.0"],["10","0.00000","0.00000","0.0","0.0"],["9","0.00000","0.00000","0.0","0.0"],["9","0.00000","0.00000","0.0","0.0"],["9","0.00000","0.00000","0.0","0.0"],["10","0.00000","0.00000","0.0","0.0"],["9","0.00000","0.00000","0.0","0.0"],["9","0.00000","0.00000","0.0","0.0"],["9","0.00000","0.00000","0.0","0.0"],["9","0.00000","0.00000","0.0","0.0"],["10","120.40000","0.91652","118.0","121.0"],["9","0.00000","0.00000","0.0","0.0"],["9","0.00000","0.00000","0.0","0.0"],["9","0.00000","0.00000","0.0","0.0"],["10","0.00000","0.00000","0.0","0.0"],["9","0.00000","0.00000","0.0","0.0"],["9","0.00000","0.00000","0.0","0.0"],["9","0.00000","0.00000","0.0","0.0"],["10","0.00000","0.00000","0.0","0.0"],["9","0.00000","0.00000","0.0","0.0"],["9","0.00000","0.00000","0.0","0.0"],["9","0.00000","0.00000","0.0","0.0"],["5","0.00000","0.00000","0.0","0.0"]]}