{"_t":[1369544400,1369630800,86400,144],"_i":["sanpedro\/006\/VoltR"],"_@":{"Volt":[0,150]},"sanpedro\/006\/VoltR":[["2","0.00000","0.00000","0.0","0.0"],["2","0.00000","0.00000","0.0","0.0"],["2","0.00000","0.00000","0.0","0.0"],["2","0.00000","0.00000","0.0","0.0"],["2","0.00000","0.00000","0.0","0.0"],["2","0.00000","0.00000","0.0","0.0"],["2","0.00000","0.00000","0.0","0.0"],["1","0.00000","0.00000","0.0","0.0"],["2","0.00000","0.00000","0.0","0.0"],["2","0.00000","0.00000","0.0","0.0"],["2","0.00000","0.00000","0.0","0.0"],["2","0.00000","0.00000","0.0","0.0"],["2","0.00000","0.00000","0.0","0.0"],["2","0.00000","0.00000","0.0","0.0"],["2","0.00000","0.00000","0.0","0.0"],["2","0.00000","0.00000","0.0","0.0"],["2","0.00000","0.00000","0.0","0.0"],["2","0.00000","0.00000","0.0","0.0"],["2","0.00000","0.00000","0.0","0.0"],["2","0.00000","0.00000","0.0","0.0"],["2","0.00000","0.00000","0.0","0.0"],["2","0.00000","0.00000","0.0","0.0"],["2","0.00000","0.00000","0.0","0.0"],["2","0.00000","0.00000","0.0","0.0"],["2","0.00000","0.00000","0.0","0.0"],["2","0.00000","0.00000","0.0","0.0"],["2","0.00000","0.00000","0.0","0.0"],["2","0.00000","0.00000","0.0","0.0"],["2","0.00000","0.00000","0.0","0.0"],["2","0.00000","0.00000","0.0","0.0"],["2","0.00000","0.00000","0.0","0.0"],["2","0.00000","0.00000","0.0","0.0"],["2","0.00000","0.00000","0.0","0.0"],["2","0.00000","0.00000","0.0","0.0"],["2","0.00000","0.00000","0.0","0.0"],["2","0.00000","0.00000","0.0","0.0"],["2","0.00000","0.00000","0.0","0.0"],["2","0.00000","0.00000","0.0","0.0"],["2","0.00000","0.00000","0.0","0.0"],["2","0.00000","0.00000","0.0","0.0"],["2","0.00000","0.00000","0.0","0.0"],["2","0.00000","0.00000","0.0","0.0"],["2","0.00000","0.00000","0.0","0.0"],["5","53.00000","64.91225","0.0","133.0"],["7","75.57143","65.44760","0.0","133.0"],["7","94.00000","59.45226","0.0","132.0"],["2","0.00000","0.00000","0.0","0.0"],["2","0.00000","0.00000","0.0","0.0"],["2","0.00000","0.00000","0.0","0.0"],["2","0.00000","0.00000","0.0","0.0"],["4","34.25000","59.32274","0.0","137.0"],["3","45.66667","64.58242","0.0","137.0"],["2","0.00000","0.00000","0.0","0.0"],["2","0.00000","0.00000","0.0","0.0"],["2","0.00000","0.00000","0.0","0.0"],["2","0.00000","0.00000","0.0","0.0"],["7","78.42857","67.92192","0.0","138.0"],["2","0.00000","0.00000","0.0","0.0"],["1","0.00000","0.00000","0.0","0.0"],["2","0.00000","0.00000","0.0","0.0"],["2","0.00000","0.00000","0.0","0.0"],["2","0.00000","0.00000","0.0","0.0"],["2","0.00000","0.00000","0.0","0.0"],["2","0.00000","0.00000","0.0","0.0"],["2","0.00000","0.00000","0.0","0.0"],["2","0.00000","0.00000","0.0","0.0"],["2","0.00000","0.00000","0.0","0.0"],["2","0.00000","0.00000","0.0","0.0"],["2","0.00000","0.00000","0.0","0.0"],["2","0.00000","0.00000","0.0","0.0"],["2","0.00000","0.00000","0.0","0.0"],["10","83.70000","68.34186","0.0","140.0"],["5","83.80000","68.42339","0.0","140.0"],["2","0.00000","0.00000","0.0","0.0"],["2","0.00000","0.00000","0.0","0.0"],["2","0.00000","0.00000","0.0","0.0"],["4","0.00000","0.00000","0.0","0.0"],["2","0.00000","0.00000","0.0","0.0"],["2","0.00000","0.00000","0.0","0.0"],["2","0.00000","0.00000","0.0","0.0"],["2","0.00000","0.00000","0.0","0.0"],["2","0.00000","0.00000","0.0","0.0"],["2","0.00000","0.00000","0.0","0.0"],["2","0.00000","0.00000","0.0","0.0"],["2","0.00000","0.00000","0.0","0.0"],["2","0.00000","0.00000","0.0","0.0"],["1","0.00000","0.00000","0.0","0.0"],["2","0.00000","0.00000","0.0","0.0"],["6","70.83333","70.83412","0.0","142.0"],["2","0.00000","0.00000","0.0","0.0"],["2","0.00000","0.00000","0.0","0.0"],["2","0.00000","0.00000","0.0","0.0"],["2","0.00000","0.00000","0.0","0.0"],["3","44.00000","62.22540","0.0","132.0"],["3","44.00000","62.22540","0.0","132.0"],["4","33.00000","57.15768","0.0","132.0"],["2","0.00000","0.00000","0.0","0.0"],["2","0.00000","0.00000","0.0","0.0"],["2","0.00000","0.00000","0.0","0.0"],["2","0.00000","0.00000","0.0","0.0"],["2","0.00000","0.00000","0.0","0.0"],["2","0.00000","0.00000","0.0","0.0"],["2","0.00000","0.00000","0.0","0.0"],["2","0.00000","0.00000","0.0","0.0"],["2","0.00000","0.00000","0.0","0.0"]]}