{"_t":[1368680400,1368766800,86400,144],"_i":["valentina\/003\/humidity","valentina\/003\/temp_dry","valentina\/003\/temp_wet"],"_@":{"humi":[90,100],"temp":[10,20]},"valentina\/003\/humidity":[["2","96.00000","0.00000","96.0","96.0"],["2","96.00000","0.00000","96.0","96.0"],["2","98.00000","0.00000","98.0","98.0"],["2","97.00000","1.00000","96.0","98.0"],["2","96.00000","0.00000","96.0","96.0"],["2","96.00000","0.00000","96.0","96.0"],["2","97.00000","1.00000","96.0","98.0"],["2","98.00000","0.00000","98.0","98.0"],["2","97.00000","1.00000","96.0","98.0"],["2","97.50000","0.50000","97.0","98.0"],["2","96.00000","0.00000","96.0","96.0"],["2","96.50000","0.50000","96.0","97.0"],["2","97.00000","0.00000","97.0","97.0"],["2","97.50000","0.50000","97.0","98.0"],["2","98.00000","0.00000","98.0","98.0"],["2","97.50000","0.50000","97.0","98.0"],["2","97.00000","0.00000","97.0","97.0"],["2","96.50000","0.50000","96.0","97.0"],["2","97.00000","1.00000","96.0","98.0"],["2","97.00000","0.00000","97.0","97.0"]],"valentina\/003\/temp_dry":[["2","11.70000","0.00000","11.7","11.7"],["2","11.70000","0.00000","11.7","11.7"],["2","11.70000","0.00000","11.7","11.7"],["2","11.70000","0.00000","11.7","11.7"],["2","11.70000","0.00000","11.7","11.7"],["2","11.70000","0.00000","11.7","11.7"],["2","11.65000","0.05000","11.6","11.7"],["2","11.60000","0.00000","11.6","11.6"],["2","11.65000","0.05000","11.6","11.7"],["2","11.70000","0.10000","11.6","11.8"],["2","11.90000","0.00000","11.9","11.9"],["2","11.95000","0.05000","11.9","12.0"],["2","11.90000","0.00000","11.9","11.9"],["2","11.75000","0.05000","11.7","11.8"],["2","11.65000","0.05000","11.6","11.7"],["2","11.50000","0.10000","11.4","11.6"],["2","11.40000","0.00000","11.4","11.4"],["2","11.30000","0.00000","11.3","11.3"],["2","11.25000","0.05000","11.2","11.3"],["2","11.30000","0.00000","11.3","11.3"]],"valentina\/003\/temp_wet":[["2","11.40000","0.00000","11.4","11.4"],["2","11.40000","0.00000","11.4","11.4"],["2","11.50000","0.00000","11.5","11.5"],["2","11.45000","0.05000","11.4","11.5"],["2","11.40000","0.00000","11.4","11.4"],["2","11.40000","0.00000","11.4","11.4"],["2","11.40000","0.00000","11.4","11.4"],["2","11.40000","0.00000","11.4","11.4"],["2","11.40000","0.00000","11.4","11.4"],["2","11.50000","0.10000","11.4","11.6"],["2","11.60000","0.00000","11.6","11.6"],["2","11.70000","0.00000","11.7","11.7"],["2","11.70000","0.00000","11.7","11.7"],["2","11.55000","0.05000","11.5","11.6"],["2","11.45000","0.05000","11.4","11.5"],["2","11.30000","0.10000","11.2","11.4"],["2","11.20000","0.00000","11.2","11.2"],["2","11.05000","0.05000","11.0","11.1"],["2","11.00000","0.00000","11.0","11.0"],["2","11.10000","0.00000","11.1","11.1"]]}