{"_t":[1366217100,1366303500,86400,144],"_i":["margaritas\/005\/humidity","margaritas\/005\/temperature"],"_@":{"humi":[30,90],"temp":[10,40]},"margaritas\/005\/humidity":{"0":["25","37.70800","2.25476","33.0","42.6"],"1":["13","39.02308","2.90997","35.7","46.2"],"2":["12","39.31667","2.03258","36.3","42.4"],"3":["25","45.37200","3.54102","37.5","50.4"],"4":["26","47.52692","3.62678","39.9","54.0"],"5":["26","45.31154","4.68782","38.5","53.4"],"6":["12","39.82500","4.46731","35.5","48.8"],"7":["25","35.16000","1.76182","31.0","38.6"],"8":["13","36.29231","3.39354","32.5","42.8"],"9":["26","38.68462","2.28603","34.3","43.1"],"10":["24","36.91667","3.08959","32.7","43.7"],"11":["26","35.81538","2.58839","31.4","42.5"],"12":["13","47.26923","2.31563","43.6","50.8"],"13":["12","50.32500","3.32092","45.3","55.5"],"14":["25","55.03600","3.23455","46.9","60.0"],"15":["13","53.59231","6.10050","41.1","63.1"],"16":["26","53.73846","3.93486","44.9","59.7"],"17":["24","55.92917","1.66920","52.3","59.6"],"18":["26","50.90385","2.27790","46.1","54.9"],"19":["13","46.96154","1.01568","45.5","48.4"],"20":["12","49.25000","2.60880","44.8","53.0"],"21":["25","53.36800","1.68207","50.3","57.4"],"22":["13","53.80769","1.65922","51.2","56.7"],"23":["26","54.05000","1.58654","51.6","59.1"],"24":["12","55.04167","2.45576","49.9","58.9"],"25":["25","57.30800","4.08793","50.1","66.6"],"26":["13","65.99231","3.49933","59.5","70.5"],"27":["12","63.10000","4.46878","58.3","71.2"],"28":["25","73.18800","2.79275","65.7","78.6"],"29":["26","79.41538","2.04388","75.3","83.3"],"30":["26","83.30000","1.98901","78.8","86.4"],"31":["12","84.75833","1.42972","83.1","86.4"],"32":["25","84.96000","1.49880","83.4","86.4"],"33":["13","85.01538","1.49556","83.4","86.4"],"34":["12","84.90000","1.50000","83.4","86.4"],"35":["25","84.92400","1.46677","83.4","86.4"],"36":["26","84.84615","1.53127","83.3","86.4"],"37":["26","84.80000","1.50000","83.3","86.3"],"38":["12","84.80000","1.50000","83.3","86.3"],"39":["25","84.86000","1.49880","83.3","86.3"],"40":["13","84.58462","1.33119","83.3","86.3"],"41":["26","84.35000","1.13688","83.3","86.3"],"42":["24","84.61667","1.34123","83.3","86.3"],"43":["26","84.60000","1.45364","83.2","86.3"],"44":["13","84.39231","1.22754","83.2","86.3"],"45":["12","84.25000","1.20865","83.2","86.2"],"46":["25","84.76000","1.49880","83.2","86.2"],"47":["13","84.81538","1.49556","83.2","86.2"],"48":["26","84.70000","1.50000","83.2","86.2"],"49":["24","84.70000","1.50000","83.2","86.2"],"50":["26","84.70000","1.50000","83.2","86.2"],"51":["13","84.81538","1.49556","83.2","86.2"],"52":["12","84.70000","1.50000","83.2","86.2"],"53":["25","84.76000","1.49880","83.2","86.2"],"54":["13","84.80000","1.51251","83.1","86.2"],"55":["26","84.65000","1.55000","83.1","86.2"],"56":["12","84.65000","1.55000","83.1","86.2"],"57":["25","84.71200","1.54876","83.1","86.2"],"58":["13","84.76923","1.54541","83.1","86.2"],"59":["12","84.65000","1.55000","83.1","86.2"],"60":["25","84.71200","1.54876","83.1","86.2"],"61":["26","84.65000","1.55000","83.1","86.2"],"62":["26","84.65000","1.55000","83.1","86.2"],"63":["12","84.65000","1.55000","83.1","86.2"],"64":["25","84.71200","1.54876","83.1","86.2"],"65":["13","84.76923","1.54541","83.1","86.2"],"66":["12","84.65000","1.55000","83.1","86.2"],"67":["25","84.71200","1.54876","83.1","86.2"],"68":["26","84.65000","1.55000","83.1","86.2"],"69":["26","84.65000","1.55000","83.1","86.2"],"70":["12","84.65000","1.55000","83.1","86.2"],"71":["25","84.71200","1.54876","83.1","86.2"],"72":["13","84.76923","1.54541","83.1","86.2"],"73":["26","84.65000","1.55000","83.1","86.2"],"74":["24","84.65000","1.55000","83.1","86.2"],"75":["26","84.65000","1.55000","83.1","86.2"],"76":["13","84.76923","1.54541","83.1","86.2"],"77":["12","84.65000","1.55000","83.1","86.2"],"78":["25","84.71200","1.54876","83.1","86.2"],"79":["13","84.72308","1.59526","83.0","86.2"],"80":["26","84.60000","1.60000","83.0","86.2"],"81":["24","84.55833","1.55856","83.0","86.2"],"82":["26","84.55000","1.55000","83.0","86.1"],"83":["13","84.66923","1.54541","83.0","86.1"],"84":["12","84.55000","1.55000","83.0","86.1"],"85":["25","84.61200","1.54876","83.0","86.1"],"86":["13","84.66923","1.54541","83.0","86.1"],"87":["26","84.55000","1.55000","83.0","86.1"],"88":["12","84.55000","1.55000","83.0","86.1"],"89":["25","84.61200","1.54876","83.0","86.1"],"90":["13","84.66923","1.54541","83.0","86.1"],"91":["12","84.55000","1.55000","83.0","86.1"],"92":["25","84.61200","1.54876","83.0","86.1"],"93":["26","84.55000","1.55000","83.0","86.1"],"94":["26","84.55000","1.55000","83.0","86.1"],"95":["12","84.55000","1.55000","83.0","86.1"],"96":["25","84.61200","1.54876","83.0","86.1"],"97":["13","84.66923","1.54541","83.0","86.1"],"98":["12","84.55000","1.55000","83.0","86.1"],"99":["25","84.61200","1.54876","83.0","86.1"],"100":["26","84.55000","1.55000","83.0","86.1"],"101":["26","84.55000","1.55000","83.0","86.1"],"102":["12","84.55000","1.55000","83.0","86.1"],"103":["25","84.61200","1.54876","83.0","86.1"],"104":["13","84.66923","1.54541","83.0","86.1"],"105":["12","84.55000","1.55000","83.0","86.1"],"128":["10","52.76000","3.81895","47.4","59.0"],"129":["26","50.41538","4.76935","43.4","57.4"],"130":["25","50.54400","4.67753","44.1","58.4"],"131":["25","51.50800","5.11570","45.1","61.4"],"132":["26","50.68846","2.91868","46.5","58.1"],"133":["26","54.83077","4.17840","47.5","60.6"],"134":["12","56.94167","6.22488","49.5","64.7"],"135":["25","61.74800","5.25837","52.3","70.5"],"136":["13","68.27692","1.90955","64.1","71.2"],"137":["13","63.37692","4.14063","57.9","71.8"],"138":["24","59.62917","3.26005","51.9","65.1"],"139":["26","54.49231","3.79209","47.6","63.1"],"140":["13","51.16154","4.81209","44.5","57.8"],"141":["12","51.38333","5.55995","44.2","59.2"],"142":["25","50.86400","3.67879","44.5","57.5"],"143":["13","48.27692","4.42235","41.9","56.6"]},"margaritas\/005\/temperature":{"0":["25","27.82800","2.55179","24.2","30.7"],"1":["13","27.15385","2.11137","24.3","29.7"],"2":["12","26.12500","2.27088","23.4","28.9"],"3":["25","23.77200","1.74826","21.3","27.6"],"4":["26","23.01538","1.16675","21.4","25.1"],"5":["26","24.25769","0.79623","22.6","26.0"],"6":["12","26.65833","1.54135","24.9","29.4"],"7":["25","27.91200","2.45150","25.2","30.9"],"8":["13","27.56923","2.11601","25.4","30.0"],"9":["26","26.08077","2.41406","22.7","30.0"],"10":["24","27.46250","1.79787","25.1","30.2"],"11":["26","27.61538","1.87138","24.4","30.2"],"12":["13","24.66154","0.75706","23.6","25.8"],"13":["12","24.47500","0.54025","23.8","25.3"],"14":["25","23.40800","0.66448","21.8","24.2"],"15":["13","25.59231","1.57014","22.6","27.8"],"16":["26","24.71923","1.70565","22.3","27.2"],"17":["24","23.94583","1.12841","22.3","25.8"],"18":["26","25.77308","1.28349","23.8","28.0"],"19":["13","26.96923","1.47199","25.4","28.6"],"20":["12","26.09167","1.44249","24.4","28.2"],"21":["25","24.71600","1.28986","23.2","26.5"],"22":["13","24.17692","1.13216","22.9","25.6"],"23":["26","24.27692","1.03005","22.9","25.5"],"24":["12","24.46667","0.97838","23.1","25.7"],"25":["25","23.54000","1.08111","21.6","25.4"],"26":["13","20.96154","1.19714","19.6","22.5"],"27":["12","20.52500","1.04093","19.4","21.9"],"28":["25","18.76000","1.08074","17.0","20.4"],"29":["26","17.49231","0.84713","16.4","18.8"],"30":["26","16.67692","0.65063","15.9","17.7"],"31":["12","16.46667","0.65490","15.7","17.2"],"32":["25","16.10000","0.65848","15.4","16.9"],"33":["13","16.06154","0.60706","15.5","16.8"],"34":["12","16.06667","0.56765","15.5","16.7"],"35":["25","15.65200","0.51623","15.0","16.3"],"36":["26","15.22308","0.55768","14.5","16.0"],"37":["26","15.03846","0.53929","14.5","15.6"],"38":["12","15.00000","0.50000","14.5","15.5"],"39":["25","14.91200","0.43018","14.5","15.4"],"40":["13","14.80769","0.44283","14.4","15.4"],"41":["26","14.78462","0.41666","14.3","15.2"],"42":["24","14.70000","0.47871","14.1","15.2"],