{"_t":[1381240800,1381327200,86400,144],"_i":["timana0\/001\/humidity","timana0\/001\/temp_dry","timana0\/001\/temp_wet"],"_@":{"humi":[40,100],"temp":[0,30]},"timana0\/001\/humidity":[["2","51.00000","0.00000","51.0","51.0"],["2","51.00000","0.00000","51.0","51.0"],["2","51.50000","1.50000","50.0","53.0"],["2","52.50000","1.50000","51.0","54.0"],["2","52.50000","1.50000","51.0","54.0"],["2","51.00000","1.00000","50.0","52.0"],["2","55.50000","1.50000","54.0","57.0"],["2","58.00000","1.00000","57.0","59.0"],["2","57.50000","1.50000","56.0","59.0"],["2","52.50000","0.50000","52.0","53.0"],["2","52.00000","1.00000","51.0","53.0"],["2","49.00000","0.00000","49.0","49.0"],["2","53.50000","1.50000","52.0","55.0"],["2","55.50000","1.50000","54.0","57.0"],["2","55.50000","0.50000","55.0","56.0"],["2","53.50000","0.50000","53.0","54.0"],["2","59.00000","0.00000","59.0","59.0"],["2","60.50000","0.50000","60.0","61.0"],["2","57.50000","0.50000","57.0","58.0"],["2","59.00000","1.00000","58.0","60.0"],["2","60.50000","1.50000","59.0","62.0"],["2","58.00000","1.00000","57.0","59.0"],["2","57.00000","0.00000","57.0","57.0"],["2","57.00000","1.00000","56.0","58.0"],["2","54.00000","1.00000","53.0","55.0"],["2","55.50000","0.50000","55.0","56.0"],["1","56.00000","0.00000","56.0","56.0"],["2","59.50000","2.50000","57.0","62.0"],["2","60.00000","0.00000","60.0","60.0"],["2","52.50000","0.50000","52.0","53.0"],["2","50.50000","2.50000","48.0","53.0"],["2","59.00000","3.00000","56.0","62.0"],["2","61.50000","1.50000","60.0","63.0"],["2","58.00000","3.00000","55.0","61.0"],["2","49.50000","1.50000","48.0","51.0"],["2","47.50000","0.50000","47.0","48.0"],["2","48.50000","0.50000","48.0","49.0"],["2","50.00000","0.00000","50.0","50.0"],["2","54.00000","1.00000","53.0","55.0"],["2","53.00000","0.00000","53.0","53.0"],["2","60.50000","1.50000","59.0","62.0"],["2","63.50000","0.50000","63.0","64.0"],["2","60.50000","2.50000","58.0","63.0"],["2","53.50000","1.50000","52.0","55.0"],["2","51.50000","0.50000","51.0","52.0"],["2","53.00000","0.00000","53.0","53.0"],["2","59.50000","2.50000","57.0","62.0"],["2","67.00000","2.00000","65.0","69.0"],["2","70.00000","0.00000","70.0","70.0"],["2","71.00000","0.00000","71.0","71.0"],["1","71.00000","0.00000","71.0","71.0"],["2","74.00000","1.00000","73.0","75.0"],["2","75.00000","0.00000","75.0","75.0"],["2","75.00000","0.00000","75.0","75.0"],["2","77.50000","0.50000","77.0","78.0"],["2","78.50000","0.50000","78.0","79.0"],["2","78.50000","0.50000","78.0","79.0"],["2","78.50000","0.50000","78.0","79.0"],["2","77.50000","0.50000","77.0","78.0"],["2","78.50000","0.50000","78.0","79.0"],["2","79.00000","0.00000","79.0","79.0"],["2","80.00000","1.00000","79.0","81.0"],["2","83.00000","0.00000","83.0","83.0"],["2","84.00000","0.00000","84.0","84.0"],["2","86.50000","0.50000","86.0","87.0"],["2","86.00000","1.00000","85.0","87.0"],["2","84.50000","0.50000","84.0","85.0"],["2","89.50000","1.50000","88.0","91.0"],["2","91.00000","1.00000","90.0","92.0"],["2","90.00000","0.00000","90.0","90.0"],["2","90.50000","0.50000","90.0","91.0"],["2","88.00000","0.00000","88.0","88.0"],["2","87.50000","0.50000","87.0","88.0"],["2","85.50000","0.50000","85.0","86.0"],["2","88.00000","2.00000","86.0","90.0"],["2","90.50000","0.50000","90.0","91.0"],["2","91.50000","0.50000","91.0","92.0"],["2","92.50000","0.50000","92.0","93.0"],["2","93.00000","0.00000","93.0","93.0"],["2","93.00000","1.00000","92.0","94.0"],["2","94.00000","0.00000","94.0","94.0"],["1","93.00000","0.00000","93.0","93.0"],["2","93.00000","0.00000","93.0","93.0"],["2","94.00000","0.00000","94.0","94.0"],["2","96.00000","1.00000","95.0","97.0"],["2","96.50000","0.50000","96.0","97.0"],["2","96.00000","1.00000","95.0","97.0"],["2","97.50000","0.50000","97.0","98.0"],["2","97.00000","0.00000","97.0","97.0"],["2","96.00000","1.00000","95.0","97.0"],["2","97.00000","0.00000","97.0","97.0"],["2","97.50000","0.50000","97.0","98.0"],["2","98.00000","0.00000","98.0","98.0"],["2","97.50000","0.50000","97.0","98.0"],["2","98.00000","0.00000","98.0","98.0"],["2","98.00000","0.00000","98.0","98.0"],["2","99.00000","1.00000","98.0","100.0"],["2","98.00000","0.00000","98.0","98.0"],["2","98.00000","0.00000","98.0","98.0"],["2","98.00000","0.00000","98.0","98.0"],["2","98.00000","0.00000","98.0","98.0"],["2","97.50000","0.50000","97.0","98.0"],["2","98.00000","0.00000","98.0","98.0"],["2","97.00000","1.00000","96.0","98.0"],["2","98.00000","0.00000","98.0","98.0"],["2","98.00000","0.00000","98.0","98.0"],["2","97.00000","1.00000","96.0","98.0"],["2","98.00000","0.00000","98.0","98.0"],["2","97.50000","0.50000","97.0","98.0"],["2","97.50000","1.50000","96.0","99.0"],["2","98.00000","0.00000","98.0","98.0"],["2","98.00000","0.00000","98.0","98.0"],["1","96.00000","0.00000","96.0","96.0"],["2","97.00000","1.00000","96.0","98.0"],["2","96.00000","0.00000","96.0","96.0"],["2","96.00000","0.00000","96.0","96.0"],["2","98.00000","0.00000","98.0","98.0"],["2","97.00000","1.00000","96.0","98.0"],["2","96.00000","0.00000","96.0","96.0"],["2","97.00000","1.00000","96.0","98.0"],["2","98.00000","0.00000","98.0","98.0"],["2","99.00000","1.00000","98.0","100.0"],["2","98.00000","2.00000","96.0","100.0"],["2","97.00000","1.00000","96.0","98.0"],["2","97.00000","1.00000","96.0","98.0"],["2","98.00000","0.00000","98.0","98.0"],["2","97.00000","1.00000","96.0","98.0"],["2","96.50000","1.50000","95.0","98.0"],["2","92.50000","1.50000","91.0","94.0"],["2","89.00000","0.00000","89.0","89.0"],["1","88.00000","0.00000","88.0","88.0"],["2","85.50000","0.50000","85.0","86.0"],["2","84.50000","0.50000","84.0","85.0"],["2","82.50000","0.50000","82.0","83.0"],["2","80.50000","0.50000","80.0","81.0"],["2","79.50000","0.50000","79.0","80.0"],["2","77.50000","0.50000","77.0","78.0"],["2","75.50000","0.50000","75.0","76.0"],["2","72.00000","1.00000","71.0","73.0"],["2","68.00000","1.00000","67.0","69.0"],["2","61.00000","2.00000","59.0","63.0"],["2","56.50000","0.50000","56.0","57.0"],["2","56.50000","1.50000","55.0","58.0"],["2","55.50000","0.50000","55.0","56.0"]],