{"_t":[1369112400,1369198800,86400,144],"_i":["sanpedro\/002\/humidity","sanpedro\/002\/temperature"],"_@":{"humi":[50,70],"temp":[10,30]},"sanpedro\/002\/humidity":{"54":["46","62.34565","2.09697","59.6","67.6"],"55":["55","59.50364","4.44154","54.0","69.7"],"56":["46","53.93043","2.39663","51.3","59.7"]},"sanpedro\/002\/temperature":{"54":["46","20.38696","1.19466","19.5","22.6"],"55":["55","21.91818","1.27950","20.3","24.1"],"56":["46","22.70217","2.19975","20.7","26.6"]}}