{"_t":[1368766800,1368853200,86400,144],"_i":["marly\/001\/humidity","marly\/001\/temperature"],"_@":{"humi":[30,90],"temp":[0,30]},"marly\/001\/humidity":[["9","86.10000","0.00000","86.1","86.1"],["9","86.10000","0.00000","86.1","86.1"],["10","86.10000","0.00000","86.1","86.1"],["9","86.17778","0.21999","86.1","86.8"],["9","86.10000","0.00000","86.1","86.1"],["9","86.10000","0.00000","86.1","86.1"],["9","86.10000","0.00000","86.1","86.1"],["9","86.17778","0.21999","86.1","86.8"],["10","86.17000","0.21000","86.1","86.8"],["9","86.10000","0.00000","86.1","86.1"],["9","86.10000","0.00000","86.1","86.1"],["10","86.10000","0.00000","86.1","86.1"],["9","86.10000","0.00000","86.1","86.1"],["9","86.10000","0.00000","86.1","86.1"],["9","86.10000","0.00000","86.1","86.1"],["9","86.10000","0.00000","86.1","86.1"],["10","86.10000","0.00000","86.1","86.1"],["9","86.10000","0.00000","86.1","86.1"],["9","86.10000","0.00000","86.1","86.1"],["9","86.16667","0.18856","86.1","86.7"],["9","86.10000","0.00000","86.1","86.1"],["9","86.10000","0.00000","86.1","86.1"],["9","86.10000","0.00000","86.1","86.1"],["10","86.10000","0.00000","86.1","86.1"],["9","86.10000","0.00000","86.1","86.1"],["10","86.16000","0.18000","86.1","86.7"],["9","86.10000","0.00000","86.1","86.1"],["9","86.10000","0.00000","86.1","86.1"],["10","86.10000","0.00000","86.1","86.1"],["8","86.10000","0.00000","86.1","86.1"],["9","86.10000","0.00000","86.1","86.1"],["9","86.10000","0.00000","86.1","86.1"],["10","86.10000","0.00000","86.1","86.1"],["9","86.10000","0.00000","86.1","86.1"],["9","86.10000","0.00000","86.1","86.1"],["9","86.10000","0.00000","86.1","86.1"],["9","86.10000","0.00000","86.1","86.1"],["11","86.15455","0.17249","86.1","86.7"],["9","86.10000","0.00000","86.1","86.1"],["9","86.10000","0.00000","86.1","86.1"],["9","86.10000","0.00000","86.1","86.1"],["9","86.10000","0.00000","86.1","86.1"],["10","86.10000","0.00000","86.1","86.1"],["8","86.10000","0.00000","86.1","86.1"],["9","86.10000","0.00000","86.1","86.1"],["9","86.10000","0.00000","86.1","86.1"],["10","86.10000","0.00000","86.1","86.1"],["9","86.10000","0.00000","86.1","86.1"],["9","86.10000","0.00000","86.1","86.1"],["10","86.16000","0.18000","86.1","86.7"],["9","86.20000","0.00000","86.2","86.2"],["10","86.26000","0.04899","86.2","86.3"],["9","86.35556","0.06849","86.3","86.5"],["9","85.30000","1.36056","83.1","86.5"],["9","83.77778","0.73904","82.7","85.0"],["10","85.08000","1.05622","83.0","86.4"],["9","86.40000","0.00000","86.4","86.4"],["11","86.63636","0.24223","86.4","86.9"],["15","86.56000","0.39124","85.8","86.9"],["8","83.13750","1.89403","81.2","86.9"],["9","80.72222","1.14288","78.4","82.0"],["9","78.86667","1.34743","77.0","81.0"],["9","77.68889","0.78379","76.2","79.0"],["10","76.55000","3.69249","73.6","87.0"],["10","75.01000","1.72015","71.3","77.6"],["9","71.98889","1.05351","70.0","73.2"],["9","72.10000","1.81108","69.2","74.7"],["9","70.82222","0.69885","69.6","71.6"],["10","69.57000","1.28534","67.6","71.8"],["9","67.61111","1.25295","64.7","68.8"],["9","63.40000","1.67862","61.3","67.1"],["9","60.66667","1.37598","58.8","63.3"],["10","54.55000","2.88349","50.9","60.1"],["9","46.35556","2.42950","42.7","49.2"],["9","38.80000","2.14838","36.1","41.8"],["9","44.07778","1.91878","41.2","46.9"],["8","53.61250","5.78650","48.6","67.6"],["10","63.30000","3.88536","57.0","70.2"],["9","50.61111","2.53791","45.7","55.1"],["9","47.41111","2.85090","42.4","50.7"],["8","58.31250","3.51512","52.6","62.7"],["8","71.93750","6.86184","64.6","82.8"],["17","82.95294","4.61202","74.2","87.2"],["1","85.60000","0.00000","85.6","85.6"],["5","86.10000","0.50596","85.3","86.5"],["9","81.08889","2.41037","77.6","84.9"],["9","72.84444","2.15464","70.2","77.1"],["10","69.80000","1.10000","68.1","71.7"],["9","66.02222","2.13946","62.0","68.5"],["9","64.85556","1.84759","63.0","67.8"],["9","67.72222","0.98633","65.7","69.6"],["9","67.24444","0.95581","65.5","68.7"],["10","62.17000","1.98144","59.4","64.8"],["9","57.13333","2.17970","52.9","60.4"],["9","58.96667","1.69575","55.7","60.8"],["9","58.67778","2.10807","54.9","61.5"],["9","53.68889","1.53293","51.5","56.1"],["10","57.93000","2.95230","53.3","63.0"],["9","66.66667","2.20555","63.4","69.8"],["9","73.57778","1.86832","70.4","76.9"],["9","77.58889","1.03004","75.8","79.2"],["9","82.53333","1.41264","80.3","84.8"],["9","85.38889","0.80339","84.0","86.5"],["9","86.50000","0.00000","86.5","86.5"],["10","86.51000","0.17000","86.4","87.0"],["10","86.40000","0.00000","86.4","86.4"],["9","86.40000","0.00000","86.4","86.4"],["9","86.40000","0.00000","86.4","86.4"],["9","86.33333","0.04714","86.3","86.4"],["9","86.30000","0.00000","86.3","86.3"],["10","86.30000","0.00000","86.3","86.3"],["9","86.30000","0.00000","86.3","86.3"],["9","86.30000","0.00000","86.3","86.3"],["9","86.30000","0.00000","86.3","86.3"],["10","86.30000","0.00000","86.3","86.3"],["9","86.30000","0.00000","86.3","86.3"],["3","86.30000","0.00000","86.3","86.3"]],