{"_t":[1380085200,1380171600,86400,144],"_i":["timana0\/005\/tension"],"_@":{"tens":[0,30]},"timana0\/005\/tension":{"42":["2","10.60000","2.20000","8.4","12.8"],"43":["2","7.95000","0.05000","7.9","8.0"],"44":["2","8.65000","0.35000","8.3","9.0"],"45":["2","14.80000","1.20000","13.6","16.0"],"46":["2","16.65000","0.35000","16.3","17.0"],"47":["2","9.70000","1.60000","8.1","11.3"],"48":["2","15.35000","2.55000","12.8","17.9"],"49":["2","19.10000","0.20000","18.9","19.3"],"50":["2","20.10000","0.40000","19.7","20.5"],"51":["2","20.10000","0.20000","19.9","20.3"],"52":["2","19.85000","0.65000","19.2","20.5"],"53":["2","19.90000","0.50000","19.4","20.4"],"54":["2","19.70000","0.00000","19.7","19.7"],"55":["2","20.15000","0.95000","19.2","21.1"],"56":["2","20.80000","0.10000","20.7","20.9"],"57":["2","20.65000","0.15000","20.5","20.8"],"58":["2","20.80000","0.00000","20.8","20.8"],"59":["2","20.80000","0.00000","20.8","20.8"],"60":["2","21.00000","0.40000","20.6","21.4"],"61":["2","20.65000","0.15000","20.5","20.8"],"62":["2","21.25000","0.15000","21.1","21.4"],"63":["1","21.10000","0.00000","21.1","21.1"],"64":["2","21.40000","0.10000","21.3","21.5"],"65":["2","21.50000","0.30000","21.2","21.8"],"66":["2","21.40000","0.00000","21.4","21.4"],"67":["2","21.65000","0.15000","21.5","21.8"],"68":["2","21.20000","0.00000","21.2","21.2"],"69":["2","21.45000","0.05000","21.4","21.5"],"70":["2","16.35000","3.45000","12.9","19.8"],"71":["2","20.35000","0.35000","20.0","20.7"],"72":["2","20.25000","0.15000","20.1","20.4"],"73":["2","21.20000","0.90000","20.3","22.1"],"74":["2","21.90000","0.10000","21.8","22.0"],"75":["2","20.90000","0.40000","20.5","21.3"],"76":["2","19.95000","0.25000","19.7","20.2"],"77":["2","18.95000","0.05000","18.9","19.0"],"78":["2","13.10000","5.10000","8.0","18.2"],"79":["2","13.95000","6.05000","7.9","20.0"],"80":["2","20.70000","0.10000","20.6","20.8"],"81":["2","20.55000","0.15000","20.4","20.7"],"82":["2","20.75000","0.05000","20.7","20.8"],"83":["2","20.80000","0.10000","20.7","20.9"],"84":["2","21.20000","0.10000","21.1","21.3"],"85":["2","21.00000","0.30000","20.7","21.3"],"86":["2","19.65000","0.25000","19.4","19.9"],"87":["2","19.05000","0.15000","18.9","19.2"],"88":["2","20.60000","0.20000","20.4","20.8"],"89":["2","21.20000","0.30000","20.9","21.5"],"90":["2","20.10000","0.20000","19.9","20.3"],"91":["2","16.20000","3.30000","12.9","19.5"],"92":["2","21.50000","0.10000","21.4","21.6"]}}