{"_t":[1381726800,1384318800,2592000,240],"_i":["sanpedro\/002\/humidity","sanpedro\/002\/temperature"],"_@":{"humi":[30,100],"temp":[0,40]},"sanpedro\/002\/humidity":{"0":["1","92.10000","0.00000","92.1","92.1"],"1":["3","91.80000","0.00000","91.8","91.8"],"2":["104","81.74615","8.20451","71.8","91.9"],"3":["568","55.16479","11.79121","39.0","79.6"],"4":["569","61.84974","14.17644","46.4","92.6"],"5":["409","74.98044","12.37541","55.8","92.6"],"6":["32","92.18750","0.12183","92.0","92.4"],"7":["17","91.88235","0.08565","91.8","92.0"],"8":["41","91.74390","0.04963","91.7","91.8"],"9":["60","91.69333","0.08919","91.6","91.8"],"10":["469","85.74179","3.67387","80.6","92.6"],"11":["958","62.54969","10.31679","45.0","92.9"],"12":["1097","54.79535","10.95707","36.6","80.3"],"13":["820","77.47244","6.60173","65.7","92.4"],"14":["69","91.99855","0.16462","91.7","92.3"],"15":["25","91.65600","0.04964","91.6","91.7"],"16":["9","91.76667","0.04714","91.7","91.8"],"17":["39","91.53590","0.09997","91.4","91.7"],"18":["759","71.46601","11.46024","56.0","92.2"],"19":["867","67.94037","8.83685","46.5","85.0"],"20":["821","81.44836","9.19755","65.8","92.6"],"21":["74","92.27568","0.07852","92.1","92.4"],"22":["44","92.10000","0.00000","92.1","92.1"],"23":["49","92.08163","0.03872","92.0","92.1"],"24":["50","91.93800","0.04854","91.9","92.0"],"25":["49","91.86327","0.04821","91.8","91.9"],"26":["553","80.81573","8.84998","63.4","92.7"],"27":["379","92.74011","1.03561","88.2","93.7"],"28":["1171","63.62485","9.31616","47.5","90.3"],"29":["1030","75.94136","6.85708","62.8","92.3"],"30":["66","91.96818","0.12451","91.8","92.1"],"31":["75","91.64800","0.08384","91.5","91.8"],"32":["66","91.54394","0.04963","91.5","91.6"],"33":["76","91.49868","0.04134","91.4","91.6"],"34":["794","73.16474","9.73247","55.7","92.3"],"35":["1187","52.27540","8.76562","33.4","67.2"],"36":["1200","55.78992","2.83055","50.5","65.9"],"37":["1014","77.07120","6.90827","63.9","92.3"],"38":["79","92.12278","0.06741","92.0","92.3"],"39":["61","91.90656","0.07654","91.7","92.0"],"40":["70","91.59143","0.06266","91.5","91.7"],"41":["77","91.45584","0.04966","91.4","91.5"],"42":["723","75.95131","9.24774","62.4","92.3"],"43":["1189","50.65357","7.70374","35.0","67.4"],"44":["1192","54.12341","7.87009","39.1","74.2"],"45":["940","75.26638","7.63552","59.6","92.4"],"46":["75","92.04533","0.08686","91.9","92.2"],"47":["71","91.71549","0.10160","91.6","91.9"],"48":["85","91.47647","0.08352","91.4","91.6"],"49":["71","91.46620","0.04730","91.4","91.5"],"50":["739","75.91326","9.67332","61.1","92.3"],"51":["1172","54.33490","7.90857","35.8","67.2"],"52":["1157","65.35281","12.01763","46.7","89.7"],"53":["788","83.16371","4.43027","73.0","92.6"],"54":["57","92.28246","0.03803","92.2","92.3"],"55":["57","92.11754","0.07039","92.0","92.2"],"56":["63","91.85397","0.05293","91.8","92.0"],"57":["69","91.65942","0.07483","91.6","91.8"],"58":["680","77.98941","7.76619","66.1","92.5"],"59":["1039","57.75274","8.04064","45.6","78.1"],"60":["1138","60.93014","12.85054","44.7","93.0"],"61":["740","66.78635","13.79987","47.5","92.5"],"62":["62","92.22903","0.13123","92.1","92.4"],"63":["52","92.10000","0.00000","92.1","92.1"],"64":["52","92.05577","0.04967","92.0","92.1"],"65":["61","91.87541","0.06691","91.8","92.0"],"66":["682","71.28519","11.73796","53.4","92.9"],"67":["1168","65.04144","7.88437","48.2","79.8"],"68":["1119","71.24861","8.90326","52.3","87.3"],"69":["826","76.27579","11.61910","53.0","92.4"],"70":["58","92.11379","0.03448","92.1","92.2"],"71":["62","92.06129","0.07038","91.9","92.1"],"72":["57","91.84561","0.04981","91.8","91.9"],"73":["64","91.83750","0.04841","91.8","91.9"],"74":["774","73.50233","10.26276","55.7","92.6"],"75":["1167","51.92082","8.50812","35.9","71.9"],"76":["1168","55.69983","7.19518","43.8","72.5"],"77":["512","84.64785","6.09677","72.7","92.7"],"78":["68","92.17794","0.04146","92.1","92.2"],"79":["59","92.05932","0.06139","91.9","92.1"],"80":["55","91.82727","0.04454","91.8","91.9"],"81":["71","91.63380","0.13629","91.5","91.9"],"82":["558","77.72975","9.78272","63.1","92.4"],"83":["1210","55.78661","7.54913","40.6","72.9"],"84":["1149","64.90688","7.94567","48.9","75.8"],"85":["289","65.23391","9.62224","48.9","81.1"],"149":["536","75.90951","6.27180","66.3","88.5"],"150":["229","89.87555","1.73402","86.4","92.2"],"151":["58","92.03276","0.04693","92.0","92.1"],"152":["62","91.92258","0.04181","91.9","92.0"],"153":["56","91.92321","0.04222","91.9","92.0"],"154":["648","75.61049","10.46425","58.8","92.7"],"155":["1184","54.60853","9.13066","33.4","73.5"],"156":["1058","62.47306","11.46945","42.1","82.8"],"157":["503","84.86759","4.35992","78.3","92.5"],"158":["51","92.14902","0.07242","92.1","92.3"],"159":["51","92.08235","0.03812","92.0","92.1"],"160":["50","92.00000","0.00000","92.0","92.0"],"161":["49","92.00816","0.02738","92.0","92.1"],"162":["267","88.84981","2.32587","85.1","92.5"],"163":["961","68.48127","10.65590","55.9","86.6"],"164":["1121","59.94041","8.78251","43.6","79.9"],"165":["590","75.77915","8.80369","58.7","92.5"],"166":["46","92.26957","0.05849","92.2","92.4"],"167":["42","92.14524","0.04977","92.1","92.2"],"168":["43","92.10465","0.02106","92.1","92.2"],"169":["41","92.10000","0.00000","92.1","92.1"],"170":["68","92.22353","0.13839","92.1","92.5"],"171":["973","67.36567","11.57284","51.0","92.7"],"172":["880","74.08341","11.51338","52.6","91.8"],"173":["307","82.84300","6.01350","74.2","92.4"],"174":["48","92.22083","0.04061","92.2","92.3"],"175":["47","92.15957","0.04907","92.1","92.2"],"176":["46","92.07826","0.04125","92.0","92.1"],"177":["55","91.91273","0.05738","91.8","92.0"],"178":["649","75.02912","9.89593","60.0","92.6"],"179":["982","69.10682","11.65342","53.4","88.7"],"180":["1050","61.89086","9.18314","45.5","80.5"],"181":["649","81.16641","10.37444","49.8","92.4"],"182":["50","92.29000","0.08544","92.2","92.4"],"183":["52","92.14615","0.04985","92.1","92.2"],"184":["47","92.10000","0.00000","92.1","92.1"],"185":["57","92.00351","0.07246","91.9","92.1"],"186":["566","80.36237","7.91689","68.6","92.6"],"187":["1076","68.60186","10.65970","47.4","89.3"],"188":["949","73.56449","9.75718","50.3","86.9"],"189":["727","69.32380","15.32064","47.1","92.6"],"190":["53","92.29245","0.07229","92.2","92.4"],"191":["56","92.11607","0.03673","92.1","92.2"],"192":["54","92.10000","0.00000","92.1","92.1"],"193":["55","92.05636","0.04959","92.0","92.1"],"194":["488","79.14549","8.40001","64.4","92.6"],"195":["1132","61.94850","7.48314","42.9","77.0"],"196":["1140","52.51684","8.13267","41.2","74.0"],"197":["780","77.85500","11.03574","51.8","92.6"],"198":["54","92.31481","0.03552","92.3","92.4"],"199":["51","92.22549","0.04358","92.2","92.3"],"200":["61","92.11148","0.03187","92.1","92.2"],"201":["61","92.03443","0.08471","91.9","92.1"],"202":["602","79.33937","11.38150","57.6","92.9"],"203":["1182","56.47343","6.59317","42.9","71.6"],"204":["1152","53.52786","7.03350","41.3","72.5"],"205":["589","76.23158","8.62392","60.0","92.6"],"206":["68","92.27353","0.07596","92.2","92.4"],"207":["58","92.16552","0.04753","92.1","92.2"],"208":["51","92.09804","0.01386","92.0","92.1"],"209":["65","92.00000","0.00000","92.0","92.0"],"210":["518","74.12220","11.51340","59.4","92.7"],"211":["1112","60.20809","8.02694","41.4","78.8"],"212":["1041","64.16993","12.49171","44.7","84.9"],"213":["522","86.45498","2.40908","81.4","92.5"],"214":["54","92.26296","0.04829","92.2","92.3"],"215":["60","92.12833","0.07093","92.0","92.2"],"216":["49","92.00000","0.00000","92.0","92.0"],"217":["53","92.00000","0.00000","92.0","92.0"],"218":["478","75.29100","14.45199","51.7","92.7"],"219":["1055","62.14152","9.99040","39.2","76.8"],"220":["969","70.41744","11.69560","48.7","90.2"],"221":["95","92.22842","0.59003","90.3","92.7"],"222":["54","92.20741","0.09399","92.1","92.4"],"223":["65","91.99231","0.09166","91.8","92.1"],"224":["55","91.85273","0.04993","91.8","91.9"],