{"_t":[1378702800,1378789200,86400,144],"_i":["timana0\/001\/humidity","timana0\/001\/temp_dry","timana0\/001\/temp_wet"],"_@":{"humi":[20,100],"temp":[0,30]},"timana0\/001\/humidity":[["2","87.50000","0.50000","87.0","88.0"],["2","83.50000","0.50000","83.0","84.0"],["2","85.50000","0.50000","85.0","86.0"],["2","85.50000","1.50000","84.0","87.0"],["2","86.00000","2.00000","84.0","88.0"],["2","88.50000","0.50000","88.0","89.0"],["2","89.00000","1.00000","88.0","90.0"],["2","87.50000","0.50000","87.0","88.0"],["2","89.50000","0.50000","89.0","90.0"],["2","88.50000","0.50000","88.0","89.0"],["2","89.50000","0.50000","89.0","90.0"],["2","92.00000","0.00000","92.0","92.0"],["2","92.00000","0.00000","92.0","92.0"],["2","93.50000","0.50000","93.0","94.0"],["2","94.00000","0.00000","94.0","94.0"],["2","95.50000","0.50000","95.0","96.0"],["2","96.00000","0.00000","96.0","96.0"],["2","96.50000","0.50000","96.0","97.0"],["2","96.00000","0.00000","96.0","96.0"],["2","95.00000","1.00000","94.0","96.0"],["2","94.00000","0.00000","94.0","94.0"],["2","93.50000","0.50000","93.0","94.0"],["2","94.50000","0.50000","94.0","95.0"],["2","94.00000","0.00000","94.0","94.0"],["2","94.50000","0.50000","94.0","95.0"],["2","93.00000","0.00000","93.0","93.0"],["2","93.50000","0.50000","93.0","94.0"],["2","94.50000","0.50000","94.0","95.0"],["2","94.00000","0.00000","94.0","94.0"],["2","95.50000","0.50000","95.0","96.0"],["2","95.00000","1.00000","94.0","96.0"],["2","96.50000","0.50000","96.0","97.0"],["2","96.50000","0.50000","96.0","97.0"],["2","96.50000","0.50000","96.0","97.0"],["2","96.50000","0.50000","96.0","97.0"],["2","96.00000","0.00000","96.0","96.0"],["2","96.50000","0.50000","96.0","97.0"],["2","95.50000","1.50000","94.0","97.0"],["2","93.50000","1.50000","92.0","95.0"],["2","91.00000","0.00000","91.0","91.0"],["2","89.00000","1.00000","88.0","90.0"],["2","84.50000","1.50000","83.0","86.0"],["2","81.00000","1.00000","80.0","82.0"],["2","78.50000","0.50000","78.0","79.0"],["2","75.00000","1.00000","74.0","76.0"],["2","71.00000","1.00000","70.0","72.0"],["2","69.50000","1.50000","68.0","71.0"],["2","60.50000","1.50000","59.0","62.0"],["2","57.00000","1.00000","56.0","58.0"],["2","56.00000","1.00000","55.0","57.0"],["2","52.00000","1.00000","51.0","53.0"],["2","52.00000","1.00000","51.0","53.0"],["2","47.50000","0.50000","47.0","48.0"],["2","45.00000","0.00000","45.0","45.0"],["2","44.50000","1.50000","43.0","46.0"],["2","46.00000","0.00000","46.0","46.0"],["2","43.50000","0.50000","43.0","44.0"],["2","41.50000","1.50000","40.0","43.0"],["2","40.00000","1.00000","39.0","41.0"],["2","37.50000","1.50000","36.0","39.0"],["2","36.50000","0.50000","36.0","37.0"],["2","38.50000","1.50000","37.0","40.0"],["2","43.00000","1.00000","42.0","44.0"],["2","47.50000","0.50000","47.0","48.0"],["2","48.00000","1.00000","47.0","49.0"],["2","49.00000","1.00000","48.0","50.0"],["2","64.00000","7.00000","57.0","71.0"],["2","76.50000","0.50000","76.0","77.0"],["2","79.00000","0.00000","79.0","79.0"],["2","76.00000","1.00000","75.0","77.0"],["2","69.00000","1.00000","68.0","70.0"],["2","60.50000","1.50000","59.0","62.0"],["2","53.50000","2.50000","51.0","56.0"],["2","48.00000","2.00000","46.0","50.0"],["2","55.00000","1.00000","54.0","56.0"],["2","56.00000","1.00000","55.0","57.0"],["2","54.00000","2.00000","52.0","56.0"],["2","48.50000","0.50000","48.0","49.0"],["2","43.50000","1.50000","42.0","45.0"],["2","40.00000","1.00000","39.0","41.0"],["2","42.00000","2.00000","40.0","44.0"],["2","40.00000","0.00000","40.0","40.0"],["2","40.00000","1.00000","39.0","41.0"],["2","38.50000","0.50000","38.0","39.0"],["2","43.50000","1.50000","42.0","45.0"],["2","41.00000","1.00000","40.0","42.0"],["2","39.00000","2.00000","37.0","41.0"],["2","33.50000","0.50000","33.0","34.0"],["2","33.50000","0.50000","33.0","34.0"],["2","33.50000","1.50000","32.0","35.0"],["1","30.00000","0.00000","30.0","30.0"],["2","31.00000","2.00000","29.0","33.0"],["2","35.50000","1.50000","34.0","37.0"],["2","41.50000","0.50000","41.0","42.0"],["2","41.00000","0.00000","41.0","41.0"],["2","40.50000","0.50000","40.0","41.0"],["2","41.00000","1.00000","40.0","42.0"],["2","44.00000","1.00000","43.0","45.0"],["2","45.50000","0.50000","45.0","46.0"],["2","45.00000","1.00000","44.0","46.0"],["2","46.50000","0.50000","46.0","47.0"],["2","46.50000","1.50000","45.0","48.0"],["2","64.00000","5.00000","59.0","69.0"],["2","72.50000","1.50000","71.0","74.0"]],