{"_t":[1370620800,1370642400,21600,180],"_i":["fantasy\/002\/VoltR"],"_@":{"Volt":[0,130]},"fantasy\/002\/VoltR":{"3":["2","61.00000","61.00000","0.0","122.0"],"5":["2","62.00000","62.00000","0.0","124.0"],"6":["2","121.50000","0.50000","121.0","122.0"],"7":["2","61.00000","61.00000","0.0","122.0"],"8":["2","61.00000","61.00000","0.0","122.0"],"9":["1","122.00000","0.00000","122.0","122.0"],"12":["2","0.00000","0.00000","0.0","0.0"],"13":["2","61.00000","61.00000","0.0","122.0"],"14":["1","0.00000","0.00000","0.0","0.0"],"15":["2","62.00000","62.00000","0.0","124.0"],"16":["2","62.00000","62.00000","0.0","124.0"],"17":["2","0.00000","0.00000","0.0","0.0"],"18":["2","61.00000","61.00000","0.0","122.0"],"19":["2","123.00000","0.00000","123.0","123.0"],"20":["2","61.50000","61.50000","0.0","123.0"],"21":["1","123.00000","0.00000","123.0","123.0"],"22":["2","61.50000","61.50000","0.0","123.0"],"23":["2","62.00000","62.00000","0.0","124.0"],"24":["1","125.00000","0.00000","125.0","125.0"],"26":["2","123.50000","0.50000","123.0","124.0"],"27":["2","61.50000","61.50000","0.0","123.0"],"28":["2","62.00000","62.00000","0.0","124.0"],"29":["2","62.00000","62.00000","0.0","124.0"],"30":["2","62.50000","62.50000","0.0","125.0"],"31":["2","0.00000","0.00000","0.0","0.0"],"32":["1","126.00000","0.00000","126.0","126.0"],"33":["2","0.00000","0.00000","0.0","0.0"],"34":["2","0.00000","0.00000","0.0","0.0"],"36":["2","0.00000","0.00000","0.0","0.0"],"37":["2","0.00000","0.00000","0.0","0.0"],"38":["1","0.00000","0.00000","0.0","0.0"],"39":["2","0.00000","0.00000","0.0","0.0"],"40":["2","0.00000","0.00000","0.0","0.0"],"41":["2","0.00000","0.00000","0.0","0.0"],"42":["2","0.00000","0.00000","0.0","0.0"],"43":["2","0.00000","0.00000","0.0","0.0"],"45":["2","0.00000","0.00000","0.0","0.0"],"46":["2","0.00000","0.00000","0.0","0.0"],"47":["1","0.00000","0.00000","0.0","0.0"],"48":["2","0.00000","0.00000","0.0","0.0"],"49":["2","0.00000","0.00000","0.0","0.0"],"50":["2","0.00000","0.00000","0.0","0.0"],"51":["2","0.00000","0.00000","0.0","0.0"],"52":["2","0.00000","0.00000","0.0","0.0"],"53":["2","0.00000","0.00000","0.0","0.0"],"54":["2","0.00000","0.00000","0.0","0.0"],"55":["1","0.00000","0.00000","0.0","0.0"],"56":["2","61.50000","61.50000","0.0","123.0"],"57":["2","62.00000","62.00000","0.0","124.0"],"58":["2","0.00000","0.00000","0.0","0.0"],"59":["2","0.00000","0.00000","0.0","0.0"],"60":["2","0.00000","0.00000","0.0","0.0"],"61":["2","0.00000","0.00000","0.0","0.0"],"62":["2","0.00000","0.00000","0.0","0.0"],"63":["1","0.00000","0.00000","0.0","0.0"],"64":["2","0.00000","0.00000","0.0","0.0"],"65":["2","0.00000","0.00000","0.0","0.0"],"66":["2","0.00000","0.00000","0.0","0.0"],"67":["2","0.00000","0.00000","0.0","0.0"],"68":["2","0.00000","0.00000","0.0","0.0"],"69":["2","0.00000","0.00000","0.0","0.0"],"70":["2","0.00000","0.00000","0.0","0.0"],"71":["2","0.00000","0.00000","0.0","0.0"],"72":["1","0.00000","0.00000","0.0","0.0"],"73":["2","0.00000","0.00000","0.0","0.0"],"74":["2","0.00000","0.00000","0.0","0.0"],"75":["2","0.00000","0.00000","0.0","0.0"],"76":["2","0.00000","0.00000","0.0","0.0"],"77":["2","0.00000","0.00000","0.0","0.0"],"78":["2","0.00000","0.00000","0.0","0.0"],"79":["2","0.00000","0.00000","0.0","0.0"],"80":["1","0.00000","0.00000","0.0","0.0"],"81":["2","0.00000","0.00000","0.0","0.0"],"82":["2","0.00000","0.00000","0.0","0.0"],"83":["2","0.00000","0.00000","0.0","0.0"],"84":["2","0.00000","0.00000","0.0","0.0"],"85":["2","0.00000","0.00000","0.0","0.0"],"86":["2","0.00000","0.00000","0.0","0.0"],"87":["2","0.00000","0.00000","0.0","0.0"],"88":["2","0.00000","0.00000","0.0","0.0"],"89":["1","0.00000","0.00000","0.0","0.0"],"90":["2","0.00000","0.00000","0.0","0.0"],"91":["2","0.00000","0.00000","0.0","0.0"],"92":["2","0.00000","0.00000","0.0","0.0"],"93":["2","0.00000","0.00000","0.0","0.0"],"94":["2","0.00000","0.00000","0.0","0.0"],"95":["2","0.00000","0.00000","0.0","0.0"],"96":["2","0.00000","0.00000","0.0","0.0"],"97":["1","0.00000","0.00000","0.0","0.0"],"98":["2","0.00000","0.00000","0.0","0.0"],"99":["2","0.00000","0.00000","0.0","0.0"],"100":["2","0.00000","0.00000","0.0","0.0"],"101":["2","0.00000","0.00000","0.0","0.0"],"102":["2","0.00000","0.00000","0.0","0.0"],"103":["2","0.00000","0.00000","0.0","0.0"],"104":["2","0.00000","0.00000","0.0","0.0"],"105":["2","0.00000","0.00000","0.0","0.0"],"106":["1","0.00000","0.00000","0.0","0.0"],"107":["2","0.00000","0.00000","0.0","0.0"],"108":["2","0.00000","0.00000","0.0","0.0"],"109":["2","0.00000","0.00000","0.0","0.0"],"110":["2","0.00000","0.00000","0.0","0.0"],"111":["2","0.00000","0.00000","0.0","0.0"],"112":["2","0.00000","0.00000","0.0","0.0"],"113":["2","0.00000","0.00000","0.0","0.0"],"114":["1","0.00000","0.00000","0.0","0.0"],"115":["2","0.00000","0.00000","0.0","0.0"],"116":["2","0.00000","0.00000","0.0","0.0"],"117":["2","0.00000","0.00000","0.0","0.0"],"118":["2","0.00000","0.00000","0.0","0.0"],"119":["2","0.00000","0.00000","0.0","0.0"],"120":["2","0.00000","0.00000","0.0","0.0"],"121":["2","0.00000","0.00000","0.0","0.0"],"122":["1","0.00000","0.00000","0.0","0.0"],"123":["2","0.00000","0.00000","0.0","0.0"],"124":["2","0.00000","0.00000","0.0","0.0"],"125":["2","0.00000","0.00000","0.0","0.0"],"126":["2","0.00000","0.00000","0.0","0.0"],"127":["2","0.00000","0.00000","0.0","0.0"],"128":["2","0.00000","0.00000","0.0","0.0"],"129":["2","0.00000","0.00000","0.0","0.0"],"130":["2","0.00000","0.00000","0.0","0.0"],"131":["1","0.00000","0.00000","0.0","0.0"],"132":["2","61.50000","61.50000","0.0","123.0"],"133":["2","0.00000","0.00000","0.0","0.0"],"134":["2","0.00000","0.00000","0.0","0.0"],"135":["2","0.00000","0.00000","0.0","0.0"],"136":["2","0.00000","0.00000","0.0","0.0"],"137":["2","0.00000","0.00000","0.0","0.0"],"138":["2","0.00000","0.00000","0.0","0.0"],"139":["1","0.00000","0.00000","0.0","0.0"],"140":["2","0.00000","0.00000","0.0","0.0"],"141":["2","0.00000","0.00000","0.0","0.0"],"142":["2","0.00000","0.00000","0.0","0.0"],"143":["2","0.00000","0.00000","0.0","0.0"],"144":["2","0.00000","0.00000","0.0","0.0"],"145":["2","0.00000","0.00000","0.0","0.0"],"146":["2","0.00000","0.00000","0.0","0.0"],"147":["2","0.00000","0.00000","0.0","0.0"],"148":["1","0.00000","0.00000","0.0","0.0"],"149":["2","0.00000","0.00000","0.0","0.0"],"150":["2","0.00000","0.00000","0.0","0.0"],"151":["2","0.00000","0.00000","0.0","0.0"],"152":["2","0.00000","0.00000","0.0","0.0"],"153":["2","0.00000","0.00000","0.0","0.0"],"154":["2","0.00000","0.00000","0.0","0.0"],"155":["2","0.00000","0.00000","0.0","0.0"],"156":["1","0.00000","0.00000","0.0","0.0"],"157":["2","0.00000","0.00000","0.0","0.0"],"158":["2","0.00000","0.00000","0.0","0.0"],"159":["2","0.00000","0.00000","0.0","0.0"],"160":["2","0.00000","0.00000","0.0","0.0"],"161":["2","0.00000","0.00000","0.0","0.0"],"162":["2","0.00000","0.00000","0.0","0.0"],"163":["2","0.00000","0.00000","0.0","0.0"],"164":["1","0.00000","0.00000","0.0","0.0"],"165":["2","0.00000","0.00000","0.0","0.0"],"166":["2","0.00000","0.00000","0.0","0.0"],"167":["2","0.00000","0.00000","0.0","0.0"],"168":["2","0.00000","0.00000","0.0","0.0"],"169":["2","0.00000","0.00000","0.0","0.0"],"170":["2","0.00000","0.00000","0.0","0.0"],"171":["2","121.50000","1.50000","120.0","123.0"],"172":["2","122.50000","0.50000","122.0","123.0"],"173":["1","122.00000","0.00000","122.0","122.0"],"174":["2","123.00000","0.00000","123.0","123.0"],"175":["2","123.00000","0.00000","123.0","123.0"],"176":["2","61.50000","61.50000","0.0","123.0"],"177":["2","0.00000","0.00000","0.0","0.0"],"178":["2","0.00000","0.00000","0.0","0.0"],"179":["2","0.00000","0.00000","0.0","0.0"]}}