{"_t":[1378962000,1379048400,86400,144],"_i":["timana0\/002\/VoltR"],"_@":{"Volt":[0,130]},"timana0\/002\/VoltR":{"51":["1","0.00000","0.00000","0.0","0.0"],"52":["2","0.00000","0.00000","0.0","0.0"],"53":["2","0.00000","0.00000","0.0","0.0"],"54":["2","0.00000","0.00000","0.0","0.0"],"55":["2","0.00000","0.00000","0.0","0.0"],"56":["2","0.00000","0.00000","0.0","0.0"],"57":["2","0.00000","0.00000","0.0","0.0"],"58":["2","0.00000","0.00000","0.0","0.0"],"59":["2","0.00000","0.00000","0.0","0.0"],"60":["2","0.00000","0.00000","0.0","0.0"],"61":["2","0.00000","0.00000","0.0","0.0"],"62":["2","0.00000","0.00000","0.0","0.0"],"63":["2","0.00000","0.00000","0.0","0.0"],"64":["2","60.00000","60.00000","0.0","120.0"],"66":["2","59.50000","59.50000","0.0","119.0"],"67":["2","60.50000","60.50000","0.0","121.0"]}}