{"_t":[1366088400,1366865940,777540,240],"_i":["sanpedro\/005\/humidity","sanpedro\/005\/temperature"],"_@":{"humi":[30,100],"temp":[0,40]},"sanpedro\/005\/humidity":{"0":["22","91.49091","3.28120","86.4","94.6"],"1":["3","91.06667","3.44222","86.4","94.6"],"2":["8","90.76250","3.64792","86.2","94.5"],"3":["15","90.90000","3.45350","86.2","94.4"],"4":["16","91.67500","3.29194","86.2","94.5"],"5":["13","90.15385","3.63691","86.2","94.5"],"6":["30","90.52000","3.60096","86.2","94.5"],"7":["82","84.83659","5.15155","79.2","94.9"],"8":["570","78.63316","8.00440","62.8","92.9"],"9":["406","58.72365","4.61730","48.9","69.7"],"10":["473","49.53932","5.38449","41.5","77.4"],"11":["475","48.42316","4.40012","39.6","63.7"],"12":["450","52.23133","5.79223","42.4","68.7"],"13":["482","50.18921","6.30778","41.2","68.5"],"14":["457","53.51138","7.39903","43.2","71.1"],"15":["355","56.25859","8.71911","40.0","74.9"],"16":["484","53.62645","4.08929","44.8","69.1"],"17":["478","54.17908","5.66544","46.4","72.8"],"18":["461","67.69197","8.25581","49.8","85.3"],"19":["61","84.47213","3.75723","80.6","95.0"],"20":["17","91.49412","2.86633","86.5","94.9"],"21":["25","90.78800","3.09933","86.4","94.6"],"22":["16","90.63750","3.40806","86.4","94.6"],"23":["9","91.13333","3.40816","86.5","94.6"],"24":["13","91.96154","2.52786","86.5","94.7"],"25":["13","90.63846","3.36602","86.5","94.7"],"26":["8","90.00000","3.60139","86.5","94.7"],"27":["38","90.74211","3.44220","86.0","94.4"],"28":["28","89.98571","3.83673","85.9","94.3"],"29":["24","89.75417","3.58759","85.9","94.2"],"30":["14","88.45000","3.35149","86.0","94.2"],"31":["12","89.97500","3.55202","85.9","94.2"],"33":["14","88.94286","3.58662","85.9","94.1"],"34":["25","90.50800","3.67662","86.0","94.5"],"35":["415","79.33639","8.96298","59.3","94.9"],"36":["448","59.90871","5.21194","48.4","79.1"],"37":["429","52.86434","3.98205","40.5","64.5"],"38":["517","54.32012","4.45723","47.5","66.4"],"39":["481","51.78399","4.76766","35.6","63.9"],"40":["385","43.03091","4.20058","31.7","53.0"],"41":["393","55.11832","5.93999","40.7","68.3"],"42":["482","57.98257","6.20078","44.2","71.6"],"43":["458","57.04476","3.45297","50.1","68.5"],"44":["372","62.45968","10.51184","47.1","84.5"],"45":["139","87.82446","3.38045","82.4","95.1"],"46":["27","90.67037","3.63265","86.7","95.1"],"48":["18","90.86111","3.56934","86.5","94.7"],"49":["27","90.19259","3.66221","86.5","94.7"],"50":["5","90.88000","3.68206","86.5","94.6"],"51":["21","91.10000","3.39706","86.5","94.6"],"52":["16","91.82500","3.24066","86.5","94.6"],"54":["18","91.15000","3.03356","86.5","94.6"],"55":["13","90.72308","3.46103","86.5","94.6"],"56":["9","91.03333","3.35195","86.5","94.5"],"57":["39","91.15641","3.43196","86.5","94.5"],"58":["15","90.87333","3.23800","86.5","94.5"],"64":["391","66.05857","6.70181","53.1","77.6"],"65":["358","59.65503","5.02115","51.9","72.9"],"66":["387","56.24367","3.63329","49.7","70.1"],"67":["469","57.61919","2.59852","52.2","67.9"],"68":["473","56.93742","2.10455","51.1","63.7"],"69":["486","62.48642","2.89623","55.6","73.8"],"70":["437","58.56293","3.86306","51.6","70.5"],"71":["325","75.29631","7.73814","58.3","92.4"],"72":["53","87.19434","3.98452","83.3","95.1"],"73":["39","91.74615","3.43196","86.8","95.0"],"74":["21","91.86190","3.39404","86.7","94.9"],"75":["22","91.06818","3.48352","86.6","94.8"],"76":["31","90.98387","3.59920","86.6","94.8"],"77":["11","91.85455","3.35894","86.6","94.7"],"78":["25","91.21600","3.43868","86.4","94.6"],"79":["22","90.96818","3.57178","86.4","94.6"],"80":["14","91.36429","3.71284","86.5","94.6"],"81":["25","91.00400","3.52585","86.4","94.6"],"82":["33","91.32424","3.40988","86.3","94.6"],"83":["14","90.88571","3.54922","86.3","94.5"],"84":["9","91.87778","3.16009","86.3","94.5"],"85":["10","91.08000","3.28323","86.3","94.5"],"90":["139","65.86547","4.60276","60.1","81.7"],"100":["5","92.10000","2.99867","86.5","94.7"],"101":["9","90.22222","3.45214","86.5","94.7"],"102":["28","91.60357","2.85813","86.5","94.7"],"103":["21","91.52381","3.34762","86.5","94.7"],"104":["16","91.51250","3.52347","86.5","94.7"],"105":["11","91.55455","3.27369","86.5","94.7"],"106":["35","91.66286","3.22296","86.5","94.7"],"107":["8","92.35000","2.53130","86.4","94.7"],"108":["8","91.92500","3.34916","86.4","94.6"],"109":["28","91.24643","3.30027","86.3","94.6"],"110":["26","91.97692","3.27159","86.3","94.6"],"111":["21","91.35714","3.35468","86.3","94.5"],"112":["1","92.10000","0.00000","92.1","92.1"],"113":["19","91.71053","3.38073","86.3","94.5"],"114":["24","91.61250","3.48644","86.3","94.7"],"115":["313","79.57987","6.28617","69.8","95.1"],"116":["204","66.58382","6.08416","55.1","85.6"],"171":["161","68.26398","2.56301","62.0","75.7"],"172":["533","67.77186","4.04314","57.9","76.1"],"173":["449","59.63452","5.04484","49.0","72.8"],"174":["458","75.75044","6.11919","62.8","86.9"],"175":["439","72.49431","3.38210","63.2","80.0"],"176":["453","76.19890","2.86962","68.2","83.5"],"177":["416","73.84904","4.74023","61.7","82.0"],"178":["389","59.01799","11.73976","43.2","83.8"],"179":["242","85.07521","6.61422","69.3","95.0"],"180":["16","90.92500","3.87565","86.6","94.9"],"181":["12","91.30000","3.58283","86.3","94.8"],"182":["13","91.23846","3.43859","86.3","94.5"],"183":["6","91.33333","3.72767","86.2","94.5"],"184":["20","91.10000","3.36125","86.2","94.4"],"185":["3","90.86667","3.44222","86.2","94.4"],"186":["27","90.77778","3.38026","86.2","94.4"],"187":["20","90.40000","3.55303","86.2","94.4"],"188":["14","90.80714","3.52166","86.2","94.4"],"189":["12","90.70000","3.25269","86.3","94.4"],"190":["27","90.37037","3.64334","86.1","94.4"],"191":["18","91.18333","3.65897","86.1","94.3"],"192":["18","91.90000","3.21248","86.2","94.4"],"193":["16","91.45000","3.20429","86.2","94.4"],"194":["45","90.90889","3.60585","86.3","94.8"],"195":["340","73.85882","11.16153","55.7","94.9"],"196":["516","64.62578","7.56539","50.3","84.4"],"197":["442","56.16629","9.25537","41.0","83.6"],"198":["486","62.37819","4.12365","52.3","70.3"],"199":["406","78.13424","5.76374","60.9","91.0"],"200":["13","79.32308","2.84987","73.9","83.5"],"201":["309","63.43398","2.74461","56.7","70.8"],"202":["475","57.88358","2.62911","51.2","67.0"],"203":["491","52.76130","3.50994","46.2","62.5"],"204":["442","50.15543","7.34761","40.7","72.8"],"205":["335","69.57522","6.34418","58.8","89.5"],"206":["381","79.73622","7.72801","69.2","94.8"],"207":["84","83.16548","5.25029","76.6","94.7"],"209":["7","90.82857","3.76704","86.5","94.6"],"210":["18","91.21111","3.45863","86.5","94.6"],"211":["13","91.38462","2.88440","86.4","94.5"],"212":["4","91.80000","3.31134","86.3","94.4"],"213":["18","91.90000","3.12090","86.4","94.5"],"214":["5","89.14000","3.48057","86.3","94.5"],"215":["27","91.41111","3.44656","86.3","94.5"],"216":["7","91.28571","3.41151","86.1","94.3"]},"sanpedro\/005\/temperature":{"0":["22","12.20909","0.33832","11.9","12.7"],"1":["3","12.33333","0.26247","12.1","12.7"],"2":["8","10.87500","0.49434","10.2","11.5"],"3":["15","10.96000","0.41601","10.5","11.6"],"4":["16","11.26875","0.51928","10.4","12.0"],"5":["13","11.40000","0.41138","10.6","11.9"],"6":["30","10.66667","0.45117","9.9","11.6"],"7":["82","14.14512","1.07080","11.0","15.7"],"8":["570","16.46719","1.97671","13.7","24.6"],"9":["406","21.13030","2.72712","18.3","27.9"],"10":["473","24.11395","2.72034","20.5","31.4"],"11":["475","23.71937","2.75596","20.5","32.4"],"12":["450","21.79000","1.01507","20.7","25.8"],"13":["482","22.95332","1.58655","20.7","28.5"],"14":["457","22.04333","0.75248","20.9","24.5"],"15":["355","23.09268","2.04826","20.9","29.9"],"16":["484","24.74731","1.52316","22.5","29.5"],"17":["478","24.60460","0.75677","23.0","26.9"],"18":["461","21.10412","2.16235","17.6","25.2"],"19":["61","16.61967","1.07609","14.1","19.4"],"20":["17","13.68235","0.66176","12.6","14.9"],"21":["25","12.38800","0.40132","11.7","12.9"],"22":["16","12.43750","0.40447","11.8","12.9"],