{"_t":[1366866000,1368248340,1382340,240],"_i":["sanpedro\/005\/humidity","sanpedro\/005\/temperature"],"_@":{"humi":[30,100],"temp":[0,40]},"sanpedro\/005\/humidity":{"21":["527","51.66205","5.02026","38.5","65.2"],"22":["840","49.70250","3.44590","41.6","59.7"],"23":["722","55.07161","3.60843","43.4","66.4"],"24":["775","57.54400","3.60344","46.7","65.9"],"25":["843","60.70759","12.18411","41.4","89.3"],"26":["93","88.76882","3.41140","84.5","95.0"],"27":["36","91.86111","3.15641","86.7","95.0"],"28":["232","78.44138","8.59393","68.6","94.8"],"29":["73","90.01644","3.10250","85.4","94.6"],"30":["62","91.21129","3.42421","86.0","94.5"],"31":["41","90.34146","3.76246","85.7","94.3"],"32":["84","88.50357","3.64007","85.6","94.1"],"33":["59","89.57458","3.74042","85.6","94.0"],"34":["476","79.67605","9.23035","63.2","94.6"],"35":["697","54.99154","6.37045","41.9","75.5"],"36":["817","54.89082","8.60094","35.3","71.6"],"37":["856","58.58984","7.35714","44.0","89.9"],"38":["831","55.85211","4.20167","47.6","72.1"],"39":["788","58.90051","7.31107","44.7","77.5"],"40":["493","76.94402","5.32267","70.1","92.6"],"41":["32","91.34375","3.37796","86.5","95.0"],"42":["43","91.03953","3.31383","86.2","94.6"],"43":["14","91.37857","3.29137","86.4","94.6"],"44":["23","91.35652","3.41083","86.4","94.6"],"45":["4","91.92500","3.34916","86.4","94.6"],"46":["32","91.50312","3.44379","86.2","94.6"],"47":["18","91.50000","3.42621","86.2","94.5"],"48":["30","91.50667","3.35032","86.2","94.4"],"49":["582","74.97973","9.99831","57.9","95.0"],"50":["782","56.20320","7.44623","41.0","75.2"],"51":["733","60.66971","7.73676","47.1","75.6"],"52":["850","54.97729","2.57452","47.3","63.7"],"53":["765","53.47150","3.33747","45.3","62.4"],"54":["719","50.78720","3.80070","41.6","61.2"],"55":["770","57.13571","12.21274","39.9","81.7"],"56":["145","84.66966","4.56148","78.8","94.8"],"57":["40","91.17000","3.27293","86.4","94.6"],"58":["35","89.95714","3.72016","86.2","94.4"],"59":["44","90.94318","3.48271","86.2","94.4"],"60":["40","90.66500","3.59907","86.4","94.5"],"61":["3","91.00000","3.39706","86.4","94.5"],"62":["8","91.87500","3.30936","86.4","94.5"],"63":["39","90.73846","3.52875","86.3","94.6"],"64":["226","83.80398","6.76379","72.4","94.9"],"65":["876","64.12614","6.86654","53.5","85.9"],"66":["576","73.60590","9.37632","52.5","89.6"],"67":["794","59.14610","6.86459","46.8","78.7"],"68":["911","67.36257","5.33081","54.3","77.3"],"69":["753","69.39402","5.85612","55.4","80.2"],"70":["656","78.52226","6.81395","67.6","94.7"],"71":["55","90.74364","3.40373","86.5","94.8"],"72":["38","90.70526","3.52181","86.5","94.7"],"73":["13","91.43077","3.44972","86.4","94.7"],"74":["23","91.29565","3.38956","86.4","94.7"],"75":["27","91.28148","3.32321","86.4","94.6"],"76":["20","91.21000","3.63289","86.4","94.6"],"77":["4","92.67500","1.05445","92.0","94.5"],"109":["182","82.07418","6.68358","70.5","94.8"],"110":["829","55.89276","9.27439","37.7","83.4"],"111":["796","45.55188","4.75895","36.9","62.8"],"112":["763","61.88702","5.38491","51.1","77.4"],"113":["604","77.28344","4.73470","67.2","88.4"],"114":["795","67.46893","6.09712","53.0","79.0"],"115":["877","66.30787","11.15091","50.2","92.9"],"116":["72","89.94722","3.02306","85.7","94.8"],"117":["41","91.16098","3.34561","86.4","94.6"],"118":["12","91.33333","3.47882","86.6","94.6"],"119":["64","90.74687","3.21350","86.4","94.6"],"120":["10","91.68000","3.50850","86.5","94.6"],"121":["10","91.35000","3.38947","86.4","94.5"],"122":["32","91.95000","3.34066","86.4","94.5"],"123":["20","91.09500","3.52242","86.4","94.6"],"124":["50","90.99000","3.38398","86.4","94.8"],"125":["238","86.88866","5.91686","74.8","94.9"],"126":["807","60.77980","9.77961","45.1","92.3"],"127":["840","47.54738","4.04043","34.6","57.9"],"128":["773","50.61928","3.84887","38.8","63.4"],"129":["739","55.36563","6.37234","44.4","72.5"],"130":["570","67.67912","5.55446","58.4","82.8"],"131":["353","81.40935","7.20498","70.2","94.8"],"132":["33","91.42727","3.40937","86.4","94.6"],"133":["29","91.06897","3.44014","86.4","94.6"],"134":["4","91.37500","2.98025","86.5","94.6"],"135":["18","91.50556","3.42223","86.1","94.5"],"136":["20","91.42000","3.23444","86.1","94.3"],"137":["50","91.31200","3.24294","86.1","94.2"],"138":["37","90.85676","3.43626","86.1","94.3"],"139":["604","77.30944","8.61331","61.1","94.9"],"140":["767","60.01017","6.27966","43.3","77.2"],"141":["832","46.58678","3.05911","40.9","59.9"],"142":["765","52.14719","2.79568","44.7","59.8"],"143":["762","54.18675","2.94071","45.8","61.5"],"144":["817","57.20563","5.17168","48.6","74.0"],"145":["652","81.88083","6.27325","66.8","94.9"],"146":["65","88.51538","4.16259","83.3","95.0"],"147":["16","91.55000","3.40496","86.7","94.8"],"148":["36","92.06667","3.30454","86.6","95.4"],"149":["37","91.52703","3.42232","86.4","94.8"],"150":["39","91.36410","3.27253","86.4","94.6"],"151":["17","91.89412","3.25368","86.3","94.5"],"152":["12","91.87500","3.35289","86.3","94.5"],"153":["15","92.09333","3.06909","86.3","94.5"],"154":["94","90.71383","3.37842","85.2","94.9"],"155":["757","73.65865","4.09818","64.9","86.0"],"156":["832","54.66623","8.55215","43.2","77.6"],"157":["819","51.24579","3.36229","45.1","65.9"],"158":["669","72.00717","8.18417","53.2","82.1"],"159":["817","83.70575","3.25308","76.8","92.0"],"160":["404","86.03267","4.36894","78.5","94.9"],"161":["15","90.32667","3.55386","86.6","94.8"],"162":["23","90.89565","3.41040","86.4","94.6"],"163":["46","91.17174","3.37347","86.5","94.5"],"164":["15","91.10000","3.37441","86.5","94.5"],"165":["48","91.18542","3.16656","86.4","94.5"],"166":["15","91.03333","3.40816","86.4","94.5"],"167":["15","91.42000","3.18207","86.4","94.5"],"168":["32","90.91875","3.43834","86.3","94.5"],"169":["402","76.34303","7.51235","67.2","94.6"],"170":["737","66.94057","6.85880","51.6","85.3"],"171":["862","50.01566","7.20402","36.1","65.0"],"172":["794","59.42683","6.27332","42.4","71.1"],"173":["780","58.36769","4.62544","48.2","70.7"],"174":["884","71.00362","8.03504","53.0","84.2"],"175":["800","76.90975","4.78535","62.4","92.5"],"176":["40","90.94500","3.62925","86.3","94.8"],"177":["10","89.05000","3.52909","86.2","94.5"],"178":["51","90.12745","3.62124","86.0","94.3"],"179":["45","90.44889","3.58042","86.0","94.3"],"180":["36","91.09167","3.30550","86.0","94.2"],"181":["47","89.83404","3.65992","85.8","94.2"],"182":["82","89.32195","3.70925","85.8","94.1"],"183":["7","90.10000","3.58090","86.1","94.3"],"184":["26","90.98077","3.55333","86.2","94.5"],"185":["22","91.07273","3.64070","86.3","94.7"],"186":["112","92.36786","2.63866","86.6","94.9"],"187":["804","70.71530","10.52076","57.1","92.9"],"188":["636","74.49167","14.95081","52.0","95.0"],"189":["824","76.67803","5.07300","64.6","86.9"],"190":["166","83.32470","5.90163","76.4","95.0"],"191":["30","91.27667","3.50054","86.5","94.8"],"192":["5","91.52000","2.72353","86.4","94.6"],"193":["15","91.67333","3.38772","86.3","94.5"],"194":["38","91.41842","3.43020","86.2","94.5"],"195":["27","91.03333","3.27776","86.2","94.4"],"196":["49","90.63673","3.50223","86.2","94.4"],"197":["27","91.60000","3.37321","86.1","94.4"],"198":["67","90.81045","3.47211","86.0","94.3"],"199":["542","79.20037","8.98449","59.6","94.8"],"200":["821","58.91815","4.05034","50.7","69.3"],"201":["706","67.64731","8.98288","49.5","89.2"],"202":["771","61.55875","4.48409","48.0","79.3"],"203":["808","59.68688","3.49402","50.0","70.0"],"204":["765","51.69373","6.04710","36.4","65.0"],"205":["686","57.92201","10.83709","39.1","83.6"],"206":["161","83.63354","8.40347","68.7","94.8"],"207":["33","85.47273","0.60215","84.6","86.7"],"208":["73","87.39315","3.36641","84.7","94.7"],"209":["21","91.54762","3.39742","86.4","94.6"],"210":["12","91.95000","3.35075","86.4","94.6"],"211":["36","90.77500","3.53376","86.2","94.5"],"212":["57","89.59123","3.67997","86.0","94.4"],"213":["48","91.06667","3.39941","86.2","94.5"],