{"_t":[1367989200,1370581200,2592000,240],"_i":["sanpedro\/006\/VoltR"],"_@":{"Volt":[0,150]},"sanpedro\/006\/VoltR":{"0":["35","0.00000","0.00000","0.0","0.0"],"1":["36","0.00000","0.00000","0.0","0.0"],"2":["52","41.53846","62.31603","0.0","137.0"],"3":["39","10.64103","36.86183","0.0","139.0"],"4":["43","22.20930","50.36636","0.0","137.0"],"5":["38","7.07895","30.03365","0.0","135.0"],"6":["36","0.00000","0.00000","0.0","0.0"],"7":["35","0.00000","0.00000","0.0","0.0"],"8":["36","0.00000","0.00000","0.0","0.0"],"9":["36","0.00000","0.00000","0.0","0.0"],"10":["59","48.30508","64.99185","0.0","138.0"],"11":["47","28.63830","55.09505","0.0","137.0"],"12":["55","38.78182","60.77849","0.0","138.0"],"13":["37","3.67568","22.05405","0.0","136.0"],"14":["35","0.00000","0.00000","0.0","0.0"],"15":["38","0.10526","0.64029","0.0","4.0"],"16":["36","0.00000","0.00000","0.0","0.0"],"17":["36","0.00000","0.00000","0.0","0.0"],"18":["46","26.02174","52.77042","0.0","136.0"],"19":["47","26.25532","53.63250","0.0","137.0"],"20":["59","50.74576","65.81165","0.0","138.0"],"21":["38","7.07895","30.03365","0.0","135.0"],"22":["36","0.00000","0.00000","0.0","0.0"],"23":["35","0.00000","0.00000","0.0","0.0"],"24":["36","0.00000","0.00000","0.0","0.0"],"25":["36","0.00000","0.00000","0.0","0.0"],"26":["45","21.20000","49.40157","0.0","138.0"],"27":["47","26.25532","53.95012","0.0","138.0"],"28":["45","18.44444","47.02508","0.0","139.0"],"29":["37","3.67568","22.05405","0.0","136.0"],"30":["36","0.00000","0.00000","0.0","0.0"],"31":["35","0.00000","0.00000","0.0","0.0"],"32":["36","0.00000","0.00000","0.0","0.0"],"33":["36","0.00000","0.00000","0.0","0.0"],"34":["49","28.20408","55.72014","0.0","142.0"],"35":["46","20.97826","49.59597","0.0","142.0"],"36":["41","17.19512","46.13988","0.0","142.0"],"37":["38","7.34211","31.15013","0.0","140.0"],"38":["36","0.00000","0.00000","0.0","0.0"],"39":["35","0.00000","0.00000","0.0","0.0"],"40":["36","0.00000","0.00000","0.0","0.0"],"41":["36","0.00000","0.00000","0.0","0.0"],"42":["40","13.60000","40.80490","0.0","138.0"],"43":["41","16.97561","45.55109","0.0","140.0"],"44":["40","14.02500","42.07582","0.0","141.0"],"45":["40","9.65000","34.02686","0.0","141.0"],"46":["36","0.00000","0.00000","0.0","0.0"],"47":["36","0.00000","0.00000","0.0","0.0"],"48":["35","0.00000","0.00000","0.0","0.0"],"49":["37","0.10811","0.64865","0.0","4.0"],"50":["58","46.89655","64.64644","0.0","138.0"],"51":["58","49.72414","66.00517","0.0","139.0"],"52":["49","33.55102","58.91469","0.0","138.0"],"53":["38","7.13158","30.25694","0.0","136.0"],"54":["36","0.00000","0.00000","0.0","0.0"],"55":["37","0.10811","0.64865","0.0","4.0"],"56":["36","0.00000","0.00000","0.0","0.0"],"57":["36","0.00000","0.00000","0.0","0.0"],"58":["46","29.71739","56.38866","0.0","139.0"],"59":["42","9.47619","34.16712","0.0","133.0"],"60":["55","43.90909","62.96183","0.0","137.0"],"61":["36","0.00000","0.00000","0.0","0.0"],"62":["36","0.00000","0.00000","0.0","0.0"],"63":["35","0.00000","0.00000","0.0","0.0"],"64":["36","0.00000","0.00000","0.0","0.0"],"65":["36","0.00000","0.00000","0.0","0.0"],"66":["64","57.20312","64.93631","0.0","134.0"],"67":["48","29.77083","54.60282","0.0","133.0"],"68":["45","26.44444","52.90938","0.0","134.0"],"69":["38","6.71053","28.47058","0.0","128.0"],"70":["28","0.00000","0.00000","0.0","0.0"],"71":["36","0.00000","0.00000","0.0","0.0"],"72":["36","0.00000","0.00000","0.0","0.0"],"73":["36","0.00000","0.00000","0.0","0.0"],"74":["35","0.00000","0.00000","0.0","0.0"],"75":["82","62.84146","62.84853","0.0","133.0"],"76":["64","56.32812","65.94104","0.0","135.0"],"77":["40","13.10000","39.30064","0.0","132.0"],"78":["37","0.10811","0.64865","0.0","4.0"],"79":["35","0.00000","0.00000","0.0","0.0"],"80":["36","0.00000","0.00000","0.0","0.0"],"81":["36","0.00000","0.00000","0.0","0.0"],"82":["48","27.37500","53.36534","0.0","133.0"],"83":["43","15.09302","41.70763","0.0","135.0"],"84":["41","13.04878","39.68716","0.0","135.0"],"85":["37","3.54054","21.24324","0.0","131.0"],"86":["36","0.00000","0.00000","0.0","0.0"],"87":["36","0.00000","0.00000","0.0","0.0"],"88":["35","0.00000","0.00000","0.0","0.0"],"89":["36","0.00000","0.00000","0.0","0.0"],"90":["51","28.49020","54.33064","0.0","133.0"],"91":["43","15.88372","43.78872","0.0","137.0"],"92":["59","38.64407","60.80610","0.0","138.0"],"93":["37","7.32432","30.64007","0.0","136.0"],"94":["36","0.00000","0.00000","0.0","0.0"],"95":["36","0.00000","0.00000","0.0","0.0"],"96":["1","0.00000","0.00000","0.0","0.0"],"105":["24","0.00000","0.00000","0.0","0.0"],"106":["75","63.06667","65.65939","0.0","134.0"],"107":["43","21.53488","48.83734","0.0","133.0"],"108":["36","0.00000","0.00000","0.0","0.0"],"109":["53","28.66038","52.97986","0.0","129.0"],"110":["36","0.00000","0.00000","0.0","0.0"],"111":["27","0.00000","0.00000","0.0","0.0"],"114":["1","0.00000","0.00000","0.0","0.0"],"115":["52","40.92308","61.39464","0.0","136.0"],"116":["51","34.52941","59.03882","0.0","137.0"],"117":["41","12.19512","37.09067","0.0","126.0"],"118":["35","0.00000","0.00000","0.0","0.0"],"119":["36","0.00000","0.00000","0.0","0.0"],"120":["36","0.00000","0.00000","0.0","0.0"],"121":["36","0.00000","0.00000","0.0","0.0"],"122":["61","49.00000","63.04435","0.0","133.0"],"123":["41","16.00000","42.93330","0.0","132.0"],"124":["62","48.93548","63.73075","0.0","135.0"],"125":["38","3.47368","21.12960","0.0","132.0"],"126":["37","0.16216","0.97297","0.0","6.0"],"127":["36","0.00000","0.00000","0.0","0.0"],"128":["36","0.00000","0.00000","0.0","0.0"],"129":["36","0.00000","0.00000","0.0","0.0"],"130":["71","56.56338","64.26699","0.0","133.0"],"131":["45","14.51111","41.05044","0.0","135.0"],"132":["59","44.61017","62.30543","0.0","135.0"],"133":["36","0.00000","0.00000","0.0","0.0"],"134":["36","0.00000","0.00000","0.0","0.0"],"135":["37","0.10811","0.64865","0.0","4.0"],"136":["36","0.00000","0.00000","0.0","0.0"],"137":["36","0.00000","0.00000","0.0","0.0"],"138":["60","43.88333","61.93843","0.0","135.0"],"139":["44","21.50000","49.43062","0.0","136.0"],"140":["48","33.91667","58.74835","0.0","138.0"],"141":["37","3.56757","21.40541","0.0","132.0"],"142":["34","0.00000","0.00000","0.0","0.0"],"143":["36","0.00000","0.00000","0.0","0.0"],"144":["35","0.00000","0.00000","0.0","0.0"],"145":["36","0.00000","0.00000","0.0","0.0"],"146":["52","33.19231","57.49851","0.0","137.0"],"147":["48","28.87500","56.29040","0.0","140.0"],"148":["44","19.18182","48.27491","0.0","142.0"],"149":["40","9.90000","34.76766","0.0","132.0"],"150":["36","0.00000","0.00000","0.0","0.0"],"151":["35","0.00000","0.00000","0.0","0.0"],"152":["36","0.00000","0.00000","0.0","0.0"],"153":["36","0.00000","0.00000","0.0","0.0"],"154":["46","26.02174","52.77042","0.0","135.0"],"155":["76","60.28947","65.47676","0.0","134.0"],"156":["42","38.16667","60.34737","0.0","134.0"],"157":["38","3.28947","20.00909","0.0","125.0"],"158":["36","0.00000","0.00000","0.0","0.0"],"159":["36","0.00000","0.00000","0.0","0.0"],"160":["35","0.00000","0.00000","0.0","0.0"],"161":["38","0.10526","0.64029","0.0","4.0"],"162":["83","68.98795","66.66234","0.0","136.0"],"163":["85","61.15294","66.34518","0.0","135.0"],"164":["89","69.93258","64.65984","0.0","136.0"],"165":["37","3.43243","20.59459","0.0","127.0"],"166":["35","0.00000","0.00000","0.0","0.0"],"167":["36","0.00000","0.00000","0.0","0.0"],"168":["36","0.00000","0.00000","0.0","0.0"],"169":["36","0.00000","0.00000","0.0","0.0"],"170":["48","29.66667","54.40984","0.0","130.0"],"171":["38","6.02632","25.95592","0.0","134.0"],"172":["98","71.24490","65.68323","0.0","136.0"],"173":["38","7.02632","29.81035","0.0","134.0"],"174":["36","0.00000","0.00000","0.0","0.0"],"175":["36","0.00000","0.00000","0.0","0.0"],"176":["36","0.00000","0.00000","0.0","0.0"],"177":["36","0.00000","0.00000","0.0","0.0"],"178":["37","3.54054","21.24324","0.0","131.0"],"179":["48","24.58333","51.17854","0.0","133.0"],