{"_t":[1366952400,1367557200,604800,144],"_i":["sanpedro\/003\/humidity","sanpedro\/003\/temperature"],"_@":{"humi":[40,100],"temp":[0,30]},"sanpedro\/003\/humidity":{"12":["45","58.58444","2.67440","52.4","66.1"],"13":["45","52.48222","4.61699","47.8","67.5"],"14":["53","79.10000","2.88064","76.7","86.4"],"15":["78","86.53846","3.86431","81.2","95.0"],"16":["8","90.96250","3.42853","86.7","95.0"],"17":["41","91.37805","3.16116","86.7","94.9"],"18":["59","84.91356","6.04395","77.4","94.9"],"19":["109","84.50734","4.94501","77.1","94.6"],"20":["20","90.96000","3.52241","86.3","94.6"],"21":["16","90.87500","3.39163","86.0","94.4"],"22":["28","90.15357","3.56666","85.8","94.2"],"23":["28","88.46429","3.51905","85.7","94.1"],"24":["16","87.76250","3.27793","85.6","94.0"],"25":["59","87.95932","3.49222","85.6","94.0"],"26":["33","89.67879","3.56488","85.7","94.4"],"27":["61","67.53770","4.89611","62.5","76.4"],"35":["66","88.23030","3.20818","85.8","95.0"],"36":["34","90.59412","3.70476","86.4","95.0"],"37":["24","89.95833","3.51839","86.2","94.6"],"38":["28","90.35000","3.59081","86.3","94.6"],"39":["22","89.57727","3.54580","86.4","94.6"],"40":["12","89.87500","3.58565","86.4","94.6"],"41":["30","90.67667","3.39909","86.4","94.6"],"42":["24","90.64583","3.50464","86.3","94.6"],"43":["12","90.95000","3.46494","86.2","94.5"],"44":["27","90.60741","3.50491","86.2","94.5"],"45":["31","90.93871","3.40395","86.2","94.4"],"46":["40","90.80250","3.46226","86.1","94.7"],"47":["95","83.03579","6.00477","75.5","95.0"],"56":["16","91.33125","2.37874","86.8","94.8"],"57":["29","90.19310","3.39837","86.4","94.7"],"58":["11","91.18182","3.14695","86.3","94.5"],"59":["15","90.36667","3.50479","86.2","94.5"],"60":["4","89.70000","3.58539","86.2","94.3"],"61":["5","91.42000","2.66338","86.4","94.4"],"62":["19","90.76842","3.46654","86.4","94.5"],"63":["41","91.01463","3.28808","86.4","94.5"],"64":["15","90.46000","3.44128","86.4","94.5"],"65":["10","90.54000","3.50577","86.4","94.5"],"66":["36","90.63611","3.48825","86.3","94.6"],"67":["35","90.56286","3.35603","86.4","94.7"],"68":["20","89.81500","3.46530","86.6","94.8"],"70":["107","77.30467","2.08445","74.1","82.7"],"72":["44","58.10455","1.59815","51.5","60.7"],"76":["65","87.22769","3.80500","82.6","94.8"],"77":["3","91.23333","3.40816","86.6","94.7"],"78":["16","90.72500","3.40211","86.5","94.7"],"79":["5","90.46000","3.34999","86.5","94.7"],"80":["16","91.38750","3.44091","86.5","94.7"],"81":["9","90.83333","3.26837","86.4","94.7"],"82":["11","90.74545","3.41876","86.4","94.6"],"83":["14","90.80714","3.41853","86.4","94.6"],"84":["25","90.59200","3.54558","86.4","94.5"],"129":["53","88.38302","3.18699","84.1","94.9"],"135":["157","75.73631","3.75313","69.1","86.7"],"138":["10","91.94000","2.83203","86.7","94.8"],"139":["34","90.69412","3.57260","86.5","94.7"],"140":["27","89.78889","3.57629","86.4","94.5"],"141":["10","90.08000","3.64055","86.5","94.6"],"142":["23","90.84348","3.52628","86.6","94.6"],"143":["20","90.81000","2.94719","86.4","94.6"]},"sanpedro\/003\/temperature":{"12":["45","23.01111","1.58370","21.9","26.0"],"13":["45","23.89778","0.35055","23.3","24.7"],"14":["53","16.88302","0.55686","16.5","18.3"],"15":["78","15.99103","0.66278","14.6","17.1"],"16":["8","14.66250","0.30797","14.3","15.2"],"17":["41","14.17073","0.33000","13.6","14.8"],"18":["59","13.52542","0.32396","13.1","14.4"],"19":["109","11.91651","0.32439","11.2","12.9"],"20":["20","11.49000","0.52621","10.5","12.3"],"21":["16","10.00000","0.77379","8.4","10.8"],"22":["28","8.47500","0.85925","6.8","9.6"],"23":["28","7.10714","0.64914","6.4","8.2"],"24":["16","6.20625","0.77417","5.6","7.8"],"25":["59","5.97288","0.73826","5.4","7.5"],"26":["33","8.76970","1.23202","6.9","11.2"],"27":["61","18.33770","1.23675","17.2","20.3"],"35":["66","14.75152","0.27482","14.1","15.4"],"36":["34","13.23235","1.01510","11.1","14.8"],"37":["24","11.47083","0.83540","10.2","12.5"],"38":["28","11.94286","0.47089","10.9","12.6"],"39":["22","12.10909","0.31321","11.6","12.7"],"40":["12","11.94167","0.34751","11.4","12.5"],"41":["30","11.76333","0.36468","11.1","12.4"],"42":["24","11.54167","0.30539","10.9","12.0"],"43":["12","11.02500","0.43036","10.2","11.5"],"44":["27","10.71852","0.48917","9.9","11.3"],"45":["31","10.55161","0.49309","9.8","11.1"],"46":["40","11.61250","0.99905","9.7","13.2"],"47":["95","15.29368","0.66107","14.0","16.4"],"56":["16","14.44375","0.33721","13.7","15.0"],"57":["29","12.68276","0.62371","11.4","13.5"],"58":["11","11.51818","0.60875","10.5","12.0"],"59":["15","10.66000","0.75348","9.5","11.7"],"60":["4","10.50000","0.75166","9.7","11.3"],"61":["5","11.82000","0.37630","11.1","12.2"],"62":["19","12.06842","0.37982","11.4","12.5"],"63":["41","11.80976","0.53274","10.9","12.6"],"64":["15","11.74000","0.48552","11.0","12.4"],"65":["10","11.96000","0.43174","11.4","12.5"],"66":["36","11.91944","0.58014","10.6","12.8"],"67":["35","13.24000","0.67324","11.6","14.3"],"68":["20","14.45000","0.33838","13.8","15.0"],"70":["107","17.71682","0.81579","16.9","19.2"],"72":["44","21.74318","1.65700","20.8","25.8"],"76":["65","14.37231","0.61206","13.3","15.5"],"77":["3","13.33333","0.40277","13.0","13.9"],"78":["16","12.78750","0.44843","12.2","13.5"],"79":["5","12.56000","0.44989","12.0","13.2"],"80":["16","12.60625","0.56950","11.8","13.3"],"81":["9","12.26667","0.57155","11.5","13.1"],"82":["11","12.08182","0.56700","11.3","12.9"],"83":["14","11.84286","0.48065","11.2","12.6"],"84":["25","11.55600","0.54485","10.7","12.3"],"129":["53","15.16415","0.94870","13.6","17.3"],"135":["157","17.51019","0.91430","16.5","19.6"],"138":["10","13.91000","0.41821","13.2","14.5"],"139":["34","12.68824","0.42341","11.7","13.4"],"140":["27","12.01852","0.28679","11.5","12.4"],"141":["10","12.61000","0.16401","12.4","13.0"],"142":["23","12.63913","0.29153","12.2","13.0"],"143":["20","12.20500","0.46419","11.3","13.0"]}}