{"_t":[1377234000,1377320400,86400,144],"_i":["timana0\/004\/VoltR"],"_@":{"Volt":[0,0]},"timana0\/004\/VoltR":[["2","0.00000","0.00000","0.0","0.0"],["2","0.00000","0.00000","0.0","0.0"],["2","0.00000","0.00000","0.0","0.0"],["2","0.00000","0.00000","0.0","0.0"],["2","0.00000","0.00000","0.0","0.0"],["2","0.00000","0.00000","0.0","0.0"],["2","0.00000","0.00000","0.0","0.0"],["2","0.00000","0.00000","0.0","0.0"],["2","0.00000","0.00000","0.0","0.0"],["2","0.00000","0.00000","0.0","0.0"],["2","0.00000","0.00000","0.0","0.0"],["2","0.00000","0.00000","0.0","0.0"],["2","0.00000","0.00000","0.0","0.0"],["2","0.00000","0.00000","0.0","0.0"],["2","0.00000","0.00000","0.0","0.0"],["2","0.00000","0.00000","0.0","0.0"],["2","0.00000","0.00000","0.0","0.0"],["2","0.00000","0.00000","0.0","0.0"],["2","0.00000","0.00000","0.0","0.0"],["2","0.00000","0.00000","0.0","0.0"],["2","0.00000","0.00000","0.0","0.0"],["2","0.00000","0.00000","0.0","0.0"],["2","0.00000","0.00000","0.0","0.0"],["2","0.00000","0.00000","0.0","0.0"],["2","0.00000","0.00000","0.0","0.0"],["2","0.00000","0.00000","0.0","0.0"],["2","0.00000","0.00000","0.0","0.0"],["2","0.00000","0.00000","0.0","0.0"],["2","0.00000","0.00000","0.0","0.0"],["2","0.00000","0.00000","0.0","0.0"],["2","0.00000","0.00000","0.0","0.0"],["2","0.00000","0.00000","0.0","0.0"],["2","0.00000","0.00000","0.0","0.0"],["2","0.00000","0.00000","0.0","0.0"],["2","0.00000","0.00000","0.0","0.0"],["2","0.00000","0.00000","0.0","0.0"],["2","0.00000","0.00000","0.0","0.0"],["2","0.00000","0.00000","0.0","0.0"],["2","0.00000","0.00000","0.0","0.0"],["2","0.00000","0.00000","0.0","0.0"],["2","0.00000","0.00000","0.0","0.0"],["2","0.00000","0.00000","0.0","0.0"],["2","0.00000","0.00000","0.0","0.0"],["2","0.00000","0.00000","0.0","0.0"],["2","0.00000","0.00000","0.0","0.0"],["2","0.00000","0.00000","0.0","0.0"],["2","0.00000","0.00000","0.0","0.0"],["2","0.00000","0.00000","0.0","0.0"],["2","0.00000","0.00000","0.0","0.0"],["2","0.00000","0.00000","0.0","0.0"],["2","0.00000","0.00000","0.0","0.0"],["2","0.00000","0.00000","0.0","0.0"],["2","0.00000","0.00000","0.0","0.0"],["2","0.00000","0.00000","0.0","0.0"],["2","0.00000","0.00000","0.0","0.0"],["2","0.00000","0.00000","0.0","0.0"],["1","0.00000","0.00000","0.0","0.0"]]}