{"_t":[1365310800,1367902800,2592000,240],"_i":["valentina\/002\/humidity","valentina\/002\/temperature"],"_@":{"humi":[20,90],"temp":[0,40]},"valentina\/002\/humidity":{"19":["8","63.28750","3.76976","59.5","71.0"],"20":["38","43.33947","12.23979","23.3","63.4"],"21":["38","46.38158","19.63190","24.2","85.9"],"22":["40","86.12750","1.28802","82.2","86.8"],"23":["38","86.17105","0.97681","82.0","86.5"],"24":["38","86.06842","0.97309","81.9","86.4"],"25":["39","85.83590","1.15769","81.8","86.3"],"26":["37","72.59459","12.81057","52.3","86.5"],"27":["41","47.82439","9.07892","34.9","69.8"],"28":["38","50.48947","9.57455","25.5","68.8"],"29":["39","78.72051","5.81295","65.8","86.7"],"30":["39","85.69231","1.51765","81.6","86.7"],"31":["40","85.81750","1.28722","81.8","86.5"],"32":["39","85.67179","1.14263","81.7","86.2"],"33":["41","85.45610","1.39896","81.6","86.2"],"34":["37","76.58378","9.71122","55.0","86.3"],"35":["41","42.50488","6.94669","26.7","56.3"],"36":["38","47.86316","8.81832","29.5","63.2"],"37":["38","69.48684","14.82271","40.9","86.8"],"38":["38","86.38684","0.95536","82.3","86.8"],"39":["39","86.03590","1.15325","82.0","86.5"],"40":["40","85.79000","1.27491","81.9","86.3"],"41":["39","85.69744","1.11642","81.8","86.1"],"42":["40","79.72750","8.34344","59.6","86.6"],"43":["41","47.50976","5.87756","37.8","64.3"],"44":["39","45.53846","10.36749","25.8","63.7"],"45":["39","65.96154","14.38073","33.6","86.8"],"46":["37","86.22973","1.07424","82.2","86.8"],"47":["42","85.62857","1.49814","81.9","86.4"],"48":["16","85.75000","1.02042","81.8","86.1"],"65":["35","85.93429","1.20734","81.9","86.4"],"66":["39","81.78205","7.35384","63.9","86.7"],"67":["33","60.57576","5.59063","49.3","71.3"],"68":["38","82.14211","8.71323","41.2","87.1"],"69":["39","84.98718","6.31373","56.5","87.3"],"70":["39","86.18462","1.29705","82.3","86.7"],"71":["39","86.11795","1.13202","82.2","86.5"],"72":["39","86.04359","1.12996","82.0","86.4"],"73":["40","85.89000","1.29842","82.0","86.4"],"74":["38","74.12895","12.02836","53.5","86.8"],"75":["39","45.11282","4.16217","32.3","51.3"],"76":["37","43.76757","7.43640","27.5","55.6"],"77":["37","55.37027","18.29433","27.0","86.7"],"78":["40","86.03000","1.27910","82.1","86.6"],"79":["37","86.37297","0.67969","82.3","86.5"],"80":["38","85.95526","0.98400","81.8","86.4"],"81":["39","85.74872","1.15977","81.7","86.1"],"82":["38","77.54737","11.03162","53.5","86.4"],"83":["37","44.26216","5.96369","32.6","57.2"],"84":["40","41.42500","8.11735","26.6","57.7"],"85":["43","65.36279","22.26285","32.2","86.8"],"86":["39","81.75897","2.24542","77.2","86.7"],"87":["40","85.97500","1.29649","82.2","86.5"],"88":["38","86.09211","1.16966","82.1","86.5"],"89":["32","85.99375","1.26317","82.0","86.4"],"90":["35","70.97143","13.35835","48.8","86.6"],"91":["38","51.31579","6.32524","40.5","68.6"],"92":["39","55.76667","5.62377","36.5","61.8"],"93":["40","68.89750","16.89222","28.7","86.8"],"94":["38","86.40789","0.98312","82.2","86.8"],"95":["40","86.00500","1.30268","82.0","86.5"],"96":["38","86.09211","0.95735","82.0","86.4"],"97":["40","85.77500","1.27510","81.9","86.2"],"98":["40","84.82500","5.77177","56.2","87.0"],"99":["37","75.71622","9.15546","46.1","85.4"],"100":["41","61.60488","10.46266","44.1","85.0"],"101":["39","79.81538","7.54309","66.2","86.7"],"102":["39","86.16154","1.12492","82.2","86.5"],"103":["39","86.07692","1.11917","82.2","86.4"],"104":["40","85.93000","1.27754","82.1","86.4"],"105":["41","85.74634","1.39688","82.0","86.3"],"106":["37","85.10541","2.43599","77.9","87.0"],"107":["39","71.07692","6.64829","51.3","79.8"],"108":["39","66.54359","7.66543","38.3","75.9"],"109":["42","73.01429","9.46949","43.7","86.2"],"110":["39","86.13846","1.14144","82.1","86.5"],"111":["39","86.16923","1.14582","82.2","86.5"],"112":["39","86.09231","1.15323","82.1","86.5"],"113":["37","86.34054","0.70843","82.1","86.5"],"114":["41","85.09756","2.48355","77.2","86.7"],"115":["39","83.63846","4.60137","69.0","86.8"],"116":["39","67.12564","17.08862","33.7","87.0"],"117":["43","62.80233","22.26670","23.4","86.7"],"118":["40","85.97500","1.30053","82.0","86.5"],"119":["38","86.05000","0.98080","81.9","86.4"],"120":["39","85.93333","1.16846","81.8","86.4"],"121":["40","85.62250","1.27544","81.7","86.2"],"122":["38","76.12368","12.65309","45.7","86.6"],"123":["39","61.74103","7.61728","43.2","74.7"],"124":["39","67.91282","9.83472","46.8","86.2"],"125":["40","69.35250","12.36176","44.6","86.7"],"126":["39","86.14615","1.17142","82.0","86.7"],"127":["42","85.68333","1.54487","81.9","86.4"],"128":["40","85.86000","1.32000","81.9","86.3"],"129":["38","85.99737","0.97966","81.8","86.3"],"130":["41","76.93902","10.71479","51.7","86.6"],"131":["31","48.00000","8.79318","30.9","68.8"],"132":["36","40.52778","6.99443","27.7","56.6"],"133":["35","47.07143","18.64660","22.5","75.1"],"134":["36","80.65833","1.82626","75.6","82.2"],"135":["36","81.94722","0.05521","81.9","82.1"],"136":["36","81.88611","0.09473","81.7","82.0"],"137":["36","81.70556","0.09702","81.6","81.9"],"138":["36","81.12222","3.40336","69.7","82.8"],"139":["36","51.63333","8.28851","39.9","71.1"],"140":["36","35.70278","5.36193","28.7","48.5"],"141":["36","48.01944","12.29103","27.4","74.1"],"142":["36","81.65000","1.84654","73.3","82.2"],"143":["36","82.05278","0.06866","82.0","82.2"],"144":["36","82.04722","0.04992","82.0","82.1"],"145":["39","85.54615","1.61179","82.1","86.3"],"146":["37","76.22973","12.75844","49.8","86.6"],"147":["40","55.00750","7.73283","33.4","69.0"],"148":["38","56.25789","7.57352","32.5","68.8"],"149":["39","77.36410","12.00467","41.4","86.7"],"150":["37","82.65676","4.39382","70.3","86.6"],"151":["36","83.06389","3.03701","73.8","86.3"],"152":["41","85.08293","1.97680","79.2","86.1"],"153":["39","85.62308","1.18093","81.5","86.1"],"154":["40","65.69250","12.47913","49.2","86.3"],"155":["38","50.72368","3.96932","42.4","58.4"],"156":["34","51.69706","2.92489","45.6","58.1"],"157":["39","52.24615","14.16505","32.6","83.3"],"158":["39","85.51282","1.47338","82.3","86.7"],"159":["38","84.01842","5.27670","67.3","86.6"],"160":["40","85.69000","1.27707","81.7","86.3"],"161":["40","85.31500","1.28482","81.4","85.9"],"162":["37","82.65676","5.67958","64.2","86.6"],"163":["43","56.55581","7.85968","39.0","69.5"],"164":["41","49.93902","8.87512","30.2","70.5"],"165":["40","66.80000","13.51296","41.6","83.7"],"166":["40","85.82750","1.34424","82.0","86.7"],"167":["36","86.12778","1.21464","82.1","86.5"],"168":["38","86.14211","0.96590","82.0","86.5"],"169":["38","85.98158","0.93860","82.0","86.3"],"170":["37","70.62162","12.16046","46.9","86.4"],"171":["39","57.83333","8.13770","37.8","74.1"],"172":["40","44.84750","9.17785","29.4","60.9"],"173":["38","48.81316","16.53325","31.1","85.7"],"174":["39","86.01538","1.30099","82.1","86.6"],"175":["37","86.12432","0.69063","82.0","86.4"],"176":["38","86.14737","0.96675","82.0","86.4"],"177":["38","86.15263","0.96865","82.0","86.5"],"178":["38","75.91053","12.15979","53.1","86.6"],"179":["22","63.25909","10.80331","48.8","81.0"],"180":["12","58.97500","7.41228","45.0","66.4"],"181":["39","68.38718","15.03772","32.0","86.6"],"182":["35","86.50857","0.06916","86.4","86.6"],"183":["38","86.18947","0.96458","82.1","86.5"],"184":["38","86.05263","1.18649","82.0","86.4"],"185":["3","86.43333","0.04714","86.4","86.5"],"186":["30","82.28333","6.82930","57.2","86.7"],"187":["38","62.58421","6.55200","44.7","72.7"],"188":["40","58.76250","9.80787","28.2","71.2"],"189":["40","59.79250","6.41391","41.7","72.4"],"190":["39","83.22051","4.77408","68.8","86.6"],"191":["38","86.26316","0.97398","82.1","86.6"],"192":["40","85.87000","1.29000","82.0","86.3"],"193":["40","85.93250","1.31156","82.0","86.4"],"194":["39","83.06154","6.11080","61.1","86.6"],"195":["39","63.47692","7.77225","36.2","73.4"],"196":["36","64.93333","8.63375","49.2","79.7"],"197":["39","53.92821","10.69881","35.0","75.3"],