{"_t":[1366002000,1366088400,86400,144],"_i":["margaritas\/005\/humidity","margaritas\/005\/temperature","margaritas\/006\/humidity","margaritas\/006\/temperature","margaritas\/007\/humidity","margaritas\/007\/temp_dry","margaritas\/007\/temp_wet"],"_@":{"humi":[80,100],"temp":[0,20]},"margaritas\/005\/humidity":[["13","84.52308","1.50290","82.9","86.0"],["26","84.40000","1.50000","82.9","85.9"],["12","84.40000","1.50000","82.9","85.9"],["25","84.46000","1.49880","82.9","85.9"],["13","84.51538","1.49556","82.9","85.9"],["12","84.40000","1.50000","82.9","85.9"],["25","84.46000","1.49880","82.9","85.9"],["13","84.56154","1.53850","82.9","86.0"],["26","84.45000","1.55000","82.9","86.0"],["12","84.45000","1.55000","82.9","86.0"],["25","84.51200","1.54876","82.9","86.0"],["13","84.56923","1.54541","82.9","86.0"],["12","84.45000","1.55000","82.9","86.0"],["25","84.51200","1.54876","82.9","86.0"],["13","84.56923","1.54541","82.9","86.0"],["13","84.56923","1.54541","82.9","86.0"],["12","84.45000","1.55000","82.9","86.0"],["25","84.56000","1.59499","82.9","86.1"],["13","84.62308","1.59526","82.9","86.1"],["12","84.50000","1.60000","82.9","86.1"],["25","84.61200","1.54876","83.0","86.1"],["13","84.66923","1.54541","83.0","86.1"],["13","84.66923","1.54541","83.0","86.1"],["12","84.55000","1.55000","83.0","86.1"],["25","84.55600","1.51949","82.9","86.1"],["13","84.56923","1.54541","82.9","86.0"],["12","84.45000","1.55000","82.9","86.0"],["25","84.51200","1.54876","82.9","86.0"],["13","84.56923","1.54541","82.9","86.0"],["13","84.51538","1.49556","82.9","85.9"],["12","84.40000","1.50000","82.9","85.9"],["25","84.43200","1.47234","82.9","85.9"],["13","84.41538","1.49556","82.8","85.8"],["12","84.30000","1.50000","82.8","85.8"],["25","84.38400","1.52228","82.8","85.9"],["13","84.46923","1.54541","82.8","85.9"],["13","84.46923","1.54541","82.8","85.9"],["12","84.40000","1.60000","82.8","86.0"],["25","84.51200","1.54876","82.9","86.0"],["13","84.60000","1.57431","82.9","86.1"],["12","84.50000","1.60000","82.9","86.1"],["25","84.64000","1.57607","83.0","86.2"],["13","84.73077","1.58715","83.0","86.2"],["13","84.76923","1.54541","83.1","86.2"],["12","84.65000","1.55000","83.1","86.2"],["25","84.74000","1.57607","83.1","86.3"],["13","84.86923","1.54541","83.2","86.3"],["12","84.76667","1.55045","83.2","86.4"],["25","84.10400","1.21441","81.8","86.4"]],"margaritas\/005\/temperature":[["13","11.56154","0.71634","10.8","12.4"],["26","11.46923","0.75792","10.6","12.3"],["12","11.33333","0.76739","10.5","12.1"],["25","11.34400","0.63566","10.6","12.0"],["13","11.36154","0.59166","10.8","12.0"],["12","11.35000","0.65000","10.7","12.0"],["25","11.43600","0.55345","10.7","12.1"],["13","11.67692","0.45599","11.2","12.2"],["26","11.90000","0.42336","11.3","12.4"],["12","12.06667","0.40277","11.6","12.5"],["25","11.93200","0.48474","11.2","12.5"],["13","11.52308","0.55074","11.0","12.2"],["12","11.70833","0.52830","11.1","12.3"],["25","12.01600","0.43697","11.5","12.5"],["13","12.17692","0.37857","11.8","12.6"],["13","12.23077","0.35817","11.9","12.7"],["12","12.30833","0.39255","11.9","12.7"],["25","12.41600","0.37060","12.0","12.8"],["13","12.52308","0.34896","12.2","12.9"],["12","12.60000","0.36968","12.2","13.0"],["25","12.64000","0.34641","12.3","13.0"],["13","12.72308","0.34896","12.4","13.1"],["13","12.71538","0.35701","12.3","13.1"],["12","12.65000","0.40311","12.2","13.1"],["25","11.84400","0.64067","11.1","12.7"],["13","11.70769","0.54837","11.2","12.3"],["12","11.68333","0.61757","11.0","12.3"],["25","11.52000","0.56710","10.9","12.2"],["13","11.50769","0.54837","11.0","12.1"],["13","11.40769","0.61201","10.8","12.1"],["12","11.32500","0.60982","10.7","12.0"],["25","10.83600","0.77039","9.9","11.8"],["13","10.32308","0.83034","9.5","11.3"],["12","10.44167","0.73196","9.5","11.2"],["25","11.00800","0.44982","10.4","11.6"],["13","11.29231","0.38122","10.9","11.8"],["13","11.48462","0.41666","11.1","12.0"],["12","11.60833","0.39255","11.2","12.0"],["25","11.89200","0.39081","11.3","12.4"],["13","12.40000","0.30128","12.0","12.8"],["12","12.63333","0.27487","12.3","13.0"],["25","12.97600","0.28182","12.5","13.4"],["13","13.42308","0.23584","13.1","13.7"],["13","13.90769","0.26154","13.6","14.3"],["12","14.02500","0.32692","13.7","14.4"],["25","14.22000","0.43909","13.7","14.8"],["13","14.77692","0.56996","14.1","15.5"],["12","15.06667","0.55277","14.5","15.7"],["25","16.15600","0.74891","14.9","17.5"]],"margaritas\/006\/humidity":{"0":["13","84.36923","1.51016","82.9","86.0"],"2":["13","84.28462","1.49556","82.9","85.9"],"4":["13","84.28462","1.49556","82.9","85.9"],"5":["13","84.28462","1.49556","82.9","85.9"],"7":["13","84.28462","1.49556","82.9","85.9"],"9":["13","84.33077","1.54541","82.9","86.0"],"11":["13","84.33077","1.54541","82.9","86.0"],"12":["13","84.33077","1.54541","82.9","86.0"],"14":["13","84.33077","1.54541","82.9","86.0"],"15":["13","84.33077","1.54541","82.9","86.0"],"16":["13","84.33077","1.54541","82.9","86.0"],"18":["13","84.37692","1.59526","82.9","86.1"],"19":["13","84.40000","1.57431","82.9","86.1"],"21":["13","84.43077","1.54541","83.0","86.1"],"22":["13","84.43077","1.54541","83.0","86.1"],"23":["13","84.43077","1.54541","83.0","86.1"],"25":["13","84.33077","1.54541","82.9","86.0"],"26":["13","84.33077","1.54541","82.9","86.0"],"28":["13","84.33077","1.54541","82.9","86.0"],"29":["13","84.32308","1.53731","82.9","86.0"],"30":["13","84.28462","1.49556","82.9","85.9"],"32":["13","84.19231","1.48866","82.8","85.8"],"33":["13","84.18462","1.49556","82.8","85.8"],"35":["13","84.23077","1.54541","82.8","85.9"],"36":["13","84.23077","1.54541","82.8","85.9"],"37":["13","84.28462","1.58835","82.8","86.0"],"39":["13","84.33077","1.54541","82.9","86.0"],"40":["13","84.42308","1.55274","82.9","86.1"],"42":["13","84.47692","1.59526","83.0","86.2"],"43":["13","84.53077","1.54541","83.1","86.2"],"44":["13","84.53077","1.54541","83.1","86.2"],"46":["13","84.62308","1.55274","83.1","86.3"],"47":["13","84.62308","1.45980","83.3","86.4"]},"margaritas\/006\/temperature":{"0":["13","11.83077","0.67980","11.0","12.5"],"2":["13","11.36154","0.73750","10.5","12.1"],"4":["13","11.49231","0.54837","10.9","12.0"],"5":["13","11.39231","0.64147","10.7","12.0"],"7":["13","11.65385","0.48296","11.1","12.1"],"9":["13","12.13077","0.39881","11.7","12.5"],"11":["13","11.63846","0.54848","11.0","12.2"],"12":["13","11.91538","0.49590","11.3","12.4"],"14":["13","12.14615","0.38354","11.7","12.5"],"15":["13","12.27692","0.34896","11.9","12.6"],"16":["13","12.37692","0.34896","12.0","12.7"],"18":["13","12.53846","0.33175","12.1","12.9"],"19":["13","12.67692","0.34896","12.3","13.0"],"21":["13","12.73077","0.30731","12.4","13.1"],"22":["13","12.77692","0.34896","12.4","13.1"],"23":["13","12.39231","0.48272","11.7","12.9"],"25":["13","11.73846","0.60832","11.0","12.3"],"26":["13","11.66154","0.61336","11.0","12.3"],"28":["13","11.50769","0.54837","10.9","12.1"],"29":["13","11.56923","0.57430","10.9","12.1"],"30":["13","11.25385","0.62341","10.5","11.9"],"32":["13","10.66923","0.80612","9.8","11.5"],"33":["13","10.73846","0.58512","9.9","11.4"],"35":["13","11.23846","0.39329","10.7","11.6"],"36":["13","11.48462","0.38996","11.0","11.9"],"37":["13","11.71538","0.38600","11.3","12.1"],"39":["13","12.23846","0.30518","11.8","12.6"],"40":["13","12.80000","0.31132","12.4","13.1"],"42":["13","13.24615","0.25303","12.9","13.6"],"43":["13","13.70769","0.25858","13.3","14.1"],"44":["13","14.10769","0.37919","13.7","14.5"],"46":["13","14.60000","0.48675","14.0","15.2"],"47":["13","15.37692","0.60910","14.6","16.2"]},