{"_t":[1369198800,1369285200,86400,144],"_i":["sanpedro\/006\/VoltR"],"_@":{"Volt":[0,140]},"sanpedro\/006\/VoltR":{"53":["1","0.00000","0.00000","0.0","0.0"],"54":["7","93.14286","58.91017","0.0","131.0"],"55":["2","0.00000","0.00000","0.0","0.0"],"56":["2","0.00000","0.00000","0.0","0.0"],"57":["2","0.00000","0.00000","0.0","0.0"],"58":["2","0.00000","0.00000","0.0","0.0"],"59":["2","0.00000","0.00000","0.0","0.0"],"60":["9","103.77778","55.47327","0.0","134.0"],"61":["2","0.00000","0.00000","0.0","0.0"],"62":["2","0.00000","0.00000","0.0","0.0"],"63":["2","0.00000","0.00000","0.0","0.0"],"64":["2","0.00000","0.00000","0.0","0.0"],"65":["2","0.00000","0.00000","0.0","0.0"],"66":["2","0.00000","0.00000","0.0","0.0"],"67":["2","0.00000","0.00000","0.0","0.0"],"68":["2","0.00000","0.00000","0.0","0.0"],"69":["2","0.00000","0.00000","0.0","0.0"],"70":["2","0.00000","0.00000","0.0","0.0"],"71":["6","90.33333","63.87662","0.0","136.0"],"72":["5","81.40000","66.46382","0.0","136.0"],"73":["2","0.00000","0.00000","0.0","0.0"],"74":["5","54.20000","66.38193","0.0","136.0"],"75":["2","0.00000","0.00000","0.0","0.0"],"76":["2","0.00000","0.00000","0.0","0.0"],"77":["2","0.00000","0.00000","0.0","0.0"],"78":["8","85.37500","66.13232","0.0","137.0"],"79":["2","0.00000","0.00000","0.0","0.0"],"80":["1","0.00000","0.00000","0.0","0.0"],"81":["2","0.00000","0.00000","0.0","0.0"],"82":["2","0.00000","0.00000","0.0","0.0"],"83":["2","0.00000","0.00000","0.0","0.0"],"84":["2","0.00000","0.00000","0.0","0.0"],"85":["2","0.00000","0.00000","0.0","0.0"],"86":["2","0.00000","0.00000","0.0","0.0"],"87":["2","0.00000","0.00000","0.0","0.0"],"88":["6","66.66667","66.66750","0.0","134.0"],"89":["2","0.00000","0.00000","0.0","0.0"],"90":["2","0.00000","0.00000","0.0","0.0"],"91":["2","0.00000","0.00000","0.0","0.0"],"92":["4","62.50000","62.50400","0.0","126.0"],"93":["5","50.00000","61.23724","0.0","125.0"],"94":["2","0.00000","0.00000","0.0","0.0"],"95":["2","0.00000","0.00000","0.0","0.0"],"96":["2","0.00000","0.00000","0.0","0.0"],"97":["1","0.00000","0.00000","0.0","0.0"]}}