{"_t":[1374642000,1377234000,2592000,240],"_i":["valentina\/001\/humidity","valentina\/001\/temperature"],"_@":{"humi":[10,90],"temp":[0,40]},"valentina\/001\/humidity":{"0":["72","83.46528","2.11576","81.3","85.6"],"1":["72","83.41667","2.12818","81.2","85.6"],"2":["68","66.33676","15.65744","37.6","86.3"],"3":["70","46.13571","6.55940","33.7","55.6"],"4":["72","36.00417","5.45340","24.4","48.4"],"5":["68","53.90000","12.84577","28.0","75.9"],"6":["72","83.51944","2.47665","76.7","86.4"],"7":["72","83.58750","2.10956","81.3","85.9"],"8":["72","83.56944","2.10480","81.4","85.9"],"9":["68","83.61176","2.11247","81.3","85.7"],"10":["72","69.29722","13.39663","42.5","86.4"],"11":["72","41.10556","4.86883","27.7","51.2"],"12":["68","50.08235","12.30534","25.4","72.3"],"13":["71","62.06197","9.76978","40.4","77.8"],"14":["72","82.97222","2.21424","76.6","86.5"],"15":["72","84.13194","2.23220","81.9","86.4"],"16":["68","84.14265","2.20223","81.7","86.4"],"17":["72","83.92083","2.18841","81.7","86.2"],"18":["72","81.04583","7.42297","50.5","86.6"],"19":["70","56.78571","10.13099","34.5","77.6"],"20":["66","58.36364","9.59041","38.8","76.8"],"21":["72","74.31806","9.26036","49.1","86.4"],"22":["72","84.11250","2.14663","81.9","86.3"],"23":["66","84.11061","2.15295","81.7","86.3"],"24":["72","83.82778","2.12807","81.7","86.0"],"25":["72","83.87500","2.16736","81.7","86.2"],"26":["72","72.46667","11.48984","47.9","86.2"],"27":["68","49.87206","7.07691","28.6","65.5"],"28":["72","34.65972","4.20409","25.5","45.4"],"29":["70","49.28000","7.64148","32.4","66.5"],"30":["66","79.27727","3.25436","70.3","84.2"],"31":["72","83.67222","2.01971","81.7","86.3"],"32":["72","83.98611","2.25606","81.7","86.3"],"33":["72","83.89306","2.18780","81.7","86.3"],"34":["69","66.54493","13.20052","45.9","86.3"],"35":["72","49.32500","4.27645","36.4","57.3"],"36":["72","39.12222","6.71739","24.7","49.8"],"37":["68","47.36324","11.80628","27.0","75.1"],"38":["72","81.91667","2.81188","73.9","86.2"],"39":["72","83.69306","2.13414","81.5","86.1"],"40":["72","83.65694","2.14837","81.4","86.0"],"41":["69","83.59130","2.13675","81.3","85.8"],"42":["72","76.56111","9.55213","54.3","86.6"],"43":["72","46.42361","8.56700","27.6","67.9"],"44":["67","34.04030","5.54577","21.5","47.6"],"45":["72","42.02361","9.09937","26.8","69.0"],"46":["72","80.25556","3.84277","67.1","86.0"],"47":["72","83.75278","2.13684","81.5","86.0"],"48":["66","83.82273","2.12957","81.4","86.0"],"49":["72","83.50833","2.12222","81.2","85.8"],"50":["72","70.24722","11.72438","50.7","86.3"],"51":["68","50.50588","5.09928","36.9","59.6"],"52":["70","71.29571","10.28546","47.3","86.5"],"53":["72","73.57222","9.73940","34.1","82.3"],"54":["72","83.89861","2.10479","81.8","86.4"],"55":["68","84.22500","2.21342","81.8","86.4"],"56":["72","84.02639","2.18314","81.7","86.3"],"57":["72","83.92500","2.20320","81.7","86.2"],"58":["32","84.10000","2.16622","81.8","86.4"],"61":["40","53.60750","14.87594","32.4","82.6"],"62":["72","84.01944","2.19036","79.0","86.6"],"63":["72","84.03333","2.16788","81.7","86.5"],"64":["72","83.88611","2.15949","81.7","86.2"],"65":["72","83.65278","2.13996","81.4","85.9"],"66":["66","78.59091","8.45134","55.6","86.4"],"67":["72","57.23750","7.45759","43.3","73.3"],"68":["72","61.87917","14.41154","33.3","86.6"],"69":["68","68.09559","12.98382","39.0","83.0"],"70":["72","84.29444","2.08958","82.1","86.6"],"71":["6","84.30000","2.20000","82.1","86.5"],"76":["4","56.97500","5.28506","50.8","62.8"],"77":["72","69.79722","7.11891","54.8","86.6"],"78":["72","82.57500","2.79686","74.4","86.5"],"79":["72","84.02639","2.18403","81.7","86.3"],"80":["67","84.21493","2.19778","81.7","86.3"],"81":["72","83.98750","2.16326","81.7","86.3"],"82":["72","68.28889","15.22176","42.4","86.3"],"83":["65","45.18769","5.58744","31.8","58.0"],"84":["72","54.92083","10.00172","30.7","84.7"],"85":["72","62.54583","11.70880","26.9","79.7"],"86":["72","83.83056","2.19213","79.0","86.5"],"87":["66","83.91515","2.11468","81.5","86.1"],"88":["72","83.84306","2.18555","81.6","86.1"],"89":["72","83.65556","2.14229","81.4","86.0"],"90":["66","79.79545","5.57504","66.1","86.4"],"91":["72","70.35000","7.77380","49.9","86.8"],"92":["72","53.73333","15.65553","25.5","86.7"],"93":["66","77.85758","6.04042","59.0","86.6"],"94":["72","82.93750","2.82977","74.9","86.3"],"95":["72","83.79306","2.16617","81.6","86.2"],"96":["72","83.76667","2.18098","81.5","86.0"],"97":["11","84.70909","1.94490","81.5","85.9"],"98":["14","55.05000","5.21848","45.7","62.5"],"99":["72","43.23750","5.76928","28.2","58.9"],"100":["70","32.17714","4.89160","21.9","41.2"],"101":["20","34.14500","7.35231","22.2","49.0"],"178":["68","76.35294","10.68393","52.7","86.6"],"179":["72","48.81250","7.39568","36.1","63.9"],"180":["64","33.16562","7.24929","18.4","50.8"],"181":["70","63.03857","18.39006","27.0","83.9"],"182":["67","83.44478","1.99561","81.1","86.5"],"183":["63","83.97460","2.16692","81.9","86.4"],"184":["66","83.89697","2.18764","81.9","86.3"],"185":["8","84.10000","2.20000","81.9","86.3"],"220":["26","66.81154","11.09402","45.2","79.8"],"221":["36","68.02778","15.68422","38.2","86.5"],"222":["36","86.17778","0.12044","86.0","86.4"],"223":["36","86.11944","0.10755","86.0","86.3"],"224":["36","86.34167","0.04930","86.3","86.4"],"225":["36","86.04444","0.16741","85.8","86.4"],"226":["36","76.87500","10.52625","49.1","86.5"],"227":["36","51.82500","6.75921","40.6","68.2"],"228":["36","59.19167","9.81813","40.0","77.2"],"229":["36","55.07222","16.90535","20.0","83.9"],"230":["36","83.01944","3.04547","77.0","86.6"],"231":["36","86.37500","0.04330","86.3","86.4"],"232":["35","86.25714","0.10767","86.1","86.4"],"233":["36","86.12778","0.06060","86.0","86.2"],"234":["36","70.32222","12.49211","48.4","86.4"],"235":["36","56.17500","7.88738","40.7","70.1"],"236":["36","61.35556","10.24048","38.8","79.5"],"237":["36","55.23333","18.21971","30.9","86.5"],"238":["35","86.12571","0.29601","85.2","86.5"],"239":["36","85.80833","0.09538","85.7","86.0"]},"valentina\/001\/temperature":{"0":["72","5.56528","0.36559","4.6","6.3"],"1":["72","5.07500","0.37296","4.5","5.9"],"2":["68","13.85000","5.57728","4.3","22.2"],"3":["70","19.94714","2.43889","16.3","25.8"],"4":["72","24.94306","2.66176","20.1","31.0"],"5":["68","19.32794","3.59492","13.4","28.2"],"6":["72","10.49306","1.79400","7.8","13.9"],"7":["72","6.24306","0.70175","4.9","7.7"],"8":["72","6.15139","0.62494","5.4","7.9"],"9":["68","5.43235","0.41813","4.7","6.5"],"10":["72","14.00000","4.93254","5.1","22.3"],"11":["72","23.34167","2.41372","19.0","31.1"],"12":["68","22.40147","4.16747","16.0","32.7"],"13":["71","17.98873","2.84330","13.5","23.6"],"14":["72","11.91944","1.16579","9.7","13.8"],"15":["72","10.24028","0.67096","9.3","11.4"],"16":["68","9.28676","0.82067","8.0","11.1"],"17":["72","8.56806","0.52910","7.6","9.6"],"18":["72","12.89861","2.92425","8.9","22.0"],"19":["70","19.96571","3.03780","14.5","29.3"],"20":["66","18.67727","2.89020","14.1","25.6"],"21":["72","14.36667","2.38526","10.9","20.4"],"22":["72","9.96111","0.58132","9.0","10.9"],"23":["66","9.13182","0.86605","7.6","10.7"],"24":["72","8.21944","0.49795","7.5","9.4"],"25":["72","8.44722","0.74124","7.6","10.1"],"26":["72","13.70000","3.23118","8.4","20.2"],"27":["68","20.35441","2.96050","15.7","30.0"],"28":["72","25.41250","2.15625","20.6","30.9"],"29":["70","19.09714","2.70734","13.4","25.5"],"30":["66","10.64242","1.10427","9.0","13.1"],"31":["72","9.45000","0.78191","8.0","10.7"],"32":["72","9.37917","0.63332","8.5","10.4"],"33":["72","9.40833","0.78577","8.4","10.6"],"34":["69","14.41014","3.36681","8.5","19.7"],"35":["72","19.25556","1.85389","16.2","23.8"],"36":["72","23.63194","3.12093","18.9","30.8"],"37":["68","19.71471","4.15782","11.1","28.8"],"38":["72","9.66389","1.23247","7.6","12.2"],"39":["72","6.63750","0.66530","5.6","8.5"],"40":["72","6.49861","0.87186","5.3","8.2"],"41":["69","5.27391","0.49451","4.5","6.7"],