{"_t":[1366088400,1366952340,863940,240],"_i":["sanpedro\/002\/humidity","sanpedro\/002\/temperature"],"_@":{"humi":[30,100],"temp":[0,40]},"sanpedro\/002\/humidity":{"0":["17","91.20000","3.25396","86.4","94.6"],"1":["27","90.67407","3.42373","86.3","94.6"],"2":["21","90.52381","3.50386","86.2","94.5"],"3":["12","90.92500","3.43951","86.2","94.5"],"4":["11","91.17273","3.14414","86.3","94.5"],"5":["17","89.83529","3.35330","86.3","94.5"],"6":["30","91.28667","3.09394","86.4","94.6"],"7":["1","86.50000","0.00000","86.5","86.5"],"8":["94","58.78511","3.06844","54.3","63.5"],"11":["44","51.31136","5.48760","46.7","67.1"],"13":["142","61.52183","7.62236","46.4","73.5"],"14":["42","53.72619","6.01142","47.4","67.2"],"16":["47","54.04043","6.30645","49.2","68.7"],"17":["251","83.37450","7.34084","70.8","95.0"],"18":["27","90.88148","3.41685","86.5","94.8"],"19":["29","90.44483","3.46157","86.4","94.7"],"20":["9","91.48889","2.87303","86.4","94.6"],"21":["6","89.78333","3.37165","86.5","94.6"],"22":["32","91.23750","3.34419","86.5","94.7"],"23":["8","90.97500","3.63241","86.4","94.7"],"24":["7","91.14286","3.26796","86.2","94.5"],"25":["7","90.94286","3.26796","86.0","94.3"],"26":["21","90.77143","3.17867","85.9","94.2"],"27":["16","89.88750","3.54628","85.9","94.2"],"28":["42","88.09048","3.32321","85.9","94.2"],"29":["52","89.04808","3.60152","85.9","94.2"],"30":["51","89.55490","3.52617","85.9","94.2"],"31":["74","90.64865","3.43067","86.2","94.9"],"36":["44","40.59318","3.60438","36.1","47.9"],"37":["94","57.98723","5.05012","51.4","70.6"],"39":["99","56.90202","4.44140","51.2","70.0"],"40":["110","83.47091","8.31079","71.6","95.1"],"41":["48","90.39583","3.58463","86.7","95.1"],"42":["51","87.61373","3.34975","84.5","94.9"],"43":["8","90.47500","3.78443","84.4","94.7"],"44":["4","92.05000","3.35075","86.5","94.7"],"45":["11","91.08182","2.94242","86.5","94.6"],"46":["16","91.52500","3.07683","86.5","94.6"],"47":["39","91.80000","1.90142","86.5","94.6"],"48":["48","91.10625","2.94671","86.5","94.6"],"49":["19","91.63158","2.83420","86.5","94.6"],"50":["27","91.08148","3.12244","86.5","94.5"],"51":["5","90.34000","3.25552","86.5","94.5"],"52":["9","91.03333","3.35195","86.5","94.5"],"57":["45","58.06889","3.85958","54.7","66.0"],"58":["133","62.10226","4.30819","53.8","71.5"],"59":["89","54.21461","3.70383","50.5","65.0"],"63":["91","62.45055","4.19388","55.5","72.9"],"64":["214","83.02336","4.41012","67.2","93.9"],"65":["88","86.98182","2.76330","84.8","95.2"],"66":["21","91.27143","3.31995","86.7","94.9"],"67":["24","91.35000","3.14245","86.7","94.9"],"68":["11","92.43636","2.95520","86.6","94.8"],"69":["26","91.18462","3.23059","86.5","94.7"],"70":["22","91.39091","3.49023","86.4","94.7"],"71":["10","91.18000","3.28323","86.4","94.6"],"72":["20","91.33000","3.31754","86.5","94.6"],"73":["9","91.07778","3.40874","86.4","94.6"],"74":["5","92.42000","3.15430","86.4","94.6"],"75":["17","91.24118","3.34507","86.3","94.5"],"76":["23","91.88261","3.12572","86.3","94.5"],"77":["5","91.42000","2.72353","86.3","94.5"],"90":["20","91.93000","3.29623","86.5","94.7"],"91":["21","91.47143","2.55942","86.5","94.7"],"92":["9","91.13333","3.43155","86.5","94.7"],"93":["14","91.05714","3.53972","86.5","94.7"],"94":["13","91.65385","3.02035","86.5","94.7"],"95":["15","91.34667","3.09879","86.5","94.7"],"96":["34","91.35294","3.36201","86.4","94.7"],"97":["31","91.00968","3.10726","86.4","94.6"],"98":["5","90.28000","3.37544","86.3","94.6"],"99":["18","91.15556","3.17056","86.3","94.5"],"100":["17","91.24118","3.34507","86.3","94.5"],"101":["26","91.14615","3.38154","86.3","94.5"],"102":["1","92.10000","0.00000","92.1","92.1"],"103":["80","90.29250","3.59554","83.7","95.0"],"104":["151","71.02781","9.01608","55.4","88.6"],"156":["45","65.69333","1.92659","61.8","69.3"],"157":["51","73.87059","0.85481","72.0","75.6"],"158":["46","73.44565","3.72738","65.1","78.4"],"159":["104","77.21923","2.98863","73.4","83.2"],"160":["91","62.02967","7.37803","51.8","77.4"],"161":["41","86.22195","12.96290","53.9","95.0"],"162":["9","91.64444","2.86089","86.6","94.8"],"163":["29","90.59310","3.17869","86.3","94.7"],"164":["42","89.93810","3.28467","86.2","94.5"],"165":["9","89.97778","3.49246","86.2","94.5"],"166":["19","90.97895","3.00378","86.2","94.4"],"167":["19","91.10526","3.09320","86.2","94.4"],"168":["21","91.53333","3.16007","86.2","94.4"],"169":["9","90.61111","3.23056","86.2","94.4"],"170":["4","91.15000","3.02118","86.2","94.4"],"171":["21","90.56190","3.28930","86.1","94.4"],"172":["18","90.65000","3.32553","86.1","94.3"],"173":["19","90.91053","3.35511","86.2","94.4"],"174":["29","90.24138","3.44309","86.2","94.6"],"175":["78","86.67949","5.20272","78.8","94.9"],"177":["43","65.24651","4.77529","59.1","77.1"],"179":["91","78.03626","3.77567","67.4","85.4"],"184":["197","62.79492","7.25901","48.6","78.0"],"187":["43","82.37209","2.21678","79.3","92.4"],"188":["23","90.65217","3.40267","86.5","94.6"],"189":["12","91.33333","2.98086","86.4","94.5"],"190":["26","91.34231","3.21716","86.3","94.5"],"191":["24","90.63750","3.40696","86.4","94.5"],"192":["18","91.36667","2.82174","86.4","94.5"],"193":["19","91.17368","3.39998","86.3","94.5"],"194":["11","92.20000","3.01149","86.1","94.3"],"195":["13","89.32308","3.57581","86.0","94.2"]},"sanpedro\/002\/temperature":{"0":["17","12.19412","0.30769","11.9","12.7"],"1":["27","11.77778","0.60267","10.6","12.8"],"2":["21","10.89524","0.40764","10.4","11.6"],"3":["12","11.11667","0.42979","10.7","11.9"],"4":["11","11.11818","0.40186","10.5","11.9"],"5":["17","11.20588","0.42768","10.5","11.9"],"6":["30","11.70333","0.58849","10.6","12.7"],"7":["1","12.60000","0.00000","12.6","12.6"],"8":["94","20.92872","2.69154","18.1","26.2"],"11":["44","22.02273","0.61933","21.2","23.5"],"13":["142","21.43803","0.69218","20.5","22.9"],"14":["42","23.91429","0.74244","21.2","25.4"],"16":["47","24.66383","0.35755","23.8","25.1"],"17":["251","17.01474","1.60004","13.8","20.8"],"18":["27","13.48519","0.51762","12.4","14.4"],"19":["29","12.48966","0.52150","11.4","13.2"],"20":["9","12.61111","0.36650","12.0","13.0"],"21":["6","12.76667","0.35901","12.4","13.5"],"22":["32","13.18437","0.37174","12.7","13.8"],"23":["8","12.45000","0.48218","11.8","13.0"],"24":["7","11.31429","0.73955","10.1","11.9"],"25":["7","9.87143","0.71257","8.7","10.4"],"26":["21","9.35714","0.72215","7.8","10.2"],"27":["16","9.21250","0.55999","8.3","10.1"],"28":["42","8.71429","0.52851","8.2","9.8"],"29":["52","8.80385","0.59742","8.0","9.7"],"30":["51","8.70196","0.59656","7.9","10.0"],"31":["74","12.46216","1.08150","10.5","15.0"],"36":["44","26.36818","2.40877","24.0","31.6"],"37":["94","22.54362","0.70659","21.6","24.3"],"39":["99","23.47374","0.75727","22.4","25.1"],"40":["110","17.79273","1.62216","15.2","21.0"],"41":["48","14.95000","0.62283","14.0","16.7"],"42":["51","13.83922","0.40684","13.6","15.2"],"43":["8","13.32500","0.25372","13.0","13.6"],"44":["4","13.20000","0.36742","12.7","13.6"],"45":["11","12.89091","0.22745","12.6","13.3"],"46":["16","12.95625","0.30612","12.6","13.4"],"47":["39","12.65385","0.17664","12.3","13.2"],"48":["48","12.54583","0.29997","12.0","13.1"],"49":["19","12.36316","0.32316","11.8","13.0"],"50":["27","12.01481","0.31588","11.7","12.7"],"51":["5","12.06000","0.24166","11.8","12.5"],"52":["9","12.10000","0.28674","11.7","12.6"],"57":["45","20.45778","0.86525","19.8","22.3"],"58":["133","21.32256","0.86993","20.3","23.3"],"59":["89","23.85169","0.85855","21.8","26.1"],"63":["91","21.77143","1.24170","20.0","24.5"],"64":["214","17.07430","1.30794","15.9","21.3"],"65":["88","15.79773","0.31333","14.9","17.2"],"66":["21","14.44286","0.60990","13.4","15.4"],"67":["24","13.75833","0.50408","13.0","14.7"],"68":["11","13.47273","0.46728","12.6","14.0"],"69":["26","12.78846","0.51540","12.0","13.7"],"70":["22","12.36818","0.59037","11.3","13.2"],"71":["10","12.42000","0.43543","11.8","12.9"],"72":["20","12.48000","0.46109","11.6","13.1"],