{"_t":[1366088400,1367384340,1295940,240],"_i":["sanpedro\/003\/humidity","sanpedro\/003\/temperature"],"_@":{"humi":[30,100],"temp":[0,40]},"sanpedro\/003\/humidity":{"0":["13","90.91538","3.67504","86.4","94.6"],"1":["44","90.35227","3.48246","86.2","94.6"],"2":["23","90.15652","3.55330","86.2","94.5"],"3":["46","89.75000","3.54203","86.2","94.5"],"4":["71","89.29296","3.78155","84.3","94.8"],"11":["199","81.01206","8.84216","63.4","92.3"],"12":["39","90.71538","3.22797","86.5","94.9"],"13":["45","90.38222","3.47929","86.4","94.6"],"14":["36","91.26111","3.31053","86.5","94.7"],"15":["51","90.27843","3.43239","86.3","94.7"],"16":["54","89.67037","3.63561","86.0","94.5"],"17":["51","89.30196","3.64350","85.9","94.2"],"18":["68","88.92059","3.60476","85.9","94.2"],"19":["64","88.67969","3.44824","85.9","94.2"],"20":["40","90.41500","3.66207","85.9","94.4"],"21":["49","63.60204","2.09951","60.2","69.4"],"22":["51","55.31569","2.76089","52.7","62.6"],"24":["38","39.72895","3.97836","32.5","48.8"],"26":["49","83.26327","1.73743","81.4","87.0"],"27":["24","88.68333","3.34436","83.1","95.1"],"28":["339","85.32950","2.10411","82.8","94.9"],"29":["25","89.86000","3.59466","86.5","94.7"],"30":["28","90.93571","3.44334","86.5","94.6"],"31":["35","91.14571","2.86888","86.5","94.6"],"32":["9","91.10000","3.39706","86.5","94.6"],"33":["26","91.28462","3.05510","86.5","94.5"],"35":["32","91.17500","3.30520","86.5","94.5"],"42":["52","79.80577","1.34113","77.7","82.9"],"43":["109","88.00917","3.17977","79.8","95.2"],"44":["5","90.62000","3.32830","86.7","94.9"],"45":["27","90.94815","3.67084","86.6","94.8"],"46":["12","91.32500","3.53085","86.5","94.6"],"47":["14","91.00000","3.53088","86.4","94.6"],"48":["17","91.37059","3.30165","86.5","94.6"],"49":["39","91.49487","3.36566","86.3","94.6"],"50":["17","90.75882","3.43050","86.3","94.5"],"51":["24","90.52500","3.40211","86.3","94.5"],"59":["92","91.38152","3.24901","86.5","94.9"],"60":["48","91.23958","3.34637","86.5","94.8"],"61":["21","90.35238","3.46391","86.5","94.7"],"62":["16","90.64375","3.75982","86.5","94.7"],"63":["7","90.47143","3.56680","86.5","94.7"],"64":["6","91.13333","3.43155","86.5","94.7"],"65":["28","91.06786","3.38052","86.3","94.6"],"66":["2","89.20000","2.90000","86.3","92.1"],"67":["19","90.84737","3.59815","86.3","94.5"],"68":["48","90.88333","3.47487","86.3","94.7"],"69":["1","86.50000","0.00000","86.5","86.5"],"104":["43","78.16744","2.10180","74.6","84.8"],"105":["49","73.40204","1.74934","71.5","77.9"],"106":["105","74.34095","3.70273","69.0","82.4"],"108":["61","90.58361","3.48167","86.4","94.9"],"109":["31","89.45161","3.59739","86.2","94.6"],"110":["61","90.08033","3.49730","86.1","94.5"],"111":["35","90.60000","3.51357","86.2","94.4"],"112":["14","90.61429","3.42634","86.2","94.4"],"113":["44","90.36136","3.53426","86.2","94.4"],"114":["20","90.22000","3.73666","86.2","94.4"],"115":["16","90.36250","3.35557","86.2","94.3"],"116":["45","90.28222","3.61462","86.2","94.8"],"117":["53","82.36792","4.63253","77.8","90.6"],"123":["214","78.46589","7.61478","68.7","94.8"],"124":["571","81.80823","4.18865","76.6","94.8"],"125":["272","85.48713","2.60612","80.9","94.7"],"126":["27","89.80000","3.58959","86.3","94.5"],"127":["24","90.27917","3.44262","86.3","94.5"],"128":["25","90.81600","3.44832","86.4","94.5"],"129":["40","90.68250","3.42388","86.1","94.4"],"130":["4","89.60000","3.58539","86.1","94.2"],"169":["45","58.58444","2.67440","52.4","66.1"],"170":["45","52.48222","4.61699","47.8","67.5"],"171":["113","82.51327","4.48424","76.7","92.6"],"172":["22","90.23636","3.55650","86.7","95.0"],"173":["44","91.37727","3.18111","86.7","94.9"],"174":["154","84.20844","5.24762","77.1","94.9"],"175":["34","90.37353","3.78964","84.9","94.6"],"176":["12","90.65000","3.32077","86.1","94.4"],"177":["33","90.20606","3.60151","85.8","94.3"],"178":["35","88.30286","3.49420","85.6","94.1"],"179":["48","87.21250","3.01680","85.6","94.0"],"180":["53","89.68679","3.65921","85.6","94.4"],"181":["61","67.53770","4.89611","62.5","76.4"],"187":["64","88.14844","3.13922","85.8","95.0"],"188":["39","90.64103","3.71488","86.3","95.0"],"189":["28","89.93571","3.53323","86.2","94.6"],"190":["43","89.95814","3.58519","86.3","94.6"],"191":["16","90.38750","3.63797","86.4","94.6"],"192":["39","90.53590","3.43507","86.3","94.6"],"193":["18","90.51111","3.49998","86.2","94.6"],"194":["32","90.80625","3.46680","86.2","94.5"],"195":["31","90.93871","3.40395","86.2","94.4"],"196":["135","85.33704","6.44226","75.5","95.0"],"204":["38","90.54474","3.15050","86.5","94.8"],"205":["21","91.05238","3.13074","86.3","94.6"],"206":["12","90.21667","3.50424","86.2","94.4"],"207":["4","89.70000","3.58539","86.2","94.3"],"208":["24","90.90417","3.32584","86.4","94.5"],"209":["41","91.01463","3.28808","86.4","94.5"],"210":["25","90.49200","3.46744","86.4","94.5"],"211":["26","90.45385","3.56254","86.3","94.6"],"212":["45","90.68444","3.33826","86.4","94.7"],"213":["20","89.81500","3.46530","86.6","94.8"],"214":["107","77.30467","2.08445","74.1","82.7"],"216":["44","58.10455","1.59815","51.5","60.7"],"219":["65","87.22769","3.80500","82.6","94.8"],"220":["3","91.23333","3.40816","86.6","94.7"],"221":["21","90.66190","3.39165","86.5","94.7"],"222":["16","91.38750","3.44091","86.5","94.7"],"223":["11","91.08182","3.00297","86.4","94.7"],"224":["17","90.51765","3.56589","86.4","94.6"],"225":["21","91.03810","3.41307","86.4","94.6"],"226":["10","89.93000","3.64336","86.4","94.5"]},"sanpedro\/003\/temperature":{"0":["13","12.24615","0.36504","11.9","12.8"],"1":["44","11.19091","0.59727","10.1","12.5"],"2":["23","10.99565","0.43186","10.4","11.8"],"3":["46","10.96304","0.49403","10.0","11.8"],"4":["71","12.26479","1.13648","10.1","14.0"],"11":["199","17.43719","2.30989","15.2","24.4"],"12":["39","13.19231","0.57082","12.2","14.6"],"13":["45","12.44444","0.47589","11.5","13.3"],"14":["36","13.07222","0.37462","12.6","13.7"],"15":["51","12.50588","0.74080","10.9","13.7"],"16":["54","10.39815","1.09146","8.6","12.2"],"17":["51","9.12353","0.80600","8.0","10.3"],"18":["68","9.04853","0.64932","8.1","10.2"],"19":["64","8.76875","0.55308","7.6","9.8"],"20":["40","10.08250","0.91101","8.4","11.8"],"21":["49","20.08367","2.08790","18.5","24.4"],"22":["51","20.73137","0.97508","20.0","22.9"],"24":["38","26.23684","1.72374","24.1","32.0"],"26":["49","17.35918","0.82954","16.8","19.6"],"27":["24","15.38750","1.02279","14.6","18.9"],"28":["339","13.59528","0.21170","13.1","15.2"],"29":["25","13.02800","0.33648","12.5","13.6"],"30":["28","12.95714","0.31445","12.4","13.4"],"31":["35","12.74857","0.26227","12.4","13.3"],"32":["9","12.52222","0.37052","12.1","13.0"],"33":["26","12.12692","0.30199","11.6","12.7"],"35":["32","11.96875","0.40423","11.5","12.7"],"42":["52","17.40385","0.87946","16.8","20.3"],"43":["109","15.60826","0.42924","14.6","16.9"],"44":["5","13.68000","0.53442","13.1","14.6"],"45":["27","13.52963","0.59803","12.7","14.3"],"46":["12","12.33333","0.57203","11.4","12.9"],"47":["14","12.30714","0.51195","11.5","13.0"],"48":["17","12.44706","0.49600","11.5","13.1"],"49":["39","11.80513","0.71931","10.6","13.0"],"50":["17","11.17647","0.64309","10.4","12.1"],"51":["24","11.11667","0.59768","10.4","12.1"],"59":["92","13.63152","0.91639","12.1","15.3"],"60":["48","12.90000","0.56972","12.1","14.0"],"61":["21","12.49524","0.45510","11.9","13.3"],"62":["16","12.38750","0.53018","11.8","13.1"],"63":["7","12.31429","0.46730","11.8","13.0"],"64":["6","12.11667","0.49469","11.5","12.8"],"65":["28","11.48571","0.54688","10.7","12.3"],"66":["2","10.85000","0.35000","10.5","11.2"],"67":["19","11.11579","0.48695","10.5","11.7"],"68":["48","12.14375","1.04081","10.7","14.3"],"69":["1","12.50000","0.00000","12.5","12.5"],"104":["43","17.76047","0.46010","17.1","19.3"],"105":["49","18.10408","0.75619","17.3","19.8"],"106":["105","18.02190","0.88134","17.1","20.7"],"108":["61","13.00164","0.70884","11.4","14.6"],