{"_t":[1366088400,1366693200,604800,168],"_i":["sanpedro\/003\/humidity","sanpedro\/003\/temperature"],"_@":{"humi":[30,100],"temp":[0,40]},"sanpedro\/003\/humidity":{"0":["3","89.13333","3.86552","86.4","94.6"],"1":["34","90.92059","3.48356","86.3","94.6"],"2":["20","89.93500","3.44213","86.2","94.5"],"3":["18","89.99444","3.48544","86.2","94.4"],"4":["28","89.86429","3.66433","86.2","94.5"],"5":["23","89.82609","3.45848","86.3","94.5"],"6":["33","89.92424","3.59082","86.2","94.5"],"7":["38","88.74474","3.85676","84.3","94.8"],"16":["57","67.92982","4.11130","63.4","75.8"],"17":["142","86.26338","2.55090","83.2","92.3"],"18":["33","90.70606","3.24466","86.5","94.9"],"19":["30","90.14000","3.32912","86.4","94.7"],"20":["21","90.83810","3.55869","86.4","94.6"],"21":["31","91.57742","3.16500","86.5","94.7"],"22":["5","89.30000","3.51226","86.5","94.7"],"23":["51","90.27843","3.43239","86.3","94.7"],"24":["34","89.90294","3.58481","86.1","94.5"],"25":["45","89.20000","3.67901","85.9","94.3"],"26":["26","89.45769","3.60941","85.9","94.2"],"27":["50","89.27000","3.62636","86.0","94.2"],"28":["42","88.50952","3.50929","85.9","94.2"],"29":["40","88.53000","3.36988","85.9","94.2"],"30":["27","90.37037","3.72169","85.9","94.4"],"31":["13","90.50769","3.53324","86.2","94.4"],"32":["49","63.60204","2.09951","60.2","69.4"],"34":["51","55.31569","2.76089","52.7","62.6"],"36":["38","39.72895","3.97836","32.5","48.8"],"40":["62","84.41452","3.18022","81.4","95.1"],"41":["11","88.60000","2.99818","86.8","95.0"],"42":["128","86.10547","2.22164","83.3","94.9"],"43":["220","85.05318","2.18969","82.8","94.8"],"44":["16","90.00000","3.60139","86.5","94.7"],"45":["28","90.93571","3.44334","86.5","94.6"],"46":["5","90.40000","3.30273","86.5","94.6"],"47":["30","91.27000","2.77058","86.5","94.6"],"48":["9","91.10000","3.39706","86.5","94.6"],"49":["4","89.92500","3.52021","86.5","94.5"],"50":["22","91.53182","2.89488","86.5","94.5"],"52":["19","91.21579","3.35312","86.5","94.5"],"53":["13","91.11538","3.23297","86.5","94.5"],"64":["53","79.80566","1.32841","77.7","82.9"],"65":["108","88.08519","3.09431","85.1","95.2"],"67":["9","90.41111","3.43784","86.7","94.9"],"68":["23","91.08696","3.67332","86.6","94.8"],"70":["20","91.16500","3.57467","86.4","94.6"],"71":["6","91.10000","3.39706","86.5","94.6"],"72":["14","91.42857","3.27794","86.5","94.6"],"73":["17","91.51176","3.38437","86.5","94.6"],"74":["25","91.43600","3.35891","86.3","94.5"],"75":["7","89.95714","3.26315","86.3","94.5"],"76":["15","90.96667","3.44222","86.3","94.5"],"77":["19","90.59474","3.41228","86.3","94.5"],"88":["22","90.20455","3.70251","86.5","94.9"],"89":["70","91.75143","2.99884","86.5","94.9"],"90":["27","90.82963","3.70063","86.5","94.8"],"91":["30","91.03000","3.10356","86.5","94.7"],"92":["12","91.13333","3.43155","86.5","94.7"],"93":["4","89.97500","3.58565","86.5","94.7"],"94":["15","90.92000","3.72258","86.5","94.7"],"95":["4","89.97500","3.58565","86.5","94.7"],"96":["6","91.13333","3.43155","86.5","94.7"],"97":["20","91.14000","3.27115","86.4","94.6"],"98":["8","90.88750","3.63333","86.3","94.6"],"100":["14","90.88571","3.54922","86.3","94.5"],"101":["7","90.30000","3.58090","86.3","94.5"],"102":["28","90.41071","3.63930","86.3","94.6"],"103":["21","91.30476","3.22172","86.4","94.7"],"157":["43","78.16744","2.10180","74.6","84.8"],"158":["49","73.40204","1.74934","71.5","77.9"],"159":["50","75.40400","2.47871","73.0","80.1"],"160":["55","73.37455","4.31594","69.0","82.4"],"162":["38","90.35263","3.49230","86.5","94.9"],"163":["28","90.65000","3.51065","86.4","94.7"],"164":["26","89.50000","3.61152","86.2","94.5"],"165":["50","90.26400","3.47372","86.1","94.5"],"166":["30","89.84333","3.53673","86.1","94.4"],"167":["16","91.08750","3.44091","86.2","94.4"]},"sanpedro\/003\/temperature":{"0":["3","12.26667","0.30912","12.0","12.7"],"1":["34","11.77059","0.52217","10.9","12.8"],"2":["20","10.73000","0.40012","10.1","11.5"],"3":["18","10.95556","0.39892","10.4","11.8"],"4":["28","11.12857","0.41906","10.4","11.8"],"5":["23","10.80000","0.52668","10.0","11.8"],"6":["33","11.18485","0.62722","10.1","12.3"],"7":["38","13.20263","0.42332","12.3","14.0"],"16":["57","20.77895","1.09876","20.0","24.4"],"17":["142","16.09577","0.84302","15.2","18.2"],"18":["33","13.25455","0.59242","12.2","14.6"],"19":["30","12.34000","0.45505","11.5","13.1"],"20":["21","12.70952","0.40580","12.1","13.3"],"21":["31","13.08710","0.37221","12.6","13.7"],"22":["5","12.98000","0.37630","12.7","13.7"],"23":["51","12.50588","0.74080","10.9","13.7"],"24":["34","10.95294","0.83745","9.4","12.2"],"25":["45","9.26667","0.84275","8.0","10.8"],"26":["26","9.13077","0.75129","8.0","10.2"],"27":["50","9.20800","0.61281","8.4","10.2"],"28":["42","8.80714","0.56332","8.1","9.8"],"29":["40","8.65500","0.53007","7.6","9.7"],"30":["27","9.78889","0.87107","8.4","11.4"],"31":["13","10.69231","0.65335","10.0","11.8"],"32":["49","20.08367","2.08790","18.5","24.4"],"34":["51","20.73137","0.97508","20.0","22.9"],"36":["38","26.23684","1.72374","24.1","32.0"],"40":["62","17.03548","1.10557","14.8","19.6"],"41":["11","14.88182","0.46087","14.6","16.2"],"42":["128","13.77109","0.24595","13.7","15.2"],"43":["220","13.47182","0.12405","12.7","13.9"],"44":["16","13.00000","0.35000","12.5","13.6"],"45":["28","12.95714","0.31445","12.4","13.4"],"46":["5","12.78000","0.27857","12.5","13.3"],"47":["30","12.74333","0.25908","12.4","13.3"],"48":["9","12.52222","0.37052","12.1","13.0"],"49":["4","11.95000","0.32016","11.6","12.4"],"50":["22","12.15909","0.28708","11.8","12.7"],"52":["19","12.08947","0.39854","11.5","12.7"],"53":["13","11.79231","0.34298","11.5","12.3"],"64":["53","17.39245","0.87499","16.8","20.3"],"65":["108","15.59722","0.41554","14.6","16.9"],"67":["9","13.65556","0.51878","13.1","14.6"],"68":["23","13.51304","0.61241","12.7","14.3"],"70":["20","12.27500","0.55756","11.4","12.9"],"71":["6","12.46667","0.44969","11.9","13.0"],"72":["14","12.49286","0.46516","11.7","13.1"],"73":["17","12.27647","0.62170","11.3","13.0"],"74":["25","11.53600","0.61831","10.6","12.2"],"75":["7","10.95714","0.54473","10.4","12.1"],"76":["15","11.23333","0.64876","10.4","12.1"],"77":["19","11.13684","0.60194","10.4","12.1"],"88":["22","13.95455","0.96424","12.9","15.3"],"89":["70","13.53000","0.87658","12.1","15.2"],"90":["27","12.95185","0.66798","12.1","14.0"],"91":["30","12.69667","0.44683","12.0","13.4"],"92":["12","12.58333","0.48448","11.9","13.3"],"93":["4","12.25000","0.43875","11.8","12.9"],"94":["15","12.42667","0.53848","11.8","13.1"],"95":["4","12.25000","0.43875","11.8","12.9"],"96":["6","12.11667","0.49469","11.5","12.8"],"97":["20","11.53000","0.52640","10.8","12.3"],"98":["8","11.37500","0.58041","10.7","12.1"],"100":["14","11.13571","0.47601","10.5","11.7"],"101":["7","11.00000","0.48107","10.5","11.7"],"102":["28","11.46071","0.57529","10.7","12.6"],"103":["21","13.07143","0.74715","11.8","14.3"],"157":["43","17.76047","0.46010","17.1","19.3"],"158":["49","18.10408","0.75619","17.3","19.8"],"159":["50","17.45200","0.40459","17.1","18.5"],"160":["55","18.54000","0.87772","17.7","20.7"],"162":["38","13.30263","0.60502","12.2","14.6"],"163":["28","12.35000","0.67109","11.1","13.4"],"164":["26","11.15385","0.57125","10.3","12.2"],"165":["50","10.66800","0.73060","9.4","11.7"],"166":["30","10.55333","0.60868","9.7","11.3"],"167":["16","10.56875","0.57415","9.6","11.2"]}}