{"_t":[1380603600,1383195600,2592000,240],"_i":["timana0\/001\/humidity","timana0\/001\/temp_dry","timana0\/001\/temp_wet"],"_@":{"humi":[40,100],"temp":[0,30]},"timana0\/001\/humidity":{"0":["36","97.52778","0.95702","95.0","100.0"],"1":["36","97.66667","1.02740","96.0","100.0"],"2":["35","74.05714","15.66058","47.0","97.0"],"3":["36","51.08333","7.50324","42.0","64.0"],"4":["35","57.25714","3.29799","51.0","64.0"],"5":["36","75.55556","9.65069","59.0","91.0"],"6":["35","93.20000","2.29035","87.0","97.0"],"7":["35","95.34286","2.05555","91.0","98.0"],"8":["36","97.72222","0.76779","96.0","100.0"],"9":["35","97.48571","0.49980","97.0","98.0"],"10":["36","75.75000","18.55978","45.0","98.0"],"11":["35","55.48571","2.20870","50.0","61.0"],"12":["36","55.97222","2.99524","51.0","62.0"],"13":["35","83.11429","10.49019","60.0","94.0"],"14":["36","95.86111","1.00423","94.0","98.0"],"15":["35","97.02857","0.77407","95.0","98.0"],"16":["35","97.57143","0.87131","95.0","100.0"],"17":["36","95.66667","2.16025","92.0","100.0"],"18":["35","74.65714","12.88619","56.0","94.0"],"19":["36","56.11111","3.34812","50.0","63.0"],"20":["35","60.28571","4.65109","54.0","73.0"],"21":["35","64.51429","7.19274","53.0","79.0"],"22":["36","79.66667","5.28625","73.0","90.0"],"23":["35","88.62857","1.77419","84.0","91.0"],"24":["35","95.88571","1.36845","91.0","98.0"],"25":["35","97.31429","0.46423","97.0","98.0"],"26":["36","79.13889","14.16402","59.0","98.0"],"27":["36","54.61111","4.72745","44.0","61.0"],"28":["35","60.74286","8.81344","47.0","79.0"],"29":["36","76.44444","3.96824","68.0","84.0"],"30":["35","85.28571","2.49080","82.0","90.0"],"31":["36","95.44444","2.38566","90.0","98.0"],"32":["34","97.44118","0.49653","97.0","98.0"],"33":["35","97.51429","0.76984","96.0","100.0"],"34":["36","68.11111","16.33296","50.0","97.0"],"35":["28","52.67857","2.40615","47.0","57.0"],"50":["8","52.25000","1.39194","50.0","55.0"],"51":["36","53.94444","5.52743","46.0","67.0"],"52":["35","65.00000","10.62880","45.0","87.0"],"53":["36","70.72222","10.54517","57.0","90.0"],"54":["36","92.63889","1.20538","91.0","95.0"],"55":["35","82.74286","4.63738","75.0","94.0"],"56":["36","83.80556","3.19565","78.0","89.0"],"57":["36","94.52778","2.15363","89.0","97.0"],"58":["35","76.91429","14.96734","52.0","96.0"],"59":["36","53.97222","3.26161","49.0","61.0"],"60":["35","56.25714","4.21794","47.0","63.0"],"61":["35","61.42857","9.12856","48.0","75.0"],"62":["36","83.38889","4.90055","77.0","92.0"],"63":["35","93.02857","3.44330","85.0","98.0"],"64":["36","97.80556","0.65910","96.0","100.0"],"65":["35","97.31429","1.18975","96.0","100.0"],"66":["35","77.37143","13.27314","55.0","98.0"],"67":["35","54.68571","1.89392","51.0","58.0"],"68":["36","56.41667","2.79260","51.0","61.0"],"69":["36","58.27778","8.30867","47.0","75.0"],"70":["35","91.85714","3.65781","80.0","97.0"],"71":["36","94.25000","1.53433","90.0","97.0"],"72":["35","95.97143","0.99959","94.0","97.0"],"73":["34","96.76471","0.97192","95.0","98.0"],"74":["29","78.03448","16.51224","52.0","98.0"],"75":["36","53.11111","2.03822","50.0","57.0"],"76":["36","53.58333","4.23855","46.0","63.0"],"77":["35","72.17143","8.81390","55.0","90.0"],"78":["36","92.86111","1.39747","89.0","96.0"],"79":["35","94.88571","2.92547","86.0","97.0"],"80":["36","96.33333","0.57735","95.0","97.0"],"81":["35","97.42857","0.49487","97.0","98.0"],"82":["35","80.54286","13.05886","64.0","98.0"],"83":["36","54.47222","4.96927","48.0","65.0"],"84":["33","64.00000","7.95822","48.0","74.0"],"85":["36","75.27778","10.35377","57.0","88.0"],"86":["35","88.94286","1.56649","86.0","93.0"],"87":["36","94.58333","0.72169","93.0","96.0"],"88":["35","97.28571","0.69985","96.0","98.0"],"89":["36","97.47222","0.49923","97.0","98.0"],"90":["35","71.68571","18.70641","49.0","98.0"],"91":["36","56.50000","3.26173","49.0","65.0"],"92":["35","64.91429","6.98722","49.0","76.0"],"93":["36","78.80556","10.55625","55.0","90.0"],"94":["4","93.75000","1.29904","92.0","95.0"],"114":["4","64.50000","0.50000","64.0","65.0"],"115":["36","58.58333","2.92855","52.0","63.0"],"116":["35","54.68571","4.06920","46.0","62.0"],"117":["36","69.27778","11.24626","57.0","92.0"],"118":["36","96.58333","1.81621","92.0","100.0"],"119":["35","98.20000","1.09022","96.0","100.0"],"120":["36","97.02778","0.60028","96.0","98.0"],"121":["35","97.40000","0.72506","96.0","100.0"],"122":["8","93.75000","2.68095","90.0","97.0"],"171":["7","55.00000","2.97610","51.0","59.0"],"172":["34","73.08824","11.01434","58.0","93.0"],"173":["18","79.11111","7.84495","62.0","88.0"],"179":["3","52.00000","1.63299","50.0","54.0"],"187":["12","59.41667","3.61613","52.0","63.0"]},"timana0\/001\/temp_dry":{"0":["36","5.40833","0.58280","4.4","6.3"],"1":["36","3.81111","0.40399","3.0","4.5"],"2":["35","12.42857","4.86930","4.3","21.3"],"3":["36","21.79722","2.13639","18.6","25.7"],"4":["35","22.69714","1.19773","19.8","25.1"],"5":["36","17.08611","2.59338","13.3","22.3"],"6":["35","11.62571","1.00095","10.1","13.2"],"7":["35","9.45429","0.61008","8.3","10.1"],"8":["36","7.86389","0.21878","7.4","8.2"],"9":["35","8.07714","0.20155","7.6","8.4"],"10":["36","13.39722","4.15889","8.2","21.0"],"11":["35","19.50857","1.17409","17.6","22.3"],"12":["36","21.72778","1.17700","19.3","23.7"],"13":["35","13.83429","2.67827","11.0","20.0"],"14":["36","9.90000","0.64031","8.8","10.8"],"15":["35","7.38571","1.09653","5.8","9.2"],"16":["35","5.18857","0.34869","4.6","6.0"],"17":["36","6.25833","1.37141","4.1","8.3"],"18":["35","13.13429","3.39049","7.3","18.0"],"19":["36","19.45000","1.43943","17.7","22.4"],"20":["35","20.07429","1.64618","16.6","22.4"],"21":["35","18.48000","2.34006","14.0","22.1"],"22":["36","12.31111","1.10925","10.3","13.7"],"23":["35","11.12571","0.28319","10.7","11.5"],"24":["35","9.95143","0.30178","9.4","10.6"],"25":["35","8.28571","0.45239","7.7","9.3"],"26":["36","12.94167","3.07032","8.3","17.8"],"27":["36","19.33056","2.22808","17.2","24.9"],"28":["35","19.51429","2.39430","15.3","24.5"],"29":["36","14.15000","1.54731","11.9","17.7"],"30":["35","11.10857","0.49244","10.2","11.9"],"31":["36","8.39444","1.32244","6.6","10.3"],"32":["34","6.85882","0.23901","6.3","7.2"],"33":["35","5.26857","1.05581","3.7","7.0"],"34":["36","13.22500","4.31473","4.7","18.2"],"35":["28","20.04643","1.07154","17.6","22.5"],"50":["8","17.75000","0.59791","16.9","18.5"],"51":["36","19.96111","1.65953","16.7","22.4"],"52":["35","18.58857","3.43010","13.6","26.4"],"53":["36","17.42500","1.79264","13.9","20.3"],"54":["36","12.78056","0.42349","12.2","13.8"],"55":["35","11.86000","0.50664","10.9","12.4"],"56":["36","10.77500","0.32946","10.0","11.2"],"57":["36","8.05000","0.74293","6.8","9.9"],"58":["35","12.36286","3.78554","7.1","19.1"],"59":["36","21.22778","1.33325","18.5","24.5"],"60":["35","20.65714","1.76267","18.3","24.5"],"61":["35","18.99429","3.16913","14.2","24.3"],"62":["36","11.51944","1.47400","9.4","14.0"],"63":["35","8.17143","1.37749","5.5","10.2"],"64":["36","4.42222","0.53339","3.6","5.2"],"65":["35","2.58286","0.55110","1.7","3.8"],"66":["35","10.77429","4.38545","2.8","17.0"],"67":["35","18.94286","1.13472","17.1","21.6"],"68":["36","20.06111","1.37745","17.8","22.8"],"69":["36","20.01667","3.21364","13.8","25.0"],"70":["35","10.26000","1.44957","8.1","13.6"],"71":["36","7.48611","0.34493","6.8","8.2"],"72":["35","7.10571","0.72779","5.4","8.3"],"73":["34","5.78235","0.57470","4.9","6.7"],"74":["29","11.19655","4.70161","4.9","18.7"],"75":["36","20.93611","1.44109","18.3","24.2"],"76":["36","23.93611","1.18231","21.5","26.4"],"77":["35","18.76857","2.78124","14.0","24.5"],"78":["36","13.08611","0.31636","12.6","13.8"],"79":["35","11.56857","0.45215","11.2","13.0"],"80":["36","11.20000","0.20683","10.6","11.4"],"81":["35","9.45429","0.38496","9.0","10.4"],"82":["35","13.71143","3.16099","9.0","17.3"],"83":["36","21.72500","2.25664","17.6","25.5"],"84":["33","20.77273","2.42203","17.8","25.8"],