{"_t":[1366174800,1368766800,2592000,240],"_i":["margaritas\/006\/humidity","margaritas\/006\/temperature"],"_@":{"humi":[20,90],"temp":[0,40]},"margaritas\/006\/humidity":{"0":["91","84.05165","1.46748","82.6","86.0"],"1":["117","83.98205","1.49287","82.6","85.6"],"2":["117","74.14103","14.54369","43.6","86.1"],"3":["104","53.22308","9.15282","34.2","66.0"],"4":["91","44.36593","8.19636","33.0","61.5"],"5":["104","67.39231","14.29959","49.3","86.4"],"6":["104","84.58654","1.48188","83.2","86.3"],"7":["104","84.53077","1.54541","83.1","86.2"],"8":["104","84.46635","1.54793","83.0","86.2"],"9":["78","84.43077","1.54541","83.0","86.1"],"11":["78","57.32436","7.47452","44.8","71.9"],"12":["104","45.30577","3.49081","35.5","54.7"],"13":["104","67.19327","14.03332","47.3","86.4"],"14":["91","84.12198","1.91505","78.7","86.2"],"15":["104","84.45000","1.51359","83.0","86.2"],"16":["104","84.39615","1.53572","82.9","86.1"],"17":["104","84.29038","1.50196","82.9","86.0"],"18":["104","80.16731","7.80767","53.8","86.1"],"19":["26","59.72692","2.83841","54.5","65.7"],"22":["104","84.51731","1.55819","83.0","86.2"],"23":["91","84.43736","1.55271","83.0","86.2"],"24":["91","84.35824","1.56022","82.9","86.1"],"25":["104","84.25192","1.53792","82.8","86.0"],"26":["104","79.87019","7.47438","59.8","86.3"],"27":["13","62.77692","7.34974","53.7","71.6"],"43":["65","62.80923","4.25913","55.1","69.2"],"44":["104","60.75385","7.34118","47.4","75.6"],"45":["104","65.95577","8.77853","50.3","86.3"],"46":["104","84.39904","1.48593","82.9","86.2"],"47":["117","84.13333","1.51291","82.7","85.8"],"48":["91","84.20110","1.56025","82.7","85.9"],"49":["143","84.18392","1.55589","82.7","85.9"],"50":["156","73.75577","14.27055","40.9","86.3"],"51":["156","50.06795","8.74711","30.3","65.0"],"52":["156","51.35128","10.01606","33.1","71.6"],"53":["104","56.61827","13.05773","38.2","81.6"],"54":["104","81.89904","2.16926","75.6","85.1"],"55":["104","84.33269","1.52110","82.9","86.0"],"56":["104","84.25385","1.51575","82.7","86.0"],"57":["242","85.37231","0.98027","82.6","85.8"],"58":["249","79.60361","8.69761","52.6","86.4"],"59":["251","45.00398","8.02255","32.2","69.0"],"60":["250","36.66800","3.76696","29.0","52.1"],"61":["251","52.94701","8.55896","37.7","72.1"],"62":["253","84.23439","3.63415","67.5","86.1"],"63":["248","85.46250","0.99499","82.9","86.1"],"64":["249","85.82329","0.86481","82.9","86.1"],"65":["248","85.78952","0.83346","82.9","86.1"],"66":["250","77.81680","13.25464","41.5","86.3"],"67":["250","37.74240","6.61876","25.8","57.0"],"68":["251","51.26255","9.04421","35.2","66.3"],"69":["249","78.42088","9.92650","53.4","86.5"],"70":["249","85.69438","1.04061","81.9","86.3"],"71":["250","83.72440","3.10762","74.1","85.9"],"72":["249","85.52651","0.82332","82.7","85.8"],"73":["249","85.47871","0.83411","82.6","85.8"],"74":["252","62.01429","17.79752","35.8","86.0"],"75":["250","41.05640","7.67693","29.4","79.8"],"76":["252","37.32937","3.13499","30.7","46.3"],"77":["249","54.11084","12.66583","35.8","78.8"],"78":["252","84.67817","2.22471","76.4","86.4"],"79":["251","82.78048","5.93534","60.2","86.3"],"80":["355","84.31183","1.51361","82.5","85.9"],"81":["393","83.79771","1.50673","82.2","85.5"],"82":["379","67.11926","16.46557","35.3","86.0"],"83":["418","41.92656","8.44344","24.0","58.2"],"84":["412","45.45558","8.23571","24.0","64.2"],"85":["432","64.55764","15.84314","37.3","86.3"],"86":["419","84.48496","1.51262","82.9","86.2"],"87":["419","84.43103","1.54224","82.9","86.0"],"88":["432","84.36042","1.53284","82.8","85.9"],"89":["380","84.29842","1.54554","82.7","85.9"],"90":["392","65.23469","16.94568","34.2","86.3"],"91":["392","41.01862","7.38975","26.5","59.6"],"92":["393","37.84046","5.09767","25.8","52.5"],"93":["357","50.48207","12.33646","35.8","82.6"],"94":["249","85.72490","0.92399","82.5","86.3"],"95":["251","85.60518","0.86103","82.8","86.0"],"96":["252","85.71706","0.89278","82.9","86.0"],"97":["248","85.76613","0.84966","82.9","86.1"],"98":["251","72.40677","17.36902","40.6","86.4"],"99":["134","47.46194","7.23111","35.0","64.8"],"101":["34","85.28529","1.08848","83.2","86.3"],"102":["252","85.92262","0.86607","83.1","86.2"],"103":["126","85.70794","1.09975","83.1","86.2"],"104":["65","84.41231","1.52583","83.0","86.1"],"105":["65","84.38462","1.49556","83.0","86.0"],"106":["52","74.32308","13.64701","41.6","86.2"],"107":["39","55.35385","5.04842","46.9","62.0"],"108":["65","56.74923","7.99750","40.2","68.3"],"109":["52","63.99615","4.77582","55.2","74.1"],"110":["39","83.64103","1.81486","79.8","86.2"],"111":["52","84.45769","1.52244","83.0","86.2"],"112":["52","84.23077","1.52284","82.8","85.9"],"113":["52","84.29231","1.51592","82.8","86.0"],"114":["52","81.70385","5.16210","69.2","86.3"],"115":["52","50.45192","7.11819","34.7","61.9"],"116":["65","56.23385","7.41533","38.5","65.0"],"117":["117","61.57179","5.41654","47.9","75.0"],"118":["104","82.15962","1.74397","74.9","84.8"],"119":["104","83.39519","2.12691","78.0","86.2"],"120":["104","84.43077","1.54541","83.0","86.1"],"121":["91","84.36154","1.54406","82.9","86.1"],"122":["104","73.75673","12.94052","45.0","86.3"],"123":["104","46.17404","7.69975","29.8","63.7"],"124":["104","62.94712","6.30819","52.1","74.2"],"125":["156","61.68077","10.40582","42.7","82.8"],"126":["143","84.16923","1.44644","82.9","86.1"],"127":["169","84.36331","1.58124","82.9","86.1"],"128":["143","84.33077","1.54541","82.9","86.0"],"129":["169","84.27101","1.54810","82.8","86.0"],"130":["143","84.28112","1.63005","80.0","86.3"],"131":["156","56.33077","14.61785","35.3","83.3"],"132":["169","37.33728","5.25970","26.7","51.6"],"133":["143","61.00210","11.18418","39.2","81.0"],"134":["156","84.47179","1.46102","83.0","86.3"],"135":["156","84.39423","1.50628","83.0","86.1"],"136":["156","84.12949","1.47970","82.6","85.9"],"137":["156","84.07500","1.49703","82.6","85.7"],"138":["156","68.06859","16.32212","35.0","86.0"],"139":["169","39.01124","8.21888","24.8","65.1"],"140":["156","37.71026","3.98750","26.4","46.5"],"141":["143","67.20420","13.91379","35.7","82.4"],"142":["169","84.61124","1.52469","83.2","86.3"],"143":["143","84.51538","1.51197","82.9","86.2"],"144":["156","84.33077","1.54541","82.9","86.0"],"145":["169","84.33077","1.54541","82.9","86.0"],"146":["156","80.19936","5.49022","68.1","86.1"],"147":["156","52.54744","12.11326","31.6","73.9"],"148":["156","60.26923","11.02611","40.2","76.4"],"149":["156","80.09615","4.22195","71.6","86.3"],"150":["156","84.41282","1.55599","82.9","86.2"],"151":["143","84.37692","1.59526","82.9","86.1"],"152":["156","84.37692","1.59526","82.9","86.1"],"153":["168","84.32917","1.57851","82.8","86.1"],"154":["169","73.15621","11.48281","47.1","86.2"],"155":["156","47.59679","7.65796","31.5","61.8"],"156":["156","37.86987","5.46609","26.0","53.4"],"157":["156","70.32756","5.84722","61.2","85.3"],"158":["156","84.26282","1.46227","82.8","86.1"],"159":["156","84.04359","1.48864","82.6","85.7"],"160":["169","84.00592","1.51941","82.6","85.7"],"161":["156","84.01923","1.52581","82.5","85.8"],"162":["156","84.33526","1.54442","82.8","86.1"],"163":["143","81.16294","7.34380","56.2","86.3"],"180":["113","66.57257","8.62435","47.7","78.2"],"181":["91","68.68352","9.12542","54.4","86.2"],"182":["104","83.49423","1.54838","80.6","86.2"],"183":["91","83.68571","1.00805","82.1","86.1"],"184":["117","84.39231","1.54063","82.9","86.1"],"185":["91","84.21429","1.49524","82.8","85.9"],"186":["104","72.85385","15.67739","41.6","86.1"],"187":["91","47.08132","7.77923","30.0","64.5"],"188":["117","58.38376","9.40153","38.3","71.0"],"189":["117","70.54530","10.29227","45.8","86.2"],"190":["91","84.62637","1.51141","83.2","86.4"],"191":["224","85.81563","0.98682","83.0","86.2"],"192":["251","85.69243","0.87296","82.8","86.1"],"193":["250","85.42320","0.84684","82.5","85.9"],"194":["252","63.92183","22.98200","28.4","86.2"],"195":["252","41.12579","11.61953","25.8","66.4"],