{"_t":[1366088400,1369025940,2937540,240],"_i":["sanpedro\/003\/humidity","sanpedro\/003\/temperature"],"_@":{"humi":[30,100],"temp":[0,40]},"sanpedro\/003\/humidity":{"0":["65","90.47846","3.52121","86.2","94.6"],"1":["90","89.84778","3.57480","86.2","94.5"],"2":["42","88.85476","3.83959","84.3","94.8"],"4":["57","67.92982","4.11130","63.4","75.8"],"5":["205","87.54585","3.39938","83.2","94.9"],"6":["90","90.76333","3.45358","86.4","94.7"],"7":["130","89.65769","3.62572","85.9","94.6"],"8":["125","88.73360","3.51413","85.9","94.2"],"9":["89","75.65281","13.65100","60.2","94.4"],"10":["89","48.66067","8.40038","32.5","62.6"],"11":["51","83.33922","1.79291","81.4","87.3"],"12":["370","85.65189","2.47777","82.8","95.1"],"13":["77","90.84675","3.24220","86.5","94.7"],"14":["37","91.20000","3.20667","86.5","94.6"],"15":["32","91.17500","3.30520","86.5","94.5"],"18":["53","79.80566","1.32841","77.7","82.9"],"19":["117","88.26410","3.18301","85.1","95.2"],"20":["43","91.12326","3.62798","86.4","94.8"],"21":["51","91.38235","3.34217","86.3","94.6"],"22":["52","90.83077","3.43598","86.3","94.5"],"26":["144","91.23819","3.31122","86.5","94.9"],"27":["40","90.73250","3.58799","86.5","94.7"],"28":["34","91.07941","3.38967","86.3","94.7"],"29":["21","90.69048","3.57050","86.3","94.5"],"30":["49","90.79388","3.49463","86.3","94.7"],"46":["142","75.55000","2.86901","71.5","84.8"],"47":["101","81.21782","9.44596","69.0","94.9"],"48":["112","89.99375","3.55315","86.1","94.7"],"49":["50","90.47200","3.46630","86.2","94.4"],"50":["74","90.39054","3.55908","86.2","94.4"],"51":["98","86.00204","5.75849","77.8","94.8"],"54":["594","80.66768","6.06071","68.7","94.8"],"55":["490","84.21367","3.77741","77.8","94.7"],"56":["52","90.57500","3.45437","86.3","94.5"],"57":["41","90.55854","3.45479","86.1","94.4"],"74":["45","58.58444","2.67440","52.4","66.1"],"75":["160","74.15687","14.30970","47.8","92.6"],"76":["79","91.16203","3.33718","86.7","95.0"],"77":["185","85.15243","5.44959","77.1","94.8"],"78":["68","89.22647","3.67202","85.6","94.3"],"79":["101","88.51089","3.58865","85.6","94.4"],"80":["61","67.53770","4.89611","62.5","76.4"],"82":["72","88.52639","3.39669","85.8","95.0"],"83":["80","90.22875","3.59692","86.2","94.9"],"84":["64","90.14844","3.52212","86.4","94.6"],"85":["60","90.67667","3.50154","86.2","94.6"],"86":["169","86.46331","6.36608","75.5","95.0"],"90":["65","90.74154","3.18220","86.2","94.8"],"91":["21","90.16190","3.46458","86.2","94.5"],"92":["74","90.86892","3.33118","86.4","94.5"],"93":["83","90.55181","3.46540","86.3","94.8"],"94":["120","78.65500","4.48397","74.1","94.8"],"95":["44","58.10455","1.59815","51.5","60.7"],"96":["65","87.22769","3.80500","82.6","94.8"],"97":["24","90.73333","3.39898","86.5","94.7"],"98":["36","91.05278","3.40510","86.4","94.7"],"99":["39","90.66923","3.50203","86.4","94.6"],"115":["53","88.38302","3.18699","84.1","94.9"],"116":["18","79.84444","2.51401","77.1","86.7"],"117":["139","75.20432","3.55291","69.1","85.3"],"118":["78","90.44487","3.57038","86.4","94.8"],"119":["46","90.84783","3.27605","86.4","94.6"],"120":["42","90.89524","3.46753","86.4","94.6"],"121":["118","90.09576","3.54787","86.3","94.7"],"122":["181","88.35856","3.37997","83.6","94.8"],"124":["50","66.05000","1.85216","63.3","70.4"],"125":["107","79.68411","10.66197","66.6","94.9"],"126":["77","90.33766","3.52851","86.4","94.6"],"127":["145","89.04276","3.54272","86.0","94.6"],"128":["25","90.69200","3.28718","86.1","94.3"],"129":["125","70.43840","10.65113","60.3","94.6"],"132":["158","87.17405","5.29944","79.6","94.9"],"133":["56","90.74643","3.45832","86.4","94.8"],"134":["56","90.88214","3.49163","86.3","94.6"],"135":["38","91.18421","3.45105","86.3","94.5"],"136":["141","78.27943","9.00084","66.2","94.7"],"137":["34","67.28529","4.14098","63.5","74.7"],"138":["385","80.68338","3.98250","73.3","91.4"],"139":["198","87.71263","3.37758","84.4","94.9"],"140":["37","90.16216","3.56009","86.3","94.5"],"141":["24","91.45000","3.06485","86.4","94.5"],"142":["71","90.93380","3.39125","86.3","94.5"],"143":["138","86.49130","3.93009","81.2","94.9"],"146":["147","81.09320","7.11932","71.2","94.8"],"147":["121","89.53471","3.51659","86.0","94.4"],"148":["115","88.84174","3.45845","85.9","94.2"],"149":["79","88.07975","3.29861","86.0","94.3"],"150":["69","90.42899","3.46942","86.2","94.7"],"151":["94","85.67766","12.02575","57.9","94.9"],"152":["86","77.55116","14.49223","56.5","94.0"],"153":["113","88.69735","4.07792","81.9","95.0"],"154":["53","90.58679","3.57908","86.3","94.6"],"155":["69","90.80580","3.46719","86.2","94.5"],"156":["52","90.82500","3.50779","86.1","94.4"],"157":["91","89.53956","3.49894","86.1","94.8"],"158":["107","70.45140","9.73002","56.6","84.0"],"160":["177","80.28418","6.84991","70.8","94.6"],"161":["197","86.43959","3.04637","83.0","94.7"],"162":["107","90.93832","3.47473","86.3","94.6"],"163":["83","89.89398","3.71118","86.0","94.5"],"164":["138","78.09493","8.14634","65.9","94.8"],"165":["110","81.34818","8.66295","68.9","94.9"],"166":["154","70.08896","10.70901","52.3","88.9"],"167":["159","81.00755","8.93317","66.9","94.9"],"168":["48","89.93125","3.55224","86.4","94.6"],"169":["53","90.76226","3.20879","86.4","94.5"],"170":["76","90.96316","3.42283","86.1","94.5"],"171":["78","77.52949","8.55245","69.1","94.4"],"173":["107","75.19439","3.13186","68.7","80.2"],"174":["131","79.20305","11.79625","60.0","94.9"],"175":["106","90.79528","3.36268","86.5","94.8"],"176":["57","90.10526","3.46078","86.2","94.6"],"177":["67","90.13284","3.52430","86.0","94.4"],"178":["32","89.85937","3.61998","86.0","94.4"],"179":["113","76.58496","1.49235","74.2","81.1"],"180":["97","67.20412","2.49234","62.4","71.7"],"181":["54","91.79444","3.34146","86.7","95.0"],"182":["76","90.73947","3.61474","86.4","94.9"],"183":["53","90.73396","3.46355","86.3","94.6"],"184":["64","90.13906","3.54183","85.9","94.4"],"185":["64","90.55625","3.57613","85.9","94.6"],"187":["49","62.33469","1.24876","59.0","64.3"],"188":["281","79.40819","6.80568","64.0","94.8"],"189":["87","90.01149","3.68920","86.2","94.7"],"190":["74","90.28243","3.52625","86.1","94.5"],"191":["82","89.85000","3.62055","85.9","94.5"],"192":["212","87.13066","3.80752","82.8","94.3"],"195":["294","80.28197","7.25627","69.2","95.0"],"196":["83","89.45783","3.65791","85.4","94.9"],"197":["69","90.51884","3.53739","86.4","94.7"],"198":["49","90.14898","3.51702","86.3","94.6"],"199":["371","83.43261","7.21359","70.1","95.1"],"200":["66","67.73485","3.88098","62.6","75.8"],"201":["169","82.05562","2.90991","77.7","89.9"],"202":["116","88.56034","3.32814","84.8","94.8"],"203":["56","90.33214","3.46483","86.3","94.7"],"204":["73","90.57808","3.51799","86.3","94.5"],"205":["69","90.67826","3.45362","86.3","94.5"],"206":["203","87.29064","5.12776","76.4","94.9"],"207":["51","64.17451","2.15341","60.8","69.9"],"208":["48","76.75000","5.82963","73.0","95.2"],"209":["87","90.88506","3.57303","86.6","95.0"],"210":["85","90.50118","3.49526","86.4","94.8"],"211":["51","91.16471","3.45065","86.5","94.6"],"212":["51","91.02353","3.39351","86.4","94.6"],"213":["109","85.59450","7.21840","75.2","94.6"],"214":["159","73.68553","5.16763","67.6","86.0"],"215":["93","59.26022","2.70484","55.8","66.1"],"216":["254","84.47835","5.76039","72.4","95.0"],"217":["40","90.62000","3.38749","86.6","94.9"],"218":["71","90.28732","3.61441","86.3","94.7"],"219":["33","90.75455","3.42779","86.4","94.5"],"220":["34","90.56471","3.40457","86.4","94.5"],"221":["107","90.10841","3.72639","84.8","95.0"],"222":["152","79.69276","6.45108","69.2","93.1"],"223":["111","84.87387","5.33129","74.9","95.1"],"224":["79","90.51013","3.57097","86.3","95.0"],"225":["77","90.71429","3.55870","86.3","94.5"],"226":["48","89.90000","3.55276","86.1","94.5"],"227":["104","90.30096","3.60311","86.0","94.9"],"228":["55","78.03091","5.59155","73.0","88.5"],"229":["49","76.27959","1.77660","74.4","81.5"],"230":["108","73.11667","4.73344","65.8","80.7"],