{"_t":[1364360400,1364965200,604800,168],"_i":["valentina\/001\/humidity","valentina\/001\/temperature"],"_@":{"humi":[20,90],"temp":[0,40]},"valentina\/001\/humidity":[["12","85.75000","0.05000","85.7","85.8"],["12","85.70000","0.07071","85.6","85.8"],["12","85.57500","0.04330","85.5","85.6"],["12","85.44167","0.04930","85.4","85.5"],["12","85.36667","0.04714","85.3","85.4"],["12","85.33333","0.06236","85.2","85.4"],["12","85.40833","0.18008","85.2","85.7"],["12","78.76667","6.90089","68.2","85.9"],["12","46.39167","9.94732","34.7","65.1"],["12","32.16667","3.45913","26.8","38.5"],["12","27.00000","3.77138","20.1","36.3"],["12","44.11667","5.57118","32.1","50.5"],["12","46.98333","2.10509","44.0","51.5"],["12","46.50000","3.44746","41.1","52.1"],["12","59.30833","4.19294","50.6","66.2"],["12","62.15833","9.85752","42.0","70.9"],["12","73.50000","6.31981","56.8","81.6"],["12","86.12500","1.13293","83.0","86.7"],["12","86.50833","0.02764","86.5","86.6"],["12","85.05833","2.24591","79.2","86.6"],["12","85.05833","1.69433","82.4","86.3"],["12","86.35833","0.04930","86.3","86.4"],["12","86.30000","0.00000","86.3","86.3"],["12","86.20000","0.05774","86.1","86.3"],["12","86.16667","0.04714","86.1","86.2"],["12","85.97500","0.04330","85.9","86.0"],["12","85.94167","0.10375","85.8","86.1"],["12","86.08333","0.06872","86.0","86.2"],["12","86.14167","0.04930","86.1","86.2"],["12","86.20000","0.00000","86.2","86.2"],["12","85.18333","2.39473","77.9","86.3"],["12","67.80833","5.64276","58.9","76.6"],["12","54.84167","3.17371","49.2","60.4"],["12","41.45833","4.10639","35.3","52.4"],["12","34.74167","3.98151","28.9","44.9"],["12","48.60000","14.08658","26.7","67.7"],["12","51.16667","3.79985","45.5","57.8"],["12","48.07500","3.04634","43.8","52.4"],["12","51.23333","6.38610","41.4","60.4"],["12","63.96667","9.63823","49.6","78.4"],["12","81.20833","2.50015","75.4","84.4"],["12","80.27500","1.95964","77.7","84.3"],["11","86.40909","0.19751","85.8","86.5"],["12","86.37500","0.14790","85.9","86.5"],["12","86.27500","0.05951","86.2","86.4"],["12","86.28333","0.03727","86.2","86.3"],["12","86.27500","0.04330","86.2","86.3"],["12","86.24167","0.07592","86.1","86.3"],["12","86.04167","0.04930","86.0","86.1"],["12","86.00000","0.00000","86.0","86.0"],["12","85.92500","0.04330","85.9","86.0"],["12","85.78333","0.09860","85.7","85.9"],["12","85.69167","0.02764","85.6","85.7"],["12","85.75000","0.07638","85.6","85.8"],["12","86.06667","0.16499","85.9","86.4"],["11","79.78182","5.90082","69.2","86.5"],["12","61.10833","6.25439","49.7","68.1"],["7","47.37143","4.70796","39.5","52.9"],["12","42.30833","3.35148","36.5","48.4"],["12","56.45000","5.32674","45.8","64.6"],["12","51.60833","4.37787","41.4","56.6"],["12","42.90000","2.54296","39.3","47.5"],["12","39.22500","10.02564","26.3","59.8"],["12","58.45833","6.39837","45.5","68.1"],["12","74.25000","2.70046","68.0","77.6"],["12","81.26667","4.49209","74.3","86.7"],["12","86.55833","0.08620","86.4","86.7"],["12","86.33333","0.04714","86.3","86.4"],["12","86.39167","0.02764","86.3","86.4"],["12","86.30000","0.00000","86.3","86.3"],["12","86.18333","0.08975","86.1","86.3"],["12","86.05000","0.05000","86.0","86.1"],["12","86.00000","0.00000","86.0","86.0"],["12","86.00000","0.00000","86.0","86.0"],["12","86.00000","0.00000","86.0","86.0"],["12","85.90833","0.02764","85.9","86.0"],["12","85.85833","0.04930","85.8","85.9"],["12","85.92500","0.07217","85.8","86.0"],["12","86.11667","0.15723","86.0","86.4"],["12","75.14167","4.05205","70.5","86.3"],["12","63.25000","5.27913","55.1","71.2"],["12","60.02500","3.52400","54.8","66.0"],["12","49.80000","2.62837","45.3","55.0"],["12","49.85000","4.96530","43.2","57.1"],["12","42.37500","3.97369","37.8","52.3"],["12","49.65833","6.42151","37.6","58.2"],["12","47.48333","4.16330","39.2","53.5"],["12","55.44167","1.91810","51.5","58.6"],["12","43.14167","11.63912","22.6","54.3"],["12","54.75833","10.99337","31.5","66.1"],["12","79.56667","7.82404","67.3","86.4"],["12","86.30833","0.06401","86.2","86.4"],["12","86.27500","0.05951","86.2","86.4"],["12","86.41667","0.06872","86.3","86.5"],["12","86.44167","0.04930","86.4","86.5"],["12","86.44167","0.04930","86.4","86.5"],["11","86.50000","0.00000","86.5","86.5"],["12","86.49167","0.02764","86.4","86.5"],["12","86.40000","0.00000","86.4","86.4"],["12","86.27500","0.07217","86.1","86.4"],["11","86.11818","0.03857","86.1","86.2"],["12","86.20000","0.00000","86.2","86.2"],["12","85.25833","2.73052","76.4","86.4"],["12","72.68333","3.53644","68.2","78.2"],["12","55.94167","3.55187","52.1","62.3"],["12","55.15833","6.12977","43.9","63.1"],["12","42.95833","2.78641","38.4","47.7"],["12","41.72500","3.76942","36.9","48.2"],["12","53.45000","7.56268","39.0","61.8"],["12","53.15833","3.96704","44.2","60.3"],["12","46.72500","9.29060","28.6","58.9"],["12","33.62500","6.57598","22.4","45.6"],["12","31.80000","4.34262","25.6","40.4"],["12","51.46667","13.12081","29.8","63.3"],["12","80.25833","6.71980","66.6","86.4"],["12","86.27500","0.04330","86.2","86.3"],["12","86.12500","0.07217","86.0","86.2"],["12","85.99167","0.02764","85.9","86.0"],["12","85.90000","0.00000","85.9","85.9"],["12","85.90000","0.00000","85.9","85.9"],["12","85.80000","0.00000","85.8","85.8"],["12","85.80000","0.00000","85.8","85.8"],["12","85.95000","0.07638","85.8","86.0"],["12","85.90000","0.05774","85.8","86.0"],["12","85.80000","0.00000","85.8","85.8"],["12","85.80000","0.00000","85.8","85.8"],["12","85.31667","1.50102","81.0","86.3"],["12","76.40000","3.95896","69.6","82.9"],["12","60.46667","3.31872","54.3","65.7"],["12","49.34167","4.67698","41.1","56.9"],["12","44.75000","2.21867","38.8","46.9"],["12","40.77500","4.12070","35.8","48.8"],["12","39.74167","4.08258","33.3","44.9"],["12","41.59167","3.32251","35.6","46.9"],["4","41.17500","0.75952","39.9","41.8"]],