{"_t":[1368766800,1368853200,86400,144],"_i":["sanpedro\/003\/humidity","sanpedro\/003\/temperature"],"_@":{"humi":[60,100],"temp":[10,30]},"sanpedro\/003\/humidity":{"1":["8","90.13750","3.83371","86.3","94.5"],"2":["10","90.54000","3.50577","86.4","94.5"],"3":["4","91.27500","2.98025","86.4","94.5"],"5":["4","89.85000","3.55282","86.4","94.5"],"6":["4","89.85000","3.55282","86.4","94.5"],"8":["5","90.78000","3.68206","86.4","94.5"],"10":["5","90.30000","3.30273","86.4","94.5"],"11":["3","91.00000","3.39706","86.4","94.5"],"16":["3","91.00000","3.39706","86.4","94.5"],"17":["9","91.63333","2.98701","86.4","94.5"],"25":["4","89.85000","3.55282","86.4","94.5"],"26":["3","91.00000","3.39706","86.4","94.5"],"29":["4","89.85000","3.55282","86.4","94.5"],"30":["8","91.57500","3.16336","86.4","94.5"],"31":["4","91.27500","2.98025","86.4","94.5"],"36":["4","89.85000","3.55282","86.4","94.5"],"42":["7","90.04286","3.24339","86.4","94.5"],"45":["9","89.23333","3.23660","86.4","94.5"],"46":["5","89.18000","3.48161","86.4","94.5"],"47":["4","91.32500","2.99447","86.4","94.5"],"48":["10","89.76000","3.45317","86.4","94.5"],"49":["6","89.75000","3.34701","86.5","94.6"],"53":["28","88.63214","3.72636","84.8","94.9"],"54":["10","90.34000","3.77046","86.6","95.0"],"56":["5","91.14000","3.72966","86.7","94.9"],"59":["15","91.38667","3.44903","86.7","94.9"],"60":["15","91.97333","3.33636","86.7","95.0"],"66":["54","82.51852","4.01544","79.0","93.1"],"76":["47","71.23404","1.27301","69.2","73.9"],"82":["51","84.49608","2.82898","80.4","90.1"]},"sanpedro\/003\/temperature":{"1":["8","11.46250","0.39980","11.0","12.0"],"2":["10","11.70000","0.35777","11.2","12.2"],"3":["4","11.90000","0.32404","11.4","12.3"],"5":["4","11.92500","0.40234","11.5","12.5"],"6":["4","11.97500","0.35620","11.6","12.5"],"8":["5","12.14000","0.40299","11.7","12.6"],"10":["5","12.12000","0.33106","11.7","12.6"],"11":["3","12.16667","0.36818","11.7","12.6"],"16":["3","11.90000","0.37417","11.4","12.3"],"17":["9","11.94444","0.34355","11.4","12.4"],"25":["4","11.70000","0.36742","11.3","12.2"],"26":["3","11.86667","0.36818","11.4","12.3"],"29":["4","11.82500","0.43229","11.4","12.5"],"30":["8","11.96250","0.40908","11.4","12.5"],"31":["4","11.87500","0.35620","11.4","12.4"],"36":["4","11.70000","0.39370","11.3","12.3"],"42":["7","12.07143","0.46817","11.5","12.5"],"45":["9","11.57778","0.46614","11.1","12.4"],"46":["5","11.66000","0.46303","11.2","12.4"],"47":["4","12.02500","0.35620","11.5","12.5"],"48":["10","11.99000","0.39102","11.5","12.6"],"49":["6","12.28333","0.40586","11.8","12.9"],"53":["28","14.62143","0.68523","13.9","15.8"],"54":["10","14.87000","0.95294","13.8","15.9"],"56":["5","14.34000","0.56780","13.6","14.9"],"59":["15","14.86000","1.01246","13.3","15.8"],"60":["15","15.44000","0.96940","13.7","16.3"],"66":["54","15.69815","1.22406","14.8","18.4"],"76":["47","18.26809","0.94196","17.5","20.2"],"82":["51","16.03922","0.54560","15.5","17.3"]}}