{"_t":[1376974800,1377061200,86400,144],"_i":["timana0\/002\/VoltR","timana0\/003\/VoltR","timana0\/004\/VoltR"],"_@":{"Volt":[0,130]},"timana0\/004\/VoltR":[["2","0.00000","0.00000","0.0","0.0"],["3","0.00000","0.00000","0.0","0.0"],["2","0.00000","0.00000","0.0","0.0"],["3","0.00000","0.00000","0.0","0.0"],["3","0.00000","0.00000","0.0","0.0"],["3","0.00000","0.00000","0.0","0.0"],["2","0.00000","0.00000","0.0","0.0"],["3","0.00000","0.00000","0.0","0.0"],["2","0.00000","0.00000","0.0","0.0"],["3","0.00000","0.00000","0.0","0.0"],["2","0.00000","0.00000","0.0","0.0"],["3","0.00000","0.00000","0.0","0.0"],["2","0.00000","0.00000","0.0","0.0"],["2","0.00000","0.00000","0.0","0.0"],["4","0.00000","0.00000","0.0","0.0"],["2","0.00000","0.00000","0.0","0.0"],["3","0.00000","0.00000","0.0","0.0"],["3","0.00000","0.00000","0.0","0.0"],["2","0.00000","0.00000","0.0","0.0"],["2","0.00000","0.00000","0.0","0.0"],["2","0.00000","0.00000","0.0","0.0"],["3","0.00000","0.00000","0.0","0.0"],["2","0.00000","0.00000","0.0","0.0"],["2","0.00000","0.00000","0.0","0.0"],["4","0.00000","0.00000","0.0","0.0"],["2","0.00000","0.00000","0.0","0.0"],["2","0.00000","0.00000","0.0","0.0"],["3","0.00000","0.00000","0.0","0.0"],["2","0.00000","0.00000","0.0","0.0"],["3","0.00000","0.00000","0.0","0.0"],["2","0.00000","0.00000","0.0","0.0"],["2","0.00000","0.00000","0.0","0.0"],["3","0.00000","0.00000","0.0","0.0"],["2","0.00000","0.00000","0.0","0.0"],["2","0.00000","0.00000","0.0","0.0"],["3","0.00000","0.00000","0.0","0.0"],["2","0.00000","0.00000","0.0","0.0"],["3","0.00000","0.00000","0.0","0.0"],["2","0.00000","0.00000","0.0","0.0"],["2","0.00000","0.00000","0.0","0.0"],["3","0.00000","0.00000","0.0","0.0"],["2","0.00000","0.00000","0.0","0.0"],["2","0.00000","0.00000","0.0","0.0"],["3","0.00000","0.00000","0.0","0.0"],["2","121.50000","0.50000","121.0","122.0"],["2","60.00000","60.00000","0.0","120.0"],["3","82.00000","57.98276","0.0","123.0"],["2","123.50000","0.50000","123.0","124.0"],["3","81.66667","57.74850","0.0","123.0"],["2","121.00000","0.00000","121.0","121.0"],["2","121.00000","1.00000","120.0","122.0"],["3","80.00000","56.56854","0.0","120.0"],["3","80.00000","56.56854","0.0","120.0"],["2","121.50000","0.50000","121.0","122.0"],["3","80.33333","56.80571","0.0","121.0"],["2","120.50000","0.50000","120.0","121.0"],["3","80.66667","57.04579","0.0","122.0"],["2","121.00000","0.00000","121.0","121.0"],["2","119.50000","0.50000","119.0","120.0"],["4","60.25000","60.25104","0.0","121.0"],["2","120.50000","0.50000","120.0","121.0"],["2","120.00000","1.00000","119.0","121.0"],["2","57.50000","57.50000","0.0","115.0"],["2","121.00000","0.00000","121.0","121.0"],["2","119.00000","1.00000","118.0","120.0"],["1","121.00000","0.00000","121.0","121.0"],["2","118.00000","2.00000","116.0","120.0"],["4","58.50000","58.51709","0.0","119.0"],["2","119.50000","0.50000","119.0","120.0"],["3","80.66667","57.03995","0.0","121.0"],["2","60.50000","60.50000","0.0","121.0"],["2","121.50000","0.50000","121.0","122.0"],["3","79.00000","55.87486","0.0","120.0"],["2","0.00000","0.00000","0.0","0.0"],["3","41.00000","57.98276","0.0","123.0"],["2","61.50000","61.50000","0.0","123.0"],["3","0.00000","0.00000","0.0","0.0"],["2","0.00000","0.00000","0.0","0.0"],["2","0.00000","0.00000","0.0","0.0"]],"timana0\/002\/VoltR":{"77":["2","0.00000","0.00000","0.0","0.0"],"78":["2","0.00000","0.00000","0.0","0.0"]},"timana0\/003\/VoltR":{"77":["2","0.00000","0.00000","0.0","0.0"],"78":["2","0.00000","0.00000","0.0","0.0"]}}