{"_t":[1376715600,1376802000,86400,144],"_i":["timana0\/001\/humidity","timana0\/001\/temp_dry","timana0\/001\/temp_wet"],"_@":{"humi":[30,100],"temp":[0,30]},"timana0\/001\/humidity":[["2","92.50000","1.50000","91.0","94.0"],["2","93.00000","0.00000","93.0","93.0"],["2","94.00000","1.00000","93.0","95.0"],["2","94.50000","0.50000","94.0","95.0"],["2","95.00000","0.00000","95.0","95.0"],["2","96.00000","0.00000","96.0","96.0"],["2","96.00000","0.00000","96.0","96.0"],["2","95.50000","0.50000","95.0","96.0"],["2","93.50000","1.50000","92.0","95.0"],["2","93.50000","0.50000","93.0","94.0"],["2","91.00000","0.00000","91.0","91.0"],["2","93.00000","0.00000","93.0","93.0"],["2","91.50000","0.50000","91.0","92.0"],["2","90.50000","0.50000","90.0","91.0"],["2","91.00000","0.00000","91.0","91.0"],["2","89.50000","0.50000","89.0","90.0"],["2","90.00000","0.00000","90.0","90.0"],["2","92.00000","1.00000","91.0","93.0"],["2","93.00000","0.00000","93.0","93.0"],["2","94.00000","0.00000","94.0","94.0"],["2","95.00000","1.00000","94.0","96.0"],["2","97.00000","0.00000","97.0","97.0"],["2","97.00000","0.00000","97.0","97.0"],["2","97.50000","0.50000","97.0","98.0"],["2","97.50000","0.50000","97.0","98.0"],["2","98.00000","0.00000","98.0","98.0"],["2","97.50000","0.50000","97.0","98.0"],["2","96.50000","0.50000","96.0","97.0"],["2","97.00000","0.00000","97.0","97.0"],["2","97.50000","0.50000","97.0","98.0"],["2","97.00000","0.00000","97.0","97.0"],["1","97.00000","0.00000","97.0","97.0"],["2","97.00000","0.00000","97.0","97.0"],["2","97.00000","0.00000","97.0","97.0"],["2","97.00000","0.00000","97.0","97.0"],["2","96.50000","0.50000","96.0","97.0"],["2","96.00000","0.00000","96.0","96.0"],["2","96.00000","0.00000","96.0","96.0"],["2","94.00000","1.00000","93.0","95.0"],["2","90.00000","2.00000","88.0","92.0"],["2","86.50000","0.50000","86.0","87.0"],["2","80.50000","2.50000","78.0","83.0"],["2","72.50000","0.50000","72.0","73.0"],["2","68.00000","1.00000","67.0","69.0"],["2","66.50000","0.50000","66.0","67.0"],["2","66.50000","0.50000","66.0","67.0"],["2","61.50000","0.50000","61.0","62.0"],["2","60.50000","0.50000","60.0","61.0"],["2","59.50000","0.50000","59.0","60.0"],["2","59.00000","1.00000","58.0","60.0"],["2","56.00000","0.00000","56.0","56.0"],["2","54.50000","0.50000","54.0","55.0"],["2","56.00000","1.00000","55.0","57.0"],["2","52.00000","0.00000","52.0","52.0"],["2","54.00000","0.00000","54.0","54.0"],["2","47.50000","0.50000","47.0","48.0"],["2","48.50000","1.50000","47.0","50.0"],["2","48.50000","0.50000","48.0","49.0"],["2","48.00000","0.00000","48.0","48.0"],["2","47.50000","0.50000","47.0","48.0"],["2","47.00000","1.00000","46.0","48.0"],["2","48.00000","0.00000","48.0","48.0"],["2","45.50000","0.50000","45.0","46.0"],["2","44.50000","1.50000","43.0","46.0"],["2","44.50000","0.50000","44.0","45.0"],["2","42.00000","0.00000","42.0","42.0"],["2","43.50000","0.50000","43.0","44.0"],["2","41.50000","1.50000","40.0","43.0"],["2","38.00000","1.00000","37.0","39.0"],["2","39.00000","0.00000","39.0","39.0"],["2","40.00000","0.00000","40.0","40.0"],["2","41.50000","0.50000","41.0","42.0"],["2","40.50000","0.50000","40.0","41.0"],["2","39.00000","1.00000","38.0","40.0"],["2","40.00000","1.00000","39.0","41.0"],["2","38.50000","0.50000","38.0","39.0"],["2","37.50000","0.50000","37.0","38.0"],["2","37.00000","0.00000","37.0","37.0"],["2","34.00000","1.00000","33.0","35.0"],["2","31.50000","0.50000","31.0","32.0"],["2","36.00000","1.00000","35.0","37.0"],["2","45.00000","6.00000","39.0","51.0"],["2","53.50000","0.50000","53.0","54.0"],["2","57.00000","2.00000","55.0","59.0"],["2","56.00000","3.00000","53.0","59.0"],["2","55.50000","1.50000","54.0","57.0"],["2","62.00000","3.00000","59.0","65.0"],["2","79.00000","3.00000","76.0","82.0"],["2","90.00000","1.00000","89.0","91.0"],["2","87.00000","1.00000","86.0","88.0"],["2","84.00000","0.00000","84.0","84.0"],["2","85.00000","0.00000","85.0","85.0"],["2","81.50000","1.50000","80.0","83.0"],["2","83.50000","0.50000","83.0","84.0"],["2","83.00000","0.00000","83.0","83.0"],["2","82.00000","0.00000","82.0","82.0"],["2","81.00000","1.00000","80.0","82.0"],["2","86.00000","1.00000","85.0","87.0"],["2","87.00000","0.00000","87.0","87.0"],["2","84.50000","0.50000","84.0","85.0"],["2","87.00000","1.00000","86.0","88.0"],["2","89.50000","0.50000","89.0","90.0"],["2","90.50000","0.50000","90.0","91.0"],["2","91.50000","0.50000","91.0","92.0"],["2","92.50000","0.50000","92.0","93.0"],["2","93.00000","0.00000","93.0","93.0"],["2","94.00000","0.00000","94.0","94.0"],["2","94.00000","0.00000","94.0","94.0"],["2","94.00000","0.00000","94.0","94.0"],["2","94.00000","0.00000","94.0","94.0"],["2","94.00000","0.00000","94.0","94.0"],["2","93.50000","0.50000","93.0","94.0"],["2","93.50000","0.50000","93.0","94.0"],["2","91.50000","0.50000","91.0","92.0"],["2","91.50000","0.50000","91.0","92.0"],["2","93.50000","0.50000","93.0","94.0"],["2","94.00000","0.00000","94.0","94.0"],["2","95.00000","1.00000","94.0","96.0"],["2","95.50000","0.50000","95.0","96.0"],["2","95.00000","0.00000","95.0","95.0"],["2","95.00000","0.00000","95.0","95.0"],["2","93.50000","0.50000","93.0","94.0"],["2","94.50000","0.50000","94.0","95.0"],["2","94.00000","0.00000","94.0","94.0"],["2","95.00000","0.00000","95.0","95.0"],["2","96.50000","0.50000","96.0","97.0"],["2","96.50000","0.50000","96.0","97.0"],["2","96.50000","0.50000","96.0","97.0"],["2","96.50000","0.50000","96.0","97.0"],["2","95.00000","0.00000","95.0","95.0"],["2","96.00000","0.00000","96.0","96.0"],["2","96.50000","0.50000","96.0","97.0"]],