{"_t":[1364446800,1367038800,2592000,240],"_i":["sanpedro\/002\/humidity","sanpedro\/002\/temperature"],"_@":{"humi":[30,100],"temp":[0,40]},"sanpedro\/002\/humidity":{"0":["36","91.90556","0.08802","91.8","92.0"],"1":["36","91.92778","0.04479","91.9","92.0"],"2":["36","80.43611","12.26495","59.3","92.5"],"3":["36","48.06944","9.53234","33.3","67.6"],"4":["36","55.95278","4.84473","46.9","72.6"],"5":["36","84.22778","10.02138","62.7","92.7"],"6":["35","92.16571","0.14529","91.8","92.4"],"7":["36","92.08056","0.03958","92.0","92.1"],"8":["36","91.82222","0.08854","91.7","92.0"],"9":["36","91.57778","0.05827","91.5","91.7"],"10":["36","82.18056","11.39783","52.9","92.4"],"11":["31","60.23871","7.02405","48.7","72.2"],"12":["36","64.11389","6.68199","49.5","75.8"],"13":["36","81.61667","10.55584","61.1","92.7"],"14":["36","92.25556","0.13217","92.1","92.6"],"15":["35","92.04857","0.10789","91.8","92.2"],"16":["34","91.83824","0.04860","91.8","91.9"],"17":["35","91.73429","0.05827","91.7","91.9"],"18":["36","87.25000","8.73026","62.9","92.4"],"19":["36","72.59722","8.20858","60.1","92.7"],"20":["36","64.26944","5.89142","56.6","78.1"],"21":["36","72.14444","7.27310","56.9","86.5"],"22":["36","91.82222","0.78638","87.4","92.3"],"23":["36","91.98333","0.03727","91.9","92.0"],"24":["35","92.13714","0.08972","91.8","92.2"],"25":["35","92.05714","0.07667","92.0","92.2"],"26":["36","82.28889","11.03680","62.3","92.6"],"27":["36","59.77500","9.61398","45.9","79.2"],"28":["36","65.92500","6.51491","48.7","75.3"],"29":["36","63.58611","8.97844","53.7","85.4"],"30":["36","91.55000","1.75111","85.2","92.4"],"31":["36","91.78056","0.07753","91.7","92.0"],"32":["36","91.64167","0.07217","91.6","91.8"],"33":["36","91.64444","0.09263","91.5","91.8"],"34":["36","84.76111","9.75674","57.7","92.5"],"35":["36","53.28056","5.06808","41.7","60.4"],"36":["28","63.21429","6.46506","51.9","72.9"],"38":["40","90.87000","3.45146","86.2","94.7"],"39":["6","89.43333","3.43204","86.1","94.4"],"66":["42","55.48333","1.52595","53.6","61.5"],"68":["44","53.62500","2.15640","50.1","57.8"],"69":["262","79.57710","10.56451","58.8","95.0"],"70":["82","91.17927","3.36922","86.4","94.9"],"71":["51","91.30784","3.20097","86.5","94.7"],"72":["49","90.58980","3.50767","86.2","94.7"],"73":["46","91.00217","3.26180","86.1","94.5"],"74":["217","77.89124","10.49493","62.7","94.7"],"75":["43","36.84884","3.08465","30.9","42.9"],"76":["176","57.06080","8.91054","43.4","75.2"],"77":["227","76.51938","6.81496","64.9","95.0"],"78":["47","91.18085","3.13780","86.5","94.8"],"79":["78","91.22564","3.26015","86.4","94.8"],"80":["41","90.20976","3.46634","86.0","94.6"],"81":["75","89.44400","3.54074","85.7","94.1"],"82":["206","85.63447","5.41877","76.7","94.5"],"83":["132","52.61667","3.39675","48.9","64.0"],"84":["44","52.09091","2.85218","48.8","59.0"],"101":["190","78.84947","14.72757","49.2","95.2"],"102":["73","90.85890","3.53564","86.3","95.1"],"103":["51","91.24706","3.32249","86.3","94.7"],"104":["85","90.81647","3.48391","86.1","94.6"],"105":["95","90.40316","3.52723","86.1","94.5"],"106":["170","75.70000","11.50442","62.9","94.9"],"107":["137","54.42920","16.35012","38.9","85.0"],"108":["294","63.62993","7.33533","53.0","83.0"],"109":["22","91.30455","3.27240","86.7","94.9"],"110":["55","90.78000","3.39076","86.3","94.8"],"111":["35","91.00857","3.35315","86.0","94.6"],"112":["81","90.35432","3.45340","85.9","94.3"],"113":["10","90.37000","3.51939","86.2","94.3"],"146":["50","88.78200","3.64053","85.0","95.0"],"147":["104","70.72981","4.16182","63.9","81.1"],"149":["327","78.12263","8.00779","63.9","95.0"],"150":["42","90.91190","3.43991","86.7","94.9"],"151":["63","91.23016","2.92367","86.4","94.7"],"152":["65","90.76308","3.41709","86.2","94.6"],"153":["40","90.53000","3.37818","86.2","94.5"],"154":["125","66.80720","14.30710","54.3","94.6"],"155":["44","51.31136","5.48760","46.7","67.1"],"156":["184","59.74239","7.98702","46.4","73.5"],"157":["298","78.74799","12.88299","49.2","95.0"],"158":["65","90.77077","3.38561","86.4","94.8"],"159":["46","91.00217","3.43362","86.4","94.7"],"160":["35","90.88000","3.21806","85.9","94.5"],"161":["110","88.80455","3.54556","85.9","94.2"],"162":["125","90.20240","3.51134","85.9","94.9"],"164":["138","52.44130","9.33933","36.1","70.6"],"165":["257","74.52957","15.50791","51.2","95.1"],"166":["63","88.25873","3.67262","84.4","94.9"],"167":["68","91.63088","2.40393","86.5","94.6"],"168":["92","91.18370","3.01259","86.5","94.6"],"169":["14","90.78571","3.33442","86.5","94.5"],"171":["267","58.79326","5.37211","50.5","71.5"],"173":["393","79.14606","10.14153","55.5","95.2"],"174":["56","91.53393","3.20643","86.6","94.9"],"175":["58","91.26207","3.34184","86.4","94.7"],"176":["34","91.42353","3.34603","86.4","94.6"],"177":["45","91.58889","3.18400","86.3","94.5"],"182":["50","91.59400","3.05067","86.5","94.7"],"183":["42","91.34524","3.23833","86.5","94.7"],"184":["70","91.12429","3.26525","86.3","94.7"],"185":["62","91.19032","3.28588","86.3","94.5"],"186":["231","77.69957","11.90091","55.4","95.0"],"204":["142","71.14155","4.44304","61.8","78.4"],"205":["236","72.92627","11.77858","51.8","95.0"],"206":["83","90.38795","3.25822","86.2","94.8"],"207":["44","90.83182","3.14381","86.2","94.4"],"208":["34","91.24412","3.18795","86.2","94.4"],"209":["58","90.70345","3.32555","86.1","94.4"],"210":["107","87.64486","5.04496","78.8","94.9"],"211":["134","73.93209","7.25574","59.1","85.4"],"213":["197","62.79492","7.25901","48.6","78.0"],"214":["66","85.25758","4.77519","79.3","94.6"],"215":["62","91.06774","3.26653","86.3","94.5"],"216":["48","91.48125","3.13061","86.1","94.5"],"217":["13","89.32308","3.57581","86.0","94.2"],"235":["111","54.88649","5.58687","45.3","68.0"],"236":["89","54.34270","2.27339","48.3","59.6"],"237":["154","76.19740","13.57875","55.2","95.0"],"238":["37","90.98108","3.60119","86.7","95.0"],"239":["17","91.83529","3.09724","86.3","94.8"]},"sanpedro\/002\/temperature":{"0":["36","10.08889","0.75564","8.9","11.2"],"1":["36","10.43889","0.18897","9.9","10.7"],"2":["36","16.16667","4.45034","9.9","22.6"],"3":["36","27.95000","3.18499","21.6","32.7"],"4":["36","26.25833","1.80052","20.5","29.0"],"5":["36","16.88333","2.98678","13.3","23.3"],"6":["35","12.04571","0.67458","10.9","13.4"],"7":["36","11.38333","0.29202","10.4","11.7"],"8":["36","9.27778","0.62143","8.2","10.4"],"9":["36","7.81389","0.40835","6.9","8.3"],"10":["36","15.58333","5.36918","8.3","25.0"],"11":["31","23.72258","2.20742","19.5","27.3"],"12":["36","22.07778","1.87722","19.4","26.6"],"13":["36","18.42222","2.77169","14.8","23.8"],"14":["36","12.63889","0.72774","11.6","14.5"],"15":["35","10.91429","0.83705","9.5","12.3"],"16":["34","9.44706","0.34661","8.9","9.9"],"17":["35","8.78571","0.37121","8.3","9.6"],"18":["36","14.11389","4.08406","9.0","22.6"],"19":["36","20.13333","1.68457","16.0","23.4"],"20":["36","22.44444","1.69975","18.7","25.3"],"21":["36","18.87222","1.71992","15.8","22.5"],"22":["36","11.40556","1.72239","9.8","15.5"],"23":["36","11.11389","0.26474","10.5","11.5"],"24":["35","11.46571","0.13510","11.0","11.7"],"25":["35","10.10571","0.45352","9.5","11.3"],"26":["36","16.03889","4.37209","10.0","22.4"],"27":["36","24.34444","3.64360","17.3","29.8"],"28":["36","21.00833","2.19195","18.3","27.0"],"29":["36","21.04722","3.22916","15.5","27.0"],"30":["36","11.68056","1.35909","10.0","15.3"],"31":["36","8.65556","0.53875","7.7","9.7"],"32":["36","7.80000","0.59768","7.0","9.1"],"33":["36","7.75278","0.57903","6.9","8.9"],"34":["36","14.89444","5.17714","6.9","24.7"],"35":["36","26.76111","2.23212","22.6","31.6"],"36":["28","23.03929","1.80601","20.9","27.9"],"38":["40","11.84500","1.02248","9.7","13.7"],"39":["6","10.03333","0.64722","9.3","10.9"],"66":["42","20.80238","2.55702","19.4","26.8"],"68":["44","24.72727","1.38701","23.8","27.5"],"69":["262","17.93397","2.35632","14.0","24.3"],"70":["82","13.17805","0.91825","11.3","15.1"],