{"_t":[1376080020,1376166420,86400,144],"_i":["timana0\/001\/humidity","timana0\/001\/temp_dry","timana0\/001\/temp_wet"],"_@":{"humi":[70,110],"temp":[0,30]},"timana0\/001\/humidity":[["2","96.50000","0.50000","96.0","97.0"],["2","97.00000","1.00000","96.0","98.0"],["2","100.50000","0.50000","100.0","101.0"],["2","100.00000","1.00000","99.0","101.0"],["2","98.00000","1.00000","97.0","99.0"],["2","95.50000","0.50000","95.0","96.0"],["2","95.50000","0.50000","95.0","96.0"],["2","94.50000","0.50000","94.0","95.0"],["2","93.50000","0.50000","93.0","94.0"],["2","94.50000","0.50000","94.0","95.0"],["2","96.00000","0.00000","96.0","96.0"],["2","95.50000","0.50000","95.0","96.0"],["2","96.00000","0.00000","96.0","96.0"],["2","95.50000","0.50000","95.0","96.0"],["2","97.50000","0.50000","97.0","98.0"],["2","102.00000","0.00000","102.0","102.0"],["2","101.00000","0.00000","101.0","101.0"],["2","101.00000","0.00000","101.0","101.0"],["2","101.50000","0.50000","101.0","102.0"],["2","102.00000","0.00000","102.0","102.0"],["2","101.50000","0.50000","101.0","102.0"],["2","101.00000","0.00000","101.0","101.0"],["2","99.00000","1.00000","98.0","100.0"],["2","100.00000","0.00000","100.0","100.0"],["2","100.00000","0.00000","100.0","100.0"],["2","101.00000","0.00000","101.0","101.0"],["2","101.00000","0.00000","101.0","101.0"],["2","101.00000","0.00000","101.0","101.0"],["1","101.00000","0.00000","101.0","101.0"],["2","100.50000","0.50000","100.0","101.0"],["2","100.00000","1.00000","99.0","101.0"],["2","100.00000","1.00000","99.0","101.0"],["2","101.00000","0.00000","101.0","101.0"],["2","101.00000","0.00000","101.0","101.0"],["2","100.00000","1.00000","99.0","101.0"],["2","99.00000","0.00000","99.0","99.0"],["2","100.00000","1.00000","99.0","101.0"],["2","99.00000","0.00000","99.0","99.0"],["2","98.50000","0.50000","98.0","99.0"],["2","98.00000","0.00000","98.0","98.0"],["2","99.00000","1.00000","98.0","100.0"],["2","99.00000","1.00000","98.0","100.0"],["2","100.00000","0.00000","100.0","100.0"],["2","100.00000","1.00000","99.0","101.0"],["2","99.00000","0.00000","99.0","99.0"],["2","99.50000","0.50000","99.0","100.0"],["2","100.00000","0.00000","100.0","100.0"],["2","100.00000","0.00000","100.0","100.0"],["2","100.00000","0.00000","100.0","100.0"],["2","100.00000","0.00000","100.0","100.0"],["2","100.00000","0.00000","100.0","100.0"],["2","101.00000","0.00000","101.0","101.0"],["2","100.50000","0.50000","100.0","101.0"],["2","100.00000","0.00000","100.0","100.0"],["2","100.00000","0.00000","100.0","100.0"],["2","101.00000","0.00000","101.0","101.0"],["2","100.50000","0.50000","100.0","101.0"],["2","98.00000","0.00000","98.0","98.0"],["2","99.00000","1.00000","98.0","100.0"],["2","99.00000","1.00000","98.0","100.0"],["2","98.00000","0.00000","98.0","98.0"],["2","96.00000","1.00000","95.0","97.0"],["2","92.50000","1.50000","91.0","94.0"],["2","96.00000","0.00000","96.0","96.0"],["2","97.00000","0.00000","97.0","97.0"],["2","96.50000","0.50000","96.0","97.0"],["2","96.50000","0.50000","96.0","97.0"],["2","97.50000","0.50000","97.0","98.0"],["2","97.50000","0.50000","97.0","98.0"],["2","97.00000","0.00000","97.0","97.0"],["2","97.00000","0.00000","97.0","97.0"],["2","97.00000","0.00000","97.0","97.0"],["2","95.00000","0.00000","95.0","95.0"],["2","95.50000","0.50000","95.0","96.0"],["2","97.00000","0.00000","97.0","97.0"],["2","97.00000","1.00000","96.0","98.0"],["2","96.00000","0.00000","96.0","96.0"],["2","97.50000","0.50000","97.0","98.0"],["2","98.00000","0.00000","98.0","98.0"],["2","100.00000","0.00000","100.0","100.0"],["2","99.00000","0.00000","99.0","99.0"],["2","99.00000","0.00000","99.0","99.0"],["2","100.00000","0.00000","100.0","100.0"],["1","100.00000","0.00000","100.0","100.0"],["2","99.50000","0.50000","99.0","100.0"],["2","100.00000","0.00000","100.0","100.0"],["2","100.00000","0.00000","100.0","100.0"],["2","100.50000","0.50000","100.0","101.0"],["2","100.00000","0.00000","100.0","100.0"],["2","100.00000","0.00000","100.0","100.0"],["2","97.50000","0.50000","97.0","98.0"],["2","97.50000","0.50000","97.0","98.0"],["2","96.50000","0.50000","96.0","97.0"],["2","95.00000","0.00000","95.0","95.0"],["2","92.50000","0.50000","92.0","93.0"],["2","92.50000","0.50000","92.0","93.0"],["2","91.50000","0.50000","91.0","92.0"],["2","89.00000","0.00000","89.0","89.0"],["2","88.50000","0.50000","88.0","89.0"],["2","85.00000","3.00000","82.0","88.0"],["2","80.50000","2.50000","78.0","83.0"],["2","75.00000","1.00000","74.0","76.0"],["2","73.50000","1.50000","72.0","75.0"],["2","75.00000","1.00000","74.0","76.0"],["2","79.00000","2.00000","77.0","81.0"],["2","81.50000","1.50000","80.0","83.0"],["2","81.50000","1.50000","80.0","83.0"],["2","82.50000","1.50000","81.0","84.0"],["2","86.00000","1.00000","85.0","87.0"],["2","87.50000","1.50000","86.0","89.0"],["2","88.50000","0.50000","88.0","89.0"],["2","90.00000","1.00000","89.0","91.0"],["2","88.00000","1.00000","87.0","89.0"],["2","88.00000","0.00000","88.0","88.0"],["2","89.00000","1.00000","88.0","90.0"],["2","90.00000","1.00000","89.0","91.0"],["2","87.50000","0.50000","87.0","88.0"],["2","87.00000","1.00000","86.0","88.0"],["2","85.00000","0.00000","85.0","85.0"],["2","83.00000","1.00000","82.0","84.0"],["2","81.50000","0.50000","81.0","82.0"],["2","82.50000","0.50000","82.0","83.0"],["2","82.00000","0.00000","82.0","82.0"],["2","82.00000","0.00000","82.0","82.0"],["2","83.50000","0.50000","83.0","84.0"],["2","84.50000","0.50000","84.0","85.0"],["2","84.00000","1.00000","83.0","85.0"],["2","85.00000","1.00000","84.0","86.0"],["2","85.50000","0.50000","85.0","86.0"],["2","86.50000","1.50000","85.0","88.0"],["2","86.00000","0.00000","86.0","86.0"],["2","85.00000","2.00000","83.0","87.0"],["2","84.50000","1.50000","83.0","86.0"],["2","86.00000","0.00000","86.0","86.0"],["2","85.50000","3.50000","82.0","89.0"],["2","83.50000","1.50000","82.0","85.0"],["2","84.00000","0.00000","84.0","84.0"],["2","81.50000","1.50000","80.0","83.0"],["2","83.50000","1.50000","82.0","85.0"],["1","81.00000","0.00000","81.0","81.0"],["2","83.50000","1.50000","82.0","85.0"],["2","84.50000","0.50000","84.0","85.0"],["2","87.50000","0.50000","87.0","88.0"],["2","86.50000","1.50000","85.0","88.0"]],