{"_t":[1368075600,1368162000,86400,144],"_i":["marly\/003\/humidity","marly\/003\/temperature"],"_@":{"humi":[50,90],"temp":[10,30]},"marly\/003\/humidity":{"65":["14","71.81429","5.91655","64.5","83.1"],"66":["9","56.38889","1.76222","54.1","59.2"]},"marly\/003\/temperature":{"65":["14","18.02143","2.28479","14.4","20.8"],"66":["9","22.06667","0.65149","21.1","23.0"]}}