{"_t":[1373000400,1373086800,86400,144],"_i":["fantasy\/003\/humidity","fantasy\/003\/temp_dry","fantasy\/003\/temp_wet"],"_@":{"humi":[40,100],"temp":[0,30]},"fantasy\/003\/humidity":[["15","94.46667","3.42280","90.0","98.0"],["18","94.22222","3.52066","90.0","100.0"],["17","94.35294","3.06673","91.0","98.0"],["16","93.87500","3.65505","90.0","98.0"],["17","94.41176","3.12596","91.0","98.0"],["16","94.68750","3.21556","91.0","98.0"],["19","94.47368","3.23417","90.0","98.0"],["15","94.53333","3.72141","90.0","98.0"],["18","94.16667","3.20156","90.0","98.0"],["15","94.33333","3.15524","90.0","98.0"],["18","94.72222","4.05251","90.0","100.0"],["17","94.29412","3.37403","90.0","98.0"],["16","94.25000","3.28824","90.0","98.0"],["17","94.82353","3.71381","90.0","100.0"],["16","94.93750","3.63092","91.0","100.0"],["19","94.63158","3.35936","91.0","98.0"],["15","94.73333","3.37573","91.0","98.0"],["18","94.38889","3.59226","89.0","100.0"],["15","94.33333","3.00370","91.0","98.0"],["18","94.50000","4.17998","89.0","100.0"],["17","94.11765","3.47905","90.0","98.0"],["16","94.18750","3.67795","90.0","100.0"],["17","94.11765","3.69232","89.0","98.0"],["16","94.18750","3.53940","90.0","98.0"],["19","94.84211","2.92473","90.0","98.0"],["15","94.80000","4.01995","90.0","100.0"],["18","94.33333","3.72678","90.0","99.0"],["15","94.86667","3.82739","90.0","100.0"],["18","94.66667","4.08248","90.0","100.0"],["17","94.76471","3.94863","90.0","100.0"],["16","94.56250","3.98385","90.0","100.0"],["17","94.35294","3.96961","90.0","100.0"],["16","94.50000","4.27200","90.0","99.0"],["19","94.57895","3.54395","90.0","98.0"],["15","94.46667","3.59382","90.0","100.0"],["18","94.88889","3.87139","90.0","100.0"],["15","94.60000","3.94631","90.0","100.0"],["18","93.50000","4.32371","88.0","98.0"],["17","91.29412","6.22863","83.0","98.0"],["16","90.75000","7.47078","81.0","100.0"],["17","88.05882","10.24678","76.0","98.0"],["16","85.81250","11.96985","73.0","99.0"],["19","83.26316","12.15619","70.0","97.0"],["15","78.93333","10.68623","66.0","91.0"],["18","74.38889","10.67260","62.0","87.0"],["15","73.40000","11.49377","61.0","85.0"],["18","69.55556","10.71459","58.0","83.0"],["17","65.41176","5.88176","59.0","75.0"],["16","61.75000","4.39460","55.0","67.0"],["17","62.70588","4.67490","56.0","69.0"],["16","63.75000","2.58602","60.0","69.0"],["19","62.15789","2.30019","58.0","67.0"],["15","67.73333","0.92856","66.0","69.0"],["18","68.44444","1.06574","66.0","70.0"],["12","67.41667","1.44097","65.0","70.0"],["18","63.83333","0.68718","62.0","65.0"],["17","61.41176","0.91129","60.0","63.0"],["16","62.43750","0.99804","61.0","64.0"],["17","63.05882","1.79773","61.0","66.0"],["16","63.56250","2.12040","61.0","67.0"],["19","64.10526","3.59671","60.0","69.0"],["15","63.13333","3.40327","59.0","68.0"],["18","62.27778","3.03325","59.0","68.0"],["15","60.86667","3.07390","57.0","65.0"],["18","60.55556","3.71517","56.0","66.0"],["17","59.35294","2.35000","57.0","63.0"],["16","60.18750","2.65091","57.0","64.0"],["17","59.70588","2.73893","56.0","64.0"],["16","63.93750","2.79439","59.0","69.0"],["19","64.63158","3.49753","59.0","71.0"],["15","62.40000","4.58694","57.0","70.0"],["18","59.11111","4.47076","53.0","67.0"],["15","55.86667","3.34398","52.0","61.0"],["20","58.60000","3.97995","54.0","65.0"],["15","56.06667","4.90533","50.0","63.0"],["18","52.44444","4.17961","47.0","60.0"],["15","53.06667","4.23425","47.0","60.0"],["20","50.35000","4.32753","45.0","57.0"],["2","48.00000","4.00000","44.0","52.0"]],"fantasy\/003\/temp_dry":[["15","8.21333","1.09901","7.1","9.5"],["18","8.23333","1.04190","7.0","9.4"],["17","7.94118","1.14227","6.7","9.2"],["16","7.86875","1.14930","6.6","9.2"],["17","8.21176","0.88043","7.1","9.2"],["16","8.11875","0.89946","7.0","9.1"],["19","7.74211","1.04091","6.6","9.0"],["15","7.70000","1.00399","6.6","8.8"],["18","7.84444","0.88332","6.8","8.8"],["15","7.82667","0.76461","7.1","8.7"],["18","7.99444","0.82021","7.1","8.9"],["17","7.82353","0.82856","7.0","8.8"],["16","7.75625","0.92126","6.7","8.8"],["17","7.44118","1.01347","6.3","8.6"],["16","7.33125","1.13287","6.1","8.5"],["19","7.11579","1.10657","6.0","8.5"],["15","6.88667","1.07074","5.8","8.2"],["18","6.68333","1.14467","5.4","7.9"],["15","6.44667","1.13365","5.3","7.7"],["18","6.27778","1.26691","4.7","7.7"],["17","6.01176","1.24612","4.6","7.5"],["16","6.15625","1.27130","4.8","7.5"],["17","6.12353","0.91557","5.0","7.2"],["16","6.29375","0.89685","5.4","7.3"],["19","5.94211","0.93658","5.0","7.2"],["15","5.64000","1.11583","4.4","6.9"],["18","5.52222","1.14093","4.3","6.9"],["15","5.24000","1.10139","4.1","6.5"],["18","5.20000","1.18087","3.9","6.5"],["17","4.98824","1.33764","3.5","6.6"],["16","4.93750","1.38919","3.5","6.4"],["17","4.94706","1.17429","3.6","6.3"],["16","4.78125","1.28609","3.5","6.3"],["19","4.68421","1.10609","3.5","6.0"],["15","4.93333","0.86384","3.9","5.9"],["18","4.81111","1.08366","3.6","6.0"],["15","4.70667","1.17045","3.6","6.0"],["18","5.16667","1.22338","3.8","6.6"],["17","5.95882","1.27467","4.4","7.7"],["16","6.70625","1.33953","5.2","8.5"],["17","8.03529","1.82465","5.9","10.3"],["16","9.25625","2.22232","6.9","11.9"],["19","10.55789","2.29606","7.8","13.8"],["15","12.51333","2.56095","9.6","16.0"],["18","13.93889","3.12892","10.6","17.6"],["15","14.54000","3.43236","11.1","18.6"],["18","15.58333","3.62035","11.6","19.4"],["17","16.17647","2.67197","13.0","19.4"],["16","17.44375","2.82842","14.4","21.2"],["17","17.22353","2.86182","14.2","21.1"],["16","17.01250","2.24412","14.4","20.1"],["19","17.69474","2.22793","15.0","21.0"],["15","16.05333","2.10582","13.8","19.1"],["18","15.45000","1.19548","14.1","17.1"],["12","16.04167","1.62709","14.4","18.3"],["18","17.02778","1.83630","15.1","19.3"],["17","17.37647","1.78376","15.4","19.4"],["16","17.22500","1.65737","15.5","19.2"],["17","16.50000","1.39157","15.0","18.4"],["16","16.28750","1.20202","14.9","17.7"],["19","16.01053","1.09491","14.8","17.4"],["15","16.53333","1.19592","15.2","18.1"],["18","16.69444","1.18859","15.2","18.2"],["15","16.98667","0.96046","15.8","18.4"],["18","17.45556","1.05632","16.3","19.2"],["17","17.72353","1.36318","16.3","19.4"],["16","17.98750","1.30186","16.6","19.7"],["17","18.17647","1.54369","16.3","20.1"],["16","17.12500","1.59980","15.2","19.4"],["19","16.62632","0.85523","15.5","18.0"],["15","17.42667","1.01092","16.1","18.9"],["18","19.37778","1.70573","16.9","22.7"],["15","20.54000","2.27092","17.6","23.6"],["20","18.68500","1.52292","17.1","21.6"],["15","19.58000","1.55915","17.6","21.9"],["18","21.80556","2.08473","19.1","24.5"],["15","21.98000","2.32557","19.6","24.8"],["20","23.16000","2.40300","19.7","26.5"],["2","24.00000","2.50000","21.5","26.5"]],