{"_t":[1379307600,1379394000,86400,144],"_i":["timana0\/001\/humidity","timana0\/001\/temp_dry","timana0\/001\/temp_wet"],"_@":{"humi":[40,100],"temp":[0,30]},"timana0\/001\/humidity":{"7":["1","76.00000","0.00000","76.0","76.0"],"8":["2","76.00000","0.00000","76.0","76.0"],"9":["2","77.00000","1.00000","76.0","78.0"],"10":["2","78.50000","0.50000","78.0","79.0"],"11":["2","79.00000","1.00000","78.0","80.0"],"12":["2","79.50000","0.50000","79.0","80.0"],"13":["2","79.00000","0.00000","79.0","79.0"],"14":["2","80.00000","0.00000","80.0","80.0"],"15":["2","82.50000","1.50000","81.0","84.0"],"16":["2","85.50000","1.50000","84.0","87.0"],"17":["2","88.50000","1.50000","87.0","90.0"],"18":["2","90.00000","1.00000","89.0","91.0"],"19":["2","91.50000","0.50000","91.0","92.0"],"20":["2","92.00000","0.00000","92.0","92.0"],"21":["2","91.00000","0.00000","91.0","91.0"],"22":["2","91.00000","0.00000","91.0","91.0"],"23":["2","91.50000","0.50000","91.0","92.0"],"24":["2","91.50000","0.50000","91.0","92.0"],"25":["2","90.50000","0.50000","90.0","91.0"],"26":["2","90.50000","0.50000","90.0","91.0"],"27":["2","89.50000","0.50000","89.0","90.0"],"28":["2","91.00000","0.00000","91.0","91.0"],"29":["2","91.50000","0.50000","91.0","92.0"],"30":["2","92.50000","0.50000","92.0","93.0"],"31":["2","92.50000","0.50000","92.0","93.0"],"32":["2","92.50000","0.50000","92.0","93.0"],"33":["2","90.50000","0.50000","90.0","91.0"],"34":["2","90.50000","0.50000","90.0","91.0"],"35":["2","88.50000","1.50000","87.0","90.0"],"36":["2","89.00000","0.00000","89.0","89.0"],"37":["2","89.00000","0.00000","89.0","89.0"],"38":["2","88.00000","0.00000","88.0","88.0"],"39":["2","85.00000","2.00000","83.0","87.0"],"40":["2","81.00000","1.00000","80.0","82.0"],"41":["2","75.50000","1.50000","74.0","77.0"],"42":["2","69.50000","1.50000","68.0","71.0"],"43":["2","65.00000","1.00000","64.0","66.0"],"44":["2","62.00000","2.00000","60.0","64.0"],"45":["2","60.00000","0.00000","60.0","60.0"],"46":["2","58.50000","0.50000","58.0","59.0"],"47":["1","57.00000","0.00000","57.0","57.0"],"48":["2","55.00000","2.00000","53.0","57.0"],"49":["2","52.50000","0.50000","52.0","53.0"],"50":["2","54.50000","0.50000","54.0","55.0"],"51":["2","53.50000","0.50000","53.0","54.0"],"52":["2","49.00000","1.00000","48.0","50.0"],"53":["2","47.00000","0.00000","47.0","47.0"],"54":["2","46.00000","0.00000","46.0","46.0"],"55":["2","45.00000","0.00000","45.0","45.0"],"56":["2","44.50000","0.50000","44.0","45.0"],"57":["2","45.00000","0.00000","45.0","45.0"],"58":["2","44.50000","0.50000","44.0","45.0"]},"timana0\/001\/temp_dry":{"7":["1","10.60000","0.00000","10.6","10.6"],"8":["2","10.35000","0.05000","10.3","10.4"],"9":["2","10.20000","0.00000","10.2","10.2"],"10":["2","10.15000","0.05000","10.1","10.2"],"11":["2","10.35000","0.05000","10.3","10.4"],"12":["2","10.35000","0.05000","10.3","10.4"],"13":["2","10.40000","0.00000","10.4","10.4"],"14":["2","10.30000","0.00000","10.3","10.3"],"15":["2","10.05000","0.15000","9.9","10.2"],"16":["2","9.45000","0.15000","9.3","9.6"],"17":["2","8.90000","0.10000","8.8","9.0"],"18":["2","8.35000","0.15000","8.2","8.5"],"19":["2","8.05000","0.05000","8.0","8.1"],"20":["2","8.10000","0.00000","8.1","8.1"],"21":["2","8.25000","0.05000","8.2","8.3"],"22":["2","8.30000","0.00000","8.3","8.3"],"23":["2","8.30000","0.00000","8.3","8.3"],"24":["2","8.50000","0.10000","8.4","8.6"],"25":["2","8.60000","0.00000","8.6","8.6"],"26":["2","8.55000","0.05000","8.5","8.6"],"27":["2","8.60000","0.10000","8.5","8.7"],"28":["2","8.25000","0.05000","8.2","8.3"],"29":["2","8.15000","0.05000","8.1","8.2"],"30":["2","7.90000","0.00000","7.9","7.9"],"31":["2","8.05000","0.05000","8.0","8.1"],"32":["2","8.30000","0.10000","8.2","8.4"],"33":["2","8.70000","0.10000","8.6","8.8"],"34":["2","8.95000","0.05000","8.9","9.0"],"35":["2","9.20000","0.10000","9.1","9.3"],"36":["2","9.45000","0.05000","9.4","9.5"],"37":["2","9.65000","0.05000","9.6","9.7"],"38":["2","9.85000","0.05000","9.8","9.9"],"39":["2","10.15000","0.15000","10.0","10.3"],"40":["2","11.00000","0.30000","10.7","11.3"],"41":["2","12.30000","0.30000","12.0","12.6"],"42":["2","13.40000","0.20000","13.2","13.6"],"43":["2","14.25000","0.25000","14.0","14.5"],"44":["2","15.50000","0.30000","15.2","15.8"],"45":["2","16.15000","0.15000","16.0","16.3"],"46":["2","16.50000","0.10000","16.4","16.6"],"47":["1","16.90000","0.00000","16.9","16.9"],"48":["2","17.55000","0.05000","17.5","17.6"],"49":["2","17.30000","0.10000","17.2","17.4"],"50":["2","17.20000","0.10000","17.1","17.3"],"51":["2","17.60000","0.40000","17.2","18.0"],"52":["2","18.85000","0.45000","18.4","19.3"],"53":["2","19.70000","0.10000","19.6","19.8"],"54":["2","20.25000","0.05000","20.2","20.3"],"55":["2","20.25000","0.15000","20.1","20.4"],"56":["2","20.40000","0.10000","20.3","20.5"],"57":["2","20.00000","0.10000","19.9","20.1"],"58":["2","20.40000","0.10000","20.3","20.5"]},"timana0\/001\/temp_wet":{"7":["1","8.50000","0.00000","8.5","8.5"],"8":["2","8.35000","0.05000","8.3","8.4"],"9":["2","8.25000","0.05000","8.2","8.3"],"10":["2","8.30000","0.00000","8.3","8.3"],"11":["2","8.55000","0.05000","8.5","8.6"],"12":["2","8.60000","0.00000","8.6","8.6"],"13":["2","8.60000","0.00000","8.6","8.6"],"14":["2","8.60000","0.00000","8.6","8.6"],"15":["2","8.60000","0.00000","8.6","8.6"],"16":["2","8.30000","0.00000","8.3","8.3"],"17":["2","8.00000","0.00000","8.0","8.0"],"18":["2","7.60000","0.10000","7.5","7.7"],"19":["2","7.40000","0.00000","7.4","7.4"],"20":["2","7.50000","0.00000","7.5","7.5"],"21":["2","7.55000","0.05000","7.5","7.6"],"22":["2","7.60000","0.00000","7.6","7.6"],"23":["2","7.65000","0.05000","7.6","7.7"],"24":["2","7.85000","0.05000","7.8","7.9"],"25":["2","7.85000","0.05000","7.8","7.9"],"26":["2","7.80000","0.00000","7.8","7.8"],"27":["2","7.80000","0.10000","7.7","7.9"],"28":["2","7.55000","0.05000","7.5","7.6"],"29":["2","7.50000","0.00000","7.5","7.5"],"30":["2","7.35000","0.05000","7.3","7.4"],"31":["2","7.50000","0.00000","7.5","7.5"],"32":["2","7.75000","0.05000","7.7","7.8"],"33":["2","7.95000","0.05000","7.9","8.0"],"34":["2","8.20000","0.00000","8.2","8.2"],"35":["2","8.30000","0.00000","8.3","8.3"],"36":["2","8.55000","0.05000","8.5","8.6"],"37":["2","8.75000","0.05000","8.7","8.8"],"38":["2","8.85000","0.05000","8.8","8.9"],"39":["2","8.90000","0.00000","8.9","8.9"],"40":["2","9.40000","0.20000","9.2","9.6"],"41":["2","10.05000","0.15000","9.9","10.2"],"42":["2","10.45000","0.05000","10.4","10.5"],"43":["2","10.80000","0.10000","10.7","10.9"],"44":["2","11.55000","0.05000","11.5","11.6"],"45":["2","11.85000","0.15000","11.7","12.0"],"46":["2","12.00000","0.00000","12.0","12.0"],"47":["1","12.20000","0.00000","12.2","12.2"],"48":["2","12.45000","0.25000","12.2","12.7"],"49":["2","11.95000","0.15000","11.8","12.1"],"50":["2","12.10000","0.10000","12.0","12.2"],"51":["2","12.30000","0.30000","12.0","12.6"],"52":["2","12.75000","0.25000","12.5","13.0"],"53":["2","13.15000","0.05000","13.1","13.2"],"54":["2","13.45000","0.05000","13.4","13.5"],"55":["2","13.35000","0.15000","13.2","13.5"],"56":["2","13.35000","0.15000","13.2","13.5"],"57":["2","13.10000","0.10000","13.0","13.2"],"58":["2","13.45000","0.15000","13.3","13.6"]}}