{"_t":[1370581200,1370667600,86400,144],"_i":["sanpedro\/005\/humidity","sanpedro\/005\/temperature"],"_@":{"humi":[40,100],"temp":[0,30]},"sanpedro\/005\/humidity":{"2":["7","90.00000","3.58090","86.0","94.2"],"5":["5","92.06000","3.21720","85.9","94.2"],"6":["5","92.06000","3.21720","85.9","94.2"],"7":["24","87.84583","3.25627","85.9","94.2"],"12":["6","92.06667","2.88194","86.1","94.3"],"13":["8","89.26250","3.25382","86.1","94.3"],"14":["5","90.58000","3.68206","86.2","94.3"],"17":["8","91.37500","3.16336","86.2","94.3"],"18":["6","90.80000","3.39706","86.2","94.3"],"19":["3","90.80000","3.39706","86.2","94.3"],"22":["3","90.80000","3.39706","86.2","94.3"],"23":["8","91.67500","3.30936","86.2","94.3"],"24":["3","90.80000","3.39706","86.2","94.3"],"27":["4","91.65000","3.35075","86.1","94.3"],"28":["8","91.65000","3.35075","86.1","94.3"],"30":["5","92.18000","3.17893","86.1","94.3"],"31":["7","91.27143","3.41832","86.1","94.3"],"35":["4","91.60000","3.31134","86.1","94.2"],"36":["7","90.41429","3.81367","86.1","94.3"],"38":["5","91.72000","2.96135","86.2","94.3"],"39":["16","91.23750","3.49390","86.2","94.4"],"41":["7","90.67143","3.78860","86.4","94.5"],"46":["13","90.54615","3.33042","86.5","94.6"],"47":["12","90.87500","3.76256","86.5","94.7"],"52":["56","74.96071","4.66417","70.5","82.9"],"53":["48","79.84167","2.83680","73.8","85.6"],"54":["53","83.34151","2.55568","79.9","90.6"],"55":["59","84.02373","2.74377","80.1","90.5"],"56":["46","76.24565","2.68180","72.2","83.2"],"57":["95","72.36316","3.02617","67.2","78.4"],"58":["97","68.98454","2.70045","60.7","73.1"],"59":["93","62.35161","2.40307","57.3","70.0"],"60":["86","61.12209","2.68992","55.7","68.5"],"61":["93","62.38602","3.31181","57.3","68.0"],"62":["88","63.24318","2.87196","58.9","69.6"],"63":["94","72.73830","2.44928","65.4","78.6"],"64":["108","72.88889","4.03070","66.5","79.8"],"65":["96","65.93542","4.51908","60.0","76.2"],"66":["52","66.70192","3.19582","63.1","73.1"],"67":["88","59.23977","5.01832","50.7","70.6"],"68":["89","46.64382","4.08931","41.7","58.6"],"69":["45","49.09111","3.31420","43.5","55.5"]},"sanpedro\/005\/temperature":{"2":["7","8.72857","0.69016","7.9","9.4"],"5":["5","8.78000","0.55642","7.7","9.3"],"6":["5","8.86000","0.43635","8.0","9.2"],"7":["24","8.53750","0.42993","8.1","9.4"],"12":["6","9.93333","0.28087","9.4","10.2"],"13":["8","9.78750","0.30593","9.4","10.3"],"14":["5","10.10000","0.40497","9.6","10.6"],"17":["8","10.35000","0.36401","9.8","10.8"],"18":["6","10.33333","0.36818","9.9","10.8"],"19":["3","10.33333","0.36818","9.9","10.8"],"22":["3","10.30000","0.37417","9.9","10.8"],"23":["8","10.47500","0.40234","9.9","10.9"],"24":["3","10.36667","0.32998","10.0","10.8"],"27":["4","10.05000","0.39051","9.4","10.4"],"28":["8","9.87500","0.49434","9.0","10.3"],"30":["5","9.76000","0.44091","8.9","10.1"],"31":["7","9.62857","0.50346","8.8","10.1"],"35":["4","9.57500","0.51660","8.7","10.0"],"36":["7","9.77143","0.50629","9.1","10.3"],"38":["5","10.50000","0.30332","10.1","10.9"],"39":["16","10.91875","0.37950","10.4","11.6"],"41":["7","11.72857","0.58728","11.1","12.5"],"46":["13","12.53077","0.32436","12.1","13.1"],"47":["12","12.96667","0.32232","12.5","13.5"],"52":["56","16.84286","0.84364","16.3","18.7"],"53":["48","15.18542","0.83441","14.7","18.2"],"54":["53","14.73208","0.84514","14.3","17.3"],"55":["59","14.67797","0.64389","14.2","16.2"],"56":["46","17.25217","1.68958","15.8","20.8"],"57":["95","17.81579","1.93360","15.8","23.1"],"58":["97","18.64330","2.25201","16.5","23.5"],"59":["93","20.36774","2.83796","17.8","26.2"],"60":["86","20.69535","2.44640","18.1","26.4"],"61":["93","19.98817","2.64522","17.5","25.7"],"62":["88","19.86932","2.29834","17.3","25.6"],"63":["94","17.26702","1.32307","15.9","20.9"],"64":["108","17.31481","0.87621","16.2","19.3"],"65":["96","19.04479","0.81890","17.8","20.9"],"66":["52","18.50192","1.03133","17.6","20.5"],"67":["88","20.99091","1.28484","19.2","24.5"],"68":["89","24.89775","1.47076","23.4","28.6"],"69":["45","24.38222","1.83403","22.5","28.3"]}}