{"_t":[1382590800,1383195600,604800,168],"_i":["timana0\/001\/humidity","timana0\/001\/temp_dry","timana0\/001\/temp_wet"],"_@":{"humi":[50,70],"temp":[10,30]},"timana0\/001\/humidity":{"9":["4","56.25000","4.26468","52.0","61.0"],"10":["8","61.00000","1.73205","58.0","63.0"]},"timana0\/001\/temp_dry":{"9":["4","19.80000","0.85147","18.9","20.7"],"10":["8","19.47500","0.41758","18.8","20.1"]},"timana0\/001\/temp_wet":{"9":["4","14.52500","0.12990","14.4","14.7"],"10":["8","14.90000","0.25981","14.6","15.4"]}}