{"_t":[1366030800,1366034400,3600,144],"_i":["sanpedro\/002\/humidity","sanpedro\/002\/temperature","sanpedro\/003\/humidity","sanpedro\/003\/temperature","sanpedro\/004\/humidity","sanpedro\/004\/temp_dry","sanpedro\/004\/temp_wet","sanpedro\/005\/humidity","sanpedro\/005\/temperature"],"_@":{"humi":[80,100],"temp":[10,20]},"sanpedro\/004\/humidity":{"12":["1","89.00000","0.00000","89.0","89.0"],"15":["1","88.00000","0.00000","88.0","88.0"],"16":["2","88.50000","0.50000","88.0","89.0"],"22":["1","88.00000","0.00000","88.0","88.0"],"23":["2","87.50000","0.50000","87.0","88.0"],"24":["1","87.00000","0.00000","87.0","87.0"],"26":["2","87.50000","0.50000","87.0","88.0"],"27":["2","87.50000","0.50000","87.0","88.0"],"28":["2","86.50000","0.50000","86.0","87.0"],"29":["1","87.00000","0.00000","87.0","87.0"],"30":["3","85.66667","0.47140","85.0","86.0"],"32":["2","85.50000","0.50000","85.0","86.0"],"34":["2","85.50000","0.50000","85.0","86.0"],"35":["1","85.00000","0.00000","85.0","85.0"]},"sanpedro\/004\/temp_dry":{"12":["1","14.80000","0.00000","14.8","14.8"],"15":["1","14.90000","0.00000","14.9","14.9"],"16":["2","14.95000","0.05000","14.9","15.0"],"22":["1","15.10000","0.00000","15.1","15.1"],"23":["2","15.20000","0.00000","15.2","15.2"],"24":["1","15.30000","0.00000","15.3","15.3"],"26":["2","15.35000","0.05000","15.3","15.4"],"27":["2","15.45000","0.05000","15.4","15.5"],"28":["2","15.65000","0.05000","15.6","15.7"],"29":["1","15.70000","0.00000","15.7","15.7"],"30":["3","15.86667","0.04714","15.8","15.9"],"32":["2","15.85000","0.05000","15.8","15.9"],"34":["2","16.00000","0.00000","16.0","16.0"],"35":["1","16.10000","0.00000","16.1","16.1"]},"sanpedro\/004\/temp_wet":{"12":["1","13.60000","0.00000","13.6","13.6"],"15":["1","13.60000","0.00000","13.6","13.6"],"16":["2","13.70000","0.00000","13.7","13.7"],"22":["1","13.80000","0.00000","13.8","13.8"],"23":["2","13.85000","0.05000","13.8","13.9"],"24":["1","13.90000","0.00000","13.9","13.9"],"26":["2","14.00000","0.00000","14.0","14.0"],"27":["2","14.10000","0.00000","14.1","14.1"],"28":["2","14.20000","0.00000","14.2","14.2"],"29":["1","14.30000","0.00000","14.3","14.3"],"30":["3","14.30000","0.00000","14.3","14.3"],"32":["2","14.30000","0.00000","14.3","14.3"],"34":["2","14.35000","0.05000","14.3","14.4"],"35":["1","14.40000","0.00000","14.4","14.4"]},"sanpedro\/002\/humidity":{"13":["2","89.70000","2.90000","86.8","92.6"],"15":["1","94.90000","0.00000","94.9","94.9"],"16":["1","86.80000","0.00000","86.8","86.8"],"17":["1","86.80000","0.00000","86.8","86.8"],"18":["2","93.75000","1.15000","92.6","94.9"],"19":["1","92.60000","0.00000","92.6","92.6"],"20":["2","89.70000","2.90000","86.8","92.6"],"22":["2","90.85000","4.05000","86.8","94.9"],"23":["1","92.60000","0.00000","92.6","92.6"],"24":["2","93.80000","1.10000","92.7","94.9"],"25":["1","86.80000","0.00000","86.8","86.8"],"26":["2","93.80000","1.10000","92.7","94.9"],"27":["3","86.63333","0.12472","86.5","86.8"],"28":["4","88.82500","3.56677","86.6","95.0"],"29":["2","89.80000","2.90000","86.9","92.7"],"30":["2","90.80000","4.20000","86.6","95.0"],"31":["4","85.37500","0.26810","85.1","85.8"],"32":["4","87.25000","3.16267","85.0","92.7"],"33":["4","86.52500","0.14790","86.3","86.7"],"34":["5","86.08000","0.27857","85.8","86.5"],"35":["4","88.00000","4.04166","85.6","95.0"]},"sanpedro\/002\/temperature":{"13":["2","15.30000","0.20000","15.1","15.5"],"15":["1","15.50000","0.00000","15.5","15.5"],"16":["1","15.20000","0.00000","15.2","15.2"],"17":["1","15.30000","0.00000","15.3","15.3"],"18":["2","15.65000","0.05000","15.6","15.7"],"19":["1","15.80000","0.00000","15.8","15.8"],"20":["2","15.65000","0.25000","15.4","15.9"],"22":["2","15.65000","0.15000","15.5","15.8"],"23":["1","16.10000","0.00000","16.1","16.1"],"24":["2","16.05000","0.15000","15.9","16.2"],"25":["1","15.60000","0.00000","15.6","15.6"],"26":["2","16.15000","0.15000","16.0","16.3"],"27":["3","15.70000","0.00000","15.7","15.7"],"28":["4","15.80000","0.17321","15.7","16.1"],"29":["2","16.15000","0.35000","15.8","16.5"],"30":["2","16.00000","0.20000","15.8","16.2"],"31":["4","15.85000","0.05000","15.8","15.9"],"32":["4","16.12500","0.33448","15.9","16.7"],"33":["4","16.00000","0.00000","16.0","16.0"],"34":["5","16.12000","0.04000","16.1","16.2"],"35":["4","16.30000","0.12247","16.2","16.5"]}}