{"_t":[1367730000,1367816400,86400,144],"_i":["sanpedro\/006\/VoltR"],"_@":{"Volt":[0,150]},"sanpedro\/006\/VoltR":[["2","0.00000","0.00000","0.0","0.0"],["2","0.00000","0.00000","0.0","0.0"],["2","0.00000","0.00000","0.0","0.0"],["2","0.00000","0.00000","0.0","0.0"],["2","0.00000","0.00000","0.0","0.0"],["2","0.00000","0.00000","0.0","0.0"],["2","0.00000","0.00000","0.0","0.0"],["2","0.00000","0.00000","0.0","0.0"],["2","0.00000","0.00000","0.0","0.0"],["2","0.00000","0.00000","0.0","0.0"],["2","0.00000","0.00000","0.0","0.0"],["2","0.00000","0.00000","0.0","0.0"],["2","0.00000","0.00000","0.0","0.0"],["2","0.00000","0.00000","0.0","0.0"],["2","0.00000","0.00000","0.0","0.0"],["2","0.00000","0.00000","0.0","0.0"],["2","0.00000","0.00000","0.0","0.0"],["2","0.00000","0.00000","0.0","0.0"],["2","0.00000","0.00000","0.0","0.0"],["2","0.00000","0.00000","0.0","0.0"],["2","0.00000","0.00000","0.0","0.0"],["2","0.00000","0.00000","0.0","0.0"],["2","0.00000","0.00000","0.0","0.0"],["2","0.00000","0.00000","0.0","0.0"],["2","0.00000","0.00000","0.0","0.0"],["2","0.00000","0.00000","0.0","0.0"],["2","0.00000","0.00000","0.0","0.0"],["2","0.00000","0.00000","0.0","0.0"],["2","0.00000","0.00000","0.0","0.0"],["2","0.00000","0.00000","0.0","0.0"],["2","0.00000","0.00000","0.0","0.0"],["2","0.00000","0.00000","0.0","0.0"],["2","0.00000","0.00000","0.0","0.0"],["2","0.00000","0.00000","0.0","0.0"],["2","0.00000","0.00000","0.0","0.0"],["2","0.00000","0.00000","0.0","0.0"],["2","0.00000","0.00000","0.0","0.0"],["1","0.00000","0.00000","0.0","0.0"],["2","0.00000","0.00000","0.0","0.0"],["2","0.00000","0.00000","0.0","0.0"],["2","0.00000","0.00000","0.0","0.0"],["2","0.00000","0.00000","0.0","0.0"],["2","0.00000","0.00000","0.0","0.0"],["2","0.00000","0.00000","0.0","0.0"],["2","0.00000","0.00000","0.0","0.0"],["2","0.00000","0.00000","0.0","0.0"],["2","0.00000","0.00000","0.0","0.0"],["6","93.00000","65.76220","0.0","140.0"],["2","0.00000","0.00000","0.0","0.0"],["2","0.00000","0.00000","0.0","0.0"],["6","70.83333","70.83412","0.0","142.0"],["7","100.85714","63.79079","0.0","142.0"],["2","0.00000","0.00000","0.0","0.0"],["2","0.00000","0.00000","0.0","0.0"],["2","0.00000","0.00000","0.0","0.0"],["2","0.00000","0.00000","0.0","0.0"],["2","0.00000","0.00000","0.0","0.0"],["2","0.00000","0.00000","0.0","0.0"],["2","0.00000","0.00000","0.0","0.0"],["2","0.00000","0.00000","0.0","0.0"],["2","0.00000","0.00000","0.0","0.0"],["2","0.00000","0.00000","0.0","0.0"],["2","0.00000","0.00000","0.0","0.0"],["2","0.00000","0.00000","0.0","0.0"],["2","0.00000","0.00000","0.0","0.0"],["2","0.00000","0.00000","0.0","0.0"],["2","0.00000","0.00000","0.0","0.0"],["2","0.00000","0.00000","0.0","0.0"],["2","0.00000","0.00000","0.0","0.0"],["2","0.00000","0.00000","0.0","0.0"],["2","0.00000","0.00000","0.0","0.0"],["3","47.00000","66.46804","0.0","141.0"],["5","84.20000","68.74998","0.0","141.0"],["2","0.00000","0.00000","0.0","0.0"],["2","0.00000","0.00000","0.0","0.0"],["2","0.00000","0.00000","0.0","0.0"],["2","0.00000","0.00000","0.0","0.0"],["2","0.00000","0.00000","0.0","0.0"],["2","0.00000","0.00000","0.0","0.0"],["2","0.00000","0.00000","0.0","0.0"],["2","0.00000","0.00000","0.0","0.0"],["2","0.00000","0.00000","0.0","0.0"],["2","0.00000","0.00000","0.0","0.0"],["2","0.00000","0.00000","0.0","0.0"],["2","0.00000","0.00000","0.0","0.0"],["2","0.00000","0.00000","0.0","0.0"],["2","0.00000","0.00000","0.0","0.0"],["2","0.00000","0.00000","0.0","0.0"],["5","83.80000","68.42339","0.0","140.0"],["2","0.00000","0.00000","0.0","0.0"],["2","0.00000","0.00000","0.0","0.0"],["4","69.50000","69.50000","0.0","139.0"],["2","0.00000","0.00000","0.0","0.0"],["2","0.00000","0.00000","0.0","0.0"],["2","0.00000","0.00000","0.0","0.0"],["4","34.50000","59.75575","0.0","138.0"],["2","0.00000","0.00000","0.0","0.0"],["2","0.00000","0.00000","0.0","0.0"],["1","0.00000","0.00000","0.0","0.0"]]}