{"_t":[1366520400,1369112400,2592000,240],"_i":["sanpedro\/002\/humidity","sanpedro\/002\/temperature"],"_@":{"humi":[30,100],"temp":[0,40]},"sanpedro\/002\/humidity":{"12":["142","71.14155","4.44304","61.8","78.4"],"13":["236","72.92627","11.77858","51.8","95.0"],"14":["83","90.38795","3.25822","86.2","94.8"],"15":["44","90.83182","3.14381","86.2","94.4"],"16":["34","91.24412","3.18795","86.2","94.4"],"17":["58","90.70345","3.32555","86.1","94.4"],"18":["107","87.64486","5.04496","78.8","94.9"],"19":["134","73.93209","7.25574","59.1","85.4"],"21":["197","62.79492","7.25901","48.6","78.0"],"22":["66","85.25758","4.77519","79.3","94.6"],"23":["62","91.06774","3.26653","86.3","94.5"],"24":["48","91.48125","3.13061","86.1","94.5"],"25":["13","89.32308","3.57581","86.0","94.2"],"43":["111","54.88649","5.58687","45.3","68.0"],"44":["89","54.34270","2.27339","48.3","59.6"],"45":["154","76.19740","13.57875","55.2","95.0"],"46":["37","90.98108","3.60119","86.7","95.0"],"47":["17","91.83529","3.09724","86.3","94.8"],"48":["71","90.60282","3.42698","85.7","94.5"],"49":["77","88.97662","3.59823","85.6","94.1"],"50":["278","82.97446","12.46119","55.7","94.5"],"51":["94","56.79787","7.44333","40.4","69.2"],"52":["46","51.80435","2.24809","46.1","56.9"],"53":["389","77.94987","12.54090","42.7","95.1"],"54":["68","90.89559","3.24220","86.2","94.9"],"55":["57","90.72105","3.40669","86.3","94.6"],"56":["71","90.75775","3.40913","86.2","94.6"],"57":["22","90.46364","3.36027","86.1","94.4"],"58":["188","67.92074","14.30279","51.0","94.8"],"59":["128","61.51797","6.36483","52.2","71.0"],"60":["135","51.99037","2.45021","45.3","58.1"],"61":["375","64.60187","19.53740","41.6","94.7"],"62":["74","91.24459","3.16288","86.3","94.8"],"63":["75","90.65067","3.32976","86.2","94.5"],"64":["31","91.22581","3.24455","86.4","94.5"],"65":["65","90.92769","3.49477","86.3","94.5"],"66":["74","72.21486","14.77651","58.1","94.8"],"67":["97","74.57835","5.80102","66.9","84.6"],"68":["47","69.40638","1.44788","66.8","72.9"],"69":["222","78.22432","12.12026","60.0","94.9"],"70":["40","91.35500","3.31881","86.5","94.7"],"71":["78","90.91282","3.48735","86.4","94.7"],"72":["57","91.46667","3.05955","86.4","94.6"],"73":["5","90.30000","3.30273","86.4","94.5"],"90":["157","75.98790","10.50755","59.3","95.0"],"91":["86","52.88372","12.27152","36.7","66.9"],"92":["402","73.47090","6.33204","59.8","87.8"],"93":["161","75.51429","14.71736","51.8","94.8"],"94":["45","91.67556","3.13455","86.4","94.8"],"95":["71","91.16479","3.22600","86.4","94.6"],"96":["87","91.10575","3.43154","86.4","94.6"],"97":["37","91.45676","3.23975","86.4","94.5"],"98":["93","91.22151","3.26536","86.4","94.8"],"99":["43","49.93488","1.54527","47.0","55.5"],"100":["88","53.44091","3.41609","46.9","60.7"],"101":["453","64.65762","8.40265","46.4","80.4"],"102":["114","90.91316","3.08936","86.4","94.9"],"103":["52","90.85577","3.43183","86.4","94.6"],"104":["68","90.32353","3.35731","86.0","94.5"],"105":["49","90.61633","3.27722","86.1","94.2"],"106":["119","88.22269","5.05282","80.0","94.9"],"107":["145","51.82621","5.15546","41.6","66.1"],"108":["89","55.57640","2.88927","49.6","61.8"],"109":["344","77.51308","11.34417","50.1","94.9"],"110":["67","91.17313","3.35855","86.7","94.9"],"111":["41","91.79268","2.97407","86.4","94.8"],"112":["47","91.28723","3.20184","86.3","94.6"],"113":["82","91.21463","3.39304","86.3","94.5"],"114":["432","82.35023","6.85580","69.5","94.9"],"115":["98","63.81327","11.59964","48.8","80.5"],"116":["199","72.40402","10.07361","54.1","89.4"],"117":["250","86.35760","4.38320","79.5","94.9"],"118":["84","90.95833","3.47745","86.3","94.8"],"119":["72","91.26667","3.09098","86.5","94.5"],"120":["122","91.56148","2.46309","86.4","94.5"],"121":["54","91.15000","3.26382","86.3","94.5"],"122":["183","76.32022","11.55180","58.0","95.0"],"123":["138","62.00870","2.43366","56.5","68.9"],"124":["131","59.44198","3.72731","49.4","66.5"],"125":["282","80.72979","9.05391","60.7","94.8"],"126":["59","90.68983","3.40621","86.1","94.7"],"127":["13","91.31538","3.04147","86.0","94.3"],"128":["88","90.19432","3.59594","85.8","94.2"],"129":["54","89.67037","3.55568","85.8","94.3"],"130":["75","90.94667","3.48028","86.1","94.7"],"131":["124","83.90887","8.70306","70.9","94.9"],"132":["116","75.20000","11.26606","58.9","94.9"],"133":["292","80.24829","10.01437","65.2","95.0"],"134":["92","91.28478","3.28263","86.4","94.8"],"135":["31","91.47419","2.92519","86.3","94.6"],"136":["8","90.46250","3.41977","86.2","94.4"],"137":["40","89.88750","3.41000","86.0","94.3"],"138":["72","66.24722","16.86889","52.2","94.7"],"139":["299","69.72441","5.97954","58.7","87.4"],"140":["134","59.85597","4.61562","50.4","68.9"],"141":["396","67.98914","12.15630","36.6","94.8"],"142":["135","90.64000","3.37804","85.8","94.7"],"143":["59","88.15932","3.40185","85.0","94.7"],"144":["24","90.53333","3.40633","86.2","94.6"],"145":["54","91.14815","3.10780","86.1","94.5"],"146":["192","73.95365","9.92099","62.8","94.9"],"147":["217","74.86037","8.07576","63.9","94.8"],"148":["108","77.59352","6.78749","68.6","89.9"],"149":["389","74.20180","11.78710","53.5","94.8"],"150":["81","90.86296","3.34367","86.4","94.7"],"151":["59","90.90000","3.04241","86.5","94.6"],"152":["54","91.29259","3.17483","86.3","94.5"],"153":["44","90.60682","3.29575","86.1","94.4"],"154":["224","70.55670","10.79946","49.8","94.7"],"155":["144","66.79167","12.15233","47.7","95.1"],"156":["145","64.30069","9.65209","51.1","79.6"],"157":["149","79.68859","14.78680","55.4","94.9"],"158":["50","91.41400","3.14738","86.5","94.8"],"159":["48","91.17292","3.29449","86.5","94.7"],"160":["49","90.91020","3.24158","86.2","94.5"],"161":["42","90.80714","3.28404","86.0","94.4"],"162":["89","74.30674","14.33094","58.2","94.4"],"163":["140","57.30714","13.00019","41.5","78.8"],"164":["278","66.86151","4.49950","58.1","76.8"],"165":["292","76.26747","10.28445","51.8","92.2"],"166":["47","91.44043","2.94500","86.6","94.8"],"167":["118","91.42797","2.85609","86.4","94.7"],"168":["79","91.00506","3.36422","86.1","94.6"],"169":["65","90.58923","3.46646","85.9","94.1"],"170":["264","76.98220","12.24841","52.9","94.3"],"172":["174","58.36782","6.65816","47.9","71.6"],"173":["189","77.68360","6.52991","71.0","94.8"],"174":["92","90.73370","3.37350","86.2","94.8"],"175":["79","90.86835","3.37843","86.1","94.5"],"176":["73","90.68630","3.38523","86.1","94.5"],"177":["80","88.95875","3.55295","85.9","94.3"],"178":["161","80.28323","8.82052","69.4","94.5"],"179":["293","60.43686","10.03008","40.8","79.5"],"180":["182","62.74176","5.65276","52.7","77.9"],"181":["394","77.43528","10.44036","54.1","91.6"],"182":["48","91.30417","3.41870","86.6","95.0"],"183":["40","91.45750","3.36615","86.5","94.8"],"184":["74","90.90811","3.45706","86.3","94.7"],"185":["87","91.07011","3.38184","86.1","94.5"],"186":["180","78.66056","7.56427","68.5","95.1"],"187":["146","65.01575","5.32366","58.0","76.7"],"188":["534","79.43689","4.22342","64.4","90.1"],"189":["265","82.08415","6.13202","71.2","94.9"],"190":["75","91.30800","2.71866","86.5","94.7"],"191":["67","90.86418","3.18938","86.3","94.5"],"192":["68","90.81324","3.28293","86.4","94.5"],"193":["50","89.86000","3.55522","86.1","94.5"],"194":["264","78.88712","7.12753","66.3","94.6"],"195":["526","82.82529","7.43795","68.2","94.0"],"196":["448","82.48125","4.74237","74.6","93.9"],"197":["42","91.25952","3.38414","86.6","95.0"],"198":["5","92.14000","2.97899","86.6","94.8"],"199":["47","91.00426","3.24601","86.5","94.6"],"200":["41","91.04146","3.42373","86.5","94.6"],"201":["28","91.03214","3.35208","86.3","94.5"],"202":["139","76.30432","9.38446","67.2","94.7"],"203":["292","63.90685","8.36816","53.5","89.4"],"204":["107","74.15981","4.05799","68.4","80.9"],"205":["102","88.08529","3.98287","82.7","95.1"],"206":["79","91.17848","3.07611","86.6","94.8"],"207":["43","91.16512","3.21239","86.3","94.7"],"208":["42","90.87619","3.32979","86.3","94.5"],