{"_t":[1376974800,1377061200,86400,144],"_i":["timana0\/004\/VoltR"],"_@":{"Volt":[0,130]},"timana0\/004\/VoltR":[["2","0.00000","0.00000","0.0","0.0"],["3","0.00000","0.00000","0.0","0.0"],["2","0.00000","0.00000","0.0","0.0"],["3","0.00000","0.00000","0.0","0.0"],["3","0.00000","0.00000","0.0","0.0"],["3","0.00000","0.00000","0.0","0.0"],["2","0.00000","0.00000","0.0","0.0"],["3","0.00000","0.00000","0.0","0.0"],["2","0.00000","0.00000","0.0","0.0"],["3","0.00000","0.00000","0.0","0.0"],["2","0.00000","0.00000","0.0","0.0"],["3","0.00000","0.00000","0.0","0.0"],["2","0.00000","0.00000","0.0","0.0"],["2","0.00000","0.00000","0.0","0.0"],["4","0.00000","0.00000","0.0","0.0"],["2","0.00000","0.00000","0.0","0.0"],["3","0.00000","0.00000","0.0","0.0"],["3","0.00000","0.00000","0.0","0.0"],["2","0.00000","0.00000","0.0","0.0"],["2","0.00000","0.00000","0.0","0.0"],["2","0.00000","0.00000","0.0","0.0"],["3","0.00000","0.00000","0.0","0.0"],["2","0.00000","0.00000","0.0","0.0"],["2","0.00000","0.00000","0.0","0.0"],["4","0.00000","0.00000","0.0","0.0"],["2","0.00000","0.00000","0.0","0.0"],["2","0.00000","0.00000","0.0","0.0"],["3","0.00000","0.00000","0.0","0.0"],["2","0.00000","0.00000","0.0","0.0"],["3","0.00000","0.00000","0.0","0.0"],["2","0.00000","0.00000","0.0","0.0"],["2","0.00000","0.00000","0.0","0.0"],["3","0.00000","0.00000","0.0","0.0"],["2","0.00000","0.00000","0.0","0.0"],["2","0.00000","0.00000","0.0","0.0"],["3","0.00000","0.00000","0.0","0.0"],["2","0.00000","0.00000","0.0","0.0"],["3","0.00000","0.00000","0.0","0.0"],["2","0.00000","0.00000","0.0","0.0"],["2","0.00000","0.00000","0.0","0.0"],["3","0.00000","0.00000","0.0","0.0"],["2","0.00000","0.00000","0.0","0.0"],["2","0.00000","0.00000","0.0","0.0"],["3","0.00000","0.00000","0.0","0.0"],["2","121.50000","0.50000","121.0","122.0"],["2","60.00000","60.00000","0.0","120.0"],["3","82.00000","57.98276","0.0","123.0"],["2","123.50000","0.50000","123.0","124.0"],["3","81.66667","57.74850","0.0","123.0"],["2","121.00000","0.00000","121.0","121.0"],["2","121.00000","1.00000","120.0","122.0"],["3","80.00000","56.56854","0.0","120.0"],["3","80.00000","56.56854","0.0","120.0"],["2","121.50000","0.50000","121.0","122.0"],["3","80.33333","56.80571","0.0","121.0"],["2","120.50000","0.50000","120.0","121.0"],["3","80.66667","57.04579","0.0","122.0"],["2","121.00000","0.00000","121.0","121.0"],["2","119.50000","0.50000","119.0","120.0"],["2","60.50000","60.50000","0.0","121.0"]]}