{"_t":[1368162000,1368248400,86400,144],"_i":["marly\/001\/humidity","marly\/001\/temperature"],"_@":{"humi":[40,90],"temp":[0,30]},"marly\/001\/humidity":{"33":["2","86.20000","0.30000","85.9","86.5"],"34":["20","86.20000","0.30000","85.9","86.5"],"35":["16","86.20000","0.30000","85.9","86.5"],"36":["13","86.30000","0.42062","85.9","86.8"],"37":["20","86.37500","0.37666","86.0","86.8"],"38":["20","86.35000","0.35000","86.0","86.7"],"39":["20","86.35000","0.35000","86.0","86.7"],"40":["20","86.39000","0.31129","86.0","86.7"],"41":["12","86.48333","0.31842","86.1","86.8"],"42":["17","86.53529","0.24957","86.3","86.8"],"43":["20","86.47500","0.61063","84.3","87.1"],"44":["20","81.96500","3.60170","76.5","87.1"],"45":["20","69.91000","3.31389","64.8","77.1"],"46":["20","64.99000","2.14054","61.1","69.3"],"47":["9","65.24444","3.34966","59.4","70.0"],"48":["20","63.85500","6.37593","53.7","73.8"],"49":["20","60.74500","7.23011","51.2","71.2"],"50":["20","61.37000","7.20764","53.3","71.5"],"51":["20","58.84000","7.78353","48.2","72.3"],"52":["20","55.33000","5.44675","46.3","62.7"],"53":["9","59.36667","3.83985","53.5","64.7"],"54":["20","63.23500","2.75523","56.7","68.9"],"55":["20","64.96000","2.14672","60.7","68.5"],"56":["16","64.06250","2.27345","60.5","68.8"],"64":["5","64.30000","6.76284","58.0","73.2"],"70":["9","69.45556","8.82019","60.0","80.2"],"76":["11","50.14545","7.49028","41.8","61.5"],"82":["3","75.23333","3.74641","72.1","80.5"],"83":["8","76.28750","3.38395","72.5","80.4"],"88":["1","53.70000","0.00000","53.7","53.7"],"89":["8","57.95000","4.98096","51.9","64.4"]},"marly\/001\/temperature":{"33":["2","9.50000","1.30000","8.2","10.8"],"34":["20","9.46500","1.35546","8.1","10.9"],"35":["16","9.61250","1.32659","8.2","11.0"],"36":["13","10.83846","0.71095","9.2","11.6"],"37":["20","10.87500","0.94598","9.3","11.8"],"38":["20","10.54000","1.33132","9.2","12.0"],"39":["20","10.76000","1.40228","9.3","12.3"],"40":["20","11.23000","1.39968","9.6","12.9"],"41":["12","11.70000","1.37598","10.1","13.3"],"42":["17","12.51176","1.49897","10.8","14.1"],"43":["20","12.92000","1.49653","10.9","14.8"],"44":["20","15.38000","1.03904","13.3","16.9"],"45":["20","17.80500","0.39303","17.2","18.4"],"46":["20","18.52500","0.35196","17.6","18.9"],"47":["9","18.23333","1.56560","15.2","20.4"],"48":["20","18.55000","2.96892","15.3","22.1"],"49":["20","19.60000","3.29803","15.8","23.3"],"50":["20","19.51000","3.11350","15.4","22.9"],"51":["20","20.26000","3.39063","15.3","25.0"],"52":["20","21.33500","2.70190","17.8","25.0"],"53":["9","19.67778","2.24340","17.0","22.4"],"54":["20","18.22000","1.95028","15.6","20.5"],"55":["20","17.88500","1.93605","15.8","19.9"],"56":["16","18.07500","1.80434","15.9","19.9"],"64":["5","19.36000","2.74489","15.9","21.7"],"70":["9","18.41111","3.21712","14.6","21.7"],"76":["11","24.96364","3.77028","20.7","28.8"],"82":["3","17.23333","1.72111","14.8","18.5"],"83":["8","16.57500","1.82603","14.6","18.4"],"88":["1","24.30000","0.00000","24.3","24.3"],"89":["8","21.10000","2.61295","18.2","24.1"]}}