{"_t":[1366023600,1366045200,21600,144],"_i":["sanpedro\/002\/humidity","sanpedro\/002\/temperature","sanpedro\/003\/humidity","sanpedro\/003\/temperature","sanpedro\/004\/humidity","sanpedro\/004\/temp_dry","sanpedro\/004\/temp_wet","sanpedro\/005\/humidity","sanpedro\/005\/temperature"],"_@":{"humi":[80,100],"temp":[10,20]},"sanpedro\/002\/humidity":{"50":["5","89.58000","3.48161","86.8","94.9"],"51":["8","91.72500","2.99447","86.8","94.9"]},"sanpedro\/002\/temperature":{"50":["5","15.32000","0.16000","15.1","15.5"],"51":["8","15.72500","0.21065","15.4","16.1"]},"sanpedro\/004\/humidity":{"50":["4","88.50000","0.50000","88.0","89.0"],"51":["3","87.66667","0.47140","87.0","88.0"]},"sanpedro\/004\/temp_dry":{"50":["4","14.90000","0.07071","14.8","15.0"],"51":["3","15.16667","0.04714","15.1","15.2"]},"sanpedro\/004\/temp_wet":{"50":["4","13.65000","0.05000","13.6","13.7"],"51":["3","13.83333","0.04714","13.8","13.9"]}}