{"_t":[1381726800,1384318800,2592000,240],"_i":["sanpedro\/003\/humidity","sanpedro\/003\/temperature"],"_@":{"humi":[30,90],"temp":[0,30]},"sanpedro\/003\/humidity":{"0":["1","86.40000","0.00000","86.4","86.4"],"1":["4","86.02500","0.04330","86.0","86.1"],"2":["149","73.40738","8.53332","59.1","86.2"],"3":["620","52.30161","14.01580","36.2","78.1"],"4":["697","64.82496","12.26773","43.8","86.8"],"5":["489","75.74642","9.63641","57.6","86.8"],"6":["41","86.32195","0.17038","86.1","86.6"],"7":["49","86.04490","0.06081","86.0","86.2"],"8":["98","85.97959","0.04030","85.9","86.0"],"9":["93","85.84409","0.05177","85.8","86.0"],"10":["837","75.94898","5.24240","63.2","86.8"],"11":["1032","54.73605","6.25844","42.2","71.5"],"12":["1107","49.61183","8.20081","34.1","74.3"],"13":["1058","71.48913","6.38561","60.7","86.7"],"14":["443","84.58623","1.65941","80.7","86.5"],"15":["34","85.97941","0.04043","85.9","86.0"],"16":["60","86.10500","0.03841","86.0","86.2"],"17":["182","85.88791","0.17215","85.7","86.1"],"18":["838","62.01909","12.41119","43.0","86.7"],"19":["1062","65.58164","9.22054","41.3","80.9"],"20":["661","76.44675","6.90906","65.7","86.8"],"21":["66","86.50000","0.04924","86.4","86.6"],"22":["42","86.40000","0.00000","86.4","86.4"],"23":["44","86.31364","0.03432","86.3","86.4"],"24":["42","86.20952","0.02935","86.2","86.3"],"25":["89","86.08989","0.03367","86.0","86.2"],"26":["887","71.92830","6.47596","61.6","86.8"],"27":["1570","60.70318","5.60727","48.7","73.9"],"28":["1223","57.98978","6.29370","41.5","69.4"],"29":["1249","64.07214","6.81779","49.7","80.7"],"30":["266","84.70789","1.98463","79.5","86.4"],"31":["302","85.92649","0.07652","85.8","86.1"],"32":["232","85.88707","0.03355","85.8","85.9"],"33":["286","85.85455","0.07909","85.7","85.9"],"34":["922","65.13720","13.70514","41.7","86.7"],"35":["1189","47.62599","7.93207","33.6","64.9"],"36":["1202","55.27795","2.84557","49.3","62.7"],"37":["1308","65.53769","7.37290","47.3","86.6"],"38":["85","86.43294","0.06017","86.3","86.5"],"39":["105","86.12095","0.11522","85.9","86.3"],"40":["264","85.83030","0.07924","85.7","85.9"],"41":["328","85.72043","0.04032","85.7","85.8"],"42":["815","68.14847","11.91217","47.4","86.6"],"43":["1183","44.26500","5.78335","34.4","59.9"],"44":["1199","55.03153","7.59979","37.2","71.8"],"45":["1072","69.85765","8.99776","53.6","86.7"],"46":["75","86.29067","0.10976","86.1","86.5"],"47":["241","85.96556","0.08982","85.9","86.1"],"48":["233","85.78412","0.07386","85.7","85.9"],"49":["333","85.78799","0.08788","85.7","85.9"],"50":["795","69.51472","11.91258","47.5","86.7"],"51":["1190","46.62185","7.44192","31.4","59.9"],"52":["1080","60.02046","11.89553","43.8","86.9"],"53":["1090","78.98578","6.07424","64.2","86.8"],"54":["50","86.58600","0.03470","86.5","86.6"],"55":["58","86.37759","0.09834","86.2","86.5"],"56":["162","86.06975","0.07035","86.0","86.2"],"57":["196","85.93265","0.04689","85.9","86.0"],"58":["847","71.25431","8.02393","53.9","86.6"],"59":["1047","52.53257","7.04503","41.5","70.1"],"60":["1174","52.54770","8.77746","37.6","73.7"],"61":["857","63.93699","14.58733","41.2","86.9"],"62":["82","86.55976","0.18136","86.3","86.8"],"63":["52","86.40000","0.00000","86.4","86.4"],"64":["48","86.31458","0.03529","86.3","86.4"],"65":["112","86.10804","0.07576","86.0","86.3"],"66":["984","65.53486","10.66639","48.3","86.7"],"67":["1200","60.67983","9.47780","41.1","76.7"],"68":["1195","74.36837","7.89717","60.5","86.9"],"69":["997","76.77884","6.41005","60.9","86.8"],"70":["54","86.49259","0.02619","86.4","86.5"],"71":["60","86.35500","0.07621","86.2","86.4"],"72":["66","86.16364","0.04810","86.1","86.2"],"73":["127","86.11417","0.03488","86.1","86.2"],"74":["823","66.49806","12.32126","45.4","87.0"],"75":["1208","51.81159","9.98942","35.5","72.6"],"76":["1224","56.14918","6.45444","44.5","72.2"],"77":["959","80.98154","4.01759","72.6","86.9"],"78":["57","86.46842","0.04648","86.4","86.5"],"79":["49","86.34082","0.08787","86.1","86.4"],"80":["159","86.10000","0.00000","86.1","86.1"],"81":["176","85.91080","0.10632","85.8","86.1"],"82":["662","69.03489","11.28155","51.2","86.7"],"83":["1161","50.33178","3.49932","42.6","58.0"],"84":["1195","61.69272","8.14464","45.2","73.6"],"85":["309","65.91974","6.63433","52.3","76.9"],"149":["865","67.38671","5.88885","56.5","76.9"],"150":["720","80.05028","3.45364","73.5","86.5"],"151":["77","86.29091","0.09000","86.2","86.5"],"152":["98","86.13571","0.04792","86.1","86.2"],"153":["104","86.12115","0.04084","86.1","86.2"],"154":["796","73.09962","7.54867","58.1","86.7"],"155":["1211","51.38671","8.91744","33.1","70.0"],"156":["1304","63.68098","10.15441","43.1","80.0"],"157":["911","78.64896","3.99522","70.8","86.7"],"158":["82","86.42195","0.14230","86.2","86.6"],"159":["74","86.39054","0.05494","86.3","86.5"],"160":["58","86.35517","0.04973","86.3","86.4"],"161":["51","86.36078","0.04882","86.3","86.4"],"162":["449","84.84655","1.62664","80.9","86.8"],"163":["1341","69.81581","11.07423","52.8","86.7"],"164":["1274","62.47889","6.98963","46.5","76.9"],"165":["921","75.02606","7.14903","61.5","86.7"],"166":["48","86.57708","0.04203","86.5","86.6"],"167":["46","86.50000","0.00000","86.5","86.5"],"168":["56","86.42500","0.04330","86.4","86.5"],"169":["42","86.40000","0.00000","86.4","86.4"],"170":["69","86.48986","0.08870","86.4","86.6"],"171":["1137","66.03483","10.10527","49.3","86.8"],"172":["1058","74.19055","8.52505","59.3","86.8"],"173":["395","79.59063","4.52869","71.3","86.7"],"174":["48","86.51042","0.03055","86.5","86.6"],"175":["45","86.50000","0.00000","86.5","86.5"],"176":["60","86.40000","0.06583","86.3","86.5"],"177":["59","86.20678","0.07561","86.1","86.3"],"178":["711","70.20928","8.34170","56.0","86.7"],"179":["1233","66.29181","9.41164","49.5","83.3"],"180":["1300","64.84662","7.95412","44.8","80.7"],"181":["1109","79.50009","6.04017","51.8","86.7"],"182":["52","86.62500","0.05842","86.4","86.7"],"183":["52","86.48077","0.08095","86.4","86.6"],"184":["58","86.40000","0.00000","86.4","86.4"],"185":["55","86.37455","0.04356","86.3","86.4"],"186":["841","74.00666","5.52239","63.4","86.7"],"187":["1046","63.87973","9.23501","49.0","86.9"],"188":["1419","75.92558","7.51797","54.4","86.9"],"189":["892","70.59787","12.01009","50.6","86.8"],"190":["54","86.61296","0.06396","86.5","86.7"],"191":["54","86.42407","0.04275","86.4","86.5"],"192":["48","86.40000","0.00000","86.4","86.4"],"193":["50","86.40000","0.00000","86.4","86.4"],"194":["672","73.43765","9.85412","57.4","86.8"],"195":["1233","61.77632","6.03701","45.9","76.3"],"196":["1245","55.50964","7.31573","44.9","73.1"],"197":["720","76.36625","8.05805","56.6","86.9"],"198":["56","86.56786","0.04670","86.5","86.6"],"199":["48","86.50000","0.00000","86.5","86.5"],"200":["62","86.36452","0.05707","86.3","86.5"],"201":["56","86.23214","0.07816","86.1","86.3"],"202":["714","71.20994","11.47574","51.3","86.8"],"203":["1189","55.58032","5.45354","38.5","67.9"],"204":["1226","56.72537","7.01502","45.5","74.3"],"205":["719","73.94186","6.96869","62.1","86.9"],"206":["56","86.51607","0.06755","86.4","86.6"],"207":["47","86.48298","0.03758","86.4","86.5"],"208":["54","86.43519","0.07241","86.3","86.5"],"209":["62","86.34355","0.07099","86.2","86.4"],"210":["645","65.06729","11.04229","49.8","86.8"],"211":["1245","56.47470","10.19549","42.4","80.9"],"212":["1315","68.26213","9.90015","49.8","82.1"],"213":["1095","77.81963","4.46720","68.3","86.8"],"214":["58","86.59310","0.07625","86.5","86.7"],"215":["58","86.39828","0.09736","86.2","86.5"],"216":["51","86.25882","0.04922","86.2","86.3"],"217":["45","86.30000","0.00000","86.3","86.3"],"218":["717","69.98312","14.28904","44.4","86.8"],"219":["1277","61.00799","10.20636","43.7","79.4"],"220":["1219","73.01427","10.62309","49.7","86.9"],"221":["81","86.67901","0.10027","86.6","86.9"],"222":["63","86.39524","0.11329","86.2","86.6"],"223":["106","86.18774","0.10434","86.0","86.4"],