{"_t":[1368716400,1368802800,86400,144],"_i":["marly\/003\/humidity","marly\/003\/temperature"],"_@":{"humi":[70,80],"temp":[10,20]},"marly\/003\/humidity":{"1":["1","72.10000","0.00000","72.1","72.1"],"2":["7","73.04286","1.71702","70.6","75.0"]},"marly\/003\/temperature":{"1":["1","15.30000","0.00000","15.3","15.3"],"2":["7","16.44286","1.95584","14.7","18.8"]}}