{"_t":[1366048800,1366135200,86400,240],"_i":["sanpedro\/004\/humidity"],"_@":{"humi":[60,110]},"sanpedro\/004\/humidity":{"14":["23","102.82609","1.49353","101.0","106.0"],"15":["13","100.07692","1.38462","97.0","102.0"],"16":["19","94.10526","1.71356","91.0","97.0"],"17":["8","89.12500","0.59948","88.0","90.0"],"18":["9","90.22222","0.62854","89.0","91.0"],"19":["13","92.23077","0.57564","91.0","93.0"],"20":["13","91.69231","0.82131","90.0","93.0"],"21":["11","90.72727","0.86244","89.0","92.0"],"22":["11","88.27273","0.86244","87.0","90.0"],"23":["16","86.62500","0.59948","86.0","88.0"],"24":["18","85.50000","0.60093","85.0","87.0"],"25":["19","83.63158","0.87121","82.0","85.0"],"26":["12","83.08333","0.64010","82.0","84.0"],"27":["14","84.21429","0.86011","83.0","86.0"],"28":["15","83.20000","0.83267","82.0","85.0"],"29":["24","82.12500","0.66536","81.0","83.0"],"30":["25","82.00000","0.69282","81.0","83.0"],"31":["21","83.66667","0.89087","82.0","85.0"],"32":["15","84.40000","0.71181","83.0","85.0"],"33":["15","85.06667","1.28927","83.0","87.0"],"34":["15","86.53333","0.71802","85.0","88.0"],"35":["17","89.41176","1.23949","87.0","92.0"],"36":["10","92.10000","0.94340","91.0","94.0"],"38":["15","93.26667","0.67987","92.0","94.0"],"39":["9","92.66667","0.81650","91.0","94.0"],"40":["8","90.25000","0.96825","89.0","92.0"],"41":["11","89.36364","0.64282","88.0","90.0"],"42":["14","90.78571","1.14509","88.0","93.0"],"43":["6","92.83333","0.68718","92.0","94.0"],"44":["10","94.50000","0.80623","93.0","96.0"],"45":["8","96.75000","0.66144","96.0","98.0"],"46":["6","97.50000","0.50000","97.0","98.0"],"47":["5","98.00000","0.63246","97.0","99.0"],"48":["3","98.66667","0.47140","98.0","99.0"],"49":["2","99.50000","0.50000","99.0","100.0"],"50":["7","99.57143","0.49487","99.0","100.0"],"51":["6","99.83333","0.37268","99.0","100.0"],"52":["4","100.00000","0.00000","100.0","100.0"],"53":["9","98.88889","0.56656","98.0","100.0"],"54":["12","98.50000","0.50000","98.0","99.0"],"55":["5","97.80000","0.74833","97.0","99.0"],"56":["5","98.00000","0.63246","97.0","99.0"],"57":["6","97.50000","0.50000","97.0","98.0"],"58":["8","98.25000","0.66144","97.0","99.0"],"59":["4","98.75000","0.43301","98.0","99.0"],"60":["8","99.00000","0.70711","98.0","100.0"],"61":["6","99.83333","0.68718","99.0","101.0"],"62":["7","99.28571","0.69985","98.0","100.0"],"63":["2","99.50000","0.50000","99.0","100.0"],"64":["5","99.40000","0.80000","98.0","100.0"],"65":["7","99.14286","0.83299","98.0","100.0"],"66":["5","97.80000","0.74833","97.0","99.0"],"67":["3","97.33333","0.47140","97.0","98.0"],"68":["6","97.16667","0.37268","97.0","98.0"],"69":["5","97.00000","0.63246","96.0","98.0"],"70":["7","97.14286","0.63888","96.0","98.0"],"71":["5","97.60000","0.48990","97.0","98.0"],"72":["3","97.33333","0.47140","97.0","98.0"],"73":["4","97.50000","0.50000","97.0","98.0"],"74":["8","97.00000","0.70711","96.0","98.0"],"75":["9","97.77778","0.62854","97.0","99.0"],"76":["5","98.20000","0.74833","97.0","99.0"],"77":["4","98.50000","0.50000","98.0","99.0"],"78":["4","98.25000","0.43301","98.0","99.0"],"79":["9","97.88889","0.56656","97.0","99.0"],"80":["6","97.83333","0.37268","97.0","98.0"],"81":["6","98.66667","0.47140","98.0","99.0"],"82":["3","99.00000","0.00000","99.0","99.0"],"83":["2","99.00000","0.00000","99.0","99.0"],"84":["7","98.71429","0.69985","98.0","100.0"],"85":["2","98.50000","0.50000","98.0","99.0"],"86":["2","99.00000","0.00000","99.0","99.0"],"87":["3","99.00000","0.00000","99.0","99.0"],"88":["2","99.00000","0.00000","99.0","99.0"],"89":["4","99.00000","0.00000","99.0","99.0"],"90":["4","99.00000","0.00000","99.0","99.0"],"91":["3","99.00000","0.81650","98.0","100.0"],"92":["5","99.20000","0.74833","98.0","100.0"],"93":["4","99.75000","0.43301","99.0","100.0"],"94":["4","99.00000","1.00000","98.0","100.0"],"95":["8","99.37500","0.69597","98.0","100.0"],"96":["7","98.42857","0.49487","98.0","99.0"],"97":["7","98.71429","0.88063","97.0","100.0"],"98":["10","98.80000","0.87178","97.0","100.0"],"99":["2","98.50000","0.50000","98.0","99.0"],"100":["5","99.20000","0.74833","98.0","100.0"],"101":["5","98.80000","0.97980","98.0","100.0"],"102":["6","98.66667","1.10554","97.0","100.0"],"103":["2","99.00000","1.00000","98.0","100.0"],"104":["4","99.75000","0.43301","99.0","100.0"],"105":["7","99.28571","0.69985","98.0","100.0"],"106":["6","98.50000","1.11803","97.0","100.0"],"107":["3","99.33333","0.94281","98.0","100.0"],"108":["6","98.66667","1.10554","97.0","100.0"],"109":["5","99.00000","0.63246","98.0","100.0"],"110":["7","99.14286","0.63888","98.0","100.0"],"111":["4","98.50000","0.50000","98.0","99.0"],"112":["2","98.50000","0.50000","98.0","99.0"],"113":["4","98.50000","0.50000","98.0","99.0"],"114":["5","98.80000","0.74833","98.0","100.0"],"115":["2","99.00000","0.00000","99.0","99.0"],"116":["2","98.50000","0.50000","98.0","99.0"],"117":["2","98.00000","1.00000","97.0","99.0"],"118":["2","99.00000","0.00000","99.0","99.0"],"119":["4","99.25000","0.82916","98.0","100.0"],"120":["1","98.00000","0.00000","98.0","98.0"],"121":["5","98.80000","0.97980","98.0","100.0"],"122":["4","99.00000","1.00000","98.0","100.0"],"123":["5","99.40000","0.48990","99.0","100.0"],"124":["2","99.50000","0.50000","99.0","100.0"],"125":["5","99.20000","0.74833","98.0","100.0"],"126":["4","99.75000","1.08972","98.0","101.0"],"127":["5","98.60000","0.48990","98.0","99.0"],"128":["2","100.00000","1.00000","99.0","101.0"],"129":["8","99.87500","0.92702","98.0","101.0"],"130":["1","101.00000","0.00000","101.0","101.0"],"131":["8","100.12500","0.59948","99.0","101.0"],"132":["1","100.00000","0.00000","100.0","100.0"],"133":["4","99.75000","0.43301","99.0","100.0"],"134":["8","99.37500","0.69597","98.0","100.0"],"135":["1","100.00000","0.00000","100.0","100.0"],"136":["5","99.40000","0.48990","99.0","100.0"],"137":["2","99.50000","0.50000","99.0","100.0"],"138":["4","99.00000","0.70711","98.0","100.0"],"139":["3","99.00000","0.81650","98.0","100.0"],"140":["6","99.16667","1.06719","98.0","101.0"],"141":["3","99.33333","0.47140","99.0","100.0"],"142":["3","99.33333","0.47140","99.0","100.0"],"143":["3","99.66667","0.47140","99.0","100.0"],"144":["1","99.00000","0.00000","99.0","99.0"],"145":["4","99.25000","0.43301","99.0","100.0"],"146":["1","99.00000","0.00000","99.0","99.0"],"147":["8","99.00000","1.00000","98.0","100.0"],"148":["2","99.00000","1.00000","98.0","100.0"],"149":["1","98.00000","0.00000","98.0","98.0"],"150":["3","98.66667","0.94281","98.0","100.0"],"151":["4","99.75000","1.08972","98.0","101.0"],"152":["7","99.71429","0.88063","98.0","101.0"],"153":["5","99.60000","0.48990","99.0","100.0"],"154":["2","99.50000","0.50000","99.0","100.0"],"155":["3","99.33333","0.47140","99.0","100.0"],"156":["3","99.33333","0.47140","99.0","100.0"],"157":["1","99.00000","0.00000","99.0","99.0"],"158":["3","98.33333","0.94281","97.0","99.0"],"159":["8","98.12500","0.92702","97.0","99.0"],"160":["4","98.00000","1.00000","97.0","99.0"],"161":["2","98.00000","0.00000","98.0","98.0"],"162":["5","98.20000","0.74833","97.0","99.0"],"163":["5","99.60000","0.80000","98.0","100.0"],"164":["4","99.00000","1.00000","98.0","100.0"],"165":["7","99.00000","0.92582","98.0","100.0"],"166":["4","98.75000","0.82916","98.0","100.0"],"167":["3","97.66667","0.47140","97.0","98.0"],"168":["2","99.00000","1.00000","98.0","100.0"],"169":["6","97.16667","0.68718","96.0","98.0"],"170":["12","97.16667","0.79931","96.0","98.0"],"171":["3","97.00000","0.81650","96.0","98.0"],"172":["9","96.22222","1.03040","95.0","98.0"],"173":["10","95.50000","0.50000","95.0","96.0"],"174":["11","94.63636","0.77139","93.0","96.0"],"175":["5","94.80000","0.74833","94.0","96.0"],"176":["6","94.50000","0.50000","94.0","95.0"],"177":["10","93.90000","0.83066","93.0","95.0"],"178":["9","93.77778","0.62854","93.0","95.0"],"179":["10","92.80000","0.87178","91.0","94.0"],"180":["31","88.25806","2.07858","86.0","92.0"],