{"_t":[1367254800,1367276400,21600,120],"_i":["sanpedro\/006\/VoltR"],"_@":{"Volt":[0,140]},"sanpedro\/006\/VoltR":{"0":["9","118.11111","43.27803","0.0","138.0"],"1":["4","93.25000","56.20220","0.0","138.0"],"2":["1","0.00000","0.00000","0.0","0.0"],"3":["1","0.00000","0.00000","0.0","0.0"],"5":["1","0.00000","0.00000","0.0","0.0"],"7":["1","0.00000","0.00000","0.0","0.0"],"8":["1","0.00000","0.00000","0.0","0.0"],"10":["1","0.00000","0.00000","0.0","0.0"],"12":["1","0.00000","0.00000","0.0","0.0"],"14":["1","0.00000","0.00000","0.0","0.0"],"15":["1","0.00000","0.00000","0.0","0.0"],"17":["1","0.00000","0.00000","0.0","0.0"],"19":["1","0.00000","0.00000","0.0","0.0"],"20":["2","0.00000","0.00000","0.0","0.0"],"21":["1","0.00000","0.00000","0.0","0.0"],"23":["1","0.00000","0.00000","0.0","0.0"],"25":["1","0.00000","0.00000","0.0","0.0"],"26":["1","0.00000","0.00000","0.0","0.0"],"28":["1","0.00000","0.00000","0.0","0.0"],"30":["1","0.00000","0.00000","0.0","0.0"],"32":["1","0.00000","0.00000","0.0","0.0"],"33":["1","0.00000","0.00000","0.0","0.0"],"35":["1","0.00000","0.00000","0.0","0.0"],"37":["1","0.00000","0.00000","0.0","0.0"],"38":["1","0.00000","0.00000","0.0","0.0"],"40":["1","0.00000","0.00000","0.0","0.0"],"42":["1","0.00000","0.00000","0.0","0.0"],"43":["1","0.00000","0.00000","0.0","0.0"],"45":["1","0.00000","0.00000","0.0","0.0"],"47":["1","0.00000","0.00000","0.0","0.0"],"48":["1","0.00000","0.00000","0.0","0.0"],"52":["1","0.00000","0.00000","0.0","0.0"],"53":["2","0.00000","0.00000","0.0","0.0"],"54":["2","68.50000","68.50000","0.0","137.0"],"56":["1","0.00000","0.00000","0.0","0.0"],"58":["1","0.00000","0.00000","0.0","0.0"],"59":["1","0.00000","0.00000","0.0","0.0"],"61":["1","0.00000","0.00000","0.0","0.0"],"63":["1","0.00000","0.00000","0.0","0.0"],"64":["1","0.00000","0.00000","0.0","0.0"],"66":["1","0.00000","0.00000","0.0","0.0"],"68":["1","0.00000","0.00000","0.0","0.0"],"69":["1","0.00000","0.00000","0.0","0.0"],"71":["1","0.00000","0.00000","0.0","0.0"],"73":["1","0.00000","0.00000","0.0","0.0"],"74":["1","0.00000","0.00000","0.0","0.0"],"76":["3","90.00000","63.63961","0.0","135.0"],"77":["1","0.00000","0.00000","0.0","0.0"],"78":["1","0.00000","0.00000","0.0","0.0"],"80":["1","0.00000","0.00000","0.0","0.0"],"82":["1","0.00000","0.00000","0.0","0.0"],"83":["1","0.00000","0.00000","0.0","0.0"],"85":["1","0.00000","0.00000","0.0","0.0"],"87":["1","0.00000","0.00000","0.0","0.0"],"88":["1","0.00000","0.00000","0.0","0.0"],"90":["1","0.00000","0.00000","0.0","0.0"],"92":["1","0.00000","0.00000","0.0","0.0"],"93":["1","0.00000","0.00000","0.0","0.0"],"95":["1","0.00000","0.00000","0.0","0.0"],"97":["1","0.00000","0.00000","0.0","0.0"],"98":["1","0.00000","0.00000","0.0","0.0"],"100":["1","0.00000","0.00000","0.0","0.0"],"102":["1","0.00000","0.00000","0.0","0.0"],"103":["1","0.00000","0.00000","0.0","0.0"]}}