{"_t":[1366030800,1366032600,1800,144],"_i":["sanpedro\/002\/humidity","sanpedro\/002\/temperature","sanpedro\/003\/humidity","sanpedro\/003\/temperature","sanpedro\/004\/humidity","sanpedro\/004\/temp_dry","sanpedro\/004\/temp_wet","sanpedro\/005\/humidity","sanpedro\/005\/temperature"],"_@":{"humi":[80,100],"temp":[10,20]},"sanpedro\/004\/humidity":{"24":["1","89.00000","0.00000","89.0","89.0"],"31":["1","88.00000","0.00000","88.0","88.0"],"32":["1","89.00000","0.00000","89.0","89.0"],"33":["1","88.00000","0.00000","88.0","88.0"],"45":["1","88.00000","0.00000","88.0","88.0"],"46":["2","87.50000","0.50000","87.0","88.0"],"49":["1","87.00000","0.00000","87.0","87.0"],"52":["1","88.00000","0.00000","88.0","88.0"],"53":["1","87.00000","0.00000","87.0","87.0"],"54":["2","87.50000","0.50000","87.0","88.0"],"56":["1","87.00000","0.00000","87.0","87.0"],"57":["1","86.00000","0.00000","86.0","86.0"],"59":["1","87.00000","0.00000","87.0","87.0"],"60":["1","86.00000","0.00000","86.0","86.0"],"61":["2","85.50000","0.50000","85.0","86.0"],"64":["1","86.00000","0.00000","86.0","86.0"],"65":["1","85.00000","0.00000","85.0","85.0"],"69":["2","85.50000","0.50000","85.0","86.0"],"70":["1","85.00000","0.00000","85.0","85.0"]},"sanpedro\/004\/temp_dry":{"24":["1","14.80000","0.00000","14.8","14.8"],"31":["1","14.90000","0.00000","14.9","14.9"],"32":["1","14.90000","0.00000","14.9","14.9"],"33":["1","15.00000","0.00000","15.0","15.0"],"45":["1","15.10000","0.00000","15.1","15.1"],"46":["2","15.20000","0.00000","15.2","15.2"],"49":["1","15.30000","0.00000","15.3","15.3"],"52":["1","15.30000","0.00000","15.3","15.3"],"53":["1","15.40000","0.00000","15.4","15.4"],"54":["2","15.45000","0.05000","15.4","15.5"],"56":["1","15.60000","0.00000","15.6","15.6"],"57":["1","15.70000","0.00000","15.7","15.7"],"59":["1","15.70000","0.00000","15.7","15.7"],"60":["1","15.80000","0.00000","15.8","15.8"],"61":["2","15.90000","0.00000","15.9","15.9"],"64":["1","15.80000","0.00000","15.8","15.8"],"65":["1","15.90000","0.00000","15.9","15.9"],"69":["2","16.00000","0.00000","16.0","16.0"],"70":["1","16.10000","0.00000","16.1","16.1"]},"sanpedro\/004\/temp_wet":{"24":["1","13.60000","0.00000","13.6","13.6"],"31":["1","13.60000","0.00000","13.6","13.6"],"32":["1","13.70000","0.00000","13.7","13.7"],"33":["1","13.70000","0.00000","13.7","13.7"],"45":["1","13.80000","0.00000","13.8","13.8"],"46":["2","13.85000","0.05000","13.8","13.9"],"49":["1","13.90000","0.00000","13.9","13.9"],"52":["1","14.00000","0.00000","14.0","14.0"],"53":["1","14.00000","0.00000","14.0","14.0"],"54":["2","14.10000","0.00000","14.1","14.1"],"56":["1","14.20000","0.00000","14.2","14.2"],"57":["1","14.20000","0.00000","14.2","14.2"],"59":["1","14.30000","0.00000","14.3","14.3"],"60":["1","14.30000","0.00000","14.3","14.3"],"61":["2","14.30000","0.00000","14.3","14.3"],"64":["1","14.30000","0.00000","14.3","14.3"],"65":["1","14.30000","0.00000","14.3","14.3"],"69":["2","14.35000","0.05000","14.3","14.4"],"70":["1","14.40000","0.00000","14.4","14.4"]},"sanpedro\/002\/humidity":{"26":["1","86.80000","0.00000","86.8","86.8"],"27":["1","92.60000","0.00000","92.6","92.6"],"30":["1","94.90000","0.00000","94.9","94.9"],"32":["1","86.80000","0.00000","86.8","86.8"],"35":["1","86.80000","0.00000","86.8","86.8"],"36":["2","93.75000","1.15000","92.6","94.9"],"39":["1","92.60000","0.00000","92.6","92.6"],"40":["1","86.80000","0.00000","86.8","86.8"],"41":["1","92.60000","0.00000","92.6","92.6"],"44":["1","86.80000","0.00000","86.8","86.8"],"45":["1","94.90000","0.00000","94.9","94.9"],"46":["1","92.60000","0.00000","92.6","92.6"],"49":["2","93.80000","1.10000","92.7","94.9"],"50":["1","86.80000","0.00000","86.8","86.8"],"52":["1","94.90000","0.00000","94.9","94.9"],"53":["1","92.70000","0.00000","92.7","92.7"],"54":["1","86.80000","0.00000","86.8","86.8"],"55":["2","86.55000","0.05000","86.5","86.6"],"56":["2","86.70000","0.10000","86.6","86.8"],"57":["2","90.95000","4.05000","86.9","95.0"],"59":["2","89.80000","2.90000","86.9","92.7"],"60":["1","95.00000","0.00000","95.0","95.0"],"61":["1","86.60000","0.00000","86.6","86.6"],"62":["3","85.46667","0.24944","85.2","85.8"],"63":["1","85.10000","0.00000","85.1","85.1"],"64":["1","85.00000","0.00000","85.0","85.0"],"65":["3","88.00000","3.32966","85.4","92.7"],"66":["2","86.40000","0.10000","86.3","86.5"],"67":["2","86.65000","0.05000","86.6","86.7"],"68":["2","86.40000","0.10000","86.3","86.5"],"69":["3","85.86667","0.09428","85.8","86.0"],"70":["2","90.30000","4.70000","85.6","95.0"],"71":["2","85.70000","0.00000","85.7","85.7"]},"sanpedro\/002\/temperature":{"26":["1","15.10000","0.00000","15.1","15.1"],"27":["1","15.50000","0.00000","15.5","15.5"],"30":["1","15.50000","0.00000","15.5","15.5"],"32":["1","15.20000","0.00000","15.2","15.2"],"35":["1","15.30000","0.00000","15.3","15.3"],"36":["2","15.65000","0.05000","15.6","15.7"],"39":["1","15.80000","0.00000","15.8","15.8"],"40":["1","15.40000","0.00000","15.4","15.4"],"41":["1","15.90000","0.00000","15.9","15.9"],"44":["1","15.50000","0.00000","15.5","15.5"],"45":["1","15.80000","0.00000","15.8","15.8"],"46":["1","16.10000","0.00000","16.1","16.1"],"49":["2","16.05000","0.15000","15.9","16.2"],"50":["1","15.60000","0.00000","15.6","15.6"],"52":["1","16.00000","0.00000","16.0","16.0"],"53":["1","16.30000","0.00000","16.3","16.3"],"54":["1","15.70000","0.00000","15.7","15.7"],"55":["2","15.70000","0.00000","15.7","15.7"],"56":["2","15.70000","0.00000","15.7","15.7"],"57":["2","15.90000","0.20000","15.7","16.1"],"59":["2","16.15000","0.35000","15.8","16.5"],"60":["1","16.20000","0.00000","16.2","16.2"],"61":["1","15.80000","0.00000","15.8","15.8"],"62":["3","15.83333","0.04714","15.8","15.9"],"63":["1","15.90000","0.00000","15.9","15.9"],"64":["1","15.90000","0.00000","15.9","15.9"],"65":["3","16.20000","0.35590","15.9","16.7"],"66":["2","16.00000","0.00000","16.0","16.0"],"67":["2","16.00000","0.00000","16.0","16.0"],"68":["2","16.10000","0.00000","16.1","16.1"],"69":["3","16.13333","0.04714","16.1","16.2"],"70":["2","16.35000","0.15000","16.2","16.5"],"71":["2","16.25000","0.05000","16.2","16.3"]}}