{"_t":[1366693200,1369285200,2592000,240],"_i":["sanpedro\/003\/humidity","sanpedro\/003\/temperature"],"_@":{"humi":[40,100],"temp":[0,30]},"sanpedro\/003\/humidity":{"0":["58","90.42241","3.51018","86.2","94.4"],"1":["36","90.28333","3.57301","86.2","94.4"],"2":["98","86.00204","5.75849","77.8","94.8"],"5":["217","78.46359","7.56199","68.7","94.8"],"6":["840","83.01202","4.12493","76.6","94.8"],"7":["51","90.02549","3.52931","86.3","94.5"],"8":["66","90.66364","3.45449","86.1","94.5"],"9":["3","90.76667","3.41988","86.1","94.2"],"28":["45","58.58444","2.67440","52.4","66.1"],"29":["158","73.96013","14.28832","47.8","92.6"],"30":["67","90.93284","3.36977","86.7","95.0"],"31":["188","85.32128","5.54800","77.1","94.9"],"32":["44","90.41591","3.52117","85.8","94.4"],"33":["83","87.67229","3.27135","85.6","94.1"],"34":["114","77.83509","11.87829","62.5","94.4"],"37":["66","88.23030","3.20818","85.8","95.0"],"38":["65","90.33077","3.63931","86.2","95.0"],"39":["59","90.07458","3.60464","86.3","94.6"],"40":["57","90.52807","3.45572","86.2","94.6"],"41":["63","90.87143","3.43666","86.2","94.5"],"42":["135","85.33704","6.44226","75.5","95.0"],"46":["59","90.72542","3.15286","86.3","94.8"],"47":["16","90.08750","3.53180","86.2","94.4"],"48":["65","90.97385","3.30251","86.4","94.5"],"49":["52","90.39423","3.52695","86.3","94.6"],"50":["64","90.47969","3.39053","86.4","94.8"],"51":["107","77.30467","2.08445","74.1","82.7"],"52":["44","58.10455","1.59815","51.5","60.7"],"53":["65","87.22769","3.80500","82.6","94.8"],"54":["24","90.73333","3.39898","86.5","94.7"],"55":["29","91.21034","3.34224","86.4","94.7"],"56":["36","90.82222","3.45415","86.4","94.6"],"57":["10","89.93000","3.64336","86.4","94.5"],"74":["53","88.38302","3.18699","84.1","94.9"],"76":["157","75.73631","3.75313","69.1","86.7"],"77":["10","91.94000","2.83203","86.7","94.8"],"78":["68","90.22500","3.61465","86.4","94.7"],"79":["46","90.84783","3.27605","86.4","94.6"],"80":["36","90.87778","3.47883","86.4","94.6"],"81":["85","90.36824","3.55131","86.3","94.5"],"82":["116","90.10776","3.59008","86.4","94.8"],"83":["104","86.88846","2.25795","83.6","92.5"],"85":["105","68.17048","4.00307","63.3","79.8"],"86":["52","89.82308","3.62197","86.4","94.9"],"87":["85","90.30118","3.53262","86.4","94.6"],"88":["129","88.95349","3.52963","86.0","94.5"],"89":["29","90.33448","3.43052","86.1","94.2"],"90":["129","71.07752","11.08948","60.3","94.6"],"93":["110","85.52727","5.13163","79.6","94.9"],"94":["60","91.02500","3.41436","86.7","94.8"],"95":["62","90.59355","3.46400","86.4","94.8"],"96":["38","91.01053","3.48657","86.3","94.6"],"97":["22","90.78636","3.51326","86.3","94.5"],"98":["138","81.21304","8.98711","68.2","94.7"],"99":["53","67.64906","4.03015","63.5","78.0"],"100":["271","79.21882","3.26831","73.3","88.1"],"101":["279","86.01720","3.58925","79.9","94.9"],"102":["56","89.77857","3.54908","86.3","94.7"],"103":["14","90.82143","3.34881","86.5","94.5"],"104":["29","91.45862","3.00534","86.4","94.5"],"105":["61","90.90656","3.41183","86.3","94.5"],"106":["143","86.63846","3.99739","81.2","94.9"],"109":["114","78.40965","5.44814","71.2","94.8"],"110":["86","89.80349","3.52035","86.1","94.7"],"111":["127","89.01811","3.51338","86.0","94.3"],"112":["56","89.35893","3.49565","85.9","94.2"],"113":["79","88.07975","3.29861","86.0","94.3"],"114":["58","90.47586","3.48664","86.2","94.6"],"115":["88","90.96023","3.57089","86.6","94.9"],"116":["86","73.17791","15.43977","56.5","94.0"],"117":["107","87.41121","4.19083","81.7","95.0"],"118":["28","90.67500","3.49853","86.4","94.7"],"119":["73","90.58767","3.59931","86.2","94.5"],"120":["56","90.98393","3.42610","86.2","94.4"],"121":["40","90.74500","3.48295","86.1","94.4"],"122":["91","89.53956","3.49894","86.1","94.8"],"123":["107","70.45140","9.73002","56.6","84.0"],"125":["112","77.57589","6.63222","70.8","93.1"],"126":["121","85.47438","3.63951","80.1","94.7"],"127":["187","87.69358","3.77711","83.0","94.7"],"128":["85","90.61765","3.51920","86.2","94.6"],"129":["59","89.80339","3.73581","86.0","94.4"],"130":["138","78.09493","8.14634","65.9","94.8"],"131":["110","81.34818","8.66295","68.9","94.9"],"132":["104","70.76923","12.80991","52.3","88.9"],"133":["177","75.79266","8.43862","64.8","94.9"],"134":["56","90.39821","3.50777","86.4","94.6"],"135":["34","89.73824","3.52904","86.5","94.6"],"136":["69","91.05652","3.20514","86.4","94.5"],"137":["63","90.81111","3.49712","86.1","94.4"],"138":["65","74.90462","6.61826","69.1","94.4"],"140":["107","75.19439","3.13186","68.7","80.2"],"141":["102","75.73431","11.01199","60.0","90.3"],"142":["108","91.06204","3.35437","86.5","94.9"],"143":["34","90.50294","3.25391","86.5","94.7"],"144":["72","90.02500","3.51899","86.2","94.6"],"145":["51","90.08431","3.55000","86.0","94.4"],"146":["26","89.90385","3.58882","86.0","94.4"],"147":["113","76.58496","1.49235","74.2","81.1"],"148":["97","67.20412","2.49234","62.4","71.7"],"149":["33","92.35758","2.93599","86.8","95.0"],"150":["75","90.77333","3.62948","86.6","94.9"],"151":["47","90.86383","3.56003","86.4","94.7"],"152":["70","90.39286","3.48627","86.1","94.6"],"153":["34","90.05588","3.51703","85.9","94.3"],"154":["52","90.59038","3.63288","86.0","94.6"],"155":["49","62.33469","1.24876","59.0","64.3"],"157":["273","79.10256","6.63868","64.0","90.6"],"158":["83","90.05422","3.68469","86.2","94.8"],"159":["60","90.14167","3.51716","86.1","94.5"],"160":["59","90.31186","3.62492","86.1","94.5"],"161":["62","89.45645","3.55884","85.9","94.3"],"162":["199","86.99648","3.78001","82.8","94.3"],"165":["280","79.72857","6.94358","69.2","95.0"],"166":["62","91.12581","3.44542","86.6","95.0"],"167":["64","88.62500","3.54546","85.4","94.8"],"168":["67","90.55075","3.41167","86.3","94.7"],"169":["57","89.64386","3.61328","86.1","94.5"],"170":["343","82.65015","7.21076","70.1","95.1"],"171":["59","66.84068","3.05010","62.6","71.4"],"172":["169","82.05562","2.90991","77.7","89.9"],"173":["109","88.41284","3.23675","84.8","94.8"],"174":["41","90.48537","3.47286","86.5","94.7"],"175":["83","90.41566","3.54729","86.3","94.6"],"176":["49","90.72653","3.42021","86.4","94.5"],"177":["75","90.32400","3.54806","86.1","94.5"],"178":["211","81.14787","10.66529","60.8","94.9"],"180":["48","76.75000","5.82963","73.0","95.2"],"181":["88","90.83750","3.58026","86.6","95.0"],"182":["75","90.59200","3.49868","86.4","94.8"],"183":["57","91.01228","3.46603","86.5","94.6"],"184":["27","90.96296","3.32835","86.4","94.6"],"185":["56","91.17857","3.33963","86.3","94.5"],"186":["184","78.43043","7.59565","69.6","94.6"],"187":["55","72.14545","4.73796","67.6","82.6"],"188":["148","65.43986","8.53430","55.8","81.6"],"189":["204","86.94657","3.72693","82.8","95.0"],"190":["24","90.26667","3.47930","86.6","94.7"],"191":["60","90.39500","3.56747","86.3","94.7"],"192":["55","90.66364","3.48474","86.3","94.5"],"193":["23","90.84783","3.38910","86.4","94.5"],"194":["73","89.33973","3.56435","84.8","94.9"],"195":["99","86.52020","5.81398","79.0","95.0"],"196":["98","78.13571","6.98851","69.2","90.1"],"197":["122","85.47787","5.54808","74.9","95.1"],"198":["69","90.27971","3.52579","86.3","94.9"],"199":["76","90.77237","3.54559","86.3","94.5"],"200":["29","89.48966","3.52570","86.1","94.5"],"201":["75","90.26267","3.50971","86.0","94.4"],"202":["103","83.81845","7.84059","73.0","94.9"],"204":["104","72.70577","4.51114","65.8","81.5"],"205":["105","76.93619","1.45164","74.8","80.7"],"206":["76","90.86184","3.41733","86.5","94.8"],"207":["45","90.20222","3.53110","86.3","94.6"],"208":["84","90.38690","3.54957","86.3","94.5"],"209":["43","90.33256","3.53972","86.2","94.4"],"210":["377","84.42599","4.44999","79.2","95.0"],"212":["127","69.97165","12.15332","51.7","88.2"],"213":["85","89.29647","4.69113","76.5","95.1"],"214":["518","84.92413","3.30579","81.0","95.0"],"215":["87","89.81034","3.55618","86.0","94.6"],"227":["59","82.77458","1.15679","80.6","85.1"],"228":["217","85.47650","1.79296","82.5","92.7"],