{"_t":[1367902800,1370494800,2592000,240],"_i":["margaritas\/006\/humidity","margaritas\/006\/temperature"],"_@":{"humi":[20,90],"temp":[0,40]},"margaritas\/006\/humidity":{"0":["169","84.00592","1.51941","82.6","85.7"],"1":["156","84.01923","1.52581","82.5","85.8"],"2":["156","84.33526","1.54442","82.8","86.1"],"3":["143","81.16294","7.34380","56.2","86.3"],"20":["113","66.57257","8.62435","47.7","78.2"],"21":["91","68.68352","9.12542","54.4","86.2"],"22":["104","83.49423","1.54838","80.6","86.2"],"23":["91","83.68571","1.00805","82.1","86.1"],"24":["117","84.39231","1.54063","82.9","86.1"],"25":["91","84.21429","1.49524","82.8","85.9"],"26":["104","72.85385","15.67739","41.6","86.1"],"27":["91","47.08132","7.77923","30.0","64.5"],"28":["117","58.38376","9.40153","38.3","71.0"],"29":["117","70.54530","10.29227","45.8","86.2"],"30":["91","84.62637","1.51141","83.2","86.4"],"31":["224","85.81563","0.98682","83.0","86.2"],"32":["251","85.69243","0.87296","82.8","86.1"],"33":["250","85.42320","0.84684","82.5","85.9"],"34":["252","63.92183","22.98200","28.4","86.2"],"35":["252","41.12579","11.61953","25.8","66.4"],"36":["251","58.15020","6.60522","37.4","72.7"],"37":["249","67.23494","15.42460","41.3","86.4"],"38":["250","85.99880","0.87052","83.2","86.3"],"39":["250","85.88560","0.85526","83.0","86.2"],"40":["250","85.65560","0.85026","82.7","86.1"],"41":["250","85.34440","0.84123","82.5","85.8"],"42":["250","65.34120","21.86280","25.4","86.2"],"43":["250","31.54280","8.34946","21.2","57.2"],"44":["250","51.43080","7.54014","36.4","68.2"],"45":["250","69.65000","9.37791","46.8","86.2"],"46":["250","85.66840","0.83134","82.9","86.2"],"47":["251","85.63546","0.85357","82.8","85.9"],"48":["248","85.65363","0.80311","82.8","85.9"],"49":["342","84.49181","1.53312","82.6","85.9"],"50":["419","72.91026","14.13354","36.2","86.1"],"51":["432","54.68356","9.03914","33.5","73.8"],"52":["419","53.84702","6.29953","34.8","68.3"],"53":["274","69.86314","9.81686","48.4","86.4"],"54":["248","84.33548","2.85967","75.8","86.4"],"55":["254","82.35433","2.84813","76.8","86.3"],"56":["251","85.61952","0.96833","82.9","86.2"],"57":["252","85.68016","0.91470","82.7","86.1"],"58":["251","72.26295","11.53158","45.9","86.2"],"59":["251","57.53028","4.45928","46.8","74.1"],"60":["249","64.35622","6.34790","50.7","78.0"],"61":["250","72.43960","9.77633","50.1","86.3"],"62":["251","85.81713","0.84593","83.0","86.3"],"63":["249","85.70080","0.82880","82.9","86.0"],"64":["249","85.75100","0.84255","82.9","86.0"],"65":["245","85.64653","0.83624","82.7","86.1"],"66":["248","74.14113","12.62398","48.2","86.3"],"67":["251","71.10359","11.13186","50.0","86.5"],"68":["249","71.58434","8.78913","47.0","86.5"],"69":["250","85.77320","1.12636","81.6","86.5"],"70":["250","85.77000","0.83221","83.0","86.2"],"71":["252","85.72619","0.86398","83.0","86.0"],"72":["248","85.76331","0.79939","82.9","86.0"],"73":["250","85.67440","0.84128","82.9","86.0"],"74":["250","69.80760","15.19875","45.0","86.3"],"75":["216","57.35833","5.35389","45.7","73.8"],"78":["50","85.96000","0.81388","83.2","86.2"],"79":["250","85.82560","0.85115","82.9","86.2"],"80":["363","84.63526","1.56699","82.9","86.1"],"81":["380","84.44500","1.56997","82.9","86.1"],"82":["406","84.46847","1.60455","80.6","86.5"],"83":["368","78.18913","8.77771","53.6","86.5"],"84":["393","70.59338","11.30225","45.7","86.9"],"85":["419","73.09618","10.79463","51.7","86.6"],"86":["419","84.52196","1.45628","82.9","86.1"],"87":["430","84.31512","1.47293","82.8","85.8"],"88":["418","84.21364","1.48460","82.7","85.8"],"89":["432","84.18194","1.51203","82.6","85.8"],"90":["419","76.33508","9.03292","51.9","86.7"],"91":["419","50.11957","11.56300","24.7","75.5"],"92":["432","51.15000","10.69320","24.0","72.4"],"93":["419","62.97924","8.20556","44.0","81.9"],"94":["418","84.54833","1.52905","80.8","86.2"],"95":["392","84.34056","1.43984","82.9","85.9"],"96":["393","84.34453","1.46408","82.9","85.9"],"97":["393","84.35420","1.47330","82.9","85.9"],"98":["380","74.31974","11.37470","34.1","86.4"],"99":["406","44.74778","10.06339","26.8","72.4"],"100":["380","63.98211","11.82873","35.1","86.9"],"101":["392","79.85791","6.44336","62.3","86.8"],"102":["392","81.55255","2.39619","76.6","86.4"],"103":["393","84.34351","1.44246","82.8","86.2"],"116":["201","66.94129","4.83402","57.0","77.4"],"117":["225","72.12889","7.16688","59.5","83.2"],"118":["224","82.80179","0.69049","79.4","83.2"],"119":["218","82.97477","0.05119","82.8","83.0"],"120":["25","82.80000","0.00000","82.8","82.8"],"123":["238","52.60588","5.24584","34.0","77.8"],"124":["392","55.05459","4.10309","46.4","67.7"],"125":["393","77.73537","5.38693","57.1","86.2"],"126":["393","84.54300","1.54326","83.0","86.2"],"127":["393","84.53028","1.54987","83.0","86.1"],"128":["432","84.50208","1.54498","82.9","86.1"],"129":["419","84.34726","1.53901","82.7","86.0"],"130":["418","77.79115","8.65799","52.2","86.3"],"131":["431","55.69582","6.88178","35.7","68.8"],"132":["380","61.42737","8.85644","42.5","80.7"],"133":["406","78.09212","8.53969","44.7","86.2"],"134":["380","84.33342","1.52318","82.8","86.1"],"135":["393","84.38651","1.57033","82.8","86.0"],"136":["393","84.43028","1.54987","82.9","86.0"],"137":["406","84.43103","1.54630","82.9","86.0"],"138":["430","75.50651","11.35611","43.9","86.3"],"139":["419","67.07589","12.42538","34.0","86.4"],"140":["203","73.75123","4.63848","62.0","82.8"],"172":["163","85.40307","1.73832","78.5","86.4"],"173":["251","83.62908","2.83449","74.7","86.3"],"174":["251","85.67012","0.87028","82.8","86.1"],"175":["251","85.42829","0.85951","82.6","85.8"],"176":["251","85.38287","0.86392","82.6","85.7"],"177":["249","85.20763","0.81061","82.4","85.5"],"178":["250","80.02840","9.49492","51.9","86.2"],"179":["249","46.08755","6.73876","35.9","65.9"],"180":["249","58.91486","18.65558","32.7","86.4"],"181":["250","71.93480","8.49477","52.8","86.4"],"182":["250","85.84560","0.85618","82.8","86.3"],"183":["250","85.33000","0.81581","82.6","85.7"],"184":["252","85.19563","0.85678","82.4","85.6"],"185":["250","85.24800","0.84684","82.4","85.6"],"186":["251","64.40438","20.68699","31.9","86.2"],"187":["249","49.22892","7.90200","31.4","70.0"],"188":["248","53.92419","8.37843","34.4","69.8"],"189":["253","79.26364","8.57490","58.5","86.5"],"190":["241","86.07593","0.78867","83.3","86.3"],"191":["251","85.90159","0.87196","83.0","86.3"],"192":["252","85.71706","0.89278","82.9","86.0"],"193":["249","85.56426","0.83750","82.6","86.0"],"194":["251","66.21076","17.91203","36.5","86.3"],"195":["146","67.50890","16.26191","37.0","86.3"]},"margaritas\/006\/temperature":{"0":["169","9.73018","0.86056","7.7","10.8"],"1":["156","9.74872","0.77819","8.1","11.1"],"2":["156","12.37500","0.99586","10.8","14.8"],"3":["143","15.56084","2.19991","13.1","21.0"],"20":["113","19.61504","1.61082","17.1","22.6"],"21":["91","18.48132","2.43874","13.3","21.4"],"22":["104","13.06058","0.69065","11.3","14.1"],"23":["91","13.14945","0.17121","12.6","13.4"],"24":["117","12.03162","0.51418","11.0","12.8"],"25":["91","10.72198","0.56584","9.7","11.6"],"26":["104","16.73173","4.44222","10.5","24.0"],"27":["91","23.96923","2.31605","18.7","29.3"],"28":["117","22.30513","2.97171","17.9","28.7"],"29":["117","18.99573","2.73950","15.2","24.5"],"30":["91","13.73736","0.72577","12.5","15.0"],"31":["224","12.68214","0.45664","11.9","14.0"],"32":["251","11.12629","0.54992","10.1","13.0"],"33":["250","9.01480","1.01334","7.3","11.4"],"34":["252","16.89444","7.04770","7.5","27.5"],"35":["252","23.96786","2.85591","18.8","30.7"],"36":["251","21.41594","2.14277","19.0","28.3"],"37":["249","19.89076","4.00352","13.8","26.6"],"38":["250","13.38400","0.49086","12.7","15.3"],"39":["250","12.29280","0.40411","11.7","13.8"],"40":["250","10.47040","0.65048","9.4","12.7"],"41":["250","8.29720","0.80753","7.3","10.8"],"42":["250","16.25080","6.37634","8.1","26.5"],"43":["250","26.56600","1.40382","21.7","29.8"],