{"_t":[1367470800,1368075600,604800,168],"_i":["valentina\/001\/humidity","valentina\/001\/temperature"],"_@":{"humi":[80,90],"temp":[10,20]},"valentina\/001\/humidity":{"33":["1","86.60000","0.00000","86.6","86.6"]},"valentina\/001\/temperature":{"33":["1","13.00000","0.00000","13.0","13.0"]}}