{"_t":[1366088400,1367643540,1555140,240],"_i":["sanpedro\/002\/humidity","sanpedro\/002\/temperature"],"_@":{"humi":[30,100],"temp":[0,40]},"sanpedro\/002\/humidity":{"0":["35","90.91429","3.39530","86.4","94.6"],"1":["35","90.76571","3.40394","86.2","94.5"],"2":["32","90.53750","3.37933","86.2","94.5"],"3":["34","90.87941","3.22607","86.3","94.6"],"4":["94","58.78511","3.06844","54.3","63.5"],"6":["44","51.31136","5.48760","46.7","67.1"],"7":["184","59.74239","7.98702","46.4","73.5"],"8":["7","52.51429","6.29409","49.2","67.9"],"9":["291","79.37904","12.33117","49.2","95.0"],"10":["49","90.69184","3.42588","86.4","94.8"],"11":["22","90.67727","3.32702","86.4","94.6"],"12":["32","91.23750","3.34419","86.5","94.7"],"13":["15","91.05333","3.46812","86.2","94.7"],"14":["28","90.81429","3.20209","85.9","94.3"],"15":["58","88.58621","3.48016","85.9","94.2"],"16":["93","89.20323","3.56176","85.9","94.2"],"17":["84","90.59405","3.44934","85.9","94.9"],"20":["138","52.44130","9.33933","36.1","70.6"],"21":["48","55.73750","3.60778","51.2","62.7"],"22":["180","76.84000","13.89983","53.5","95.1"],"23":["82","88.93415","3.82467","84.4","95.0"],"24":["10","91.52000","3.43331","86.5","94.7"],"25":["27","91.34444","3.03063","86.5","94.6"],"26":["78","91.55769","2.39602","86.5","94.6"],"27":["30","91.12667","3.18045","86.5","94.6"],"28":["30","90.99667","3.08809","86.5","94.5"],"29":["9","91.03333","3.35195","86.5","94.5"],"32":["180","61.04167","4.54161","53.8","71.5"],"33":["87","54.14138","3.71414","50.5","65.0"],"35":["232","73.86164","10.04140","55.5","93.3"],"36":["173","87.04971","3.00567","83.0","95.2"],"37":["33","91.45455","3.06664","86.7","94.9"],"38":["48","91.49167","3.32759","86.5","94.8"],"39":["21","91.35238","3.27161","86.4","94.6"],"40":["26","91.27692","3.33747","86.5","94.6"],"41":["19","91.60526","3.31114","86.3","94.6"],"42":["34","91.65294","3.14925","86.3","94.5"],"50":["41","91.69512","2.95089","86.5","94.7"],"51":["17","91.07059","3.52099","86.5","94.7"],"52":["30","91.43000","3.15374","86.5","94.7"],"53":["50","91.18000","3.29108","86.4","94.7"],"54":["24","91.05417","3.16872","86.3","94.6"],"55":["25","91.14800","3.18209","86.3","94.5"],"56":["37","91.21892","3.35389","86.3","94.5"],"57":["133","86.93835","5.32823","78.5","95.0"],"58":["98","65.16122","4.71884","55.4","81.1"],"86":["45","65.69333","1.92659","61.8","69.3"],"87":["81","73.34321","2.19184","65.1","76.5"],"88":["130","75.80538","5.19448","59.6","83.2"],"89":["122","70.17213","15.03050","51.8","95.0"],"90":["32","90.89375","3.13647","86.3","94.8"],"91":["51","90.07059","3.29291","86.2","94.5"],"92":["30","90.54667","3.20205","86.2","94.4"],"93":["38","91.29474","3.21337","86.2","94.4"],"94":["10","91.33000","2.70483","86.2","94.4"],"95":["39","90.60256","3.30636","86.1","94.4"],"96":["40","90.63000","3.37574","86.2","94.4"],"97":["86","86.97791","5.15944","78.8","94.9"],"98":["43","65.24651","4.77529","59.1","77.1"],"99":["91","78.03626","3.77567","67.4","85.4"],"102":["197","62.79492","7.25901","48.6","78.0"],"103":["43","82.37209","2.21678","79.3","92.4"],"104":["23","90.65217","3.40267","86.5","94.6"],"105":["38","91.33947","3.14446","86.3","94.5"],"106":["39","90.80000","3.24725","86.4","94.5"],"107":["26","91.45769","3.25496","86.2","94.5"],"108":["20","90.42500","3.64512","86.0","94.3"],"139":["111","54.88649","5.58687","45.3","68.0"],"140":["89","54.34270","2.27339","48.3","59.6"],"142":["83","66.58193","10.64402","55.2","82.1"],"143":["91","88.09341","5.50837","77.1","95.0"],"144":["17","91.64118","3.34507","86.7","94.9"],"145":["13","92.00769","3.09179","86.7","94.8"],"146":["32","90.80625","3.47454","86.1","94.6"],"147":["28","90.72857","3.45335","85.9","94.3"],"148":["30","90.20667","3.26710","85.7","94.2"],"149":["62","88.65645","3.57314","85.6","94.0"],"150":["229","88.30786","5.17815","76.5","94.5"],"151":["96","54.18750","5.05267","40.4","60.3"],"152":["47","63.43404","1.96309","61.4","69.2"],"154":["46","51.80435","2.24809","46.1","56.9"],"155":["183","69.13005","12.38832","42.7","89.0"],"156":["217","86.05161","5.52777","74.6","95.1"],"157":["46","90.96739","3.18482","86.2","94.7"],"158":["31","90.89677","3.28009","86.3","94.6"],"159":["37","90.49189","3.45968","86.4","94.6"],"160":["40","90.42750","3.45868","86.3","94.6"],"161":["31","91.18387","3.29556","86.2","94.5"],"162":["17","90.90588","3.17128","86.2","94.4"],"163":["46","90.85217","3.48199","86.1","94.8"],"164":["147","61.46054","8.18719","51.0","80.1"],"165":["95","62.33895","7.16339","52.2","71.0"],"166":["33","59.15455","1.37292","55.5","61.4"],"167":["89","52.93483","2.11995","47.8","58.1"],"168":["183","50.32077","4.20754","41.6","61.1"],"169":["233","72.37940","20.13732","42.6","94.7"],"170":["45","91.45111","2.99285","86.4","94.8"],"171":["41","91.00244","3.31482","86.2","94.5"],"172":["48","90.65417","3.26547","86.2","94.4"],"173":["27","90.79259","3.27074","86.3","94.5"],"174":["23","91.20435","3.33016","86.4","94.5"],"175":["51","91.31765","3.33012","86.4","94.5"],"176":["27","90.20741","3.52609","86.3","94.6"],"177":["16","90.74375","3.19080","86.7","94.8"],"178":["95","65.32211","4.94528","58.1","74.7"],"179":["48","79.79375","2.92734","75.1","84.6"],"181":["133","66.34511","3.60863","60.0","72.9"],"182":["114","85.96491","6.73201","76.9","94.9"],"183":["37","91.22973","3.16551","86.5","94.8"],"184":["24","91.26667","3.50793","86.5","94.7"],"185":["44","91.15227","3.34980","86.4","94.7"],"186":["45","90.92000","3.33830","86.4","94.7"],"187":["21","91.33810","3.28118","86.4","94.6"],"188":["31","91.23871","3.24819","86.4","94.5"],"217":["105","82.62095","5.56309","75.7","95.0"],"218":["52","62.59423","1.62071","59.3","65.3"],"219":["86","52.88372","12.27152","36.7","66.9"],"220":["197","74.83147","6.48785","67.2","87.8"],"221":["256","71.97422","5.42897","59.8","85.2"],"222":["44","56.86136","5.94242","51.8","71.1"],"223":["89","91.57640","2.36472","86.5","94.8"],"224":["22","90.86818","3.15773","86.4","94.6"],"225":["55","91.06545","3.26370","86.6","94.6"],"226":["38","91.40789","3.29820","86.4","94.6"],"227":["43","91.14884","3.39647","86.4","94.6"],"228":["31","91.11290","3.39855","86.4","94.5"],"229":["28","91.31429","3.26428","86.4","94.5"],"230":["64","91.04844","3.35037","86.4","94.8"],"231":["29","91.60345","3.03468","86.5","94.8"],"232":["43","49.93488","1.54527","47.0","55.5"],"234":["88","53.44091","3.41609","46.9","60.7"],"235":["291","61.40344","8.19112","46.4","74.7"],"236":["218","75.69404","9.88769","62.9","94.9"],"237":["45","91.02000","3.31405","86.4","94.8"],"238":["38","91.25000","3.17993","86.4","94.6"],"239":["24","90.51250","3.52826","86.4","94.6"]},"sanpedro\/002\/temperature":{"0":["35","12.14857","0.35966","11.4","12.8"],"1":["35","10.98000","0.41183","10.4","11.7"],"2":["32","11.20312","0.41869","10.5","11.9"],"3":["34","11.64706","0.63766","10.5","12.7"],"4":["94","20.92872","2.69154","18.1","26.2"],"6":["44","22.02273","0.61933","21.2","23.5"],"7":["184","22.00326","1.25529","20.5","25.4"],"8":["7","24.92857","0.04518","24.9","25.0"],"9":["291","18.05979","3.01330","13.8","25.1"],"10":["49","13.10000","0.65621","11.4","14.4"],"11":["22","12.47727","0.48141","11.5","13.5"],"12":["32","13.18437","0.37174","12.7","13.8"],"13":["15","11.92000","0.83682","10.1","13.0"],"14":["28","9.48571","0.75343","7.8","10.4"],"15":["58","8.85172","0.58169","8.2","10.1"],"16":["93","8.71075","0.58557","7.9","9.7"],"17":["84","12.06786","1.49022","8.4","15.0"],"20":["138","23.76304","2.31664","21.6","31.6"],"21":["48","23.93125","0.58279","23.4","25.1"],"22":["180","19.00167","2.97606","14.7","24.5"],"23":["82","14.17805","0.65983","13.5","16.0"],"24":["10","13.23000","0.30348","12.7","13.6"],"25":["27","12.92963","0.27864","12.6","13.4"],"26":["78","12.61538","0.23593","12.1","13.2"],"27":["30","12.37000","0.34366","11.8","13.0"],"28":["30","12.00667","0.28744","11.7","12.5"],"29":["9","12.10000","0.28674","11.7","12.6"],"32":["180","21.11167","0.94412","19.8","23.3"],