{"_t":[1366978080,1367064480,86400,144],"_i":["sanpedro\/004\/humidity","sanpedro\/004\/temp_dry","sanpedro\/004\/temp_wet"],"_@":{"humi":[60,110],"temp":[0,30]},"sanpedro\/004\/humidity":{"16":["29","67.82759","1.59890","64.0","70.0"],"17":["48","62.56250","1.57990","60.0","67.0"],"18":["80","66.71250","2.51592","62.0","71.0"],"19":["50","69.18000","2.14187","66.0","73.0"],"20":["49","69.83673","3.17739","65.0","76.0"],"21":["32","77.25000","1.71391","74.0","80.0"],"22":["52","78.44231","1.32162","76.0","81.0"],"23":["57","74.82456","2.77914","70.0","81.0"],"24":["41","74.09756","1.49479","71.0","77.0"],"25":["60","72.63333","1.51621","70.0","77.0"],"26":["56","74.53571","1.59199","72.0","78.0"],"27":["45","74.57778","1.08503","72.0","77.0"],"28":["53","72.64151","1.59118","70.0","76.0"],"29":["46","71.39130","1.52484","68.0","74.0"],"30":["57","69.91228","2.08824","67.0","73.0"],"31":["69","69.01449","1.51794","66.0","72.0"],"32":["57","70.66667","1.40592","68.0","73.0"],"33":["60","72.40000","1.15758","70.0","74.0"],"34":["54","75.31481","1.79324","72.0","78.0"],"35":["58","75.43103","1.80146","72.0","79.0"],"36":["61","75.96721","2.00791","74.0","80.0"],"37":["65","76.03077","1.60738","72.0","80.0"],"38":["77","72.96104","2.06040","69.0","76.0"],"39":["50","78.62000","1.80986","73.0","82.0"],"40":["43","77.81395","2.39433","74.0","82.0"],"41":["44","80.47727","1.23378","78.0","82.0"],"42":["43","78.41860","1.01689","76.0","81.0"],"43":["46","79.50000","1.79068","75.0","82.0"],"44":["45","81.15556","0.89332","80.0","83.0"],"45":["43","80.20930","0.92907","78.0","82.0"],"46":["43","80.97674","1.69113","77.0","83.0"],"47":["32","80.59375","1.47605","78.0","83.0"],"48":["54","81.98148","1.31220","79.0","84.0"],"49":["44","81.77273","1.14542","80.0","84.0"],"50":["46","82.21739","0.62251","81.0","83.0"],"51":["40","81.27500","0.97436","78.0","83.0"],"52":["36","78.80556","0.87621","77.0","81.0"],"53":["35","77.91429","2.19573","75.0","82.0"],"54":["27","76.62963","1.82874","74.0","80.0"],"55":["21","80.00000","0.69007","79.0","81.0"],"56":["28","81.60714","0.89997","80.0","83.0"],"57":["34","84.97059","0.78535","84.0","86.0"],"58":["24","88.91667","1.52525","86.0","91.0"],"59":["20","90.35000","0.79215","89.0","92.0"],"60":["24","91.91667","1.35144","90.0","94.0"],"61":["17","94.23529","0.64438","93.0","96.0"],"62":["17","95.47059","1.09101","94.0","98.0"],"63":["18","97.16667","0.83333","96.0","99.0"],"64":["6","98.83333","0.68718","98.0","100.0"],"65":["9","98.77778","0.62854","98.0","100.0"],"66":["8","98.75000","0.66144","98.0","100.0"],"67":["9","98.00000","0.66667","97.0","99.0"],"68":["10","97.70000","0.64031","97.0","99.0"],"69":["10","98.50000","0.67082","97.0","99.0"],"70":["11","98.45455","0.78203","97.0","100.0"],"71":["12","99.33333","0.62361","98.0","100.0"],"72":["11","98.90909","0.51426","98.0","100.0"],"73":["10","99.10000","0.70000","98.0","100.0"],"74":["8","98.75000","0.66144","98.0","100.0"],"75":["4","98.00000","0.70711","97.0","99.0"],"76":["3","98.33333","0.47140","98.0","99.0"],"77":["4","98.50000","0.50000","98.0","99.0"],"78":["8","98.00000","0.70711","97.0","99.0"],"79":["5","99.00000","0.00000","99.0","99.0"],"80":["4","99.00000","0.70711","98.0","100.0"],"81":["10","99.00000","0.63246","98.0","100.0"],"82":["10","99.00000","0.63246","98.0","100.0"],"83":["8","98.50000","0.50000","98.0","99.0"],"84":["6","97.66667","0.74536","97.0","99.0"],"85":["7","97.28571","0.45175","97.0","98.0"],"86":["5","98.40000","0.48990","98.0","99.0"],"87":["8","98.00000","0.70711","97.0","99.0"],"88":["11","97.81818","0.71582","97.0","99.0"],"89":["22","92.95455","2.78759","88.0","98.0"],"90":["13","87.61538","0.62493","87.0","89.0"],"91":["6","90.66667","0.94281","89.0","92.0"],"92":["12","92.25000","0.72169","91.0","93.0"],"93":["9","93.55556","0.49690","93.0","94.0"],"94":["5","94.80000","0.97980","94.0","96.0"],"95":["6","96.50000","0.50000","96.0","97.0"],"96":["7","96.71429","0.88063","96.0","98.0"],"97":["6","95.66667","0.74536","95.0","97.0"],"98":["7","97.00000","0.75593","96.0","98.0"],"99":["13","97.07692","0.61538","96.0","98.0"],"100":["2","97.50000","0.50000","97.0","98.0"],"101":["12","98.00000","0.91287","97.0","100.0"],"102":["10","99.60000","0.80000","98.0","101.0"],"103":["8","99.75000","1.08972","98.0","101.0"],"104":["7","99.00000","0.92582","98.0","100.0"],"105":["5","100.80000","0.74833","100.0","102.0"],"106":["5","99.20000","0.97980","98.0","100.0"],"107":["10","100.60000","1.11355","98.0","102.0"],"108":["15","99.53333","1.30979","97.0","101.0"],"109":["12","99.50000","1.32288","97.0","101.0"],"110":["7","100.28571","1.16058","98.0","102.0"],"111":["11","99.81818","0.83320","98.0","101.0"],"112":["9","100.11111","0.87489","98.0","101.0"],"113":["14","99.71429","1.16058","98.0","101.0"],"114":["10","101.30000","0.90000","100.0","103.0"],"115":["12","100.66667","0.62361","100.0","102.0"],"116":["9","99.44444","1.34256","97.0","101.0"],"117":["11","100.00000","1.04447","98.0","101.0"],"118":["4","99.00000","1.00000","98.0","100.0"],"119":["11","100.09091","1.16420","98.0","102.0"],"120":["10","97.60000","1.01980","96.0","100.0"],"121":["9","95.77778","0.62854","95.0","97.0"],"122":["7","95.14286","0.63888","94.0","96.0"],"123":["12","96.16667","0.68718","95.0","97.0"],"124":["14","97.28571","0.58902","96.0","98.0"],"125":["5","97.80000","0.40000","97.0","98.0"],"126":["10","96.70000","0.64031","96.0","98.0"],"127":["7","94.28571","0.69985","93.0","95.0"],"128":["9","94.44444","0.49690","94.0","95.0"],"129":["10","94.10000","0.70000","93.0","95.0"],"130":["6","93.83333","0.68718","93.0","95.0"],"131":["11","94.36364","0.64282","93.0","95.0"],"132":["9","94.55556","0.49690","94.0","95.0"],"133":["9","94.00000","0.66667","93.0","95.0"],"134":["7","94.28571","0.69985","93.0","95.0"],"135":["12","94.33333","0.62361","93.0","95.0"],"136":["15","94.40000","0.80000","93.0","96.0"],"137":["11","92.81818","0.93597","91.0","94.0"],"138":["23","90.52174","0.77289","89.0","92.0"],"139":["23","90.52174","0.77289","89.0","92.0"],"140":["24","88.45833","0.99913","87.0","90.0"],"141":["29","86.20690","1.18553","84.0","89.0"],"142":["34","83.08824","1.42184","81.0","87.0"],"143":["23","81.00000","1.41421","78.0","83.0"]},"sanpedro\/004\/temp_dry":{"16":["29","22.78276","0.38062","22.2","23.6"],"17":["48","25.79792","0.73584","24.5","27.1"],"18":["80","24.38000","0.98227","21.8","25.6"],"19":["50","22.10000","0.84000","21.1","23.5"],"20":["49","23.45510","0.26731","23.0","23.9"],"21":["32","22.21562","0.51058","21.5","23.1"],"22":["52","20.67692","0.52279","19.9","21.4"],"23":["57","22.84386","1.14340","20.8","24.5"],"24":["41","23.70976","0.22175","23.2","24.1"],"25":["60","23.96167","0.54009","23.1","24.9"],"26":["56","24.59286","0.23134","24.1","25.0"],"27":["45","23.76667","0.28519","23.2","24.3"],"28":["53","25.00377","0.46295","24.2","25.8"],"29":["46","25.08478","0.21465","24.8","25.7"],"30":["57","26.47193","0.34629","25.8","27.0"],"31":["69","26.66377","0.64200","25.5","27.5"],"32":["57","26.69298","0.25191","26.3","27.3"],"33":["60","26.47667","0.16670","26.1","26.8"],"34":["54","26.29259","0.21331","25.7","26.7"],"35":["58","26.01207","0.42673","25.4","26.8"],"36":["61","25.92131","0.34457","25.3","26.4"],"37":["65","26.41538","0.61824","25.2","27.3"],"38":["77","26.79221","0.66367","25.4","27.7"],"39":["50","25.36000","0.55317","24.5","26.5"],"40":["43","25.33488","0.49925","24.5","26.1"],"41":["44","24.96364","0.40119","24.3","25.7"],"42":["43","25.43488","0.16549","25.1","25.7"],"43":["46","24.66522","0.29283","24.3","25.3"],"44":["45","24.36000","0.15972","24.1","24.7"],"45":["43","24.29070","0.28269","23.6","24.6"],"46":["43","23.80698","0.49340","23.0","24.6"],"47":["32","23.68437","0.33082","23.1","24.4"],"48":["54","23.26667","0.18257","22.8","23.5"],"49":["44","22.88864","0.21555","22.5","23.3"],"50":["46","23.08913","0.17097","22.8","23.4"],"51":["40","22.33250","0.27874","21.9","22.9"],