{"_t":[1366002000,1366088400,86400,144],"_i":["sanpedro\/002\/humidity","sanpedro\/002\/temperature","sanpedro\/003\/humidity","sanpedro\/003\/temperature","sanpedro\/004\/humidity","sanpedro\/004\/temp_dry","sanpedro\/004\/temp_wet","sanpedro\/005\/humidity","sanpedro\/005\/temperature"],"_@":{"humi":[80,100],"temp":[10,20]},"sanpedro\/002\/humidity":{"48":["13","90.90000","3.35697","86.8","94.9"]},"sanpedro\/002\/temperature":{"48":["13","15.56923","0.27564","15.1","16.1"]},"sanpedro\/004\/humidity":{"48":["7","88.14286","0.63888","87.0","89.0"]},"sanpedro\/004\/temp_dry":{"48":["7","15.01429","0.14569","14.8","15.2"]},"sanpedro\/004\/temp_wet":{"48":["7","13.72857","0.10302","13.6","13.9"]}}