{"_t":[1368594000,1368853200,259200,144],"_i":["sanpedro\/002\/humidity","sanpedro\/002\/temperature"],"_@":{"humi":[40,100],"temp":[0,30]},"sanpedro\/002\/humidity":{"0":["11","91.56364","2.58326","86.4","94.5"],"1":["19","90.66842","3.38232","86.4","94.5"],"2":["13","91.12308","3.28918","86.4","94.5"],"3":["3","91.03333","3.40816","86.4","94.5"],"4":["9","90.77778","3.21965","86.4","94.5"],"5":["13","90.05385","3.48439","86.4","94.5"],"8":["7","91.12857","3.20121","86.3","94.5"],"9":["4","91.10000","3.03562","86.1","94.3"],"10":["24","89.03750","3.55408","86.1","94.3"],"11":["15","90.25333","3.50483","86.1","94.3"],"12":["34","90.61176","3.34671","86.2","94.4"],"13":["8","91.67500","3.20887","86.4","94.6"],"15":["168","78.90119","3.44204","73.7","86.2"],"17":["54","69.56667","2.29686","66.3","76.0"],"18":["51","71.24902","2.94088","68.2","78.9"],"19":["48","71.69583","2.20643","69.2","77.1"],"20":["54","76.87222","4.04568","69.9","84.4"],"21":["163","84.07914","3.39226","78.1","90.2"],"22":["84","88.90476","2.92318","83.7","92.5"],"23":["126","88.62698","4.58783","81.5","94.0"],"24":["55","78.96364","1.37409","75.0","81.5"],"25":["90","87.07778","1.23241","85.4","90.3"],"28":["154","78.45584","1.44429","74.6","82.4"],"29":["149","85.16376","4.75163","78.3","93.9"],"30":["7","91.42857","3.21146","86.6","94.8"],"31":["9","91.00000","3.24551","86.6","94.8"],"32":["11","92.44545","2.96260","86.6","94.9"],"34":["9","89.88889","3.55260","86.8","95.0"],"35":["6","91.33333","3.43155","86.7","94.9"],"36":["5","92.14000","2.97899","86.6","94.8"],"42":["9","91.06667","3.38657","86.5","94.6"],"43":["10","90.61000","3.49269","86.5","94.6"],"44":["13","90.95385","3.12696","86.5","94.6"],"46":["10","91.73000","2.83021","86.5","94.6"],"47":["5","90.36000","3.28122","86.5","94.6"],"48":["18","91.06667","3.38657","86.5","94.6"],"49":["11","90.97273","3.52216","86.5","94.6"],"50":["12","91.06667","3.38657","86.5","94.6"],"54":["7","91.15714","3.16853","86.4","94.5"],"55":["7","91.50000","3.37512","86.4","94.5"],"56":["3","91.00000","3.39706","86.4","94.5"],"57":["6","91.00000","3.39706","86.4","94.5"],"58":["5","90.26000","3.34999","86.3","94.5"],"60":["11","91.11818","3.12143","86.3","94.5"],"61":["13","90.48462","3.34177","86.4","94.6"],"62":["14","90.51429","3.50446","86.6","94.7"],"64":["50","71.09000","4.19344","67.2","83.2"],"65":["51","70.70588","1.56599","68.5","74.4"],"66":["96","61.43646","9.69974","53.9","89.4"],"67":["53","65.83585","3.58509","60.2","73.3"],"69":["51","74.89804","3.45341","71.0","80.4"],"70":["45","58.50000","4.66357","53.5","71.0"],"71":["47","60.02766","1.95880","56.7","64.7"],"76":["53","75.87736","3.39598","72.3","80.9"],"77":["54","72.47407","3.94631","68.4","80.0"],"80":["61","86.14590","3.46441","82.7","92.3"],"81":["22","91.89091","1.66239","86.9","95.1"],"82":["14","89.62143","3.33063","86.8","95.0"],"83":["5","90.70000","3.30273","86.8","94.9"],"85":["27","91.01111","2.97114","86.6","94.8"],"86":["6","91.16667","3.38657","86.6","94.7"],"87":["15","91.74667","2.78086","86.6","94.7"],"88":["19","91.27368","2.91147","86.6","94.7"],"89":["12","90.70000","3.59166","86.6","94.7"],"90":["19","91.25263","2.94464","86.6","94.7"],"91":["8","91.03750","3.57104","86.6","94.7"],"92":["4","91.42500","2.99447","86.5","94.6"],"94":["12","91.02500","3.41958","86.3","94.5"],"96":["10","90.26000","3.34999","86.3","94.5"],"97":["3","91.00000","3.39706","86.4","94.5"],"98":["12","91.47500","3.10675","86.4","94.5"],"100":["14","91.15714","3.16853","86.4","94.5"],"101":["3","89.10000","3.81838","86.4","94.5"],"102":["3","91.00000","3.39706","86.4","94.5"],"104":["3","91.00000","3.39706","86.4","94.5"],"105":["4","91.27500","2.98025","86.4","94.5"],"106":["3","91.00000","3.39706","86.4","94.5"],"107":["14","91.32857","3.27794","86.4","94.5"],"108":["15","91.00000","3.39706","86.4","94.5"],"109":["22","91.10455","3.02992","86.4","94.5"],"110":["6","90.65000","3.11328","86.4","94.5"],"111":["4","89.30000","2.90000","86.4","92.2"],"112":["7","92.42857","2.65691","86.5","94.6"],"113":["51","90.90784","3.44536","86.5","94.9"],"114":["11","91.81818","3.28739","86.7","94.9"],"115":["20","91.48000","3.28323","86.7","94.9"],"116":["86","88.63605","3.62937","83.9","95.0"],"117":["51","84.43529","4.26586","79.8","94.3"],"119":["94","74.09468","2.20687","71.2","80.8"],"120":["44","54.31818","2.55167","45.9","57.9"],"121":["96","67.12708","4.17736","62.0","78.9"],"123":["63","82.15873","4.94329","77.0","95.0"],"124":["96","80.86042","10.58655","60.9","95.1"],"125":["56","76.66429","2.34562","73.0","81.1"],"126":["105","72.96000","4.53544","66.0","81.2"],"127":["48","55.14375","6.41703","48.5","63.6"],"128":["49","60.93061","4.35605","55.9","70.1"],"129":["61","86.59180","2.15941","82.9","91.4"],"130":["51","91.56078","2.38320","86.9","95.1"],"131":["35","91.32857","3.38244","86.8","95.1"],"132":["13","91.35385","3.32094","86.6","94.8"],"133":["19","91.42632","3.42773","86.6","94.8"],"135":["15","91.18000","3.42427","86.5","94.7"],"136":["20","91.53000","3.07849","86.5","94.7"],"137":["17","92.08235","3.31134","86.3","94.6"],"138":["9","90.70000","3.24551","86.3","94.5"],"139":["15","91.74000","2.91863","86.3","94.5"],"142":["10","91.35000","2.68859","86.3","94.4"],"143":["9","90.91111","3.40863","86.3","94.5"]},"sanpedro\/002\/temperature":{"0":["11","11.97273","0.29876","11.8","12.6"],"1":["19","11.86316","0.40938","11.4","12.6"],"2":["13","11.63846","0.45326","11.2","12.4"],"3":["3","11.60000","0.42426","11.3","12.2"],"4":["9","11.76667","0.31623","11.5","12.4"],"5":["13","11.82308","0.31902","11.6","12.4"],"8":["7","10.81429","0.60102","10.1","11.7"],"9":["4","9.82500","0.63787","8.9","10.7"],"10":["24","9.17917","0.78527","8.4","10.6"],"11":["15","9.70000","0.57850","8.5","10.7"],"12":["34","10.74706","0.48095","9.9","11.7"],"13":["8","12.32500","0.49937","11.6","13.0"],"15":["168","17.43452","0.83516","16.1","19.3"],"17":["54","19.02593","1.20157","18.0","21.0"],"18":["51","18.53137","0.75680","17.8","20.0"],"19":["48","17.79583","1.07548","16.6","19.8"],"20":["54","17.47222","0.28894","17.0","18.2"],"21":["163","16.29141","0.43035","15.7","17.3"],"22":["84","16.54167","0.48873","15.1","17.4"],"23":["126","16.80079","0.89642","14.9","19.4"],"24":["55","18.23273","1.01517","17.4","21.1"],"25":["90","17.26778","1.00960","15.4","18.3"],"28":["154","16.73117","0.73604","15.9","18.8"],"29":["149","15.52483","0.78149","13.7","17.5"],"30":["7","13.78571","0.40153","13.2","14.3"],"31":["9","13.94444","0.32356","13.5","14.4"],"32":["11","14.12727","0.39333","13.4","14.6"],"34":["9","14.46667","0.42687","14.0","15.2"],"35":["6","13.71667","0.32872","13.3","14.1"],"36":["5","13.10000","0.29665","12.6","13.4"],"42":["9","12.31111","0.28065","11.9","12.6"],"43":["10","12.18000","0.28213","11.8","12.5"],"44":["13","12.22308","0.27499","11.8","12.5"],"46":["10","12.27000","0.20025","11.9","12.5"],"47":["5","12.18000","0.27857","11.8","12.5"],"48":["18","12.13333","0.27487","11.7","12.5"],"49":["11","12.01818","0.31570","11.6","12.4"],"50":["12","12.03333","0.32998","11.6","12.4"],"54":["7","11.47143","0.31493","11.0","11.8"],"55":["7","11.62857","0.34934","11.1","12.0"],"56":["3","11.56667","0.33993","11.1","11.9"],"57":["6","11.38333","0.38909","10.8","11.8"],"58":["5","11.02000","0.47074","10.4","11.5"],"60":["11","11.32727","0.44126","10.4","11.8"],"61":["13","11.92308","0.34003","11.3","12.6"],"62":["14","13.05000","0.17627","12.7","13.3"],"64":["50","18.19800","0.76511","17.6","19.6"],"65":["51","18.11765","2.00095","16.5","21.2"],"66":["96","20.83750","1.01645","20.0","23.8"],"67":["53","19.06038","1.22895","17.8","21.1"],"69":["51","17.16667","0.53675","16.6","18.3"],"70":["45","21.29111","0.86277","20.2","23.6"],"71":["47","20.22340","2.24264","18.5","24.3"],"76":["53","18.26226","0.43577","17.9","18.9"],"77":["54","18.60370","0.44595","18.3","19.7"],"80":["61","16.86885","0.58071","16.3","17.6"],"81":["22","16.12727","0.23195","15.2","16.5"],