{"_t":[1366088400,1368680400,2592000,240],"_i":["sanpedro\/003\/humidity","sanpedro\/003\/temperature"],"_@":{"humi":[30,100],"temp":[0,40]},"sanpedro\/003\/humidity":{"0":["57","90.48070","3.53521","86.2","94.6"],"1":["69","89.88551","3.55097","86.2","94.5"],"2":["71","89.29296","3.78155","84.3","94.8"],"5":["199","81.01206","8.84216","63.4","92.3"],"6":["84","90.53690","3.36904","86.4","94.9"],"7":["87","90.68506","3.41695","86.3","94.7"],"8":["105","89.49143","3.64410","85.9","94.5"],"9":["132","88.80379","3.53179","85.9","94.2"],"10":["89","75.65281","13.65100","60.2","94.4"],"11":["51","55.31569","2.76089","52.7","62.6"],"12":["38","39.72895","3.97836","32.5","48.8"],"13":["73","85.04521","3.49089","81.4","95.1"],"14":["364","85.64066","2.51467","82.8","94.9"],"15":["63","91.05238","3.13894","86.5","94.6"],"16":["35","91.23714","3.14761","86.5","94.6"],"17":["32","91.17500","3.30520","86.5","94.5"],"21":["161","85.35963","4.70547","77.7","95.2"],"22":["32","90.89688","3.62142","86.6","94.9"],"23":["26","91.15000","3.53458","86.4","94.6"],"24":["56","91.45714","3.34685","86.3","94.6"],"25":["41","90.62195","3.41585","86.3","94.5"],"29":["92","91.38152","3.24901","86.5","94.9"],"30":["69","90.96957","3.40712","86.5","94.8"],"31":["23","90.59130","3.70299","86.5","94.7"],"32":["34","91.07941","3.38967","86.3","94.7"],"33":["21","90.69048","3.57050","86.3","94.5"],"34":["49","90.79388","3.49463","86.3","94.7"],"52":["92","75.62935","3.05741","71.5","84.8"],"53":["105","74.34095","3.70273","69.0","82.4"],"54":["92","90.20217","3.56151","86.2","94.9"],"55":["96","90.26979","3.51216","86.1","94.5"],"56":["58","90.42241","3.51018","86.2","94.4"],"57":["36","90.28333","3.57301","86.2","94.4"],"58":["98","86.00204","5.75849","77.8","94.8"],"61":["217","78.46359","7.56199","68.7","94.8"],"62":["840","83.01202","4.12493","76.6","94.8"],"63":["51","90.02549","3.52931","86.3","94.5"],"64":["66","90.66364","3.45449","86.1","94.5"],"65":["3","90.76667","3.41988","86.1","94.2"],"84":["45","58.58444","2.67440","52.4","66.1"],"85":["158","73.96013","14.28832","47.8","92.6"],"86":["67","90.93284","3.36977","86.7","95.0"],"87":["188","85.32128","5.54800","77.1","94.9"],"88":["44","90.41591","3.52117","85.8","94.4"],"89":["83","87.67229","3.27135","85.6","94.1"],"90":["114","77.83509","11.87829","62.5","94.4"],"93":["66","88.23030","3.20818","85.8","95.0"],"94":["65","90.33077","3.63931","86.2","95.0"],"95":["59","90.07458","3.60464","86.3","94.6"],"96":["57","90.52807","3.45572","86.2","94.6"],"97":["63","90.87143","3.43666","86.2","94.5"],"98":["135","85.33704","6.44226","75.5","95.0"],"102":["59","90.72542","3.15286","86.3","94.8"],"103":["16","90.08750","3.53180","86.2","94.4"],"104":["65","90.97385","3.30251","86.4","94.5"],"105":["52","90.39423","3.52695","86.3","94.6"],"106":["64","90.47969","3.39053","86.4","94.8"],"107":["107","77.30467","2.08445","74.1","82.7"],"108":["44","58.10455","1.59815","51.5","60.7"],"109":["65","87.22769","3.80500","82.6","94.8"],"110":["24","90.73333","3.39898","86.5","94.7"],"111":["29","91.21034","3.34224","86.4","94.7"],"112":["36","90.82222","3.45415","86.4","94.6"],"113":["10","89.93000","3.64336","86.4","94.5"],"130":["53","88.38302","3.18699","84.1","94.9"],"132":["157","75.73631","3.75313","69.1","86.7"],"133":["10","91.94000","2.83203","86.7","94.8"],"134":["68","90.22500","3.61465","86.4","94.7"],"135":["46","90.84783","3.27605","86.4","94.6"],"136":["36","90.87778","3.47883","86.4","94.6"],"137":["85","90.36824","3.55131","86.3","94.5"],"138":["116","90.10776","3.59008","86.4","94.8"],"139":["104","86.88846","2.25795","83.6","92.5"],"141":["105","68.17048","4.00307","63.3","79.8"],"142":["52","89.82308","3.62197","86.4","94.9"],"143":["85","90.30118","3.53262","86.4","94.6"],"144":["129","88.95349","3.52963","86.0","94.5"],"145":["29","90.33448","3.43052","86.1","94.2"],"146":["129","71.07752","11.08948","60.3","94.6"],"149":["110","85.52727","5.13163","79.6","94.9"],"150":["60","91.02500","3.41436","86.7","94.8"],"151":["62","90.59355","3.46400","86.4","94.8"],"152":["38","91.01053","3.48657","86.3","94.6"],"153":["22","90.78636","3.51326","86.3","94.5"],"154":["138","81.21304","8.98711","68.2","94.7"],"155":["53","67.64906","4.03015","63.5","78.0"],"156":["271","79.21882","3.26831","73.3","88.1"],"157":["279","86.01720","3.58925","79.9","94.9"],"158":["56","89.77857","3.54908","86.3","94.7"],"159":["14","90.82143","3.34881","86.5","94.5"],"160":["29","91.45862","3.00534","86.4","94.5"],"161":["61","90.90656","3.41183","86.3","94.5"],"162":["143","86.63846","3.99739","81.2","94.9"],"165":["114","78.40965","5.44814","71.2","94.8"],"166":["86","89.80349","3.52035","86.1","94.7"],"167":["127","89.01811","3.51338","86.0","94.3"],"168":["56","89.35893","3.49565","85.9","94.2"],"169":["79","88.07975","3.29861","86.0","94.3"],"170":["58","90.47586","3.48664","86.2","94.6"],"171":["88","90.96023","3.57089","86.6","94.9"],"172":["86","73.17791","15.43977","56.5","94.0"],"173":["107","87.41121","4.19083","81.7","95.0"],"174":["28","90.67500","3.49853","86.4","94.7"],"175":["73","90.58767","3.59931","86.2","94.5"],"176":["56","90.98393","3.42610","86.2","94.4"],"177":["40","90.74500","3.48295","86.1","94.4"],"178":["91","89.53956","3.49894","86.1","94.8"],"179":["107","70.45140","9.73002","56.6","84.0"],"181":["112","77.57589","6.63222","70.8","93.1"],"182":["121","85.47438","3.63951","80.1","94.7"],"183":["187","87.69358","3.77711","83.0","94.7"],"184":["85","90.61765","3.51920","86.2","94.6"],"185":["59","89.80339","3.73581","86.0","94.4"],"186":["138","78.09493","8.14634","65.9","94.8"],"187":["110","81.34818","8.66295","68.9","94.9"],"188":["104","70.76923","12.80991","52.3","88.9"],"189":["177","75.79266","8.43862","64.8","94.9"],"190":["56","90.39821","3.50777","86.4","94.6"],"191":["34","89.73824","3.52904","86.5","94.6"],"192":["69","91.05652","3.20514","86.4","94.5"],"193":["63","90.81111","3.49712","86.1","94.4"],"194":["65","74.90462","6.61826","69.1","94.4"],"196":["107","75.19439","3.13186","68.7","80.2"],"197":["102","75.73431","11.01199","60.0","90.3"],"198":["108","91.06204","3.35437","86.5","94.9"],"199":["34","90.50294","3.25391","86.5","94.7"],"200":["72","90.02500","3.51899","86.2","94.6"],"201":["51","90.08431","3.55000","86.0","94.4"],"202":["26","89.90385","3.58882","86.0","94.4"],"203":["113","76.58496","1.49235","74.2","81.1"],"204":["97","67.20412","2.49234","62.4","71.7"],"205":["33","92.35758","2.93599","86.8","95.0"],"206":["75","90.77333","3.62948","86.6","94.9"],"207":["47","90.86383","3.56003","86.4","94.7"],"208":["70","90.39286","3.48627","86.1","94.6"],"209":["34","90.05588","3.51703","85.9","94.3"],"210":["52","90.59038","3.63288","86.0","94.6"],"211":["49","62.33469","1.24876","59.0","64.3"],"213":["273","79.10256","6.63868","64.0","90.6"],"214":["83","90.05422","3.68469","86.2","94.8"],"215":["60","90.14167","3.51716","86.1","94.5"],"216":["59","90.31186","3.62492","86.1","94.5"],"217":["62","89.45645","3.55884","85.9","94.3"],"218":["199","86.99648","3.78001","82.8","94.3"],"221":["280","79.72857","6.94358","69.2","95.0"],"222":["62","91.12581","3.44542","86.6","95.0"],"223":["64","88.62500","3.54546","85.4","94.8"],"224":["67","90.55075","3.41167","86.3","94.7"],"225":["57","89.64386","3.61328","86.1","94.5"],"226":["343","82.65015","7.21076","70.1","95.1"],"227":["59","66.84068","3.05010","62.6","71.4"],"228":["169","82.05562","2.90991","77.7","89.9"],"229":["109","88.41284","3.23675","84.8","94.8"],"230":["41","90.48537","3.47286","86.5","94.7"],"231":["83","90.41566","3.54729","86.3","94.6"],"232":["49","90.72653","3.42021","86.4","94.5"],"233":["75","90.32400","3.54806","86.1","94.5"],"234":["211","81.14787","10.66529","60.8","94.9"],"236":["48","76.75000","5.82963","73.0","95.2"],"237":["88","90.83750","3.58026","86.6","95.0"],"238":["75","90.59200","3.49868","86.4","94.8"],"239":["57","91.01228","3.46603","86.5","94.6"]},