{"_t":[1368853200,1368939600,86400,144],"_i":["valentina\/003\/humidity","valentina\/003\/temp_dry","valentina\/003\/temp_wet"],"_@":{"humi":[50,80],"temp":[10,30]},"valentina\/003\/humidity":{"65":["2","67.50000","0.50000","67.0","68.0"],"66":["2","69.50000","1.50000","68.0","71.0"],"67":["2","64.50000","0.50000","64.0","65.0"],"68":["2","61.00000","1.00000","60.0","62.0"],"69":["2","63.00000","3.00000","60.0","66.0"],"70":["2","65.00000","1.00000","64.0","66.0"],"71":["2","63.50000","4.50000","59.0","68.0"],"72":["2","62.50000","0.50000","62.0","63.0"],"73":["2","62.00000","1.00000","61.0","63.0"],"74":["1","62.00000","0.00000","62.0","62.0"]},"valentina\/003\/temp_dry":{"65":["2","19.90000","0.10000","19.8","20.0"],"66":["2","20.50000","0.30000","20.2","20.8"],"67":["2","22.10000","0.10000","22.0","22.2"],"68":["2","23.40000","0.10000","23.3","23.5"],"69":["2","23.80000","1.10000","22.7","24.9"],"70":["2","22.75000","0.95000","21.8","23.7"],"71":["2","23.20000","1.10000","22.1","24.3"],"72":["2","23.90000","1.00000","22.9","24.9"],"73":["2","23.60000","0.30000","23.3","23.9"],"74":["1","23.60000","0.00000","23.6","23.6"]},"valentina\/003\/temp_wet":{"65":["2","15.70000","0.00000","15.7","15.7"],"66":["2","16.50000","0.10000","16.4","16.6"],"67":["2","17.20000","0.20000","17.0","17.4"],"68":["2","17.80000","0.20000","17.6","18.0"],"69":["2","18.45000","0.55000","17.9","19.0"],"70":["2","17.85000","0.65000","17.2","18.5"],"71":["2","18.05000","0.25000","17.8","18.3"],"72":["2","18.50000","0.80000","17.7","19.3"],"73":["2","18.15000","0.15000","18.0","18.3"],"74":["1","18.20000","0.00000","18.2","18.2"]}}