{"_t":[1367902800,1367989200,86400,144],"_i":["valentina\/002\/humidity","valentina\/002\/temperature"],"_@":{"humi":[40,90],"temp":[0,30]},"valentina\/002\/humidity":[["2","86.10000","0.00000","86.1","86.1"],["3","84.66667","2.02704","81.8","86.1"],["3","84.66667","2.02704","81.8","86.1"],["2","86.10000","0.00000","86.1","86.1"],["2","86.10000","0.00000","86.1","86.1"],["3","84.66667","2.02704","81.8","86.1"],["2","86.10000","0.00000","86.1","86.1"],["2","86.10000","0.00000","86.1","86.1"],["2","86.10000","0.00000","86.1","86.1"],["2","86.10000","0.00000","86.1","86.1"],["3","84.66667","2.02704","81.8","86.1"],["2","86.00000","0.00000","86.0","86.0"],["2","86.00000","0.00000","86.0","86.0"],["2","86.00000","0.00000","86.0","86.0"],["2","86.00000","0.00000","86.0","86.0"],["3","84.50000","1.97990","81.7","85.9"],["2","85.90000","0.00000","85.9","85.9"],["2","85.90000","0.00000","85.9","85.9"],["2","85.90000","0.00000","85.9","85.9"],["2","85.90000","0.00000","85.9","85.9"],["3","84.46667","2.02704","81.6","85.9"],["2","85.90000","0.00000","85.9","85.9"],["2","85.90000","0.00000","85.9","85.9"],["2","85.90000","0.00000","85.9","85.9"],["2","86.00000","0.00000","86.0","86.0"],["2","86.00000","0.00000","86.0","86.0"],["3","84.56667","2.02704","81.7","86.0"],["2","86.00000","0.00000","86.0","86.0"],["2","86.00000","0.00000","86.0","86.0"],["2","86.00000","0.00000","86.0","86.0"],["2","86.00000","0.00000","86.0","86.0"],["2","86.10000","0.00000","86.1","86.1"],["2","86.10000","0.00000","86.1","86.1"],["3","84.73333","2.07418","81.8","86.2"],["2","86.20000","0.00000","86.2","86.2"],["2","86.20000","0.00000","86.2","86.2"],["2","86.20000","0.00000","86.2","86.2"],["2","86.30000","0.00000","86.3","86.3"],["2","86.30000","0.00000","86.3","86.3"],["2","86.35000","0.05000","86.3","86.4"],["3","84.93333","2.07418","82.0","86.4"],["2","86.40000","0.00000","86.4","86.4"],["2","86.40000","0.00000","86.4","86.4"],["2","86.40000","0.00000","86.4","86.4"],["2","86.40000","0.00000","86.4","86.4"],["2","86.40000","0.00000","86.4","86.4"],["3","84.96667","2.02704","82.1","86.4"],["2","86.40000","0.00000","86.4","86.4"],["2","86.40000","0.00000","86.4","86.4"],["2","86.40000","0.00000","86.4","86.4"],["2","86.45000","0.05000","86.4","86.5"],["2","86.55000","0.05000","86.5","86.6"],["2","86.60000","0.00000","86.6","86.6"],["2","86.60000","0.00000","86.6","86.6"],["2","86.40000","0.20000","86.2","86.6"],["2","85.20000","1.50000","83.7","86.7"],["2","86.60000","0.00000","86.6","86.6"],["2","86.60000","0.00000","86.6","86.6"],["3","85.20000","1.97990","82.4","86.6"],["3","85.23333","2.00389","82.4","86.7"],["3","84.26667","3.44125","79.4","86.7"],["2","86.70000","0.00000","86.7","86.7"],["2","86.60000","0.00000","86.6","86.6"],["2","86.60000","0.00000","86.6","86.6"],["3","85.26667","1.95675","82.5","86.7"],["3","83.96667","3.86552","78.5","86.7"],["2","86.60000","0.00000","86.6","86.6"],["2","86.70000","0.00000","86.7","86.7"],["2","79.80000","1.30000","78.5","81.1"],["2","68.45000","0.95000","67.5","69.4"],["1","67.10000","0.00000","67.1","67.1"],["2","63.55000","3.75000","59.8","67.3"],["2","56.80000","0.20000","56.6","57.0"],["2","54.75000","2.35000","52.4","57.1"],["3","57.36667","2.45674","53.9","59.3"],["2","55.35000","1.15000","54.2","56.5"],["2","55.35000","0.95000","54.4","56.3"],["2","48.60000","0.30000","48.3","48.9"],["2","52.60000","5.50000","47.1","58.1"],["3","60.20000","6.54879","53.3","69.0"],["2","71.10000","4.00000","67.1","75.1"],["2","84.85000","1.75000","83.1","86.6"],["2","86.55000","0.05000","86.5","86.6"],["2","86.50000","0.00000","86.5","86.5"],["3","85.13333","1.93276","82.4","86.5"],["2","86.60000","0.00000","86.6","86.6"],["2","86.05000","0.65000","85.4","86.7"],["2","81.25000","0.15000","81.1","81.4"],["2","76.70000","0.30000","76.4","77.0"],["2","70.95000","2.95000","68.0","73.9"],["2","61.60000","0.60000","61.0","62.2"],["2","68.35000","0.45000","67.9","68.8"],["2","65.80000","0.60000","65.2","66.4"],["2","68.10000","1.00000","67.1","69.1"],["2","70.55000","0.15000","70.4","70.7"],["2","72.55000","0.05000","72.5","72.6"],["2","73.45000","2.05000","71.4","75.5"],["2","80.25000","2.55000","77.7","82.8"],["2","84.35000","1.45000","82.9","85.8"]],