{"_t":[1369371600,1369458000,86400,144],"_i":["sanpedro\/002\/humidity","sanpedro\/002\/temperature"],"_@":{"humi":[60,100],"temp":[10,30]},"sanpedro\/002\/humidity":{"8":["6","91.03333","3.43155","86.4","94.6"],"9":["6","91.03333","3.43155","86.4","94.6"],"13":["4","90.67500","2.46817","86.4","92.1"],"14":["7","90.01429","3.23526","86.4","94.6"],"16":["8","90.58750","3.38505","86.4","94.6"],"18":["4","91.92500","3.34916","86.4","94.6"],"21":["4","91.30000","3.00749","86.4","94.6"],"22":["8","91.92500","3.34916","86.4","94.6"],"23":["6","91.03333","3.43155","86.4","94.6"],"24":["8","90.90000","3.61766","86.4","94.6"],"25":["4","91.30000","3.00749","86.4","94.6"],"26":["7","90.37143","3.56680","86.4","94.6"],"27":["8","90.90000","3.61766","86.4","94.6"],"28":["6","91.03333","3.43155","86.4","94.6"],"29":["6","91.03333","3.43155","86.4","94.6"],"35":["4","89.80000","3.60139","86.3","94.5"],"36":["7","89.50000","3.71214","86.3","94.5"],"38":["5","91.96000","2.99640","86.4","94.6"],"41":["3","91.16667","3.44222","86.5","94.7"],"43":["48","90.77083","3.61530","86.5","95.0"],"51":["48","69.49792","2.74253","66.0","75.0"],"58":["48","66.56875","1.19481","64.5","69.7"],"59":["52","67.86923","1.34086","66.2","72.1"],"60":["50","71.82600","2.54242","69.3","78.5"],"67":["57","84.40175","2.18853","80.0","86.9"],"68":["42","91.41905","2.15796","86.7","94.8"]},"sanpedro\/002\/temperature":{"8":["6","11.86667","0.36818","11.4","12.3"],"9":["6","11.86667","0.36818","11.4","12.3"],"13":["4","11.75000","0.20616","11.4","11.9"],"14":["7","11.78571","0.34405","11.4","12.4"],"16":["8","11.86250","0.38058","11.4","12.4"],"18":["4","11.95000","0.47170","11.2","12.4"],"21":["4","11.80000","0.39370","11.2","12.3"],"22":["8","11.87500","0.43229","11.2","12.3"],"23":["6","11.78333","0.37156","11.3","12.2"],"24":["8","11.78750","0.43714","11.2","12.3"],"25":["4","11.75000","0.39051","11.2","12.3"],"26":["7","11.65714","0.42378","11.2","12.3"],"27":["8","11.68750","0.47811","11.1","12.3"],"28":["6","11.70000","0.40825","11.2","12.2"],"29":["6","11.65000","0.43108","11.1","12.2"],"35":["4","10.95000","0.50249","10.4","11.5"],"36":["7","11.20000","0.46599","10.7","11.8"],"38":["5","12.30000","0.56921","11.3","12.9"],"41":["3","13.20000","0.45461","12.7","13.8"],"43":["48","14.27917","0.68555","13.1","15.8"],"51":["48","19.06250","1.12724","18.2","21.7"],"58":["48","19.47917","1.61967","17.9","21.7"],"59":["52","19.18269","1.57452","17.9","21.7"],"60":["50","17.70000","0.72609","17.2","19.2"],"67":["57","16.40702","0.96752","15.1","18.7"],"68":["42","15.42619","0.59244","13.7","16.0"]}}