{"_t":[1381122000,1381208400,86400,144],"_i":["timana0\/001\/humidity","timana0\/001\/temp_dry","timana0\/001\/temp_wet"],"_@":{"humi":[40,90],"temp":[10,30]},"timana0\/001\/humidity":{"50":["2","54.00000","1.00000","53.0","55.0"],"51":["2","52.50000","0.50000","52.0","53.0"],"52":["2","51.00000","1.00000","50.0","52.0"],"53":["2","51.50000","0.50000","51.0","52.0"],"54":["2","47.50000","1.50000","46.0","49.0"],"55":["2","48.00000","2.00000","46.0","50.0"],"56":["2","51.50000","0.50000","51.0","52.0"],"57":["2","52.50000","0.50000","52.0","53.0"],"58":["2","53.00000","0.00000","53.0","53.0"],"59":["2","54.00000","0.00000","54.0","54.0"],"60":["2","54.00000","0.00000","54.0","54.0"],"61":["2","50.50000","0.50000","50.0","51.0"],"62":["2","48.00000","0.00000","48.0","48.0"],"63":["2","51.00000","1.00000","50.0","52.0"],"64":["2","53.00000","0.00000","53.0","53.0"],"65":["2","51.50000","1.50000","50.0","53.0"],"66":["2","52.50000","0.50000","52.0","53.0"],"67":["2","53.00000","0.00000","53.0","53.0"],"68":["2","56.00000","2.00000","54.0","58.0"],"69":["2","63.00000","2.00000","61.0","65.0"],"70":["2","65.00000","1.00000","64.0","66.0"],"71":["2","67.00000","0.00000","67.0","67.0"],"72":["2","67.00000","1.00000","66.0","68.0"],"73":["2","65.00000","0.00000","65.0","65.0"],"74":["2","65.00000","0.00000","65.0","65.0"],"75":["2","66.00000","0.00000","66.0","66.0"],"76":["2","68.50000","1.50000","67.0","70.0"],"77":["2","85.50000","1.50000","84.0","87.0"],"78":["2","84.00000","1.00000","83.0","85.0"],"79":["2","76.50000","1.50000","75.0","78.0"],"80":["2","68.50000","0.50000","68.0","69.0"],"81":["2","55.50000","3.50000","52.0","59.0"],"82":["1","53.00000","0.00000","53.0","53.0"],"83":["1","50.00000","0.00000","50.0","50.0"]},"timana0\/001\/temp_dry":{"50":["2","17.25000","0.35000","16.9","17.6"],"51":["2","17.15000","0.05000","17.1","17.2"],"52":["2","18.25000","0.25000","18.0","18.5"],"53":["2","18.35000","0.15000","18.2","18.5"],"54":["2","20.00000","0.60000","19.4","20.6"],"55":["2","20.05000","0.55000","19.5","20.6"],"56":["2","18.75000","0.35000","18.4","19.1"],"57":["2","18.55000","0.05000","18.5","18.6"],"58":["2","18.55000","0.15000","18.4","18.7"],"59":["2","18.50000","0.00000","18.5","18.5"],"60":["2","19.05000","0.25000","18.8","19.3"],"61":["2","21.70000","0.20000","21.5","21.9"],"62":["2","22.30000","0.10000","22.2","22.4"],"63":["2","21.65000","0.05000","21.6","21.7"],"64":["2","20.95000","0.05000","20.9","21.0"],"65":["2","21.95000","0.45000","21.5","22.4"],"66":["2","22.10000","0.20000","21.9","22.3"],"67":["2","21.50000","0.40000","21.1","21.9"],"68":["2","20.35000","0.45000","19.9","20.8"],"69":["2","18.75000","0.35000","18.4","19.1"],"70":["2","17.75000","0.25000","17.5","18.0"],"71":["2","16.85000","0.15000","16.7","17.0"],"72":["2","16.70000","0.20000","16.5","16.9"],"73":["2","16.75000","0.15000","16.6","16.9"],"74":["2","16.40000","0.10000","16.3","16.5"],"75":["2","16.45000","0.15000","16.3","16.6"],"76":["2","15.80000","0.30000","15.5","16.1"],"77":["2","13.95000","0.35000","13.6","14.3"],"78":["2","14.25000","0.35000","13.9","14.6"],"79":["2","15.95000","0.55000","15.4","16.5"],"80":["2","17.40000","0.50000","16.9","17.9"],"81":["2","21.05000","0.75000","20.3","21.8"],"82":["1","22.50000","0.00000","22.5","22.5"],"83":["1","23.20000","0.00000","23.2","23.2"]},"timana0\/001\/temp_wet":{"50":["2","12.10000","0.20000","11.9","12.3"],"51":["2","11.80000","0.00000","11.8","11.8"],"52":["2","12.55000","0.05000","12.5","12.6"],"53":["2","12.70000","0.10000","12.6","12.8"],"54":["2","13.40000","0.30000","13.1","13.7"],"55":["2","13.55000","0.15000","13.4","13.7"],"56":["2","13.00000","0.20000","12.8","13.2"],"57":["2","13.00000","0.10000","12.9","13.1"],"58":["2","13.05000","0.15000","12.9","13.2"],"59":["2","13.20000","0.00000","13.2","13.2"],"60":["2","13.60000","0.20000","13.4","13.8"],"61":["2","15.30000","0.10000","15.2","15.4"],"62":["2","15.45000","0.05000","15.4","15.5"],"63":["2","15.35000","0.05000","15.3","15.4"],"64":["2","15.05000","0.05000","15.0","15.1"],"65":["2","15.70000","0.20000","15.5","15.9"],"66":["2","16.00000","0.10000","15.9","16.1"],"67":["2","15.50000","0.30000","15.2","15.8"],"68":["2","15.00000","0.10000","14.9","15.1"],"69":["2","14.50000","0.10000","14.4","14.6"],"70":["2","13.90000","0.10000","13.8","14.0"],"71":["2","13.30000","0.10000","13.2","13.4"],"72":["2","13.15000","0.05000","13.1","13.2"],"73":["2","12.95000","0.15000","12.8","13.1"],"74":["2","12.70000","0.10000","12.6","12.8"],"75":["2","12.80000","0.10000","12.7","12.9"],"76":["2","12.50000","0.10000","12.4","12.6"],"77":["2","12.60000","0.20000","12.4","12.8"],"78":["2","12.75000","0.25000","12.5","13.0"],"79":["2","13.55000","0.35000","13.2","13.9"],"80":["2","13.95000","0.35000","13.6","14.3"],"81":["2","15.50000","0.10000","15.4","15.6"],"82":["1","16.30000","0.00000","16.3","16.3"],"83":["1","16.50000","0.00000","16.5","16.5"]}}