{"_t":[1365217200,1365303600,86400,144],"_i":["sanpedro\/004\/humidity","sanpedro\/004\/temp_dry","sanpedro\/004\/temp_wet"],"_@":{"humi":[50,110],"temp":[0,40]},"sanpedro\/004\/humidity":[["8","99.37500","0.48412","99.0","100.0"],["5","99.60000","0.48990","99.0","100.0"],["5","99.40000","0.48990","99.0","100.0"],["4","98.75000","0.43301","98.0","99.0"],["3","99.00000","0.00000","99.0","99.0"],["3","99.33333","0.47140","99.0","100.0"],["5","99.40000","0.48990","99.0","100.0"],["3","99.33333","0.47140","99.0","100.0"],["2","99.00000","0.00000","99.0","99.0"],["4","98.75000","0.43301","98.0","99.0"],["8","99.00000","0.70711","98.0","100.0"],["7","98.85714","0.63888","98.0","100.0"],["10","99.00000","0.63246","98.0","100.0"],["9","98.77778","0.62854","98.0","100.0"],["7","98.57143","0.90351","97.0","100.0"],["4","98.25000","0.43301","98.0","99.0"],["8","97.62500","0.48412","97.0","98.0"],["7","98.00000","0.75593","97.0","99.0"],["4","97.75000","0.43301","97.0","98.0"],["7","98.14286","0.63888","97.0","99.0"],["6","98.66667","0.74536","98.0","100.0"],["4","98.75000","0.82916","98.0","100.0"],["6","98.83333","0.89753","98.0","100.0"],["7","98.85714","0.83299","98.0","100.0"],["5","98.20000","0.40000","98.0","99.0"],["3","98.33333","0.47140","98.0","99.0"],["4","97.50000","0.50000","97.0","98.0"],["3","98.33333","0.94281","97.0","99.0"],["2","99.00000","0.00000","99.0","99.0"],["5","97.40000","0.48990","97.0","98.0"],["6","99.16667","0.68718","98.0","100.0"],["4","98.50000","0.50000","98.0","99.0"],["3","98.66667","0.47140","98.0","99.0"],["4","97.75000","0.43301","97.0","98.0"],["2","98.50000","0.50000","98.0","99.0"],["5","97.80000","0.40000","97.0","98.0"],["2","98.00000","0.00000","98.0","98.0"],["6","98.83333","0.68718","98.0","100.0"],["6","97.50000","0.50000","97.0","98.0"],["5","97.60000","0.48990","97.0","98.0"],["4","97.50000","0.50000","97.0","98.0"],["5","98.60000","1.20000","97.0","100.0"],["5","98.80000","0.74833","98.0","100.0"],["3","97.66667","0.47140","97.0","98.0"],["7","98.14286","0.63888","97.0","99.0"],["7","97.57143","0.49487","97.0","98.0"],["5","97.20000","0.40000","97.0","98.0"],["11","97.36364","0.48105","97.0","98.0"],["17","97.35294","1.02562","96.0","100.0"],["10","96.50000","0.50000","96.0","97.0"],["15","96.60000","0.61101","96.0","98.0"],["17","95.00000","0.68599","94.0","96.0"],["18","93.38889","0.67814","92.0","95.0"],["33","90.69697","1.05844","89.0","93.0"],["33","86.78788","1.03741","85.0","89.0"],["36","83.30556","1.24319","81.0","85.0"],["49","80.46939","1.43003","77.0","82.0"],["43","73.11628","1.43396","71.0","77.0"],["34","72.17647","1.42397","69.0","74.0"],["26","68.73077","0.81135","67.0","71.0"],["42","66.26190","1.19641","65.0","69.0"],["33","65.48485","0.55711","65.0","67.0"],["40","64.77500","1.27451","62.0","66.0"],["48","61.29167","1.01977","59.0","64.0"],["56","58.69643","1.20889","57.0","62.0"],["50","61.46000","0.80523","59.0","63.0"],["71","61.74648","2.67339","58.0","69.0"],["55","64.89091","1.46067","63.0","69.0"],["64","65.68750","1.27322","63.0","68.0"],["54","69.48148","1.61865","66.0","72.0"],["64","72.14062","1.81889","68.0","74.0"],["57","66.84211","1.32174","65.0","70.0"],["68","70.58824","3.04976","66.0","76.0"],["70","71.91429","1.39123","69.0","75.0"],["65","71.12308","2.43379","67.0","75.0"],["62","66.98387","1.22464","65.0","69.0"],["60","69.33333","1.16428","68.0","73.0"],["53","68.18868","0.89140","67.0","70.0"],["53","66.33962","1.27299","64.0","69.0"],["49","70.46939","2.92143","66.0","76.0"],["45","76.75556","1.11864","75.0","79.0"],["54","73.46296","1.31534","71.0","76.0"],["33","73.63636","1.32157","70.0","75.0"],["58","72.27586","2.04090","69.0","75.0"],["65","71.27692","1.93357","68.0","76.0"],["51","75.78431","1.09031","74.0","78.0"],["52","72.46154","0.77115","71.0","74.0"],["44","71.25000","0.90767","69.0","73.0"],["68","73.92647","0.84568","72.0","76.0"],["43","73.06977","1.31883","71.0","76.0"],["44","73.09091","1.08331","71.0","75.0"],["49","73.20408","1.06866","71.0","75.0"],["29","73.86207","0.62831","73.0","75.0"],["49","73.63265","0.59569","72.0","75.0"],["53","73.35849","0.93353","72.0","75.0"],["61","73.13115","0.99960","71.0","75.0"],["54","80.87037","3.15082","76.0","87.0"],["42","88.76190","1.23075","87.0","92.0"],["38","91.21053","0.46780","90.0","92.0"],["39","91.20513","0.46296","90.0","92.0"],["27","89.70370","0.85266","88.0","91.0"],["35","87.34286","0.89260","85.0","89.0"],["37","82.75676","2.16115","80.0","87.0"],["24","81.37500","0.80687","80.0","83.0"],["44","79.29545","0.94339","78.0","81.0"],["53","80.71698","1.98463","78.0","84.0"],["55","86.56364","2.18893","83.0","90.0"],["41","90.07317","0.46277","89.0","91.0"],["29","90.93103","0.82759","89.0","93.0"],["26","90.61538","0.92308","88.0","92.0"],["25","90.00000","0.97980","88.0","92.0"],["28","89.60714","0.61756","89.0","91.0"],["30","91.03333","0.60461","90.0","92.0"],["25","92.92000","0.97652","91.0","94.0"],["23","93.86957","0.53604","93.0","95.0"],["12","95.33333","0.62361","94.0","96.0"],["11","97.36364","0.64282","96.0","98.0"],["15","98.73333","0.85375","97.0","100.0"],["12","100.00000","0.00000","100.0","100.0"],["9","99.88889","0.31427","99.0","100.0"],["10","99.40000","0.48990","99.0","100.0"],["10","99.90000","0.30000","99.0","100.0"],["12","99.83333","0.37268","99.0","100.0"],["12","99.66667","0.47140","99.0","100.0"],["7","100.14286","0.34993","100.0","101.0"],["9","100.44444","0.49690","100.0","101.0"],["9","99.55556","0.68493","99.0","101.0"],["8","99.75000","0.82916","99.0","101.0"],["18","99.88889","0.45812","99.0","101.0"],["7","99.85714","0.63888","99.0","101.0"],["5","100.00000","0.89443","99.0","101.0"],["8","100.25000","0.43301","100.0","101.0"],["3","99.66667","0.47140","99.0","100.0"],["7","100.00000","0.00000","100.0","100.0"],["6","99.50000","0.50000","99.0","100.0"],["6","99.83333","0.37268","99.0","100.0"],["7","100.00000","0.00000","100.0","100.0"],["6","99.83333","0.37268","99.0","100.0"],["6","99.50000","0.50000","99.0","100.0"],["3","99.66667","0.47140","99.0","100.0"],["9","99.44444","0.49690","99.0","100.0"],["2","99.00000","0.00000","99.0","99.0"],["2","99.00000","0.00000","99.0","99.0"],["5","99.40000","0.48990","99.0","100.0"]],