{"_t":[1369672500,1369758900,86400,144],"_i":["valentina\/002\/humidity","valentina\/002\/temperature"],"_@":{"humi":[30,90],"temp":[0,30]},"valentina\/002\/humidity":{"15":["2","67.30000","1.10000","66.2","68.4"],"16":["2","55.15000","3.25000","51.9","58.4"],"17":["2","37.05000","5.15000","31.9","42.2"],"18":["2","34.70000","3.50000","31.2","38.2"],"19":["2","44.50000","4.30000","40.2","48.8"],"20":["2","40.85000","7.45000","33.4","48.3"],"21":["2","49.20000","2.70000","46.5","51.9"],"22":["2","59.05000","2.15000","56.9","61.2"],"23":["3","71.90000","3.44770","68.2","76.5"],"24":["3","79.50000","4.22453","73.8","83.9"],"25":["3","83.90000","4.17213","78.0","86.9"],"26":["2","86.80000","0.00000","86.8","86.8"],"27":["2","86.80000","0.00000","86.8","86.8"],"28":["2","86.80000","0.00000","86.8","86.8"],"29":["2","86.75000","0.05000","86.7","86.8"],"30":["2","86.75000","0.05000","86.7","86.8"],"31":["2","86.65000","0.05000","86.6","86.7"],"32":["2","86.60000","0.00000","86.6","86.6"],"33":["2","86.60000","0.00000","86.6","86.6"],"34":["2","86.60000","0.00000","86.6","86.6"],"35":["2","86.50000","0.00000","86.5","86.5"],"36":["2","86.50000","0.00000","86.5","86.5"],"37":["2","86.50000","0.00000","86.5","86.5"],"38":["2","86.50000","0.00000","86.5","86.5"],"39":["3","85.10000","1.97990","82.3","86.5"],"40":["3","85.10000","1.97990","82.3","86.5"],"41":["3","85.10000","1.97990","82.3","86.5"],"42":["3","85.10000","1.97990","82.3","86.5"],"43":["3","85.10000","1.97990","82.3","86.5"],"44":["2","86.50000","0.00000","86.5","86.5"],"45":["2","86.50000","0.00000","86.5","86.5"],"46":["2","86.45000","0.05000","86.4","86.5"],"47":["2","86.40000","0.00000","86.4","86.4"],"48":["2","86.30000","0.00000","86.3","86.3"],"49":["2","86.30000","0.00000","86.3","86.3"],"50":["2","86.30000","0.00000","86.3","86.3"],"51":["2","86.30000","0.00000","86.3","86.3"],"52":["2","86.30000","0.00000","86.3","86.3"],"53":["1","86.30000","0.00000","86.3","86.3"],"54":["2","86.25000","0.05000","86.2","86.3"],"55":["2","86.20000","0.00000","86.2","86.2"],"56":["2","86.20000","0.00000","86.2","86.2"],"57":["2","86.20000","0.00000","86.2","86.2"],"58":["1","86.10000","0.00000","86.1","86.1"],"59":["2","86.10000","0.00000","86.1","86.1"],"60":["2","86.10000","0.00000","86.1","86.1"],"61":["2","86.10000","0.00000","86.1","86.1"],"62":["2","86.10000","0.00000","86.1","86.1"],"63":["2","86.05000","0.05000","86.0","86.1"],"64":["3","84.60000","1.97990","81.8","86.0"],"65":["3","84.56667","2.02704","81.7","86.0"],"66":["3","84.56667","2.02704","81.7","86.0"],"67":["2","86.00000","0.00000","86.0","86.0"],"68":["2","86.00000","0.00000","86.0","86.0"],"69":["2","86.00000","0.00000","86.0","86.0"],"70":["1","86.00000","0.00000","86.0","86.0"],"71":["2","85.95000","0.05000","85.9","86.0"],"72":["2","85.90000","0.00000","85.9","85.9"],"73":["2","85.90000","0.00000","85.9","85.9"],"74":["3","84.46667","2.02704","81.6","85.9"],"75":["3","84.46667","2.02704","81.6","85.9"],"76":["3","84.40000","1.97990","81.6","85.8"],"116":["1","86.70000","0.00000","86.7","86.7"],"117":["2","86.65000","0.05000","86.6","86.7"],"118":["2","84.90000","1.90000","83.0","86.8"],"119":["2","83.90000","0.80000","83.1","84.7"],"120":["2","80.70000","2.70000","78.0","83.4"],"121":["2","78.85000","0.65000","78.2","79.5"],"122":["2","80.25000","1.05000","79.2","81.3"],"123":["2","74.45000","0.25000","74.2","74.7"],"124":["2","73.05000","1.75000","71.3","74.8"],"125":["3","68.23333","6.03895","59.7","72.8"],"126":["2","71.30000","2.50000","68.8","73.8"],"127":["2","66.30000","0.10000","66.2","66.4"],"128":["2","65.10000","4.80000","60.3","69.9"],"129":["3","70.73333","2.08220","68.2","73.3"],"130":["2","74.75000","0.15000","74.6","74.9"],"131":["2","79.40000","0.20000","79.2","79.6"],"132":["3","81.63333","0.57349","80.9","82.3"],"133":["3","80.73333","2.08060","77.8","82.4"],"134":["3","68.46667","11.71959","54.3","83.0"],"135":["3","58.13333","15.67255","45.3","80.2"],"136":["2","49.00000","0.40000","48.6","49.4"],"137":["3","54.56667","8.93769","47.9","67.2"],"138":["2","53.30000","2.60000","50.7","55.9"],"139":["2","51.70000","0.50000","51.2","52.2"],"140":["2","47.95000","0.55000","47.4","48.5"],"141":["2","45.95000","2.35000","43.6","48.3"],"142":["2","46.40000","2.40000","44.0","48.8"],"143":["3","48.56667","2.08060","46.9","51.5"]},"valentina\/002\/temperature":{"15":["2","17.65000","0.25000","17.4","17.9"],"16":["2","20.70000","0.90000","19.8","21.6"],"17":["2","26.45000","1.65000","24.8","28.1"],"18":["2","26.95000","0.75000","26.2","27.7"],"19":["2","23.30000","0.70000","22.6","24.0"],"20":["2","24.80000","2.20000","22.6","27.0"],"21":["2","21.25000","0.85000","20.4","22.1"],"22":["2","19.40000","0.40000","19.0","19.8"],"23":["3","16.90000","0.94163","15.8","18.1"],"24":["3","15.63333","0.74087","14.6","16.3"],"25":["3","14.60000","0.42426","14.3","15.2"],"26":["2","14.30000","0.10000","14.2","14.4"],"27":["2","14.65000","0.05000","14.6","14.7"],"28":["2","15.05000","0.05000","15.0","15.1"],"29":["2","15.25000","0.05000","15.2","15.3"],"30":["2","15.30000","0.10000","15.2","15.4"],"31":["2","14.05000","0.25000","13.8","14.3"],"32":["2","13.55000","0.15000","13.4","13.7"],"33":["2","13.65000","0.05000","13.6","13.7"],"34":["2","13.50000","0.10000","13.4","13.6"],"35":["2","13.00000","0.00000","13.0","13.0"],"36":["2","13.05000","0.15000","12.9","13.2"],"37":["2","13.05000","0.05000","13.0","13.1"],"38":["2","12.70000","0.00000","12.7","12.7"],"39":["3","12.10000","0.71181","11.1","12.7"],"40":["3","11.93333","0.74087","10.9","12.6"],"41":["3","12.03333","0.80554","10.9","12.7"],"42":["3","11.86667","0.82597","10.7","12.5"],"43":["3","11.90000","0.92014","10.6","12.6"],"44":["2","12.45000","0.05000","12.4","12.5"],"45":["2","12.25000","0.05000","12.2","12.3"],"46":["2","12.05000","0.05000","12.0","12.1"],"47":["2","11.55000","0.15000","11.4","11.7"],"48":["2","11.15000","0.05000","11.1","11.2"],"49":["2","11.00000","0.00000","11.0","11.0"],"50":["2","10.85000","0.15000","10.7","11.0"],"51":["2","10.80000","0.10000","10.7","10.9"],"52":["2","10.70000","0.00000","10.7","10.7"],"53":["1","10.70000","0.00000","10.7","10.7"],"54":["2","10.45000","0.05000","10.4","10.5"],"55":["2","10.25000","0.05000","10.2","10.3"],"56":["2","10.20000","0.00000","10.2","10.2"],"57":["2","10.05000","0.05000","10.0","10.1"],"58":["1","9.90000","0.00000","9.9","9.9"],"59":["2","9.75000","0.05000","9.7","9.8"],"60":["2","9.65000","0.05000","9.6","9.7"],"61":["2","9.55000","0.05000","9.5","9.6"],"62":["2","9.40000","0.00000","9.4","9.4"],"63":["2","9.20000","0.10000","9.1","9.3"],"64":["3","8.33333","1.01434","6.9","9.1"],"65":["3","8.20000","1.06145","6.7","9.0"],"66":["3","8.16667","1.10855","6.6","9.0"],"67":["2","8.90000","0.00000","8.9","8.9"],"68":["2","8.75000","0.05000","8.7","8.8"],"69":["2","8.60000","0.00000","8.6","8.6"],"70":["1","8.70000","0.00000","8.7","8.7"],"71":["2","8.45000","0.15000","8.3","8.6"],"72":["2","8.50000","0.00000","8.5","8.5"],"73":["2","8.20000","0.10000","8.1","8.3"],"74":["3","7.33333","1.08423","5.8","8.1"],"75":["3","7.13333","1.15566","5.5","8.0"],"76":["3","7.06667","1.10855","5.5","7.9"],"116":["1","14.60000","0.00000","14.6","14.6"],"117":["2","14.90000","0.20000","14.7","15.1"],"118":["2","15.45000","0.05000","15.4","15.5"],"119":["2","16.10000","0.30000","15.8","16.4"],"120":["2","16.85000","0.35000","16.5","17.2"],"121":["2","16.60000","0.60000","16.0","17.2"],"122":["2","17.00000","0.40000","16.6","17.4"],"123":["2","17.90000","0.20000","17.7","18.1"],"124":["2","18.30000","0.20000","18.1","18.5"],"125":["3","17.76667","0.74087","17.1","18.8"],"126":["2","18.15000","0.05000","18.1","18.2"],"127":["2","20.15000","0.55000","19.6","20.7"],"128":["2","19.70000","0.40000","19.3","20.1"],"129":["3","17.63333","1.74611","15.3","19.5"],"130":["2","16.70000","0.30000","16.4","17.0"],"131":["2","16.15000","0.05000","16.1","16.2"],"132":["3","14.03333","2.14838","11.0","15.7"],