{"_t":[1367254800,1367273280,18480,100],"_i":["sanpedro\/006\/VoltR"],"_@":{"Volt":[0,140]},"sanpedro\/006\/VoltR":{"0":["9","118.11111","43.27803","0.0","138.0"],"1":["4","93.25000","56.20220","0.0","138.0"],"2":["1","0.00000","0.00000","0.0","0.0"],"3":["1","0.00000","0.00000","0.0","0.0"],"5":["1","0.00000","0.00000","0.0","0.0"],"7":["1","0.00000","0.00000","0.0","0.0"],"8":["1","0.00000","0.00000","0.0","0.0"],"10":["1","0.00000","0.00000","0.0","0.0"],"12":["1","0.00000","0.00000","0.0","0.0"],"13":["1","0.00000","0.00000","0.0","0.0"],"15":["1","0.00000","0.00000","0.0","0.0"],"16":["1","0.00000","0.00000","0.0","0.0"],"18":["1","0.00000","0.00000","0.0","0.0"],"19":["2","0.00000","0.00000","0.0","0.0"],"21":["1","0.00000","0.00000","0.0","0.0"],"23":["1","0.00000","0.00000","0.0","0.0"],"24":["1","0.00000","0.00000","0.0","0.0"],"26":["1","0.00000","0.00000","0.0","0.0"],"27":["1","0.00000","0.00000","0.0","0.0"],"29":["1","0.00000","0.00000","0.0","0.0"],"31":["1","0.00000","0.00000","0.0","0.0"],"32":["1","0.00000","0.00000","0.0","0.0"],"34":["1","0.00000","0.00000","0.0","0.0"],"36":["1","0.00000","0.00000","0.0","0.0"],"37":["1","0.00000","0.00000","0.0","0.0"],"39":["1","0.00000","0.00000","0.0","0.0"],"41":["1","0.00000","0.00000","0.0","0.0"],"42":["1","0.00000","0.00000","0.0","0.0"],"44":["1","0.00000","0.00000","0.0","0.0"],"45":["1","0.00000","0.00000","0.0","0.0"],"47":["1","0.00000","0.00000","0.0","0.0"],"50":["1","0.00000","0.00000","0.0","0.0"],"51":["2","0.00000","0.00000","0.0","0.0"],"52":["1","137.00000","0.00000","137.0","137.0"],"53":["1","0.00000","0.00000","0.0","0.0"],"54":["1","0.00000","0.00000","0.0","0.0"],"56":["1","0.00000","0.00000","0.0","0.0"],"58":["1","0.00000","0.00000","0.0","0.0"],"59":["1","0.00000","0.00000","0.0","0.0"],"61":["1","0.00000","0.00000","0.0","0.0"],"63":["1","0.00000","0.00000","0.0","0.0"],"64":["1","0.00000","0.00000","0.0","0.0"],"66":["1","0.00000","0.00000","0.0","0.0"],"68":["1","0.00000","0.00000","0.0","0.0"],"69":["1","0.00000","0.00000","0.0","0.0"],"71":["1","0.00000","0.00000","0.0","0.0"],"72":["1","0.00000","0.00000","0.0","0.0"],"74":["3","90.00000","63.63961","0.0","135.0"],"75":["1","0.00000","0.00000","0.0","0.0"],"76":["1","0.00000","0.00000","0.0","0.0"],"78":["1","0.00000","0.00000","0.0","0.0"],"79":["1","0.00000","0.00000","0.0","0.0"],"81":["1","0.00000","0.00000","0.0","0.0"],"83":["1","0.00000","0.00000","0.0","0.0"],"84":["1","0.00000","0.00000","0.0","0.0"],"86":["1","0.00000","0.00000","0.0","0.0"],"88":["1","0.00000","0.00000","0.0","0.0"],"89":["1","0.00000","0.00000","0.0","0.0"],"91":["1","0.00000","0.00000","0.0","0.0"],"93":["1","0.00000","0.00000","0.0","0.0"],"94":["1","0.00000","0.00000","0.0","0.0"],"96":["1","0.00000","0.00000","0.0","0.0"],"98":["1","0.00000","0.00000","0.0","0.0"],"99":["1","0.00000","0.00000","0.0","0.0"]}}