{"_t":[1366866000,1371272340,4406340,240],"_i":["sanpedro\/005\/humidity","sanpedro\/005\/temperature"],"_@":{"humi":[20,100],"temp":[0,40]},"sanpedro\/005\/humidity":{"6":["795","51.58906","4.34929","38.5","65.2"],"7":["2506","53.76065","5.67796","41.4","71.8"],"8":["549","75.79326","10.30144","61.2","95.0"],"9":["375","83.00933","9.16145","68.6","94.8"],"10":["643","81.96003","9.25363","63.2","94.6"],"11":["2573","56.46681","7.53624","35.3","89.9"],"12":["1910","62.31592","10.75036","44.7","95.0"],"13":["102","91.13824","3.36834","86.2","94.9"],"14":["58","91.56034","3.42853","86.2","94.6"],"15":["1395","64.80358","13.15422","41.0","95.0"],"16":["2500","55.99048","5.76604","45.3","75.6"],"17":["1497","57.64997","13.67180","39.9","94.8"],"18":["132","90.75000","3.54107","86.2","94.6"],"19":["58","90.82931","3.56661","86.3","94.6"],"20":["1670","70.02707","10.49432","52.5","94.9"],"21":["2598","65.66162","7.39019","46.8","80.9"],"22":["625","81.97408","7.00850","69.2","94.8"],"23":["76","91.36842","3.41676","86.4","94.7"],"24":["6","91.93333","2.70350","86.4","94.5"],"34":["1452","55.45055","13.72400","36.9","94.8"],"35":["2283","65.26978","10.86645","40.4","88.4"],"36":["1222","68.51473","12.17941","50.2","94.8"],"37":["88","90.96591","3.27188","86.4","94.6"],"38":["69","91.58261","3.42095","86.4","94.6"],"39":["1527","62.45108","14.97557","42.4","94.9"],"40":["2317","53.88071","8.11501","34.6","77.5"],"41":["578","79.78460","8.46199","66.6","94.8"],"42":["49","91.44490","3.30003","86.1","94.6"],"43":["870","76.16897","10.02121","59.6","94.9"],"44":["2563","51.98439","5.80691","40.9","68.0"],"45":["1914","66.14446","13.75294","47.1","95.0"],"46":["89","91.74944","3.38214","86.4","95.4"],"47":["68","91.58676","3.29232","86.3","94.6"],"48":["1002","75.07096","6.94063","61.1","94.9"],"49":["2441","60.42474","13.15679","43.2","91.0"],"50":["1002","84.99591","4.20056","76.8","94.9"],"51":["95","91.26105","3.21140","86.5","94.5"],"52":["72","91.03056","3.42327","86.3","94.5"],"53":["2125","60.86287","12.82611","36.1","94.6"],"54":["2679","65.58638","8.81346","48.2","84.2"],"55":["535","79.11271","7.27541","62.4","94.8"],"56":["137","90.46058","3.56801","85.8","94.3"],"57":["128","89.77422","3.71314","85.8","94.5"],"58":["971","73.31586","12.55272","52.0","94.9"],"59":["1605","76.95209","10.26466","52.7","95.0"],"60":["59","91.34407","3.42514","86.3","94.7"],"61":["111","90.95405","3.42684","86.1","94.5"],"62":["1277","69.65544","12.84847","51.0","94.8"],"63":["2450","62.44196","6.87570","48.0","89.2"],"64":["1612","57.53424","12.59644","36.4","94.8"],"65":["127","87.58110","3.50625","84.6","94.7"],"66":["132","90.43333","3.62852","86.0","94.6"],"67":["1729","75.83621","8.87179","60.8","95.0"],"68":["2712","69.87172","9.84501","47.6","90.5"],"69":["900","67.04511","9.13222","51.9","94.7"],"70":["91","91.08132","3.35981","86.4","94.6"],"71":["144","90.92083","3.45673","86.1","94.7"],"72":["2454","64.13496","11.63960","42.9","95.1"],"73":["2539","70.78405","10.41784","49.2","92.0"],"74":["160","91.74250","2.67380","86.5","95.0"],"75":["135","90.91185","3.48595","86.2","94.6"],"76":["957","72.88976","14.84436","44.0","94.8"],"77":["2388","56.22764","13.41838","35.0","80.5"],"78":["1808","72.92837","11.63511","51.6","94.9"],"79":["75","91.31733","3.22777","86.4","94.8"],"80":["104","90.75385","3.39878","85.9","94.6"],"81":["1524","54.11759","18.72459","31.7","94.8"],"82":["2520","56.14139","11.46823","29.4","76.9"],"83":["1226","74.08116","10.56879","41.9","94.8"],"84":["63","91.17302","3.48189","86.2","94.5"],"85":["90","90.46444","3.59587","85.9","94.5"],"86":["2196","67.09904","13.83813","42.1","94.7"],"87":["2495","66.22337","7.67962","46.8","84.1"],"88":["295","86.10881","5.28648","78.8","95.0"],"89":["61","91.01311","3.53467","86.3","94.7"],"90":["315","84.27746","6.81775","73.3","95.1"],"91":["2461","68.77810","7.80337","53.4","94.9"],"92":["1876","77.43017","7.65935","55.3","94.9"],"93":["124","91.46129","3.04839","86.4","94.7"],"94":["48","91.05000","3.57194","86.3","94.5"],"95":["111","91.14054","3.30147","86.1","94.9"]},"sanpedro\/005\/temperature":{"6":["795","22.87660","2.11820","19.3","28.7"],"7":["2506","23.51121","1.91200","18.4","30.1"],"8":["549","17.54554","1.82960","13.5","21.2"],"9":["375","11.76853","1.36107","6.7","13.7"],"10":["643","12.66858","4.10173","5.5","20.5"],"11":["2573","22.01702","2.88522","17.0","31.3"],"12":["1910","21.46901","3.12302","14.3","29.2"],"13":["102","12.26471","0.87376","10.2","14.2"],"14":["58","11.16379","0.56924","10.0","12.3"],"15":["1395","19.67147","3.63470","9.8","30.3"],"16":["2500","22.58312","2.40902","17.5","28.6"],"17":["1497","21.90828","3.40828","11.2","27.4"],"18":["132","11.32576","0.88263","9.5","12.8"],"19":["58","12.02414","0.52893","11.0","12.9"],"20":["1670","18.87743","2.60190","11.6","26.9"],"21":["2598","19.84095","2.65865","15.8","29.0"],"22":["625","14.71456","1.15346","11.9","18.0"],"23":["76","12.17895","0.63085","11.0","13.3"],"24":["6","11.80000","0.39158","11.1","12.3"],"34":["1452","22.60427","4.22456","13.3","32.4"],"35":["2283","20.58988","3.00659","15.7","31.0"],"36":["1222","18.34378","2.64091","11.5","22.6"],"37":["88","12.41250","0.43244","11.3","13.1"],"38":["69","12.15362","0.45511","11.2","13.4"],"39":["1527","20.73222","3.95176","11.6","29.7"],"40":["2317","22.84489","2.63896","17.7","31.8"],"41":["578","16.12318","1.64639","11.3","18.7"],"42":["49","10.59184","1.09765","8.6","12.9"],"43":["870","17.20632","3.35259","8.9","25.5"],"44":["2563","24.36910","2.66368","17.8","31.2"],"45":["1914","20.74107","3.75436","13.3","29.1"],"46":["89","13.52135","0.77900","11.5","14.6"],"47":["68","11.88824","0.53234","10.9","12.6"],"48":["1002","16.92246","2.16265","10.9","22.9"],"49":["2441","20.33925","3.26988","15.2","30.3"],"50":["1002","15.44311","0.80397","10.9","16.7"],"51":["95","12.19789","0.30607","11.7","12.8"],"52":["72","11.54722","0.46576","10.4","12.3"],"53":["2125","20.31638","3.44582","11.8","29.8"],"54":["2679","20.25192","2.98331","15.3","29.5"],"55":["535","15.92224","2.18276","9.2","19.2"],"56":["137","9.55985","0.86678","7.4","10.8"],"57":["128","9.20234","1.28461","7.2","12.3"],"58":["971","18.08527","2.19329","11.3","22.5"],"59":["1605","17.63171","1.78832","12.7","22.5"],"60":["59","11.89831","0.74390","10.5","13.7"],"61":["111","11.01622","0.50521","9.4","11.7"],"62":["1277","18.13038","3.61894","8.1","27.7"],"63":["2450","20.33445","2.01489","15.9","26.4"],"64":["1612","20.47419","3.13263","12.1","25.8"],"65":["127","12.94409","0.56855","11.2","13.5"],"66":["132","10.64621","1.08561","8.4","12.7"],"67":["1729","16.98502","1.71272","10.6","22.1"],"68":["2712","19.20063","2.08692","15.6","26.2"],"69":["900","18.55789","1.90778","11.5","21.5"],"70":["91","12.09780","0.39279","10.9","13.0"],"71":["144","11.07847","1.14765","9.0","13.9"],"72":["2454","20.02588","2.63220","13.3","28.9"],"73":["2539","19.50473","2.70778","15.5","28.4"],"74":["160","15.29437","1.25739","11.9","16.7"],"75":["135","11.83852","0.93246","9.8","13.4"],"76":["957","17.17607","4.11372","7.7","28.0"],"77":["2388","21.98731","3.28663","17.3","32.3"],"78":["1808","19.61482","2.63969","13.1","25.2"],"79":["75","12.98000","0.64208","11.1","14.1"],"80":["104","9.55000","1.35887","7.5","13.0"],"81":["1524","20.62356","4.37811","7.7","29.8"],"82":["2520","22.57210","2.90317","18.5","31.6"],"83":["1226","18.16852","2.56432","10.9","25.8"],"84":["63","11.34921","0.64485","9.6","12.2"],"85":["90","9.41333","1.03131","7.6","11.7"],"86":["2196","18.16539","3.21939","11.3","30.5"],"87":["2495","20.41174","1.75612","17.4","26.7"],"88":["295","16.19458","1.66795","13.0","18.8"],"89":["61","12.36230","0.61034","10.6","13.4"],"90":["315","14.33365","2.07973","8.6","17.6"],"91":["2461","18.96595","1.99692","15.7","26.3"],"92":["1876","17.56189","1.79434","12.4","23.5"],"93":["124","12.30806","0.69324","11.3","13.5"],"94":["48","11.70833","0.59225","10.3","12.6"],