{"_t":[1377234000,1377320400,86400,144],"_i":["valentina\/002\/humidity","valentina\/002\/temperature"],"_@":{"humi":[30,90],"temp":[0,30]},"valentina\/002\/humidity":[["2","81.50000","0.00000","81.5","81.5"],["2","81.50000","0.00000","81.5","81.5"],["2","81.50000","0.00000","81.5","81.5"],["2","81.50000","0.00000","81.5","81.5"],["2","81.50000","0.00000","81.5","81.5"],["2","81.50000","0.00000","81.5","81.5"],["2","81.50000","0.00000","81.5","81.5"],["2","81.45000","0.05000","81.4","81.5"],["2","81.40000","0.00000","81.4","81.4"],["2","81.40000","0.00000","81.4","81.4"],["2","81.40000","0.00000","81.4","81.4"],["2","81.40000","0.00000","81.4","81.4"],["2","81.30000","0.00000","81.3","81.3"],["2","81.35000","0.05000","81.3","81.4"],["2","81.40000","0.00000","81.4","81.4"],["2","81.40000","0.00000","81.4","81.4"],["2","81.45000","0.05000","81.4","81.5"],["2","81.50000","0.00000","81.5","81.5"],["2","81.50000","0.00000","81.5","81.5"],["2","81.50000","0.00000","81.5","81.5"],["2","81.50000","0.00000","81.5","81.5"],["2","81.50000","0.00000","81.5","81.5"],["2","81.50000","0.00000","81.5","81.5"],["2","81.50000","0.00000","81.5","81.5"],["2","81.50000","0.00000","81.5","81.5"],["2","81.45000","0.05000","81.4","81.5"],["2","81.40000","0.00000","81.4","81.4"],["2","81.40000","0.00000","81.4","81.4"],["2","81.40000","0.00000","81.4","81.4"],["2","81.40000","0.00000","81.4","81.4"],["2","81.40000","0.00000","81.4","81.4"],["2","81.40000","0.00000","81.4","81.4"],["2","81.40000","0.00000","81.4","81.4"],["2","81.40000","0.00000","81.4","81.4"],["2","81.40000","0.00000","81.4","81.4"],["2","81.40000","0.00000","81.4","81.4"],["2","81.40000","0.00000","81.4","81.4"],["2","81.50000","0.00000","81.5","81.5"],["2","81.60000","0.00000","81.6","81.6"],["2","81.85000","0.05000","81.8","81.9"],["2","82.00000","0.00000","82.0","82.0"],["2","82.10000","0.00000","82.1","82.1"],["2","82.20000","0.00000","82.2","82.2"],["2","81.15000","1.05000","80.1","82.2"],["2","78.55000","0.15000","78.4","78.7"],["2","77.50000","0.80000","76.7","78.3"],["2","72.40000","1.00000","71.4","73.4"],["2","68.80000","1.40000","67.4","70.2"],["2","66.75000","0.35000","66.4","67.1"],["2","60.90000","0.80000","60.1","61.7"],["2","58.95000","1.95000","57.0","60.9"],["2","54.35000","0.15000","54.2","54.5"],["2","52.60000","1.20000","51.4","53.8"],["2","50.35000","0.85000","49.5","51.2"],["2","51.75000","0.65000","51.1","52.4"],["2","54.25000","0.85000","53.4","55.1"],["2","43.50000","4.70000","38.8","48.2"],["2","48.95000","0.55000","48.4","49.5"],["1","47.90000","0.00000","47.9","47.9"],["1","45.20000","0.00000","45.2","45.2"]],"valentina\/002\/temperature":[["2","6.30000","0.00000","6.3","6.3"],["2","6.25000","0.05000","6.2","6.3"],["2","6.15000","0.05000","6.1","6.2"],["2","6.00000","0.00000","6.0","6.0"],["2","5.90000","0.00000","5.9","5.9"],["2","5.85000","0.05000","5.8","5.9"],["2","5.90000","0.00000","5.9","5.9"],["2","5.65000","0.05000","5.6","5.7"],["2","5.60000","0.00000","5.6","5.6"],["2","5.65000","0.05000","5.6","5.7"],["2","5.60000","0.10000","5.5","5.7"],["2","5.20000","0.10000","5.1","5.3"],["2","4.95000","0.05000","4.9","5.0"],["2","5.40000","0.10000","5.3","5.5"],["2","5.45000","0.05000","5.4","5.5"],["2","5.80000","0.10000","5.7","5.9"],["2","6.20000","0.10000","6.1","6.3"],["2","6.45000","0.05000","6.4","6.5"],["2","6.55000","0.05000","6.5","6.6"],["2","6.70000","0.00000","6.7","6.7"],["2","6.60000","0.10000","6.5","6.7"],["2","6.25000","0.05000","6.2","6.3"],["2","6.20000","0.00000","6.2","6.2"],["2","6.35000","0.05000","6.3","6.4"],["2","6.25000","0.05000","6.2","6.3"],["2","5.75000","0.05000","5.7","5.8"],["2","5.45000","0.05000","5.4","5.5"],["2","5.50000","0.00000","5.5","5.5"],["2","5.50000","0.00000","5.5","5.5"],["2","5.55000","0.05000","5.5","5.6"],["2","5.60000","0.00000","5.6","5.6"],["2","5.90000","0.00000","5.9","5.9"],["2","5.90000","0.00000","5.9","5.9"],["2","5.85000","0.05000","5.8","5.9"],["2","5.70000","0.00000","5.7","5.7"],["2","5.80000","0.00000","5.8","5.8"],["2","5.85000","0.05000","5.8","5.9"],["2","6.25000","0.15000","6.1","6.4"],["2","7.25000","0.45000","6.8","7.7"],["2","9.05000","0.45000","8.6","9.5"],["2","10.25000","0.15000","10.1","10.4"],["2","11.05000","0.35000","10.7","11.4"],["2","11.75000","0.25000","11.5","12.0"],["2","12.25000","0.05000","12.2","12.3"],["2","11.95000","0.05000","11.9","12.0"],["2","12.75000","0.25000","12.5","13.0"],["2","13.50000","0.10000","13.4","13.6"],["2","14.60000","0.40000","14.2","15.0"],["2","15.95000","0.45000","15.5","16.4"],["2","16.95000","0.45000","16.5","17.4"],["2","17.75000","0.15000","17.6","17.9"],["2","18.80000","0.10000","18.7","18.9"],["2","19.60000","0.10000","19.5","19.7"],["2","20.40000","0.10000","20.3","20.5"],["2","19.10000","0.30000","18.8","19.4"],["2","19.80000","1.10000","18.7","20.9"],["2","23.55000","0.35000","23.2","23.9"],["2","21.75000","0.05000","21.7","21.8"],["1","20.90000","0.00000","20.9","20.9"],["1","21.00000","0.00000","21.0","21.0"]]}