{"_t":[1368162000,1368248400,86400,144],"_i":["valentina\/003\/humidity","valentina\/003\/temp_dry","valentina\/003\/temp_wet"],"_@":{"humi":[60,100],"temp":[0,30]},"valentina\/003\/humidity":[["2","94.50000","0.50000","94.0","95.0"],["2","94.00000","0.00000","94.0","94.0"],["2","94.00000","0.00000","94.0","94.0"],["2","94.50000","0.50000","94.0","95.0"],["2","94.00000","0.00000","94.0","94.0"],["2","93.50000","0.50000","93.0","94.0"],["2","94.00000","0.00000","94.0","94.0"],["2","94.50000","0.50000","94.0","95.0"],["2","95.50000","0.50000","95.0","96.0"],["2","95.00000","0.00000","95.0","95.0"],["2","95.50000","0.50000","95.0","96.0"],["2","95.00000","0.00000","95.0","95.0"],["2","95.00000","0.00000","95.0","95.0"],["2","95.50000","0.50000","95.0","96.0"],["2","95.50000","0.50000","95.0","96.0"],["2","95.50000","0.50000","95.0","96.0"],["2","95.50000","0.50000","95.0","96.0"],["2","95.00000","0.00000","95.0","95.0"],["2","96.00000","0.00000","96.0","96.0"],["2","95.50000","0.50000","95.0","96.0"],["2","96.00000","0.00000","96.0","96.0"],["2","96.00000","0.00000","96.0","96.0"],["2","96.00000","0.00000","96.0","96.0"],["2","96.00000","0.00000","96.0","96.0"],["2","96.00000","0.00000","96.0","96.0"],["2","96.00000","0.00000","96.0","96.0"],["2","96.50000","0.50000","96.0","97.0"],["2","96.00000","0.00000","96.0","96.0"],["2","96.00000","0.00000","96.0","96.0"],["2","96.50000","0.50000","96.0","97.0"],["2","96.50000","0.50000","96.0","97.0"],["2","97.00000","0.00000","97.0","97.0"],["2","96.50000","0.50000","96.0","97.0"],["2","97.00000","0.00000","97.0","97.0"],["2","96.00000","0.00000","96.0","96.0"],["2","96.50000","0.50000","96.0","97.0"],["2","96.00000","0.00000","96.0","96.0"],["2","95.50000","0.50000","95.0","96.0"],["2","95.00000","0.00000","95.0","95.0"],["2","95.50000","0.50000","95.0","96.0"],["2","94.00000","0.00000","94.0","94.0"],["2","93.50000","0.50000","93.0","94.0"],["2","92.00000","0.00000","92.0","92.0"],["2","88.50000","1.50000","87.0","90.0"],["2","82.00000","1.00000","81.0","83.0"],["2","75.00000","2.00000","73.0","77.0"],["2","74.00000","0.00000","74.0","74.0"],["2","72.00000","0.00000","72.0","72.0"],["2","70.50000","0.50000","70.0","71.0"],["2","67.50000","1.50000","66.0","69.0"],["2","68.00000","1.00000","67.0","69.0"],["2","68.50000","1.50000","67.0","70.0"],["2","71.50000","1.50000","70.0","73.0"],["2","70.50000","0.50000","70.0","71.0"],["2","74.50000","2.50000","72.0","77.0"],["2","76.50000","0.50000","76.0","77.0"],["2","77.50000","0.50000","77.0","78.0"],["2","73.50000","1.50000","72.0","75.0"],["2","68.00000","3.00000","65.0","71.0"],["2","63.50000","0.50000","63.0","64.0"],["2","62.50000","2.50000","60.0","65.0"],["2","70.00000","0.00000","70.0","70.0"],["2","69.50000","0.50000","69.0","70.0"],["2","68.50000","0.50000","68.0","69.0"],["2","69.50000","2.50000","67.0","72.0"],["2","71.00000","0.00000","71.0","71.0"],["2","77.00000","1.00000","76.0","78.0"],["2","72.00000","1.00000","71.0","73.0"],["2","72.50000","0.50000","72.0","73.0"],["2","75.50000","0.50000","75.0","76.0"],["2","79.00000","1.00000","78.0","80.0"],["2","80.50000","0.50000","80.0","81.0"],["2","78.00000","3.00000","75.0","81.0"],["2","69.50000","0.50000","69.0","70.0"],["2","67.00000","2.00000","65.0","69.0"],["2","66.50000","0.50000","66.0","67.0"],["2","65.00000","1.00000","64.0","66.0"],["2","70.00000","3.00000","67.0","73.0"],["2","79.50000","1.50000","78.0","81.0"],["1","83.00000","0.00000","83.0","83.0"],["2","82.00000","0.00000","82.0","82.0"],["2","81.00000","0.00000","81.0","81.0"],["2","80.50000","0.50000","80.0","81.0"],["2","81.50000","0.50000","81.0","82.0"],["2","76.50000","4.50000","72.0","81.0"],["2","64.50000","1.50000","63.0","66.0"],["2","73.50000","1.50000","72.0","75.0"],["2","67.00000","2.00000","65.0","69.0"],["2","71.50000","3.50000","68.0","75.0"],["2","71.50000","1.50000","70.0","73.0"],["1","72.00000","0.00000","72.0","72.0"]],"valentina\/003\/temp_dry":[["2","11.55000","0.05000","11.5","11.6"],["2","11.50000","0.00000","11.5","11.5"],["2","11.45000","0.05000","11.4","11.5"],["2","11.40000","0.00000","11.4","11.4"],["2","11.35000","0.05000","11.3","11.4"],["2","11.40000","0.00000","11.4","11.4"],["2","11.40000","0.00000","11.4","11.4"],["2","11.35000","0.05000","11.3","11.4"],["2","11.15000","0.05000","11.1","11.2"],["2","11.10000","0.00000","11.1","11.1"],["2","11.00000","0.00000","11.0","11.0"],["2","11.00000","0.00000","11.0","11.0"],["2","10.95000","0.05000","10.9","11.0"],["2","10.90000","0.00000","10.9","10.9"],["2","10.90000","0.10000","10.8","11.0"],["2","10.85000","0.05000","10.8","10.9"],["2","10.75000","0.05000","10.7","10.8"],["2","10.70000","0.00000","10.7","10.7"],["2","10.55000","0.05000","10.5","10.6"],["2","10.55000","0.05000","10.5","10.6"],["2","10.40000","0.00000","10.4","10.4"],["2","10.40000","0.00000","10.4","10.4"],["2","10.35000","0.05000","10.3","10.4"],["2","10.10000","0.10000","10.0","10.2"],["2","9.90000","0.00000","9.9","9.9"],["2","9.85000","0.05000","9.8","9.9"],["2","9.75000","0.05000","9.7","9.8"],["2","9.65000","0.05000","9.6","9.7"],["2","9.65000","0.05000","9.6","9.7"],["2","9.45000","0.05000","9.4","9.5"],["2","9.65000","0.05000","9.6","9.7"],["2","9.80000","0.00000","9.8","9.8"],["2","9.80000","0.00000","9.8","9.8"],["2","9.80000","0.00000","9.8","9.8"],["2","9.85000","0.05000","9.8","9.9"],["2","10.00000","0.10000","9.9","10.1"],["2","10.45000","0.05000","10.4","10.5"],["2","10.70000","0.00000","10.7","10.7"],["2","10.75000","0.05000","10.7","10.8"],["2","11.10000","0.10000","11.0","11.2"],["2","11.60000","0.10000","11.5","11.7"],["2","12.15000","0.25000","11.9","12.4"],["2","12.65000","0.15000","12.5","12.8"],["2","13.60000","0.30000","13.3","13.9"],["2","15.75000","0.45000","15.3","16.2"],["2","17.60000","0.10000","17.5","17.7"],["2","17.00000","0.10000","16.9","17.1"],["2","18.45000","0.15000","18.3","18.6"],["2","18.25000","0.55000","17.7","18.8"],["2","19.60000","0.60000","19.0","20.2"],["2","19.45000","0.75000","18.7","20.2"],["2","20.55000","0.65000","19.9","21.2"],["2","19.30000","0.40000","18.9","19.7"],["2","20.30000","0.50000","19.8","20.8"],["2","18.40000","0.80000","17.6","19.2"],["2","17.40000","0.20000","17.2","17.6"],["2","17.65000","0.15000","17.5","17.8"],["2","18.35000","0.05000","18.3","18.4"],["2","19.75000","0.95000","18.8","20.7"],["2","22.45000","0.35000","22.1","22.8"],["2","21.15000","0.15000","21.0","21.3"],["2","19.95000","0.25000","19.7","20.2"],["2","20.15000","0.55000","19.6","20.7"],["2","20.55000","0.45000","20.1","21.0"],["2","20.55000","0.15000","20.4","20.7"],["2","20.95000","0.35000","20.6","21.3"],["2","19.45000","0.35000","19.1","19.8"],["2","20.55000","0.25000","20.3","20.8"],["2","20.65000","0.45000","20.2","21.1"],["2","19.70000","0.10000","19.6","19.8"],["2","18.20000","0.30000","17.9","18.5"],["2","17.80000","0.10000","17.7","17.9"],["2","19.35000","1.45000","17.9","20.8"],["2","22.45000","0.15000","22.3","22.6"],["2","23.55000","0.75000","22.8","24.3"],["2","25.70000","0.10000","25.6","25.8"],["2","25.00000","0.30000","24.7","25.3"],["2","22.90000","0.80000","22.1","23.7"],["2","19.30000","0.70000","18.6","20.0"],["1","17.80000","0.00000","17.8","17.8"],["2","17.60000","0.20000","17.4","17.8"],["2","17.90000","0.00000","17.9","17.9"],["2","17.35000","0.35000","17.0","17.7"],["2","17.20000","0.30000","16.9","17.5"],["2","20.10000","2.20000","17.9","22.3"],["2","25.60000","0.40000","25.2","26.0"],["2","21.50000","0.60000","20.9","22.1"],["2","24.00000","1.00000","23.0","25.0"],["2","23.65000","1.25000","22.4","24.9"],["2","22.00000","0.30000","21.7","22.3"],["1","21.90000","0.00000","21.9","21.9"]],