{"_t":[1362114000,1364792400,2678400,240],"_i":["sanpedro\/003\/humidity","sanpedro\/003\/temperature"],"_@":{"humi":[20,90],"temp":[0,30]},"sanpedro\/003\/humidity":{"0":["46","86.40000","0.00000","86.4","86.4"],"1":["45","86.40000","0.00000","86.4","86.4"],"2":["59","86.21186","0.10429","86.1","86.4"],"3":["636","74.28428","6.50707","62.4","86.8"],"4":["1014","67.15809","9.11464","48.6","83.0"],"5":["489","71.43947","9.41341","54.3","86.9"],"35":["27","56.37407","4.95346","47.8","63.5"],"36":["38","57.98158","4.45054","50.4","65.7"],"37":["37","73.04595","10.15599","56.3","86.6"],"38":["37","84.97568","2.49545","78.8","86.6"],"39":["37","86.47568","0.04290","86.4","86.5"],"40":["37","86.32973","0.08339","86.2","86.4"],"41":["38","86.19737","0.07429","86.1","86.3"],"42":["37","63.29189","14.39674","43.3","86.6"],"43":["37","53.57027","9.96171","39.8","73.7"],"44":["37","44.24054","6.24580","33.4","60.4"],"45":["36","82.05000","7.07003","61.6","86.7"],"46":["37","86.40270","0.02835","86.3","86.5"],"47":["38","86.33421","0.07354","86.2","86.4"],"48":["36","86.32778","0.09891","86.1","86.4"],"49":["37","85.47027","2.38915","76.8","86.6"],"50":["37","48.56757","15.21239","31.8","81.9"],"51":["38","61.17895","9.21004","32.1","75.4"],"52":["37","70.41622","9.03795","55.4","86.8"],"53":["37","86.57568","0.13235","86.3","86.8"],"54":["36","86.26389","0.04803","86.2","86.3"],"55":["38","86.10526","0.09444","85.9","86.2"],"56":["37","85.82973","0.06092","85.7","85.9"],"57":["37","80.84324","8.54889","61.1","86.7"],"58":["37","54.83784","6.58801","43.5","66.4"],"59":["37","43.87027","4.13841","36.7","51.4"],"60":["38","54.45000","7.94914","39.9","69.7"],"61":["36","82.20000","6.19646","70.4","86.5"],"62":["38","86.26316","0.06657","86.2","86.4"],"63":["37","86.13243","0.11403","86.0","86.3"],"64":["37","86.07027","0.08657","85.9","86.2"],"65":["37","82.35946","7.42317","61.9","86.7"],"66":["38","64.34737","5.36282","54.9","79.1"],"67":["37","65.44054","4.26066","56.0","73.6"],"68":["30","73.41000","10.59356","56.2","86.6"],"69":["15","86.17333","0.05735","86.1","86.3"],"83":["28","79.50357","7.22928","63.7","86.8"],"84":["37","84.17297","3.28515","74.6","86.5"],"85":["6","86.28333","0.03727","86.2","86.3"],"88":["5","62.92000","3.46952","58.3","67.9"],"89":["37","55.59459","8.20679","38.7","71.5"],"90":["38","73.82105","9.53200","51.3","86.9"],"91":["37","77.02973","4.04628","69.4","86.6"],"92":["37","86.43784","0.09109","86.3","86.6"],"93":["37","86.43514","0.05310","86.3","86.5"],"94":["37","86.22973","0.11593","86.0","86.3"],"95":["37","85.87027","0.08657","85.8","86.1"],"96":["37","80.03243","8.53603","59.7","86.5"],"97":["37","52.18378","6.01118","43.7","65.3"],"98":["52","66.29615","13.85749","38.8","86.8"],"99":["33","85.30000","5.60525","53.6","86.6"],"100":["38","86.15000","0.05000","86.1","86.2"],"101":["37","86.07568","0.14595","85.8","86.2"],"102":["37","85.77027","0.11117","85.7","86.2"],"103":["37","59.22973","15.49404","37.3","86.7"],"104":["37","65.37027","5.88024","52.6","74.0"],"105":["37","63.27297","3.83375","54.9","73.3"],"106":["23","76.07826","11.62531","56.7","86.8"],"111":["2","76.60000","0.40000","76.2","77.0"],"112":["37","81.99730","3.95744","74.0","86.8"],"113":["37","80.93514","4.55104","71.7","86.7"],"114":["35","86.46857","0.10357","86.3","86.7"],"115":["15","86.12667","0.04422","86.1","86.2"],"134":["19","54.34211","7.26370","43.0","70.2"],"135":["37","64.92432","15.07926","39.7","86.8"],"136":["38","73.27632","10.63842","58.5","86.9"],"137":["34","85.78235","1.55988","82.3","86.8"],"138":["37","86.60000","0.00000","86.6","86.6"],"139":["37","86.60000","0.00000","86.6","86.6"],"140":["36","86.51944","0.07386","86.4","86.6"],"141":["37","83.65405","6.78678","63.8","86.7"],"142":["37","63.06486","5.61240","51.4","76.1"],"143":["37","77.96216","11.29071","54.4","86.9"],"144":["37","68.39459","10.84074","46.8","86.8"],"145":["37","86.31351","0.93148","81.5","86.8"],"146":["38","86.27368","0.12499","86.1","86.5"],"147":["36","86.18056","0.11259","86.1","86.4"],"148":["37","86.17568","0.09700","86.1","86.4"],"149":["37","81.34054","6.16246","69.3","86.9"],"150":["37","62.19189","8.88781","39.2","73.3"],"151":["38","57.78421","6.31387","45.9","71.4"],"152":["37","78.93514","5.14383","68.8","86.9"],"153":["37","86.56216","0.12159","86.4","86.8"],"154":["37","86.22703","0.10306","86.1","86.4"],"155":["33","86.27879","0.04088","86.2","86.3"],"157":["32","68.72187","12.29839","47.7","86.7"],"158":["37","61.92432","7.52464","48.4","76.6"],"159":["37","72.22703","12.67721","43.0","86.7"],"160":["37","84.11892","3.80233","76.1","86.7"],"161":["36","86.46667","0.04714","86.4","86.5"],"162":["38","86.50789","0.03540","86.5","86.7"],"163":["37","86.45946","0.04910","86.4","86.5"],"164":["37","86.41892","0.04555","86.4","86.6"],"165":["37","75.14324","9.24897","59.7","86.8"],"166":["38","59.92632","9.34462","46.3","73.4"],"167":["37","80.13243","7.00344","66.4","86.8"],"168":["36","86.57222","0.09606","86.4","86.7"],"169":["34","86.29118","0.08529","86.2","86.4"],"170":["35","86.11143","0.03182","86.1","86.2"],"171":["36","85.89722","0.14997","85.7","86.1"],"172":["38","85.91316","0.08326","85.8","86.1"],"173":["37","80.13784","8.76789","61.8","86.7"],"174":["37","54.96486","6.02617","45.7","65.9"],"175":["37","72.19730","7.02699","62.5","86.8"],"176":["34","86.34412","0.16837","86.2","86.8"],"177":["36","86.26944","0.12432","86.1","86.4"],"178":["36","85.91944","0.07000","85.8","86.0"],"179":["37","85.72432","0.09974","85.6","85.9"],"180":["37","79.38378","9.36173","61.4","86.7"],"181":["38","48.40263","4.36520","41.3","61.6"],"182":["37","63.61622","13.35075","43.6","82.6"],"183":["37","74.76216","5.13190","65.2","86.6"],"184":["37","85.85405","1.03913","83.0","86.7"],"185":["38","86.12368","0.05348","86.0","86.3"],"186":["36","85.95000","0.07638","85.8","86.1"],"187":["38","85.84737","0.09931","85.7","86.1"],"188":["37","67.20000","13.96983","45.9","86.7"],"189":["37","54.50541","7.36335","40.5","66.7"],"190":["37","72.42162","9.21404","56.7","87.0"],"191":["38","86.83684","0.15117","86.6","87.0"],"192":["37","86.43243","0.04681","86.4","86.5"],"193":["36","86.27778","0.09750","86.1","86.4"],"194":["37","85.90541","0.15759","85.7","86.1"],"195":["38","85.77368","0.23020","85.6","86.4"],"196":["37","58.87568","12.37682","37.8","86.4"],"197":["37","53.80541","6.04492","42.2","66.4"],"198":["37","58.80270","4.59832","48.6","70.3"],"199":["37","85.18919","2.47722","78.0","86.9"],"200":["38","86.20263","0.19124","85.9","86.5"],"201":["37","85.72703","0.10306","85.6","85.9"],"202":["37","85.41622","0.06784","85.3","85.6"],"203":["37","79.71892","12.12934","46.7","86.4"],"204":["37","34.12432","6.35773","25.2","49.4"],"205":["37","53.12973","6.02418","45.2","66.8"],"206":["38","75.64211","9.01150","52.8","86.8"],"207":["37","86.47297","0.11543","86.2","86.7"],"208":["36","86.24722","0.06449","86.2","86.4"],"209":["38","86.04737","0.11410","85.9","86.2"],"210":["38","86.14737","0.04993","86.1","86.2"],"211":["37","70.19459","13.37345","45.6","86.5"],"212":["37","44.83243","9.99043","33.0","67.4"],"213":["37","60.92973","5.78763","50.7","76.0"],"214":["37","84.14054","4.61088","66.7","86.8"],"215":["36","86.31667","0.08975","86.2","86.4"],"216":["38","86.21842","0.09419","86.0","86.3"],"217":["37","85.85946","0.06350","85.8","86.0"],"218":["37","85.80541","0.12933","85.7","86.1"],"219":["32","67.75938","14.11152","47.9","86.8"],"220":["37","58.77297","6.26827","47.5","68.9"],"221":["38","56.89211","8.82742","41.2","76.9"],"222":["37","85.07568","2.45372","77.6","86.9"],"223":["37","86.35946","0.07870","86.2","86.5"],"224":["35","86.01714","0.09098","85.9","86.2"],"225":["37","85.98649","0.10945","85.8","86.1"],"226":["38","86.11316","0.27926","85.7","86.7"],"227":["37","66.08108","8.07190","54.6","82.6"],"228":["37","58.39730","4.40292","51.2","68.0"],"229":["37","58.97027","5.47243","39.3","65.5"],"230":["37","75.83514","12.91988","41.9","86.5"],