{"_t":[1365483600,1366002000,518400,168],"_i":["marly\/001\/humidity","marly\/001\/temperature","marly\/002\/humidity","marly\/002\/temperature","marly\/003\/humidity","marly\/003\/temperature","marly\/007\/temp_dry","marly\/007\/temp_wet"],"_@":{"temp":[0,20],"humi":[80,90]},"marly\/007\/temp_dry":{"57":["12","11.31667","0.03727","11.3","11.4"],"58":["47","11.70638","0.13433","11.4","11.9"],"59":["40","12.16000","0.11576","12.0","12.3"]},"marly\/007\/temp_wet":{"57":["12","11.24167","0.04930","11.2","11.3"],"58":["47","11.63617","0.13277","11.3","11.8"],"59":["40","11.95750","0.11155","11.8","12.1"]},"marly\/003\/humidity":{"59":["65","84.81077","1.12443","83.6","86.5"]},"marly\/003\/temperature":{"59":["65","11.43692","0.39363","8.6","11.8"]}}