{"_t":[1379948400,1379977200,28800,144],"_i":["timana0\/005\/tension"],"_@":{"tens":[10,30]},"timana0\/005\/tension":{"11":["1","20.30000","0.00000","20.3","20.3"],"13":["1","21.50000","0.00000","21.5","21.5"],"14":["1","22.30000","0.00000","22.3","22.3"],"16":["1","21.10000","0.00000","21.1","21.1"],"17":["1","21.50000","0.00000","21.5","21.5"],"19":["1","21.10000","0.00000","21.1","21.1"],"20":["1","12.90000","0.00000","12.9","12.9"],"22":["1","21.30000","0.00000","21.3","21.3"],"23":["1","22.40000","0.00000","22.4","22.4"],"25":["1","21.80000","0.00000","21.8","21.8"],"26":["1","21.50000","0.00000","21.5","21.5"],"28":["1","21.50000","0.00000","21.5","21.5"],"29":["1","22.20000","0.00000","22.2","22.2"],"31":["1","21.40000","0.00000","21.4","21.4"],"33":["1","21.90000","0.00000","21.9","21.9"],"34":["1","21.10000","0.00000","21.1","21.1"],"36":["1","22.00000","0.00000","22.0","22.0"],"37":["1","21.50000","0.00000","21.5","21.5"],"39":["1","21.20000","0.00000","21.2","21.2"],"40":["1","22.00000","0.00000","22.0","22.0"],"42":["1","22.40000","0.00000","22.4","22.4"],"43":["1","21.20000","0.00000","21.2","21.2"],"45":["1","21.30000","0.00000","21.3","21.3"],"46":["1","22.00000","0.00000","22.0","22.0"],"48":["1","22.00000","0.00000","22.0","22.0"],"49":["1","21.30000","0.00000","21.3","21.3"],"51":["1","21.40000","0.00000","21.4","21.4"],"52":["1","22.00000","0.00000","22.0","22.0"],"54":["1","22.00000","0.00000","22.0","22.0"],"55":["1","21.90000","0.00000","21.9","21.9"],"57":["1","21.10000","0.00000","21.1","21.1"],"58":["1","19.60000","0.00000","19.6","19.6"],"60":["1","22.00000","0.00000","22.0","22.0"],"61":["1","21.60000","0.00000","21.6","21.6"],"63":["1","20.70000","0.00000","20.7","20.7"],"64":["1","20.50000","0.00000","20.5","20.5"],"66":["1","21.00000","0.00000","21.0","21.0"],"67":["1","22.10000","0.00000","22.1","22.1"],"69":["1","21.00000","0.00000","21.0","21.0"],"70":["1","22.00000","0.00000","22.0","22.0"],"72":["1","22.40000","0.00000","22.4","22.4"],"73":["1","21.90000","0.00000","21.9","21.9"],"75":["1","21.90000","0.00000","21.9","21.9"],"76":["1","22.00000","0.00000","22.0","22.0"],"78":["1","22.30000","0.00000","22.3","22.3"],"79":["1","19.20000","0.00000","19.2","19.2"],"81":["1","22.40000","0.00000","22.4","22.4"],"82":["1","21.60000","0.00000","21.6","21.6"],"84":["1","19.80000","0.00000","19.8","19.8"],"85":["1","12.90000","0.00000","12.9","12.9"],"87":["1","22.40000","0.00000","22.4","22.4"],"89":["1","21.10000","0.00000","21.1","21.1"],"90":["1","20.00000","0.00000","20.0","20.0"],"92":["1","19.50000","0.00000","19.5","19.5"],"93":["1","20.40000","0.00000","20.4","20.4"],"95":["1","19.00000","0.00000","19.0","19.0"],"96":["1","21.70000","0.00000","21.7","21.7"],"98":["1","20.00000","0.00000","20.0","20.0"],"99":["1","18.30000","0.00000","18.3","18.3"],"101":["1","21.00000","0.00000","21.0","21.0"],"102":["1","21.90000","0.00000","21.9","21.9"],"104":["1","21.60000","0.00000","21.6","21.6"],"105":["1","18.10000","0.00000","18.1","18.1"],"107":["1","22.20000","0.00000","22.2","22.2"],"108":["1","21.80000","0.00000","21.8","21.8"],"110":["1","21.60000","0.00000","21.6","21.6"],"111":["1","18.30000","0.00000","18.3","18.3"],"113":["1","21.50000","0.00000","21.5","21.5"],"114":["1","16.80000","0.00000","16.8","16.8"],"116":["1","22.00000","0.00000","22.0","22.0"],"117":["1","16.60000","0.00000","16.6","16.6"],"119":["1","21.90000","0.00000","21.9","21.9"],"120":["1","21.60000","0.00000","21.6","21.6"],"122":["1","21.50000","0.00000","21.5","21.5"],"123":["1","21.40000","0.00000","21.4","21.4"],"125":["1","20.80000","0.00000","20.8","20.8"],"126":["1","13.00000","0.00000","13.0","13.0"],"128":["1","13.00000","0.00000","13.0","13.0"],"129":["1","13.00000","0.00000","13.0","13.0"],"131":["1","13.00000","0.00000","13.0","13.0"],"132":["1","13.00000","0.00000","13.0","13.0"],"134":["1","13.00000","0.00000","13.0","13.0"],"135":["1","13.00000","0.00000","13.0","13.0"],"137":["1","13.00000","0.00000","13.0","13.0"]}}