{"_t":[1380258000,1380344400,86400,144],"_i":["valentina\/003\/humidity","valentina\/003\/temp_dry","valentina\/003\/temp_wet"],"_@":{"humi":[50,100],"temp":[0,30]},"valentina\/003\/humidity":{"2":["2","94.00000","0.00000","94.0","94.0"],"3":["2","94.00000","0.00000","94.0","94.0"],"4":["2","95.00000","0.00000","95.0","95.0"],"5":["2","95.00000","0.00000","95.0","95.0"],"6":["2","95.00000","0.00000","95.0","95.0"],"7":["2","95.00000","0.00000","95.0","95.0"],"8":["2","96.00000","0.00000","96.0","96.0"],"9":["2","96.00000","0.00000","96.0","96.0"],"10":["2","96.50000","0.50000","96.0","97.0"],"11":["2","95.50000","0.50000","95.0","96.0"],"12":["2","95.00000","0.00000","95.0","95.0"],"13":["2","95.00000","0.00000","95.0","95.0"],"14":["2","95.00000","0.00000","95.0","95.0"],"15":["2","95.00000","0.00000","95.0","95.0"],"16":["2","96.00000","0.00000","96.0","96.0"],"17":["2","94.50000","0.50000","94.0","95.0"],"18":["2","95.00000","0.00000","95.0","95.0"],"19":["2","95.00000","0.00000","95.0","95.0"],"20":["2","95.00000","0.00000","95.0","95.0"],"21":["2","95.50000","0.50000","95.0","96.0"],"22":["2","96.00000","0.00000","96.0","96.0"],"23":["2","96.00000","0.00000","96.0","96.0"],"24":["2","96.00000","0.00000","96.0","96.0"],"25":["2","96.50000","0.50000","96.0","97.0"],"26":["2","97.00000","0.00000","97.0","97.0"],"27":["2","96.00000","0.00000","96.0","96.0"],"28":["2","96.50000","0.50000","96.0","97.0"],"29":["2","96.50000","0.50000","96.0","97.0"],"30":["2","96.00000","0.00000","96.0","96.0"],"31":["2","96.00000","1.00000","95.0","97.0"],"32":["2","96.00000","0.00000","96.0","96.0"],"33":["2","97.00000","0.00000","97.0","97.0"],"34":["2","97.00000","0.00000","97.0","97.0"],"35":["2","96.00000","0.00000","96.0","96.0"],"36":["2","96.00000","0.00000","96.0","96.0"],"37":["2","95.50000","0.50000","95.0","96.0"],"38":["2","93.00000","1.00000","92.0","94.0"],"39":["2","90.50000","0.50000","90.0","91.0"],"40":["2","88.00000","1.00000","87.0","89.0"],"41":["2","84.00000","0.00000","84.0","84.0"],"42":["2","81.00000","0.00000","81.0","81.0"],"43":["2","78.50000","0.50000","78.0","79.0"],"44":["2","76.50000","0.50000","76.0","77.0"],"45":["2","73.50000","1.50000","72.0","75.0"],"46":["2","72.00000","1.00000","71.0","73.0"],"47":["2","71.50000","0.50000","71.0","72.0"],"48":["2","70.00000","0.00000","70.0","70.0"],"49":["2","67.00000","0.00000","67.0","67.0"],"50":["2","65.00000","1.00000","64.0","66.0"],"51":["2","65.00000","0.00000","65.0","65.0"],"52":["2","66.00000","1.00000","65.0","67.0"],"53":["2","64.50000","0.50000","64.0","65.0"],"54":["2","61.00000","1.00000","60.0","62.0"],"55":["2","59.00000","2.00000","57.0","61.0"]},"valentina\/003\/temp_dry":{"2":["2","12.10000","0.00000","12.1","12.1"],"3":["2","12.10000","0.00000","12.1","12.1"],"4":["2","12.00000","0.00000","12.0","12.0"],"5":["2","12.00000","0.00000","12.0","12.0"],"6":["2","12.00000","0.00000","12.0","12.0"],"7":["2","12.00000","0.00000","12.0","12.0"],"8":["2","11.90000","0.00000","11.9","11.9"],"9":["2","11.90000","0.00000","11.9","11.9"],"10":["2","11.65000","0.05000","11.6","11.7"],"11":["2","11.30000","0.10000","11.2","11.4"],"12":["2","10.95000","0.05000","10.9","11.0"],"13":["2","10.75000","0.15000","10.6","10.9"],"14":["2","10.35000","0.15000","10.2","10.5"],"15":["2","10.20000","0.10000","10.1","10.3"],"16":["2","9.85000","0.05000","9.8","9.9"],"17":["2","9.65000","0.05000","9.6","9.7"],"18":["2","9.40000","0.00000","9.4","9.4"],"19":["2","9.30000","0.00000","9.3","9.3"],"20":["2","9.10000","0.00000","9.1","9.1"],"21":["2","9.20000","0.00000","9.2","9.2"],"22":["2","8.95000","0.05000","8.9","9.0"],"23":["2","8.75000","0.05000","8.7","8.8"],"24":["2","8.65000","0.05000","8.6","8.7"],"25":["2","8.50000","0.10000","8.4","8.6"],"26":["2","8.35000","0.05000","8.3","8.4"],"27":["2","8.35000","0.05000","8.3","8.4"],"28":["2","8.20000","0.00000","8.2","8.2"],"29":["2","8.10000","0.00000","8.1","8.1"],"30":["2","8.05000","0.05000","8.0","8.1"],"31":["2","7.85000","0.05000","7.8","7.9"],"32":["2","7.80000","0.00000","7.8","7.8"],"33":["2","7.70000","0.00000","7.7","7.7"],"34":["2","7.65000","0.05000","7.6","7.7"],"35":["2","7.75000","0.05000","7.7","7.8"],"36":["2","7.95000","0.15000","7.8","8.1"],"37":["2","8.75000","0.25000","8.5","9.0"],"38":["2","9.60000","0.20000","9.4","9.8"],"39":["2","10.50000","0.30000","10.2","10.8"],"40":["2","11.70000","0.40000","11.3","12.1"],"41":["2","13.15000","0.15000","13.0","13.3"],"42":["2","13.95000","0.35000","13.6","14.3"],"43":["2","15.10000","0.30000","14.8","15.4"],"44":["2","15.95000","0.35000","15.6","16.3"],"45":["2","17.40000","0.20000","17.2","17.6"],"46":["2","18.00000","0.10000","17.9","18.1"],"47":["2","18.65000","0.25000","18.4","18.9"],"48":["2","21.00000","1.00000","20.0","22.0"],"49":["2","19.55000","0.15000","19.4","19.7"],"50":["2","18.20000","0.30000","17.9","18.5"],"51":["2","18.25000","0.05000","18.2","18.3"],"52":["2","18.55000","0.25000","18.3","18.8"],"53":["2","19.05000","0.95000","18.1","20.0"],"54":["2","19.65000","0.15000","19.5","19.8"],"55":["2","20.90000","1.00000","19.9","21.9"]},"valentina\/003\/temp_wet":{"2":["2","11.60000","0.00000","11.6","11.6"],"3":["2","11.60000","0.00000","11.6","11.6"],"4":["2","11.55000","0.05000","11.5","11.6"],"5":["2","11.60000","0.00000","11.6","11.6"],"6":["2","11.55000","0.05000","11.5","11.6"],"7":["2","11.55000","0.05000","11.5","11.6"],"8":["2","11.50000","0.00000","11.5","11.5"],"9":["2","11.50000","0.00000","11.5","11.5"],"10":["2","11.35000","0.05000","11.3","11.4"],"11":["2","10.90000","0.10000","10.8","11.0"],"12":["2","10.55000","0.05000","10.5","10.6"],"13":["2","10.35000","0.15000","10.2","10.5"],"14":["2","9.95000","0.15000","9.8","10.1"],"15":["2","9.80000","0.10000","9.7","9.9"],"16":["2","9.55000","0.05000","9.5","9.6"],"17":["2","9.20000","0.00000","9.2","9.2"],"18":["2","9.00000","0.00000","9.0","9.0"],"19":["2","8.90000","0.00000","8.9","8.9"],"20":["2","8.70000","0.00000","8.7","8.7"],"21":["2","8.85000","0.05000","8.8","8.9"],"22":["2","8.65000","0.05000","8.6","8.7"],"23":["2","8.45000","0.05000","8.4","8.5"],"24":["2","8.35000","0.05000","8.3","8.4"],"25":["2","8.25000","0.15000","8.1","8.4"],"26":["2","8.15000","0.05000","8.1","8.2"],"27":["2","8.05000","0.05000","8.0","8.1"],"28":["2","7.95000","0.05000","7.9","8.0"],"29":["2","7.85000","0.05000","7.8","7.9"],"30":["2","7.75000","0.05000","7.7","7.8"],"31":["2","7.55000","0.05000","7.5","7.6"],"32":["2","7.50000","0.00000","7.5","7.5"],"33":["2","7.50000","0.00000","7.5","7.5"],"34":["2","7.45000","0.05000","7.4","7.5"],"35":["2","7.45000","0.05000","7.4","7.5"],"36":["2","7.65000","0.15000","7.5","7.8"],"37":["2","8.40000","0.20000","8.2","8.6"],"38":["2","9.00000","0.10000","8.9","9.1"],"39":["2","9.65000","0.25000","9.4","9.9"],"40":["2","10.55000","0.25000","10.3","10.8"],"41":["2","11.50000","0.10000","11.4","11.6"],"42":["2","11.90000","0.30000","11.6","12.2"],"43":["2","12.75000","0.25000","12.5","13.0"],"44":["2","13.30000","0.30000","13.0","13.6"],"45":["2","14.20000","0.00000","14.2","14.2"],"46":["2","14.50000","0.20000","14.3","14.7"],"47":["2","15.15000","0.15000","15.0","15.3"],"48":["2","17.05000","0.95000","16.1","18.0"],"49":["2","15.35000","0.15000","15.2","15.5"],"50":["2","13.85000","0.15000","13.7","14.0"],"51":["2","13.85000","0.05000","13.8","13.9"],"52":["2","14.25000","0.35000","13.9","14.6"],"53":["2","14.50000","0.90000","13.6","15.4"],"54":["2","14.55000","0.05000","14.5","14.6"],"55":["2","15.30000","0.50000","14.8","15.8"]}}