{"_t":[1384232400,1384318800,86400,144],"_i":["sanpedro\/003\/humidity","sanpedro\/003\/temperature"],"_@":{"humi":[40,90],"temp":[0,30]},"sanpedro\/003\/humidity":[["19","85.90000","0.00000","85.9","85.9"],["12","85.90000","0.00000","85.9","85.9"],["6","85.90000","0.00000","85.9","85.9"],["3","85.83333","0.04714","85.8","85.9"],["16","85.80000","0.00000","85.8","85.8"],["12","85.80000","0.00000","85.8","85.8"],["5","85.80000","0.00000","85.8","85.8"],["3","85.80000","0.00000","85.8","85.8"],["3","85.80000","0.00000","85.8","85.8"],["18","85.80000","0.00000","85.8","85.8"],["6","85.80000","0.00000","85.8","85.8"],["14","85.85000","0.05000","85.8","85.9"],["8","85.90000","0.00000","85.9","85.9"],["14","85.90000","0.00000","85.9","85.9"],["26","85.90000","0.00000","85.9","85.9"],["12","85.90000","0.00000","85.9","85.9"],["6","85.98333","0.03727","85.9","86.0"],["3","86.03333","0.04714","86.0","86.1"],["4","86.10000","0.00000","86.1","86.1"],["18","86.10000","0.00000","86.1","86.1"],["15","86.10000","0.00000","86.1","86.1"],["8","86.10000","0.00000","86.1","86.1"],["16","86.10000","0.00000","86.1","86.1"],["6","86.10000","0.00000","86.1","86.1"],["19","86.10000","0.00000","86.1","86.1"],["20","86.10000","0.00000","86.1","86.1"],["11","86.10000","0.00000","86.1","86.1"],["5","86.10000","0.00000","86.1","86.1"],["4","86.12500","0.04330","86.1","86.2"],["2","86.20000","0.00000","86.2","86.2"],["3","86.20000","0.00000","86.2","86.2"],["3","86.20000","0.00000","86.2","86.2"],["2","86.20000","0.00000","86.2","86.2"],["3","86.20000","0.00000","86.2","86.2"],["3","86.20000","0.00000","86.2","86.2"],["3","86.20000","0.00000","86.2","86.2"],["3","86.20000","0.00000","86.2","86.2"],["5","86.20000","0.00000","86.2","86.2"],["7","86.24286","0.04949","86.2","86.3"],["10","86.35000","0.05000","86.3","86.4"],["22","86.52727","0.08080","86.4","86.6"],["30","86.74333","0.10225","86.6","86.9"],["75","81.66400","3.33341","75.7","86.6"],["79","74.92278","0.88945","73.0","76.6"],["71","72.65775","2.02385","68.2","75.3"],["74","69.08108","1.13467","65.9","70.9"],["73","68.48767","1.91139","65.4","71.8"],["70","74.18571","1.67897","69.5","76.7"],["70","66.15857","3.26315","62.1","71.7"],["73","60.39315","1.42966","56.9","63.3"],["74","61.30541","1.94588","57.5","65.5"],["69","63.13913","1.54011","61.2","67.1"],["74","64.47973","1.33427","62.1","67.6"],["73","62.40274","0.82611","60.8","63.9"],["72","61.72917","2.43107","56.9","65.7"],["76","56.57763","1.26819","54.3","59.7"],["69","59.23768","1.75583","56.5","62.3"],["70","60.25429","1.62698","56.9","62.6"],["65","50.56923","3.29419","43.8","56.0"],["66","51.75303","3.04129","47.3","59.2"],["70","53.86143","4.18911","47.7","60.0"],["71","54.31549","2.81363","50.1","59.5"],["68","50.69265","1.74510","47.7","54.2"],["68","51.80735","4.06612","45.2","58.0"],["61","54.20820","1.65532","51.5","58.0"],["65","49.73231","3.03919","44.2","55.4"],["67","57.94179","2.64254","53.7","62.0"],["71","57.14225","1.37151","54.9","59.6"],["71","54.46761","1.21595","52.5","57.2"],["65","53.70923","1.25646","51.3","55.5"],["65","57.05077","3.40105","50.6","60.9"],["69","65.66812","2.02524","62.4","69.6"],["71","72.99577","1.09293","71.0","75.2"],["70","58.38286","3.78716","53.7","68.3"],["81","59.39383","1.28605","55.5","62.7"],["66","58.12424","1.51458","55.8","60.5"],["71","57.56056","2.27481","53.0","60.5"],["67","67.78358","4.77226","57.3","73.1"],["67","71.31642","1.37348","68.6","73.3"],["67","64.12239","3.65427","59.3","72.4"],["63","69.70476","2.88831","65.6","74.9"],["73","82.11096","2.77531","77.0","85.8"],["64","84.71719","1.51900","82.3","86.9"],["11","86.77273","0.04454","86.7","86.8"],["13","86.76923","0.04615","86.7","86.8"],["73","85.28767","1.68506","82.1","87.1"],["74","77.87162","1.40631","75.4","81.4"],["76","81.50526","1.20130","79.5","84.4"],["46","85.50217","0.78449","84.2","86.9"],["14","86.87143","0.04518","86.8","86.9"],["20","86.72500","0.07665","86.6","86.8"],["5","86.60000","0.00000","86.6","86.6"],["4","86.60000","0.00000","86.6","86.6"],["6","86.68333","0.03727","86.6","86.7"],["6","86.70000","0.00000","86.7","86.7"],["4","86.70000","0.00000","86.7","86.7"],["7","86.72857","0.04518","86.7","86.8"],["6","86.80000","0.00000","86.8","86.8"],["4","86.80000","0.00000","86.8","86.8"],["4","86.80000","0.00000","86.8","86.8"],["10","86.80000","0.00000","86.8","86.8"],["3","86.76667","0.04714","86.7","86.8"],["4","86.70000","0.00000","86.7","86.7"],["7","86.64286","0.04949","86.6","86.7"],["8","86.56250","0.04841","86.5","86.6"],["7","86.47143","0.04518","86.4","86.5"],["4","86.40000","0.00000","86.4","86.4"],["3","86.40000","0.00000","86.4","86.4"],["5","86.32000","0.04000","86.3","86.4"],["7","86.34286","0.04949","86.3","86.4"],["4","86.40000","0.00000","86.4","86.4"],["3","86.40000","0.00000","86.4","86.4"],["4","86.40000","0.00000","86.4","86.4"],["2","86.40000","0.00000","86.4","86.4"],["4","86.40000","0.00000","86.4","86.4"],["6","86.40000","0.00000","86.4","86.4"],["7","86.35714","0.04949","86.3","86.4"],["5","86.30000","0.00000","86.3","86.3"],["3","86.30000","0.00000","86.3","86.3"],["5","86.22000","0.04000","86.2","86.3"],["7","86.20000","0.00000","86.2","86.2"],["7","86.12857","0.04518","86.1","86.2"],["11","86.10000","0.00000","86.1","86.1"],["34","86.10000","0.00000","86.1","86.1"],["8","86.10000","0.00000","86.1","86.1"],["24","86.10000","0.00000","86.1","86.1"],["5","86.04000","0.04899","86.0","86.1"],["3","86.00000","0.00000","86.0","86.0"],["4","86.00000","0.00000","86.0","86.0"],["6","85.91667","0.03727","85.9","86.0"],["10","85.90000","0.00000","85.9","85.9"],["6","85.90000","0.00000","85.9","85.9"],["17","85.90000","0.00000","85.9","85.9"],["21","85.90000","0.00000","85.9","85.9"],["11","85.90000","0.00000","85.9","85.9"],["23","85.90000","0.00000","85.9","85.9"],["20","85.90000","0.00000","85.9","85.9"],["14","85.91429","0.03499","85.9","86.0"],["8","86.03750","0.04841","86.0","86.1"],["8","86.03750","0.04841","86.0","86.1"],["9","85.91111","0.03143","85.9","86.0"],["20","85.90000","0.00000","85.9","85.9"],["29","85.89310","0.02534","85.8","85.9"],["7","85.80000","0.00000","85.8","85.8"]],