{"_t":[1379613600,1379700000,86400,240],"_i":["timana0\/001\/humidity"],"_@":{"humi":[30,80]},"timana0\/001\/humidity":[["1","64.00000","0.00000","64.0","64.0"],["1","60.00000","0.00000","60.0","60.0"],["2","58.00000","1.00000","57.0","59.0"],["1","63.00000","0.00000","63.0","63.0"],["1","62.00000","0.00000","62.0","62.0"],["1","61.00000","0.00000","61.0","61.0"],["1","62.00000","0.00000","62.0","62.0"],["1","63.00000","0.00000","63.0","63.0"],["2","63.50000","1.50000","62.0","65.0"],["1","61.00000","0.00000","61.0","61.0"],["1","47.00000","0.00000","47.0","47.0"],["1","43.00000","0.00000","43.0","43.0"],["1","40.00000","0.00000","40.0","40.0"],["2","37.50000","0.50000","37.0","38.0"],["1","41.00000","0.00000","41.0","41.0"],["1","43.00000","0.00000","43.0","43.0"],["1","43.00000","0.00000","43.0","43.0"],["1","43.00000","0.00000","43.0","43.0"],["2","44.50000","0.50000","44.0","45.0"],["1","45.00000","0.00000","45.0","45.0"],["1","47.00000","0.00000","47.0","47.0"],["1","48.00000","0.00000","48.0","48.0"],["1","49.00000","0.00000","49.0","49.0"],["1","47.00000","0.00000","47.0","47.0"],["1","49.00000","0.00000","49.0","49.0"],["1","47.00000","0.00000","47.0","47.0"],["1","45.00000","0.00000","45.0","45.0"],["1","46.00000","0.00000","46.0","46.0"],["1","43.00000","0.00000","43.0","43.0"],["2","44.50000","2.50000","42.0","47.0"],["1","48.00000","0.00000","48.0","48.0"],["1","43.00000","0.00000","43.0","43.0"],["1","48.00000","0.00000","48.0","48.0"],["1","59.00000","0.00000","59.0","59.0"],["2","60.50000","0.50000","60.0","61.0"],["1","61.00000","0.00000","61.0","61.0"],["1","59.00000","0.00000","59.0","59.0"],["1","61.00000","0.00000","61.0","61.0"],["1","61.00000","0.00000","61.0","61.0"],["2","58.50000","1.50000","57.0","60.0"],["1","56.00000","0.00000","56.0","56.0"],["1","56.00000","0.00000","56.0","56.0"],["1","55.00000","0.00000","55.0","55.0"],["1","59.00000","0.00000","59.0","59.0"],["1","58.00000","0.00000","58.0","58.0"],["2","59.50000","0.50000","59.0","60.0"],["1","60.00000","0.00000","60.0","60.0"],["1","63.00000","0.00000","63.0","63.0"],["1","64.00000","0.00000","64.0","64.0"],["1","64.00000","0.00000","64.0","64.0"],["2","65.00000","1.00000","64.0","66.0"],["1","60.00000","0.00000","60.0","60.0"],["1","60.00000","0.00000","60.0","60.0"],["1","61.00000","0.00000","61.0","61.0"],["1","61.00000","0.00000","61.0","61.0"],["2","62.00000","1.00000","61.0","63.0"],["1","63.00000","0.00000","63.0","63.0"],["1","63.00000","0.00000","63.0","63.0"],["1","61.00000","0.00000","61.0","61.0"],["1","59.00000","0.00000","59.0","59.0"],["1","61.00000","0.00000","61.0","61.0"],["2","60.00000","1.00000","59.0","61.0"],["1","65.00000","0.00000","65.0","65.0"],["1","66.00000","0.00000","66.0","66.0"],["1","65.00000","0.00000","65.0","65.0"],["1","65.00000","0.00000","65.0","65.0"],["2","65.50000","0.50000","65.0","66.0"],["1","64.00000","0.00000","64.0","64.0"],["1","62.00000","0.00000","62.0","62.0"],["1","63.00000","0.00000","63.0","63.0"],["1","63.00000","0.00000","63.0","63.0"],["2","63.00000","0.00000","63.0","63.0"],["1","66.00000","0.00000","66.0","66.0"],["1","63.00000","0.00000","63.0","63.0"],["1","63.00000","0.00000","63.0","63.0"],["1","64.00000","0.00000","64.0","64.0"],["2","63.50000","0.50000","63.0","64.0"],["1","65.00000","0.00000","65.0","65.0"],["1","71.00000","0.00000","71.0","71.0"],["1","68.00000","0.00000","68.0","68.0"],["1","69.00000","0.00000","69.0","69.0"],["1","70.00000","0.00000","70.0","70.0"],["2","74.00000","1.00000","73.0","75.0"],["1","73.00000","0.00000","73.0","73.0"],["1","74.00000","0.00000","74.0","74.0"],["1","77.00000","0.00000","77.0","77.0"],["1","78.00000","0.00000","78.0","78.0"],["2","77.50000","0.50000","77.0","78.0"],["1","77.00000","0.00000","77.0","77.0"],["1","75.00000","0.00000","75.0","75.0"],["1","73.00000","0.00000","73.0","73.0"],["1","74.00000","0.00000","74.0","74.0"]]}