{"_t":[1367643600,1368248400,604800,168],"_i":["valentina\/003\/humidity","valentina\/003\/temp_dry","valentina\/003\/temp_wet"],"_@":{"humi":[50,100],"temp":[0,30]},"valentina\/003\/humidity":{"0":["12","94.91667","0.49301","94.0","96.0"],"1":["12","95.00000","0.57735","94.0","96.0"],"2":["12","95.25000","0.43301","95.0","96.0"],"3":["11","96.00000","0.42640","95.0","97.0"],"4":["12","95.83333","0.37268","95.0","96.0"],"5":["12","95.91667","0.27639","95.0","96.0"],"6":["12","96.08333","1.18732","95.0","99.0"],"7":["11","83.45455","6.41537","76.0","95.0"],"8":["12","71.00000","1.77951","68.0","74.0"],"9":["12","65.91667","4.48067","59.0","75.0"],"10":["12","60.50000","1.60728","58.0","64.0"],"11":["12","62.91667","1.03749","61.0","65.0"],"12":["12","63.58333","0.86201","62.0","65.0"],"13":["12","63.25000","1.47902","61.0","66.0"],"14":["12","63.33333","1.74801","61.0","66.0"],"15":["12","66.00000","2.88675","62.0","72.0"],"16":["12","84.25000","4.86698","72.0","88.0"],"17":["10","89.10000","1.57797","87.0","91.0"],"18":["12","92.33333","1.10554","91.0","94.0"],"19":["12","93.66667","0.62361","93.0","95.0"],"20":["12","94.16667","0.55277","93.0","95.0"],"21":["12","94.16667","0.37268","94.0","95.0"],"22":["12","93.75000","0.82916","92.0","95.0"],"23":["12","94.25000","0.43301","94.0","95.0"],"24":["12","93.75000","0.59512","93.0","95.0"],"25":["12","94.66667","0.47140","94.0","95.0"],"26":["12","95.00000","0.00000","95.0","95.0"],"27":["12","94.91667","0.27639","94.0","95.0"],"28":["12","95.33333","0.74536","94.0","97.0"],"29":["12","95.16667","0.55277","94.0","96.0"],"30":["12","94.41667","0.64010","93.0","95.0"],"31":["12","87.00000","4.20317","80.0","93.0"],"32":["12","79.58333","1.44097","77.0","82.0"],"33":["12","78.75000","3.31976","69.0","82.0"],"34":["12","64.25000","2.86138","60.0","70.0"],"35":["12","64.41667","1.93470","61.0","67.0"],"36":["12","70.83333","3.05050","65.0","75.0"],"37":["12","81.25000","3.05846","74.0","85.0"],"38":["12","84.41667","1.03749","83.0","87.0"],"39":["12","85.91667","0.86201","85.0","87.0"],"40":["12","87.75000","1.23322","86.0","90.0"],"41":["12","90.41667","0.49301","90.0","91.0"],"42":["12","92.91667","0.86201","91.0","94.0"],"43":["12","93.83333","0.98601","92.0","95.0"],"44":["12","94.91667","0.75920","94.0","96.0"],"45":["12","95.00000","0.81650","94.0","96.0"],"46":["12","94.66667","0.84984","94.0","96.0"],"47":["12","94.91667","0.75920","94.0","96.0"],"48":["12","95.58333","0.49301","95.0","96.0"],"49":["12","94.41667","0.49301","94.0","95.0"],"50":["12","94.16667","0.55277","93.0","95.0"],"51":["12","94.75000","0.72169","94.0","96.0"],"52":["12","94.41667","0.49301","94.0","95.0"],"53":["12","95.25000","0.43301","95.0","96.0"],"54":["11","93.09091","1.31111","90.0","95.0"],"55":["12","79.83333","4.81029","74.0","88.0"],"56":["12","74.50000","1.04083","73.0","76.0"],"57":["12","70.08333","1.70579","67.0","74.0"],"58":["12","65.00000","2.91548","60.0","69.0"],"59":["12","68.75000","4.91808","56.0","75.0"],"60":["12","69.50000","2.78388","66.0","74.0"],"61":["12","67.33333","2.35702","63.0","71.0"],"62":["12","68.50000","2.59808","65.0","75.0"],"63":["12","80.58333","2.59674","75.0","84.0"],"64":["12","81.91667","1.65622","78.0","84.0"],"65":["12","87.25000","3.41870","82.0","91.0"],"66":["12","93.58333","0.49301","93.0","94.0"],"67":["12","94.91667","0.27639","94.0","95.0"],"68":["12","94.75000","0.43301","94.0","95.0"],"69":["12","95.33333","0.62361","94.0","96.0"],"70":["12","95.33333","0.62361","94.0","96.0"],"71":["12","95.66667","0.47140","95.0","96.0"],"72":["12","95.83333","0.37268","95.0","96.0"],"73":["12","95.66667","0.47140","95.0","96.0"],"74":["12","95.58333","0.49301","95.0","96.0"],"75":["12","96.16667","0.37268","96.0","97.0"],"76":["12","96.25000","0.43301","96.0","97.0"],"77":["12","96.16667","0.37268","96.0","97.0"],"78":["12","95.50000","0.76376","94.0","97.0"],"79":["12","95.08333","0.64010","94.0","96.0"],"80":["12","92.83333","1.28019","91.0","95.0"],"81":["12","90.00000","0.91287","88.0","91.0"],"82":["12","88.25000","1.08972","86.0","90.0"],"83":["11","81.45455","4.20743","75.0","86.0"],"84":["12","73.75000","1.08972","72.0","76.0"],"85":["12","83.16667","7.09264","71.0","92.0"],"86":["12","83.58333","4.80379","77.0","92.0"],"87":["12","78.41667","1.70579","76.0","81.0"],"88":["12","88.83333","2.47768","84.0","91.0"],"89":["12","92.00000","0.91287","90.0","93.0"],"90":["12","94.41667","0.49301","94.0","95.0"],"91":["12","93.83333","0.55277","93.0","95.0"],"92":["11","95.36364","0.88140","94.0","96.0"],"93":["12","96.41667","0.64010","95.0","97.0"],"94":["12","96.08333","0.27639","96.0","97.0"],"95":["12","96.25000","0.43301","96.0","97.0"],"96":["12","96.66667","0.94281","96.0","98.0"],"97":["9","96.66667","0.47140","96.0","97.0"],"118":["2","94.00000","0.00000","94.0","94.0"],"119":["12","93.25000","0.43301","93.0","94.0"],"120":["12","95.08333","0.64010","94.0","96.0"],"121":["12","96.16667","0.68718","95.0","98.0"],"122":["12","96.41667","0.64010","96.0","98.0"],"123":["12","96.25000","0.43301","96.0","97.0"],"124":["12","96.58333","0.86201","96.0","98.0"],"125":["12","96.33333","0.62361","96.0","98.0"],"126":["12","93.91667","1.49768","92.0","96.0"],"127":["10","75.00000","6.89928","67.0","89.0"]},"valentina\/003\/temp_dry":{"0":["12","10.81667","0.23746","10.4","11.3"],"1":["12","10.10833","0.20190","9.7","10.4"],"2":["12","9.24167","0.14410","9.1","9.6"],"3":["11","9.58182","0.08332","9.5","9.7"],"4":["12","9.63333","0.10274","9.5","9.8"],"5":["12","9.72500","0.09242","9.6","9.9"],"6":["12","11.16667","1.34743","9.8","13.9"],"7":["11","16.67273","1.61701","14.2","18.8"],"8":["12","20.49167","0.71117","19.4","21.4"],"9":["12","23.59167","1.80668","20.4","26.3"],"10":["12","26.68333","0.37823","25.9","27.3"],"11":["12","26.76667","0.32489","26.2","27.2"],"12":["12","26.96667","0.35198","26.5","27.6"],"13":["12","27.06667","0.39229","26.4","27.6"],"14":["12","26.67500","0.66222","25.4","27.5"],"15":["12","24.88333","1.26743","21.6","26.4"],"16":["12","17.11667","1.70384","15.4","21.0"],"17":["10","15.46000","0.33823","15.0","15.9"],"18":["12","14.25000","0.33292","13.9","14.9"],"19":["12","13.74167","0.15523","13.5","13.9"],"20":["12","13.75000","0.12583","13.5","13.9"],"21":["12","13.55833","0.06401","13.5","13.7"],"22":["12","13.12500","0.21262","12.7","13.4"],"23":["12","12.30833","0.31214","11.7","12.7"],"24":["12","11.45000","0.13844","11.3","11.7"],"25":["12","11.62500","0.08292","11.5","11.7"],"26":["12","11.60833","0.06401","11.5","11.7"],"27":["12","11.65833","0.04930","11.6","11.7"],"28":["12","11.55000","0.07638","11.4","11.7"],"29":["12","11.36667","0.06236","11.3","11.5"],"30":["12","11.60833","0.27826","11.3","12.1"],"31":["12","13.76667","1.09189","12.5","15.8"],"32":["12","17.40833","0.92777","15.8","18.6"],"33":["12","18.70000","0.64679","17.8","19.9"],"34":["12","22.67500","1.47373","20.0","24.7"],"35":["12","21.55833","0.83712","20.2","22.9"],"36":["12","20.03333","0.56322","18.8","20.9"],"37":["12","17.51667","0.77764","16.6","19.1"],"38":["12","17.02500","0.16394","16.7","17.3"],"39":["12","15.94167","0.26601","15.6","16.5"],"40":["12","15.41667","0.30231","14.9","16.0"],"41":["12","13.95000","0.48563","13.2","14.7"],"42":["12","12.60833","0.33531","12.1","13.1"],"43":["12","11.38333","0.38478","10.9","12.1"],"44":["12","11.57500","0.23848","11.1","11.9"],"45":["12","11.76667","0.06236","11.7","11.9"],"46":["12","11.91667","0.05528","11.8","12.0"],"47":["12","11.92500","0.11637","11.7","12.1"],"48":["12","11.70000","0.08165","11.5","11.8"],"49":["12","11.34167","0.06401","11.3","11.5"],"50":["12","11.45000","0.06455","11.3","11.5"],"51":["12","11.15000","0.18028","10.8","11.4"],"52":["12","10.80000","0.12910","10.6","11.0"],"53":["12","10.63333","0.07454","10.5","10.8"],"54":["11","12.00000","0.70065","11.0","13.3"],"55":["12","16.23333","1.32119","13.6","17.5"],"56":["12","16.90833","0.42907","16.2","17.5"],"57":["12","19.03333","1.10101","17.0","20.6"],