{"_t":[1377147600,1377234000,86400,144],"_i":["timana0\/002\/VoltR"],"_@":{"Volt":[0,130]},"timana0\/002\/VoltR":[["2","0.00000","0.00000","0.0","0.0"],["2","0.00000","0.00000","0.0","0.0"],["2","0.00000","0.00000","0.0","0.0"],["2","0.00000","0.00000","0.0","0.0"],["2","0.00000","0.00000","0.0","0.0"],["2","0.00000","0.00000","0.0","0.0"],["2","0.00000","0.00000","0.0","0.0"],["2","0.00000","0.00000","0.0","0.0"],["2","0.00000","0.00000","0.0","0.0"],["2","0.00000","0.00000","0.0","0.0"],["2","0.00000","0.00000","0.0","0.0"],["2","0.00000","0.00000","0.0","0.0"],["2","0.00000","0.00000","0.0","0.0"],["2","0.00000","0.00000","0.0","0.0"],["2","0.00000","0.00000","0.0","0.0"],["2","0.00000","0.00000","0.0","0.0"],["2","0.00000","0.00000","0.0","0.0"],["2","0.00000","0.00000","0.0","0.0"],["2","0.00000","0.00000","0.0","0.0"],["2","0.00000","0.00000","0.0","0.0"],["2","0.00000","0.00000","0.0","0.0"],["2","0.00000","0.00000","0.0","0.0"],["1","0.00000","0.00000","0.0","0.0"],["2","0.00000","0.00000","0.0","0.0"],["2","0.00000","0.00000","0.0","0.0"],["2","0.00000","0.00000","0.0","0.0"],["2","0.00000","0.00000","0.0","0.0"],["2","0.00000","0.00000","0.0","0.0"],["2","0.00000","0.00000","0.0","0.0"],["2","0.00000","0.00000","0.0","0.0"],["2","0.00000","0.00000","0.0","0.0"],["2","0.00000","0.00000","0.0","0.0"],["2","0.00000","0.00000","0.0","0.0"],["2","0.00000","0.00000","0.0","0.0"],["2","0.00000","0.00000","0.0","0.0"],["2","0.00000","0.00000","0.0","0.0"],["2","0.00000","0.00000","0.0","0.0"],["2","0.00000","0.00000","0.0","0.0"],["2","0.00000","0.00000","0.0","0.0"],["2","0.00000","0.00000","0.0","0.0"],["2","0.00000","0.00000","0.0","0.0"],["2","122.00000","0.00000","122.0","122.0"],["2","60.50000","60.50000","0.0","121.0"],["2","122.50000","1.50000","121.0","124.0"],["2","121.00000","0.00000","121.0","121.0"],["2","121.50000","0.50000","121.0","122.0"],["2","121.50000","0.50000","121.0","122.0"],["2","61.00000","61.00000","0.0","122.0"],["2","120.50000","0.50000","120.0","121.0"],["2","119.50000","0.50000","119.0","120.0"],["2","118.00000","1.00000","117.0","119.0"],["2","119.00000","0.00000","119.0","119.0"],["2","120.00000","0.00000","120.0","120.0"],["2","119.00000","0.00000","119.0","119.0"],["2","119.50000","0.50000","119.0","120.0"],["2","118.50000","0.50000","118.0","119.0"],["2","118.50000","0.50000","118.0","119.0"],["2","118.50000","1.50000","117.0","120.0"],["2","119.50000","0.50000","119.0","120.0"],["2","121.00000","0.00000","121.0","121.0"],["2","118.00000","2.00000","116.0","120.0"],["2","120.50000","0.50000","120.0","121.0"],["2","119.50000","0.50000","119.0","120.0"],["2","119.00000","0.00000","119.0","119.0"],["2","119.00000","0.00000","119.0","119.0"],["2","120.00000","0.00000","120.0","120.0"],["2","119.00000","1.00000","118.0","120.0"],["2","118.50000","0.50000","118.0","119.0"],["2","118.00000","0.00000","118.0","118.0"],["2","118.50000","0.50000","118.0","119.0"],["2","118.00000","2.00000","116.0","120.0"],["2","119.50000","0.50000","119.0","120.0"],["2","121.50000","0.50000","121.0","122.0"],["2","60.50000","60.50000","0.0","121.0"],["2","120.50000","0.50000","120.0","121.0"],["2","120.50000","0.50000","120.0","121.0"],["2","121.00000","0.00000","121.0","121.0"],["2","120.50000","0.50000","120.0","121.0"],["2","121.00000","1.00000","120.0","122.0"],["2","120.00000","0.00000","120.0","120.0"],["2","121.00000","1.00000","120.0","122.0"],["2","119.00000","2.00000","117.0","121.0"],["2","121.00000","0.00000","121.0","121.0"],["2","119.50000","0.50000","119.0","120.0"],["2","120.00000","0.00000","120.0","120.0"],["2","112.00000","8.00000","104.0","120.0"],["2","119.50000","0.50000","119.0","120.0"],["2","119.50000","0.50000","119.0","120.0"],["2","119.00000","0.00000","119.0","119.0"],["2","121.00000","0.00000","121.0","121.0"],["2","62.00000","62.00000","0.0","124.0"],["2","123.50000","0.50000","123.0","124.0"],["2","123.00000","1.00000","122.0","124.0"]]}