{"_t":[1376311980,1376398380,86400,144],"_i":["timana0\/004\/VoltR"],"_@":{"Volt":[0,130]},"timana0\/004\/VoltR":[["2","0.00000","0.00000","0.0","0.0"],["2","120.50000","0.50000","120.0","121.0"],["3","0.00000","0.00000","0.0","0.0"],["2","61.00000","61.00000","0.0","122.0"],["2","59.00000","59.00000","0.0","118.0"],["3","39.66667","56.09714","0.0","119.0"],["2","59.50000","59.50000","0.0","119.0"],["2","120.00000","0.00000","120.0","120.0"],["2","59.00000","59.00000","0.0","118.0"],["2","60.50000","60.50000","0.0","121.0"],["2","59.50000","59.50000","0.0","119.0"],["2","121.00000","0.00000","121.0","121.0"],["3","0.00000","0.00000","0.0","0.0"],["2","120.50000","0.50000","120.0","121.0"],["3","39.66667","56.09714","0.0","119.0"],["3","79.00000","55.86293","0.0","119.0"],["3","0.00000","0.00000","0.0","0.0"],["2","60.00000","60.00000","0.0","120.0"],["2","121.00000","0.00000","121.0","121.0"],["3","78.66667","55.62573","0.0","118.0"],["2","119.50000","0.50000","119.0","120.0"],["3","80.00000","56.56854","0.0","120.0"],["2","119.00000","0.00000","119.0","119.0"],["3","79.33333","56.10308","0.0","120.0"],["3","79.33333","56.10308","0.0","120.0"],["2","119.50000","0.50000","119.0","120.0"],["2","120.00000","0.00000","120.0","120.0"],["3","80.00000","56.56854","0.0","120.0"],["3","40.33333","57.03995","0.0","121.0"],["3","0.00000","0.00000","0.0","0.0"],["2","0.00000","0.00000","0.0","0.0"],["3","41.00000","57.98276","0.0","123.0"],["3","81.33333","57.51135","0.0","122.0"],["3","40.66667","57.51135","0.0","122.0"],["2","118.00000","0.00000","118.0","118.0"],["3","78.66667","55.62573","0.0","118.0"],["2","118.00000","0.00000","118.0","118.0"],["3","78.66667","55.62573","0.0","118.0"],["2","118.00000","0.00000","118.0","118.0"],["2","119.50000","0.50000","119.0","120.0"],["2","120.00000","0.00000","120.0","120.0"],["3","79.66667","56.33432","0.0","120.0"],["3","79.66667","56.33432","0.0","120.0"],["3","80.33333","56.80571","0.0","121.0"],["2","60.50000","60.50000","0.0","121.0"],["2","0.00000","0.00000","0.0","0.0"],["2","0.00000","0.00000","0.0","0.0"],["2","0.00000","0.00000","0.0","0.0"],["2","0.00000","0.00000","0.0","0.0"],["3","82.00000","57.98276","0.0","123.0"],["2","0.00000","0.00000","0.0","0.0"],["3","0.00000","0.00000","0.0","0.0"],["2","0.00000","0.00000","0.0","0.0"],["2","0.00000","0.00000","0.0","0.0"],["2","0.00000","0.00000","0.0","0.0"],["3","0.00000","0.00000","0.0","0.0"],["2","0.00000","0.00000","0.0","0.0"],["3","0.00000","0.00000","0.0","0.0"],["2","0.00000","0.00000","0.0","0.0"],["2","0.00000","0.00000","0.0","0.0"],["2","0.00000","0.00000","0.0","0.0"],["2","0.00000","0.00000","0.0","0.0"],["3","0.00000","0.00000","0.0","0.0"],["2","0.00000","0.00000","0.0","0.0"],["3","0.00000","0.00000","0.0","0.0"],["2","0.00000","0.00000","0.0","0.0"],["2","0.00000","0.00000","0.0","0.0"],["3","0.00000","0.00000","0.0","0.0"],["3","0.00000","0.00000","0.0","0.0"],["3","0.00000","0.00000","0.0","0.0"],["2","0.00000","0.00000","0.0","0.0"],["3","0.00000","0.00000","0.0","0.0"],["2","0.00000","0.00000","0.0","0.0"],["2","0.00000","0.00000","0.0","0.0"],["3","0.00000","0.00000","0.0","0.0"],["2","0.00000","0.00000","0.0","0.0"],["2","0.00000","0.00000","0.0","0.0"],["3","0.00000","0.00000","0.0","0.0"],["2","0.00000","0.00000","0.0","0.0"],["2","0.00000","0.00000","0.0","0.0"],["3","0.00000","0.00000","0.0","0.0"],["2","0.00000","0.00000","0.0","0.0"],["2","0.00000","0.00000","0.0","0.0"],["3","0.00000","0.00000","0.0","0.0"],["3","0.00000","0.00000","0.0","0.0"],["2","0.00000","0.00000","0.0","0.0"],["2","0.00000","0.00000","0.0","0.0"],["3","0.00000","0.00000","0.0","0.0"],["2","0.00000","0.00000","0.0","0.0"],["3","0.00000","0.00000","0.0","0.0"],["3","0.00000","0.00000","0.0","0.0"],["3","0.00000","0.00000","0.0","0.0"],["2","0.00000","0.00000","0.0","0.0"],["3","0.00000","0.00000","0.0","0.0"],["3","0.00000","0.00000","0.0","0.0"],["2","0.00000","0.00000","0.0","0.0"],["3","0.00000","0.00000","0.0","0.0"],["3","0.00000","0.00000","0.0","0.0"],["2","0.00000","0.00000","0.0","0.0"],["2","0.00000","0.00000","0.0","0.0"],["3","0.00000","0.00000","0.0","0.0"],["2","0.00000","0.00000","0.0","0.0"],["2","0.00000","0.00000","0.0","0.0"],["2","0.00000","0.00000","0.0","0.0"],["3","0.00000","0.00000","0.0","0.0"],["3","0.00000","0.00000","0.0","0.0"],["3","0.00000","0.00000","0.0","0.0"],["1","0.00000","0.00000","0.0","0.0"],["2","0.00000","0.00000","0.0","0.0"],["3","0.00000","0.00000","0.0","0.0"],["3","0.00000","0.00000","0.0","0.0"],["3","0.00000","0.00000","0.0","0.0"],["2","0.00000","0.00000","0.0","0.0"],["3","0.00000","0.00000","0.0","0.0"],["2","0.00000","0.00000","0.0","0.0"],["2","0.00000","0.00000","0.0","0.0"],["2","0.00000","0.00000","0.0","0.0"],["2","0.00000","0.00000","0.0","0.0"],["2","0.00000","0.00000","0.0","0.0"],["3","0.00000","0.00000","0.0","0.0"],["3","0.00000","0.00000","0.0","0.0"],["2","0.00000","0.00000","0.0","0.0"],["3","0.00000","0.00000","0.0","0.0"],["3","0.00000","0.00000","0.0","0.0"],["2","0.00000","0.00000","0.0","0.0"],["2","0.00000","0.00000","0.0","0.0"],["2","0.00000","0.00000","0.0","0.0"],["3","0.00000","0.00000","0.0","0.0"],["3","0.00000","0.00000","0.0","0.0"],["2","0.00000","0.00000","0.0","0.0"],["3","0.00000","0.00000","0.0","0.0"],["3","0.00000","0.00000","0.0","0.0"],["2","0.00000","0.00000","0.0","0.0"],["2","0.00000","0.00000","0.0","0.0"],["2","0.00000","0.00000","0.0","0.0"],["2","0.00000","0.00000","0.0","0.0"],["2","0.00000","0.00000","0.0","0.0"],["2","0.00000","0.00000","0.0","0.0"],["2","0.00000","0.00000","0.0","0.0"],["3","0.00000","0.00000","0.0","0.0"],["2","0.00000","0.00000","0.0","0.0"],["3","40.00000","56.56854","0.0","120.0"],["3","40.66667","57.51135","0.0","122.0"],["2","121.50000","0.50000","121.0","122.0"]]}