{"_t":[1379307600,1379912400,604800,168],"_i":["timana0\/005\/tension"],"_@":{"tens":[0,30]},"timana0\/005\/tension":{"16":["2","12.90000","0.00000","12.9","12.9"],"17":["11","12.95455","0.04979","12.9","13.0"],"18":["12","12.98333","0.03727","12.9","13.0"],"19":["12","12.99167","0.02764","12.9","13.0"],"20":["12","12.96667","0.04714","12.9","13.0"],"21":["12","12.91667","0.03727","12.9","13.0"],"22":["11","12.90909","0.02875","12.9","13.0"],"23":["12","12.91667","0.03727","12.9","13.0"],"24":["12","12.90000","0.00000","12.9","12.9"],"25":["12","12.90000","0.00000","12.9","12.9"],"26":["12","12.90000","0.00000","12.9","12.9"],"27":["12","12.90000","0.00000","12.9","12.9"],"28":["11","12.90000","0.00000","12.9","12.9"],"29":["12","12.90000","0.00000","12.9","12.9"],"30":["6","12.88333","0.03727","12.8","12.9"],"40":["1","12.80000","0.00000","12.8","12.8"],"54":["1","12.90000","0.00000","12.9","12.9"],"55":["1","12.80000","0.00000","12.8","12.8"],"64":["1","12.90000","0.00000","12.9","12.9"],"65":["11","12.91818","0.03857","12.9","13.0"],"66":["12","12.95833","0.04930","12.9","13.0"],"67":["12","12.94167","0.04930","12.9","13.0"],"68":["12","12.93333","0.04714","12.9","13.0"],"69":["12","12.92500","0.04330","12.9","13.0"],"70":["11","12.90909","0.02875","12.9","13.0"],"71":["12","12.90000","0.00000","12.9","12.9"],"72":["12","12.90000","0.00000","12.9","12.9"],"73":["12","12.90833","0.02764","12.9","13.0"],"74":["12","12.90000","0.00000","12.9","12.9"],"75":["12","12.90000","0.00000","12.9","12.9"],"76":["11","12.90000","0.00000","12.9","12.9"],"77":["12","12.90000","0.00000","12.9","12.9"],"78":["12","11.60000","2.42968","8.0","15.4"],"79":["12","18.81667","2.21052","12.9","20.7"],"80":["12","20.55833","0.29285","20.3","21.2"],"81":["12","20.67500","0.37221","20.1","21.2"],"82":["11","21.21818","0.37372","20.7","21.9"],"83":["12","20.35000","2.30199","12.9","22.3"],"84":["12","21.25833","0.34024","20.7","21.8"],"85":["12","19.94167","2.75906","12.9","23.1"],"86":["12","21.34167","0.68612","20.5","22.4"],"87":["12","20.76667","0.75865","19.5","21.9"],"88":["7","12.55714","5.58259","7.8","21.7"]}}