{"_t":[1366059540,1366145940,86400,144],"_i":["sanpedro\/004\/humidity","sanpedro\/004\/temp_dry","sanpedro\/004\/temp_wet"],"_@":{"humi":[60,110],"temp":[10,30]},"sanpedro\/004\/humidity":[["40","82.47500","0.99969","81.0","85.0"],["27","84.18519","0.77158","83.0","85.0"],["23","85.95652","0.99905","84.0","87.0"],["27","89.77778","1.68508","87.0","93.0"],["3","93.00000","0.81650","92.0","94.0"],["23","93.13043","0.67915","92.0","94.0"],["13","90.07692","0.91664","89.0","92.0"],["23","90.47826","1.34712","88.0","93.0"],["12","93.83333","0.89753","92.0","95.0"],["15","96.80000","0.83267","95.0","98.0"],["7","98.14286","0.63888","97.0","99.0"],["4","99.00000","0.70711","98.0","100.0"],["11","99.72727","0.44536","99.0","100.0"],["8","99.62500","0.48412","99.0","100.0"],["17","98.64706","0.58824","98.0","100.0"],["9","97.88889","0.73703","97.0","99.0"],["9","97.77778","0.62854","97.0","99.0"],["12","98.41667","0.64010","97.0","99.0"],["12","99.16667","0.68718","98.0","100.0"],["9","99.55556","0.83148","98.0","101.0"],["6","99.33333","0.74536","98.0","100.0"],["11","98.90909","0.99586","97.0","100.0"],["5","97.40000","0.48990","97.0","98.0"],["9","97.00000","0.47140","96.0","98.0"],["13","97.30769","0.60569","96.0","98.0"],["5","97.60000","0.48990","97.0","98.0"],["9","97.00000","0.66667","96.0","98.0"],["13","97.69231","0.60569","97.0","99.0"],["8","98.50000","0.50000","98.0","99.0"],["11","98.00000","0.60302","97.0","99.0"],["11","98.09091","0.51426","97.0","99.0"],["5","99.00000","0.00000","99.0","99.0"],["7","98.85714","0.63888","98.0","100.0"],["5","98.60000","0.48990","98.0","99.0"],["4","99.00000","0.00000","99.0","99.0"],["5","99.00000","0.00000","99.0","99.0"],["6","99.00000","0.00000","99.0","99.0"],["8","99.25000","0.82916","98.0","100.0"],["7","99.28571","0.88063","98.0","100.0"],["11","99.18182","0.71582","98.0","100.0"],["12","98.58333","0.75920","97.0","100.0"],["10","98.80000","0.87178","97.0","100.0"],["8","99.00000","0.86603","98.0","100.0"],["9","98.66667","1.05409","97.0","100.0"],["3","99.33333","0.94281","98.0","100.0"],["13","99.15385","0.94837","97.0","100.0"],["6","99.00000","1.00000","98.0","100.0"],["9","98.88889","0.99381","97.0","100.0"],["11","98.90909","0.66804","98.0","100.0"],["4","98.50000","0.50000","98.0","99.0"],["9","98.66667","0.66667","98.0","100.0"],["3","98.66667","0.47140","98.0","99.0"],["4","98.50000","0.86603","97.0","99.0"],["5","99.20000","0.74833","98.0","100.0"],["4","98.50000","0.86603","98.0","100.0"],["6","99.00000","1.00000","98.0","100.0"],["7","99.42857","0.49487","99.0","100.0"],["7","99.14286","0.83299","98.0","100.0"],["7","99.14286","0.98974","98.0","101.0"],["8","99.75000","0.96825","98.0","101.0"],["7","100.42857","0.72843","99.0","101.0"],["7","100.00000","0.00000","100.0","100.0"],["8","99.37500","0.69597","98.0","100.0"],["6","99.50000","0.50000","99.0","100.0"],["5","99.60000","0.48990","99.0","100.0"],["5","98.60000","0.48990","98.0","99.0"],["7","99.28571","1.03016","98.0","101.0"],["7","99.42857","0.49487","99.0","100.0"],["3","99.33333","0.47140","99.0","100.0"],["5","99.20000","0.40000","99.0","100.0"],["8","99.00000","1.00000","98.0","100.0"],["3","98.66667","0.94281","98.0","100.0"],["3","98.66667","0.94281","98.0","100.0"],["11","99.72727","0.96209","98.0","101.0"],["7","99.57143","0.49487","99.0","100.0"],["3","99.33333","0.47140","99.0","100.0"],["5","99.20000","0.40000","99.0","100.0"],["8","98.12500","0.92702","97.0","99.0"],["7","98.00000","0.92582","97.0","99.0"],["6","98.16667","0.68718","97.0","99.0"],["8","99.25000","0.96825","98.0","100.0"],["11","99.00000","0.95346","98.0","100.0"],["4","98.00000","0.70711","97.0","99.0"],["6","97.66667","1.24722","96.0","100.0"],["16","97.12500","0.78062","96.0","98.0"],["10","96.40000","1.11355","95.0","98.0"],["20","95.05000","0.80467","93.0","96.0"],["11","94.63636","0.64282","94.0","96.0"],["11","94.00000","0.85280","93.0","95.0"],["16","93.56250","0.60917","93.0","95.0"],["43","87.67442","2.66520","83.0","92.0"],["38","82.31579","1.27950","79.0","84.0"],["28","79.21429","0.48969","78.0","80.0"],["40","83.15000","2.30814","79.0","87.0"],["62","80.43548","4.36859","75.0","88.0"],["32","71.28125","1.37464","69.0","74.0"],["50","68.40000","0.74833","67.0","70.0"],["30","65.80000","0.83267","65.0","68.0"],["57","66.05263","1.03315","65.0","68.0"],["56","65.69643","1.20889","62.0","68.0"],["56","62.46429","1.08503","61.0","65.0"],["67","66.85075","1.47874","64.0","70.0"],["59","62.59322","1.41563","60.0","65.0"],["65","65.96923","3.67934","60.0","71.0"],["59","66.20339","1.93784","63.0","70.0"],["58","70.17241","0.89323","68.0","72.0"],["51","70.47059","0.75024","69.0","72.0"],["57","69.85965","0.68668","68.0","71.0"],["65","68.76923","1.36741","67.0","73.0"],["60","73.91667","2.41724","68.0","77.0"],["59","76.13559","3.03905","72.0","82.0"],["58","77.13793","1.80467","74.0","81.0"],["41","77.78049","0.81187","76.0","79.0"],["41","77.75610","1.46138","75.0","81.0"],["37","77.18919","1.13514","76.0","80.0"],["57","75.15789","3.10511","70.0","81.0"],["45","79.82222","0.82432","78.0","82.0"],["31","79.09677","0.68884","78.0","80.0"],["39","77.82051","1.72273","75.0","81.0"],["46","74.67391","1.00118","71.0","76.0"],["52","75.05769","2.02307","72.0","78.0"],["52","76.17308","2.03547","72.0","79.0"],["43","73.20930","1.50284","71.0","76.0"],["62","81.54839","3.74458","75.0","87.0"],["34","79.29412","2.74965","76.0","84.0"],["40","76.10000","0.86023","74.0","78.0"],["35","75.62857","1.19728","73.0","78.0"],["35","80.17143","0.90981","78.0","82.0"],["35","82.34286","1.65517","78.0","85.0"],["41","83.41463","3.01197","79.0","88.0"],["54","79.12963","1.84638","76.0","84.0"],["32","86.00000","0.66144","85.0","87.0"],["31","86.12903","1.00777","84.0","88.0"],["66","77.27273","3.64960","71.0","83.0"],["71","74.42254","3.47896","71.0","81.0"],["58","80.41379","1.56508","76.0","83.0"],["67","77.79104","2.61190","74.0","82.0"],["51","77.07843","1.15203","76.0","81.0"],["50","82.56000","2.50727","78.0","87.0"],["46","82.67391","0.66117","81.0","84.0"],["30","82.73333","0.89194","81.0","85.0"],["40","82.22500","1.47458","80.0","85.0"],["26","87.15385","1.37819","84.0","90.0"],["20","86.20000","0.92736","84.0","87.0"]],