{"_t":[1368594000,1368680400,86400,144],"_i":["valentina\/003\/humidity","valentina\/003\/temp_dry","valentina\/003\/temp_wet"],"_@":{"humi":[60,100],"temp":[0,30]},"valentina\/003\/humidity":{"30":["2","97.00000","0.00000","97.0","97.0"],"31":["2","97.00000","0.00000","97.0","97.0"],"32":["2","97.00000","0.00000","97.0","97.0"],"33":["2","96.00000","1.00000","95.0","97.0"],"34":["2","96.00000","0.00000","96.0","96.0"],"35":["2","96.50000","0.50000","96.0","97.0"],"36":["2","96.00000","0.00000","96.0","96.0"],"37":["2","96.00000","0.00000","96.0","96.0"],"38":["2","96.00000","0.00000","96.0","96.0"],"39":["2","95.50000","0.50000","95.0","96.0"],"40":["2","94.00000","0.00000","94.0","94.0"],"41":["2","94.00000","1.00000","93.0","95.0"],"42":["2","91.00000","2.00000","89.0","93.0"],"43":["2","87.50000","1.50000","86.0","89.0"],"44":["2","84.50000","0.50000","84.0","85.0"],"45":["2","76.50000","1.50000","75.0","78.0"],"46":["2","79.00000","1.00000","78.0","80.0"],"47":["2","79.50000","0.50000","79.0","80.0"],"48":["2","75.50000","2.50000","73.0","78.0"],"49":["2","71.50000","0.50000","71.0","72.0"],"50":["2","73.00000","1.00000","72.0","74.0"],"51":["2","69.50000","2.50000","67.0","72.0"],"52":["2","67.50000","0.50000","67.0","68.0"],"53":["2","73.00000","1.00000","72.0","74.0"],"54":["2","78.50000","1.50000","77.0","80.0"],"55":["2","80.00000","0.00000","80.0","80.0"],"56":["2","70.50000","0.50000","70.0","71.0"],"57":["2","75.00000","1.00000","74.0","76.0"],"58":["2","79.00000","2.00000","77.0","81.0"],"59":["2","81.50000","0.50000","81.0","82.0"],"60":["2","82.00000","1.00000","81.0","83.0"],"61":["2","86.50000","0.50000","86.0","87.0"],"62":["2","83.50000","0.50000","83.0","84.0"],"63":["2","85.00000","2.00000","83.0","87.0"],"64":["2","88.50000","1.50000","87.0","90.0"],"65":["2","91.50000","0.50000","91.0","92.0"],"66":["2","91.50000","0.50000","91.0","92.0"],"67":["2","89.00000","1.00000","88.0","90.0"],"68":["2","88.50000","0.50000","88.0","89.0"],"69":["2","90.50000","0.50000","90.0","91.0"],"70":["2","89.50000","0.50000","89.0","90.0"],"71":["2","85.00000","1.00000","84.0","86.0"],"72":["2","80.50000","0.50000","80.0","81.0"],"73":["2","78.50000","1.50000","77.0","80.0"],"74":["2","84.00000","0.00000","84.0","84.0"],"75":["2","85.00000","1.00000","84.0","86.0"],"76":["2","85.50000","0.50000","85.0","86.0"],"77":["2","79.00000","1.00000","78.0","80.0"],"78":["2","77.50000","1.50000","76.0","79.0"],"79":["1","74.00000","0.00000","74.0","74.0"],"80":["2","70.00000","0.00000","70.0","70.0"],"81":["2","73.00000","2.00000","71.0","75.0"],"82":["2","75.50000","1.50000","74.0","77.0"],"83":["2","75.50000","2.50000","73.0","78.0"],"84":["2","81.00000","0.00000","81.0","81.0"],"85":["2","77.00000","1.00000","76.0","78.0"],"86":["2","81.00000","1.00000","80.0","82.0"],"87":["2","83.00000","1.00000","82.0","84.0"],"88":["2","86.50000","1.50000","85.0","88.0"],"89":["2","89.00000","0.00000","89.0","89.0"],"90":["2","90.00000","0.00000","90.0","90.0"],"91":["2","91.00000","0.00000","91.0","91.0"],"92":["2","93.00000","0.00000","93.0","93.0"],"93":["2","92.00000","0.00000","92.0","92.0"],"94":["2","93.00000","0.00000","93.0","93.0"],"95":["2","93.00000","0.00000","93.0","93.0"],"96":["2","94.50000","0.50000","94.0","95.0"],"97":["2","94.00000","0.00000","94.0","94.0"],"98":["2","93.50000","0.50000","93.0","94.0"],"99":["2","92.50000","0.50000","92.0","93.0"],"100":["2","90.00000","1.00000","89.0","91.0"],"101":["2","88.50000","0.50000","88.0","89.0"],"102":["2","88.50000","0.50000","88.0","89.0"],"103":["2","90.50000","0.50000","90.0","91.0"],"104":["2","91.00000","0.00000","91.0","91.0"],"105":["2","93.00000","0.00000","93.0","93.0"],"106":["2","92.50000","0.50000","92.0","93.0"],"107":["2","93.50000","0.50000","93.0","94.0"],"108":["2","94.00000","0.00000","94.0","94.0"],"109":["2","94.50000","0.50000","94.0","95.0"],"110":["2","95.00000","0.00000","95.0","95.0"],"111":["2","95.00000","0.00000","95.0","95.0"],"112":["2","94.50000","0.50000","94.0","95.0"],"113":["2","95.00000","0.00000","95.0","95.0"],"114":["2","95.50000","0.50000","95.0","96.0"],"115":["2","95.00000","0.00000","95.0","95.0"],"116":["2","95.00000","0.00000","95.0","95.0"],"117":["2","95.50000","0.50000","95.0","96.0"],"118":["2","95.00000","0.00000","95.0","95.0"],"119":["2","95.50000","0.50000","95.0","96.0"],"120":["2","96.00000","0.00000","96.0","96.0"],"121":["2","96.50000","0.50000","96.0","97.0"],"122":["2","96.00000","0.00000","96.0","96.0"],"123":["2","96.00000","0.00000","96.0","96.0"],"124":["2","95.00000","1.00000","94.0","96.0"],"125":["2","96.00000","0.00000","96.0","96.0"],"126":["2","96.00000","0.00000","96.0","96.0"],"127":["2","96.00000","0.00000","96.0","96.0"],"128":["2","95.50000","0.50000","95.0","96.0"],"129":["2","96.00000","0.00000","96.0","96.0"],"130":["2","96.00000","0.00000","96.0","96.0"],"131":["2","96.00000","0.00000","96.0","96.0"],"132":["2","96.00000","0.00000","96.0","96.0"],"133":["2","96.00000","0.00000","96.0","96.0"],"134":["2","96.00000","0.00000","96.0","96.0"],"135":["2","96.00000","0.00000","96.0","96.0"],"136":["2","96.00000","0.00000","96.0","96.0"],"137":["2","96.00000","0.00000","96.0","96.0"],"138":["2","96.50000","0.50000","96.0","97.0"],"139":["2","96.50000","0.50000","96.0","97.0"],"140":["2","97.00000","0.00000","97.0","97.0"],"141":["2","97.00000","0.00000","97.0","97.0"],"142":["2","97.00000","0.00000","97.0","97.0"],"143":["2","96.00000","0.00000","96.0","96.0"]},"valentina\/003\/temp_dry":{"30":["2","9.95000","0.05000","9.9","10.0"],"31":["2","9.85000","0.05000","9.8","9.9"],"32":["2","9.65000","0.05000","9.6","9.7"],"33":["2","9.70000","0.10000","9.6","9.8"],"34":["2","9.75000","0.05000","9.7","9.8"],"35":["2","9.90000","0.10000","9.8","10.0"],"36":["2","10.30000","0.10000","10.2","10.4"],"37":["2","10.60000","0.10000","10.5","10.7"],"38":["2","11.00000","0.10000","10.9","11.1"],"39":["2","11.45000","0.15000","11.3","11.6"],"40":["2","12.00000","0.10000","11.9","12.1"],"41":["2","12.65000","0.25000","12.4","12.9"],"42":["2","13.75000","0.55000","13.2","14.3"],"43":["2","15.65000","0.25000","15.4","15.9"],"44":["2","15.90000","0.00000","15.9","15.9"],"45":["2","17.20000","0.60000","16.6","17.8"],"46":["2","16.40000","0.30000","16.1","16.7"],"47":["2","16.55000","0.05000","16.5","16.6"],"48":["2","17.95000","0.65000","17.3","18.6"],"49":["2","18.85000","0.15000","18.7","19.0"],"50":["2","19.10000","0.40000","18.7","19.5"],"51":["2","20.10000","0.20000","19.9","20.3"],"52":["2","21.20000","0.00000","21.2","21.2"],"53":["2","20.15000","0.55000","19.6","20.7"],"54":["2","18.65000","0.45000","18.2","19.1"],"55":["2","17.60000","0.00000","17.6","17.6"],"56":["2","20.15000","0.25000","19.9","20.4"],"57":["2","18.55000","0.35000","18.2","18.9"],"58":["2","17.45000","0.25000","17.2","17.7"],"59":["2","16.55000","0.05000","16.5","16.6"],"60":["2","16.60000","0.10000","16.5","16.7"],"61":["2","16.75000","0.05000","16.7","16.8"],"62":["2","17.15000","0.05000","17.1","17.2"],"63":["2","16.65000","0.15000","16.5","16.8"],"64":["2","15.95000","0.25000","15.7","16.2"],"65":["2","15.25000","0.05000","15.2","15.3"],"66":["2","15.40000","0.10000","15.3","15.5"],"67":["2","16.25000","0.25000","16.0","16.5"],"68":["2","16.50000","0.10000","16.4","16.6"],"69":["2","15.90000","0.10000","15.8","16.0"],"70":["2","16.15000","0.05000","16.1","16.2"],"71":["2","17.25000","0.45000","16.8","17.7"],"72":["2","18.75000","0.85000","17.9","19.6"],"73":["2","20.20000","0.50000","19.7","20.7"],"74":["2","17.55000","0.25000","17.3","17.8"],"75":["2","17.65000","0.15000","17.5","17.8"],"76":["2","17.10000","0.20000","16.9","17.3"],"77":["2","19.60000","0.20000","19.4","19.8"],"78":["2","19.35000","0.05000","19.3","19.4"],"79":["1","20.60000","0.00000","20.6","20.6"],"80":["2","22.15000","0.05000","22.1","22.2"],"81":["2","21.25000","0.35000","20.9","21.6"],"82":["2","19.85000","0.45000","19.4","20.3"],"83":["2","19.95000","1.15000","18.8","21.1"],