{"_t":[1368680400,1368939600,259200,144],"_i":["sanpedro\/002\/humidity","sanpedro\/002\/temperature"],"_@":{"humi":[40,100],"temp":[0,30]},"sanpedro\/002\/humidity":{"0":["18","91.06667","3.38657","86.5","94.6"],"1":["11","90.97273","3.52216","86.5","94.6"],"2":["12","91.06667","3.38657","86.5","94.6"],"6":["7","91.15714","3.16853","86.4","94.5"],"7":["7","91.50000","3.37512","86.4","94.5"],"8":["3","91.00000","3.39706","86.4","94.5"],"9":["6","91.00000","3.39706","86.4","94.5"],"10":["5","90.26000","3.34999","86.3","94.5"],"12":["11","91.11818","3.12143","86.3","94.5"],"13":["13","90.48462","3.34177","86.4","94.6"],"14":["14","90.51429","3.50446","86.6","94.7"],"16":["50","71.09000","4.19344","67.2","83.2"],"17":["51","70.70588","1.56599","68.5","74.4"],"18":["96","61.43646","9.69974","53.9","89.4"],"19":["53","65.83585","3.58509","60.2","73.3"],"21":["51","74.89804","3.45341","71.0","80.4"],"22":["45","58.50000","4.66357","53.5","71.0"],"23":["47","60.02766","1.95880","56.7","64.7"],"28":["53","75.87736","3.39598","72.3","80.9"],"29":["54","72.47407","3.94631","68.4","80.0"],"32":["61","86.14590","3.46441","82.7","92.3"],"33":["22","91.89091","1.66239","86.9","95.1"],"34":["14","89.62143","3.33063","86.8","95.0"],"35":["5","90.70000","3.30273","86.8","94.9"],"37":["27","91.01111","2.97114","86.6","94.8"],"38":["6","91.16667","3.38657","86.6","94.7"],"39":["15","91.74667","2.78086","86.6","94.7"],"40":["19","91.27368","2.91147","86.6","94.7"],"41":["12","90.70000","3.59166","86.6","94.7"],"42":["19","91.25263","2.94464","86.6","94.7"],"43":["8","91.03750","3.57104","86.6","94.7"],"44":["4","91.42500","2.99447","86.5","94.6"],"46":["12","91.02500","3.41958","86.3","94.5"],"48":["10","90.26000","3.34999","86.3","94.5"],"49":["3","91.00000","3.39706","86.4","94.5"],"50":["12","91.47500","3.10675","86.4","94.5"],"52":["14","91.15714","3.16853","86.4","94.5"],"53":["3","89.10000","3.81838","86.4","94.5"],"54":["3","91.00000","3.39706","86.4","94.5"],"56":["3","91.00000","3.39706","86.4","94.5"],"57":["4","91.27500","2.98025","86.4","94.5"],"58":["3","91.00000","3.39706","86.4","94.5"],"59":["14","91.32857","3.27794","86.4","94.5"],"60":["15","91.00000","3.39706","86.4","94.5"],"61":["22","91.10455","3.02992","86.4","94.5"],"62":["6","90.65000","3.11328","86.4","94.5"],"63":["4","89.30000","2.90000","86.4","92.2"],"64":["7","92.42857","2.65691","86.5","94.6"],"65":["51","90.90784","3.44536","86.5","94.9"],"66":["11","91.81818","3.28739","86.7","94.9"],"67":["20","91.48000","3.28323","86.7","94.9"],"68":["86","88.63605","3.62937","83.9","95.0"],"69":["51","84.43529","4.26586","79.8","94.3"],"71":["94","74.09468","2.20687","71.2","80.8"],"72":["44","54.31818","2.55167","45.9","57.9"],"73":["96","67.12708","4.17736","62.0","78.9"],"75":["63","82.15873","4.94329","77.0","95.0"],"76":["96","80.86042","10.58655","60.9","95.1"],"77":["56","76.66429","2.34562","73.0","81.1"],"78":["105","72.96000","4.53544","66.0","81.2"],"79":["48","55.14375","6.41703","48.5","63.6"],"80":["49","60.93061","4.35605","55.9","70.1"],"81":["61","86.59180","2.15941","82.9","91.4"],"82":["51","91.56078","2.38320","86.9","95.1"],"83":["35","91.32857","3.38244","86.8","95.1"],"84":["13","91.35385","3.32094","86.6","94.8"],"85":["19","91.42632","3.42773","86.6","94.8"],"87":["15","91.18000","3.42427","86.5","94.7"],"88":["20","91.53000","3.07849","86.5","94.7"],"89":["17","92.08235","3.31134","86.3","94.6"],"90":["9","90.70000","3.24551","86.3","94.5"],"91":["15","91.74000","2.91863","86.3","94.5"],"94":["10","91.35000","2.68859","86.3","94.4"],"95":["9","90.91111","3.40863","86.3","94.5"],"96":["16","89.97500","3.35941","86.3","94.5"],"97":["7","91.44286","3.41336","86.3","94.5"],"98":["12","91.55833","2.63295","86.1","94.3"],"99":["21","89.43333","3.59276","86.1","94.3"],"100":["18","90.76667","3.44222","86.1","94.3"],"101":["4","91.05000","3.02118","86.1","94.3"],"102":["4","91.05000","3.02118","86.1","94.3"],"103":["5","91.72000","2.96135","86.2","94.3"],"104":["14","90.14286","3.53305","86.2","94.3"],"107":["5","91.12000","2.72353","86.0","94.2"],"108":["57","89.95088","3.63034","86.2","94.7"],"109":["49","90.35510","3.64087","86.5","95.0"],"110":["62","90.42097","2.93308","85.7","95.1"],"112":["161","76.58882","5.34628","71.1","89.0"],"114":["164","76.01768","7.58670","63.7","92.5"],"116":["45","50.27111","3.93258","45.1","58.3"],"118":["90","54.40111","4.31085","49.6","63.8"],"122":["99","66.31616","4.92406","54.8","74.1"],"125":["44","75.31136","2.40758","69.2","78.9"],"126":["106","76.02925","2.50437","72.9","82.9"],"129":["155","74.69677","3.52401","67.7","82.1"],"130":["99","69.92121","6.66459","57.2","78.3"],"131":["112","79.58839","1.57422","77.5","85.3"],"132":["20","90.51500","3.33246","86.5","94.8"],"133":["6","90.76667","3.13404","86.5","94.7"],"135":["11","91.18182","2.94242","86.6","94.7"],"136":["23","91.54348","3.10747","86.6","94.7"],"137":["14","91.10000","3.53088","86.5","94.7"],"138":["5","91.92000","2.96135","86.4","94.5"],"139":["14","91.31429","3.29954","86.3","94.5"],"140":["14","90.66429","3.39129","86.3","94.5"],"141":["5","90.20000","3.30273","86.3","94.4"],"142":["3","90.93333","3.35195","86.4","94.4"]},"sanpedro\/002\/temperature":{"0":["18","12.13333","0.27487","11.7","12.5"],"1":["11","12.01818","0.31570","11.6","12.4"],"2":["12","12.03333","0.32998","11.6","12.4"],"6":["7","11.47143","0.31493","11.0","11.8"],"7":["7","11.62857","0.34934","11.1","12.0"],"8":["3","11.56667","0.33993","11.1","11.9"],"9":["6","11.38333","0.38909","10.8","11.8"],"10":["5","11.02000","0.47074","10.4","11.5"],"12":["11","11.32727","0.44126","10.4","11.8"],"13":["13","11.92308","0.34003","11.3","12.6"],"14":["14","13.05000","0.17627","12.7","13.3"],"16":["50","18.19800","0.76511","17.6","19.6"],"17":["51","18.11765","2.00095","16.5","21.2"],"18":["96","20.83750","1.01645","20.0","23.8"],"19":["53","19.06038","1.22895","17.8","21.1"],"21":["51","17.16667","0.53675","16.6","18.3"],"22":["45","21.29111","0.86277","20.2","23.6"],"23":["47","20.22340","2.24264","18.5","24.3"],"28":["53","18.26226","0.43577","17.9","18.9"],"29":["54","18.60370","0.44595","18.3","19.7"],"32":["61","16.86885","0.58071","16.3","17.6"],"33":["22","16.12727","0.23195","15.2","16.5"],"34":["14","14.66429","0.41851","14.1","15.4"],"35":["5","14.24000","0.42237","13.7","14.8"],"37":["27","12.78889","0.44500","11.9","13.4"],"38":["6","12.95000","0.36401","12.4","13.3"],"39":["15","13.06000","0.19596","12.7","13.4"],"40":["19","12.96842","0.24073","12.6","13.4"],"41":["12","12.89167","0.37296","12.4","13.4"],"42":["19","12.89474","0.27620","12.5","13.4"],"43":["8","12.97500","0.34911","12.5","13.4"],"44":["4","12.70000","0.35355","12.1","13.0"],"46":["12","11.63333","0.58642","10.6","12.4"],"48":["10","11.32000","0.45343","10.7","11.8"],"49":["3","11.93333","0.32998","11.5","12.3"],"50":["12","12.16667","0.31447","11.7","12.6"],"52":["14","12.05000","0.36401","11.5","12.5"],"53":["3","11.86667","0.44969","11.5","12.5"],"54":["3","11.83333","0.41096","11.3","12.3"],"56":["3","11.80000","0.37417","11.3","12.2"],"57":["4","11.95000","0.32016","11.5","12.4"],"58":["3","11.83333","0.41096","11.3","12.3"],"59":["14","11.80714","0.38999","11.2","12.3"],"60":["15","11.90000","0.40661","11.3","12.4"],"61":["22","12.05455","0.38106","11.5","12.6"],"62":["6","11.98333","0.38909","11.4","12.4"],"63":["4","11.80000","0.25495","11.5","12.1"],"64":["7","12.81429","0.33564","12.1","13.2"],"65":["51","13.86471","0.87061","12.2","15.3"],"66":["11","14.64545","0.60206","13.6","15.3"],"67":["20","14.51500","0.75251","13.3","15.4"],"68":["86","15.17209","1.14381","14.0","17.0"],"69":["51","15.45098","1.26155","14.5","18.1"],"71":["94","17.72872","2.34809","15.6","22.1"],"72":["44","22.01818","3.53870","19.4","30.0"],"73":["96","19.47917","1.81618","18.0","24.0"],"75":["63","16.16825","0.83359","14.1","18.1"],"76":["96","17.49375","2.38497","13.9","23.1"],"77":["56","17.71071","0.63406","17.0","18.7"],