{"_t":[1373292000,1373378400,86400,144],"_i":["valentina\/003\/humidity","valentina\/003\/temp_dry","valentina\/003\/temp_wet"],"_@":{"humi":[50,100],"temp":[0,30]},"valentina\/003\/humidity":[["2","60.00000","0.00000","60.0","60.0"],["2","60.00000","1.00000","59.0","61.0"],["2","64.50000","0.50000","64.0","65.0"],["2","69.50000","2.50000","67.0","72.0"],["2","65.50000","0.50000","65.0","66.0"],["2","67.00000","0.00000","67.0","67.0"],["2","63.00000","0.00000","63.0","63.0"],["2","59.00000","3.00000","56.0","62.0"],["2","59.00000","1.00000","58.0","60.0"],["2","56.00000","0.00000","56.0","56.0"],["2","58.00000","1.00000","57.0","59.0"],["2","60.50000","2.50000","58.0","63.0"],["2","60.50000","1.50000","59.0","62.0"],["2","56.50000","1.50000","55.0","58.0"],["2","59.50000","2.50000","57.0","62.0"],["2","55.50000","1.50000","54.0","57.0"],["2","56.50000","0.50000","56.0","57.0"],["2","56.00000","2.00000","54.0","58.0"],["2","55.50000","1.50000","54.0","57.0"],["2","57.00000","2.00000","55.0","59.0"],["2","52.50000","0.50000","52.0","53.0"],["2","52.50000","2.50000","50.0","55.0"],["2","53.00000","0.00000","53.0","53.0"],["2","53.00000","0.00000","53.0","53.0"],["2","54.50000","2.50000","52.0","57.0"],["2","53.00000","0.00000","53.0","53.0"],["2","53.00000","1.00000","52.0","54.0"],["2","51.50000","1.50000","50.0","53.0"],["2","52.50000","0.50000","52.0","53.0"],["2","51.00000","0.00000","51.0","51.0"],["2","53.50000","0.50000","53.0","54.0"],["2","54.00000","1.00000","53.0","55.0"],["2","58.50000","2.50000","56.0","61.0"],["2","57.00000","0.00000","57.0","57.0"],["2","54.50000","0.50000","54.0","55.0"],["2","52.50000","2.50000","50.0","55.0"],["2","54.00000","2.00000","52.0","56.0"],["1","59.00000","0.00000","59.0","59.0"],["2","62.50000","0.50000","62.0","63.0"],["2","60.50000","0.50000","60.0","61.0"],["2","55.00000","1.00000","54.0","56.0"],["2","58.00000","2.00000","56.0","60.0"],["2","57.50000","1.50000","56.0","59.0"],["2","63.50000","3.50000","60.0","67.0"],["2","67.00000","1.00000","66.0","68.0"],["2","67.50000","1.50000","66.0","69.0"],["2","69.00000","1.00000","68.0","70.0"],["2","69.00000","0.00000","69.0","69.0"],["2","71.50000","0.50000","71.0","72.0"],["2","78.50000","1.50000","77.0","80.0"],["2","82.50000","2.50000","80.0","85.0"],["2","80.50000","0.50000","80.0","81.0"],["2","86.50000","1.50000","85.0","88.0"],["2","89.00000","1.00000","88.0","90.0"],["2","90.50000","1.50000","89.0","92.0"],["2","92.00000","1.00000","91.0","93.0"],["2","93.50000","0.50000","93.0","94.0"],["2","92.50000","0.50000","92.0","93.0"],["2","94.00000","1.00000","93.0","95.0"],["2","94.50000","0.50000","94.0","95.0"],["2","95.00000","0.00000","95.0","95.0"],["2","94.00000","0.00000","94.0","94.0"],["2","94.00000","0.00000","94.0","94.0"],["2","93.50000","0.50000","93.0","94.0"],["2","92.50000","0.50000","92.0","93.0"],["2","92.00000","0.00000","92.0","92.0"],["2","92.00000","1.00000","91.0","93.0"],["2","93.00000","0.00000","93.0","93.0"],["2","92.00000","0.00000","92.0","92.0"],["2","92.00000","1.00000","91.0","93.0"],["2","92.50000","0.50000","92.0","93.0"],["2","92.00000","0.00000","92.0","92.0"],["2","91.50000","0.50000","91.0","92.0"],["2","91.50000","0.50000","91.0","92.0"],["2","92.00000","0.00000","92.0","92.0"],["2","92.50000","0.50000","92.0","93.0"],["2","93.00000","0.00000","93.0","93.0"],["2","91.00000","0.00000","91.0","91.0"],["2","91.50000","0.50000","91.0","92.0"],["2","93.00000","0.00000","93.0","93.0"],["2","92.00000","1.00000","91.0","93.0"],["2","92.00000","0.00000","92.0","92.0"],["2","93.00000","0.00000","93.0","93.0"],["2","94.00000","0.00000","94.0","94.0"],["2","92.50000","0.50000","92.0","93.0"],["2","94.00000","0.00000","94.0","94.0"],["2","94.50000","0.50000","94.0","95.0"],["2","94.50000","0.50000","94.0","95.0"],["2","95.00000","0.00000","95.0","95.0"],["2","95.00000","0.00000","95.0","95.0"],["2","93.50000","0.50000","93.0","94.0"],["2","93.50000","0.50000","93.0","94.0"],["2","94.00000","0.00000","94.0","94.0"],["2","92.50000","0.50000","92.0","93.0"],["2","92.00000","0.00000","92.0","92.0"],["2","92.00000","0.00000","92.0","92.0"],["2","93.00000","0.00000","93.0","93.0"],["2","93.00000","1.00000","92.0","94.0"],["2","92.50000","0.50000","92.0","93.0"],["2","93.00000","1.00000","92.0","94.0"],["2","93.00000","0.00000","93.0","93.0"],["2","93.00000","1.00000","92.0","94.0"],["2","92.50000","0.50000","92.0","93.0"],["2","91.50000","0.50000","91.0","92.0"],["2","94.50000","0.50000","94.0","95.0"],["2","94.50000","0.50000","94.0","95.0"],["2","95.50000","0.50000","95.0","96.0"],["2","94.50000","0.50000","94.0","95.0"],["2","95.00000","0.00000","95.0","95.0"],["2","95.50000","0.50000","95.0","96.0"],["2","95.00000","0.00000","95.0","95.0"],["2","94.50000","0.50000","94.0","95.0"],["2","95.00000","0.00000","95.0","95.0"],["2","95.50000","0.50000","95.0","96.0"],["2","95.50000","0.50000","95.0","96.0"],["2","96.00000","0.00000","96.0","96.0"],["2","95.50000","0.50000","95.0","96.0"],["2","94.50000","0.50000","94.0","95.0"],["2","94.50000","0.50000","94.0","95.0"],["2","95.00000","0.00000","95.0","95.0"],["2","95.00000","0.00000","95.0","95.0"],["2","95.00000","0.00000","95.0","95.0"],["2","95.00000","0.00000","95.0","95.0"],["2","95.00000","0.00000","95.0","95.0"],["2","95.00000","0.00000","95.0","95.0"],["2","95.00000","0.00000","95.0","95.0"],["2","95.50000","0.50000","95.0","96.0"],["2","95.50000","0.50000","95.0","96.0"],["2","94.50000","0.50000","94.0","95.0"],["2","94.50000","0.50000","94.0","95.0"],["2","95.50000","0.50000","95.0","96.0"],["2","99.00000","1.00000","98.0","100.0"],["2","98.00000","0.00000","98.0","98.0"],["2","95.00000","0.00000","95.0","95.0"],["2","92.50000","0.50000","92.0","93.0"],["2","89.50000","1.50000","88.0","91.0"],["2","88.00000","1.00000","87.0","89.0"],["2","85.50000","0.50000","85.0","86.0"],["2","80.00000","2.00000","78.0","82.0"],["2","74.50000","2.50000","72.0","77.0"],["2","72.50000","0.50000","72.0","73.0"],["2","93.50000","3.50000","90.0","97.0"],["2","91.50000","1.50000","90.0","93.0"],["2","87.00000","0.00000","87.0","87.0"]],