{"_t":[1376370000,1376974800,604800,168],"_i":["timana0\/002\/VoltR"],"_@":{"Volt":[0,130]},"timana0\/002\/VoltR":{"36":["25","38.48000","56.09429","0.0","121.0"],"37":["24","59.75000","59.75662","0.0","121.0"],"38":["21","45.66667","58.21825","0.0","121.0"]}}