{"_t":[1367211600,1369803600,2592000,240],"_i":["sanpedro\/006\/VoltR"],"_@":{"Volt":[0,150]},"sanpedro\/006\/VoltR":{"0":["36","0.00000","0.00000","0.0","0.0"],"1":["38","0.15789","0.96044","0.0","6.0"],"2":["36","0.00000","0.00000","0.0","0.0"],"3":["55","49.61818","65.65156","0.0","138.0"],"4":["51","30.84314","56.02498","0.0","138.0"],"5":["38","7.10526","30.14508","0.0","135.0"],"6":["36","0.00000","0.00000","0.0","0.0"],"7":["36","0.00000","0.00000","0.0","0.0"],"8":["35","0.00000","0.00000","0.0","0.0"],"9":["3","0.00000","0.00000","0.0","0.0"],"26":["49","61.40816","65.46908","0.0","137.0"],"27":["55","39.67273","61.94104","0.0","138.0"],"28":["55","45.12727","64.70101","0.0","139.0"],"29":["38","7.15789","30.36838","0.0","136.0"],"30":["36","0.00000","0.00000","0.0","0.0"],"31":["35","0.00000","0.00000","0.0","0.0"],"32":["36","0.00000","0.00000","0.0","0.0"],"33":["36","0.00000","0.00000","0.0","0.0"],"34":["36","0.00000","0.00000","0.0","0.0"],"35":["61","50.13115","64.59292","0.0","136.0"],"36":["65","52.21538","66.09143","0.0","138.0"],"37":["40","13.72500","41.17583","0.0","138.0"],"38":["36","0.00000","0.00000","0.0","0.0"],"39":["35","0.00000","0.00000","0.0","0.0"],"40":["36","0.00000","0.00000","0.0","0.0"],"41":["36","0.00000","0.00000","0.0","0.0"],"42":["48","33.37500","57.81242","0.0","136.0"],"43":["54","36.77778","59.49157","0.0","136.0"],"44":["47","29.53191","56.80982","0.0","140.0"],"45":["42","15.57143","42.59284","0.0","138.0"],"46":["40","16.42500","43.45796","0.0","133.0"],"47":["36","0.00000","0.00000","0.0","0.0"],"48":["36","0.00000","0.00000","0.0","0.0"],"49":["36","0.00000","0.00000","0.0","0.0"],"50":["48","35.18750","60.94897","0.0","142.0"],"51":["37","3.81081","22.86486","0.0","141.0"],"52":["42","20.00000","48.99028","0.0","141.0"],"53":["40","10.40000","36.52383","0.0","139.0"],"54":["36","0.00000","0.00000","0.0","0.0"],"55":["35","0.00000","0.00000","0.0","0.0"],"56":["36","0.00000","0.00000","0.0","0.0"],"57":["36","0.00000","0.00000","0.0","0.0"],"58":["54","43.77778","61.94940","0.0","136.0"],"59":["45","24.20000","52.04468","0.0","137.0"],"60":["45","24.26667","52.18787","0.0","137.0"],"61":["37","3.70270","22.21622","0.0","137.0"],"62":["36","0.00000","0.00000","0.0","0.0"],"63":["35","0.00000","0.00000","0.0","0.0"],"64":["36","0.00000","0.00000","0.0","0.0"],"65":["35","0.00000","0.00000","0.0","0.0"],"66":["36","0.00000","0.00000","0.0","0.0"],"67":["51","28.35294","54.24303","0.0","138.0"],"68":["50","34.36000","58.28542","0.0","139.0"],"69":["40","10.10000","35.47027","0.0","135.0"],"70":["36","0.00000","0.00000","0.0","0.0"],"71":["35","0.00000","0.00000","0.0","0.0"],"72":["35","0.00000","0.00000","0.0","0.0"],"73":["36","0.00000","0.00000","0.0","0.0"],"74":["52","41.53846","62.31603","0.0","137.0"],"75":["39","10.64103","36.86183","0.0","139.0"],"76":["43","22.20930","50.36636","0.0","137.0"],"77":["38","7.07895","30.03365","0.0","135.0"],"78":["36","0.00000","0.00000","0.0","0.0"],"79":["35","0.00000","0.00000","0.0","0.0"],"80":["36","0.00000","0.00000","0.0","0.0"],"81":["36","0.00000","0.00000","0.0","0.0"],"82":["59","48.30508","64.99185","0.0","138.0"],"83":["47","28.63830","55.09505","0.0","137.0"],"84":["55","38.78182","60.77849","0.0","138.0"],"85":["37","3.67568","22.05405","0.0","136.0"],"86":["35","0.00000","0.00000","0.0","0.0"],"87":["38","0.10526","0.64029","0.0","4.0"],"88":["36","0.00000","0.00000","0.0","0.0"],"89":["36","0.00000","0.00000","0.0","0.0"],"90":["46","26.02174","52.77042","0.0","136.0"],"91":["47","26.25532","53.63250","0.0","137.0"],"92":["59","50.74576","65.81165","0.0","138.0"],"93":["38","7.07895","30.03365","0.0","135.0"],"94":["36","0.00000","0.00000","0.0","0.0"],"95":["35","0.00000","0.00000","0.0","0.0"],"96":["36","0.00000","0.00000","0.0","0.0"],"97":["36","0.00000","0.00000","0.0","0.0"],"98":["45","21.20000","49.40157","0.0","138.0"],"99":["47","26.25532","53.95012","0.0","138.0"],"100":["45","18.44444","47.02508","0.0","139.0"],"101":["37","3.67568","22.05405","0.0","136.0"],"102":["36","0.00000","0.00000","0.0","0.0"],"103":["35","0.00000","0.00000","0.0","0.0"],"104":["36","0.00000","0.00000","0.0","0.0"],"105":["36","0.00000","0.00000","0.0","0.0"],"106":["49","28.20408","55.72014","0.0","142.0"],"107":["46","20.97826","49.59597","0.0","142.0"],"108":["41","17.19512","46.13988","0.0","142.0"],"109":["38","7.34211","31.15013","0.0","140.0"],"110":["36","0.00000","0.00000","0.0","0.0"],"111":["35","0.00000","0.00000","0.0","0.0"],"112":["36","0.00000","0.00000","0.0","0.0"],"113":["36","0.00000","0.00000","0.0","0.0"],"114":["40","13.60000","40.80490","0.0","138.0"],"115":["41","16.97561","45.55109","0.0","140.0"],"116":["40","14.02500","42.07582","0.0","141.0"],"117":["40","9.65000","34.02686","0.0","141.0"],"118":["36","0.00000","0.00000","0.0","0.0"],"119":["36","0.00000","0.00000","0.0","0.0"],"120":["35","0.00000","0.00000","0.0","0.0"],"121":["37","0.10811","0.64865","0.0","4.0"],"122":["58","46.89655","64.64644","0.0","138.0"],"123":["58","49.72414","66.00517","0.0","139.0"],"124":["49","33.55102","58.91469","0.0","138.0"],"125":["38","7.13158","30.25694","0.0","136.0"],"126":["36","0.00000","0.00000","0.0","0.0"],"127":["37","0.10811","0.64865","0.0","4.0"],"128":["36","0.00000","0.00000","0.0","0.0"],"129":["36","0.00000","0.00000","0.0","0.0"],"130":["46","29.71739","56.38866","0.0","139.0"],"131":["42","9.47619","34.16712","0.0","133.0"],"132":["55","43.90909","62.96183","0.0","137.0"],"133":["36","0.00000","0.00000","0.0","0.0"],"134":["36","0.00000","0.00000","0.0","0.0"],"135":["35","0.00000","0.00000","0.0","0.0"],"136":["36","0.00000","0.00000","0.0","0.0"],"137":["36","0.00000","0.00000","0.0","0.0"],"138":["64","57.20312","64.93631","0.0","134.0"],"139":["48","29.77083","54.60282","0.0","133.0"],"140":["45","26.44444","52.90938","0.0","134.0"],"141":["38","6.71053","28.47058","0.0","128.0"],"142":["28","0.00000","0.00000","0.0","0.0"],"143":["36","0.00000","0.00000","0.0","0.0"],"144":["36","0.00000","0.00000","0.0","0.0"],"145":["36","0.00000","0.00000","0.0","0.0"],"146":["35","0.00000","0.00000","0.0","0.0"],"147":["82","62.84146","62.84853","0.0","133.0"],"148":["64","56.32812","65.94104","0.0","135.0"],"149":["40","13.10000","39.30064","0.0","132.0"],"150":["37","0.10811","0.64865","0.0","4.0"],"151":["35","0.00000","0.00000","0.0","0.0"],"152":["36","0.00000","0.00000","0.0","0.0"],"153":["36","0.00000","0.00000","0.0","0.0"],"154":["48","27.37500","53.36534","0.0","133.0"],"155":["43","15.09302","41.70763","0.0","135.0"],"156":["41","13.04878","39.68716","0.0","135.0"],"157":["37","3.54054","21.24324","0.0","131.0"],"158":["36","0.00000","0.00000","0.0","0.0"],"159":["36","0.00000","0.00000","0.0","0.0"],"160":["35","0.00000","0.00000","0.0","0.0"],"161":["36","0.00000","0.00000","0.0","0.0"],"162":["51","28.49020","54.33064","0.0","133.0"],"163":["43","15.88372","43.78872","0.0","137.0"],"164":["59","38.64407","60.80610","0.0","138.0"],"165":["37","7.32432","30.64007","0.0","136.0"],"166":["36","0.00000","0.00000","0.0","0.0"],"167":["36","0.00000","0.00000","0.0","0.0"],"168":["1","0.00000","0.00000","0.0","0.0"],"177":["24","0.00000","0.00000","0.0","0.0"],"178":["75","63.06667","65.65939","0.0","134.0"],"179":["43","21.53488","48.83734","0.0","133.0"],"180":["36","0.00000","0.00000","0.0","0.0"],"181":["53","28.66038","52.97986","0.0","129.0"],"182":["36","0.00000","0.00000","0.0","0.0"],"183":["27","0.00000","0.00000","0.0","0.0"],"186":["1","0.00000","0.00000","0.0","0.0"],"187":["52","40.92308","61.39464","0.0","136.0"],"188":["51","34.52941","59.03882","0.0","137.0"],"189":["41","12.19512","37.09067","0.0","126.0"],"190":["35","0.00000","0.00000","0.0","0.0"],"191":["36","0.00000","0.00000","0.0","0.0"],"192":["36","0.00000","0.00000","0.0","0.0"],"193":["36","0.00000","0.00000","0.0","0.0"],"194":["61","49.00000","63.04435","0.0","133.0"],"195":["41","16.00000","42.93330","0.0","132.0"],