{"_t":[1365656400,1366002000,345600,168],"_i":["marly\/001\/humidity","marly\/001\/temperature","marly\/002\/humidity","marly\/002\/temperature","marly\/003\/humidity","marly\/003\/temperature","marly\/007\/temp_dry","marly\/007\/temp_wet"],"_@":{"temp":[0,20],"humi":[80,90]},"marly\/007\/temp_dry":{"2":["12","11.31667","0.03727","11.3","11.4"],"3":["31","11.64194","0.11852","11.4","11.8"],"4":["32","11.93438","0.11349","11.8","12.1"],"5":["24","12.24167","0.06401","12.1","12.3"]},"marly\/007\/temp_wet":{"2":["12","11.24167","0.04930","11.2","11.3"],"3":["31","11.56774","0.10892","11.3","11.7"],"4":["32","11.80625","0.06092","11.7","11.9"],"5":["24","12.03333","0.06872","11.9","12.1"]},"marly\/003\/humidity":{"4":["17","84.84706","1.18427","83.6","86.5"],"5":["48","84.79792","1.10217","83.6","85.9"]},"marly\/003\/temperature":{"4":["17","11.14118","0.64266","8.6","11.4"],"5":["48","11.54167","0.14696","11.3","11.8"]}}