{"_t":[1366866000,1367816340,950340,240],"_i":["sanpedro\/005\/humidity","sanpedro\/005\/temperature"],"_@":{"humi":[30,100],"temp":[0,40]},"sanpedro\/005\/humidity":{"30":["89","48.64270","6.66515","38.5","60.9"],"31":["438","52.27557","4.36674","43.1","65.2"],"32":["580","50.75241","3.27742","43.2","59.7"],"33":["488","50.04508","3.98142","41.6","61.6"],"34":["549","56.07395","3.38685","46.0","66.4"],"35":["581","58.69983","2.40462","51.5","65.9"],"36":["514","50.34377","6.18525","41.4","66.2"],"37":["527","71.85503","8.85436","57.8","94.7"],"38":["24","89.12083","3.38058","86.7","95.0"],"39":["27","91.70741","3.40337","86.7","95.0"],"40":["20","91.36000","3.19881","86.7","94.9"],"41":["139","78.06115","9.02076","68.6","94.8"],"42":["153","83.26928","8.32803","70.5","94.6"],"43":["21","91.09524","3.54246","86.2","94.6"],"44":["44","91.25682","3.32384","86.0","94.4"],"45":["17","89.94118","3.85106","85.8","94.3"],"46":["54","90.10370","3.75933","85.7","94.2"],"47":["63","88.29683","3.60070","85.6","94.0"],"48":["37","89.69189","3.69348","85.6","94.0"],"49":["73","90.41096","3.61665","85.6","94.6"],"50":["428","78.24977","8.81983","63.2","94.4"],"51":["518","56.98649","5.69098","43.8","75.5"],"52":["552","48.55797","6.03233","35.3","65.5"],"53":["553","59.32568","5.53286","45.6","71.6"],"54":["588","58.86429","8.26177","44.0","89.9"],"55":["568","58.20000","4.33948","48.3","69.8"],"56":["525","54.51029","3.69666","47.6","72.1"],"57":["550","56.84382","5.93963","44.7","71.8"],"58":["556","74.56835","4.96512","64.8","91.1"],"59":["75","84.02133","5.14650","78.1","95.0"],"60":["26","91.10000","3.45743","86.5","94.9"],"61":["20","91.00500","3.24291","86.2","94.6"],"62":["23","91.06957","3.37400","86.2","94.6"],"63":["14","91.37857","3.29137","86.4","94.6"],"64":["19","91.23684","3.41162","86.4","94.6"],"65":["4","91.92500","3.34916","86.4","94.6"],"66":["7","91.52857","3.43499","86.3","94.6"],"67":["14","91.45714","3.44004","86.2","94.5"],"68":["22","91.58182","3.44141","86.2","94.5"],"69":["16","91.77500","3.35289","86.2","94.4"],"70":["25","91.34800","3.36144","86.2","94.4"],"71":["128","86.82656","6.31472","74.2","95.0"],"72":["575","69.56574","8.64087","56.1","89.0"],"73":["550","52.83618","5.20981","41.0","69.5"],"74":["533","64.36323","7.94893","47.1","75.6"],"75":["527","56.31423","3.15248","48.4","66.7"],"76":["574","54.37317","2.49576","47.3","60.9"],"77":["541","55.29815","2.82818","46.2","62.4"],"78":["503","51.35785","2.28970","45.3","56.8"],"79":["499","50.20541","4.17327","41.6","61.2"],"80":["472","49.55275","7.05701","39.9","67.9"],"81":["410","72.75659","9.60183","50.0","94.8"],"82":["34","91.05000","3.37336","86.5","94.8"],"83":["40","91.17000","3.27293","86.4","94.6"],"84":["13","90.10769","3.66805","86.2","94.4"],"85":["24","90.14583","3.71808","86.2","94.4"],"86":["42","90.83571","3.52068","86.2","94.4"],"87":["29","90.76552","3.53965","86.4","94.5"],"88":["11","90.40000","3.73825","86.4","94.5"],"89":["3","91.00000","3.39706","86.4","94.5"],"90":["8","91.87500","3.30936","86.4","94.5"],"91":["16","91.42500","3.46221","86.5","94.6"],"92":["20","90.14500","3.49392","86.3","94.6"],"93":["40","90.67750","3.45778","86.4","94.8"],"94":["494","75.32429","8.54392","63.2","94.9"],"95":["571","60.50788","3.55078","53.5","68.6"],"96":["453","70.89934","8.67574","52.5","84.1"],"97":["439","70.23257","9.86881","51.8","89.6"],"98":["532","56.01429","4.51839","46.8","68.0"],"99":["639","68.23099","5.39477","54.3","77.3"],"100":["547","68.67733","5.88203","55.4","80.2"],"101":["549","69.11949","5.28604","55.8","79.3"],"102":["531","80.28023","6.28651","69.2","94.7"],"103":["14","90.82857","3.27293","86.6","94.8"],"104":["54","90.58519","3.47069","86.5","94.7"],"105":["25","90.98000","3.49445","86.5","94.7"],"106":["5","90.46000","3.34999","86.5","94.7"],"107":["17","91.55882","3.46292","86.4","94.7"],"108":["12","91.55000","3.14762","86.4","94.6"],"109":["25","91.11200","3.37998","86.4","94.6"],"110":["22","91.41364","3.54315","86.4","94.6"],"111":["2","90.45000","4.05000","86.4","94.5"],"112":["4","92.67500","1.05445","92.0","94.5"],"159":["180","82.13056","6.67745","70.5","94.8"],"160":["570","60.56860","7.36990","44.2","83.4"],"161":["571","44.64081","3.26414","36.9","57.0"],"162":["540","47.94778","6.17329","39.0","68.9"],"163":["544","60.04393","3.82535","51.1","67.7"],"164":["451","74.02040","6.29047","60.6","87.5"],"165":["388","76.50825","4.28056","67.7","88.4"],"166":["544","67.98456","5.56020","56.4","79.0"],"167":["600","61.02283","6.90795","50.2","77.8"],"168":["508","74.16575","11.70884","53.9","93.2"],"169":["12","91.28333","3.41975","86.6","94.8"],"170":["42","90.92143","3.45567","86.4","94.6"],"171":["21","91.49048","3.26510","86.5","94.6"],"173":["35","91.16571","2.83659","86.5","94.6"],"174":["30","90.38333","3.57427","86.4","94.6"],"175":["9","91.36667","3.56308","86.5","94.6"],"176":["8","91.87500","3.30936","86.4","94.5"],"177":["30","91.78000","3.38254","86.4","94.5"],"178":["4","91.87500","3.30936","86.4","94.5"],"179":["7","91.50000","3.37512","86.4","94.5"],"180":["20","91.14000","3.51374","86.5","94.6"],"181":["43","90.88605","3.38097","86.4","94.8"],"182":["123","91.53577","3.10756","86.4","94.9"],"183":["541","70.17153","10.28553","52.4","92.8"],"184":["546","52.41154","4.44118","42.4","64.1"],"185":["579","47.28497","4.40644","34.6","57.9"],"186":["531","48.65273","3.35425","38.8","57.6"],"187":["547","56.45082","6.22620","43.4","72.5"],"188":["507","52.09586","4.31486","44.4","63.9"],"189":["364","64.91126","4.53570","57.3","76.5"],"190":["549","76.54426","7.50608","64.8","93.8"],"191":["33","91.95152","2.66891","86.6","94.8"],"192":["20","90.95500","3.39889","86.5","94.6"],"193":["28","91.57857","3.40759","86.4","94.6"],"194":["14","91.05714","3.45702","86.6","94.6"],"195":["1","92.20000","0.00000","92.2","92.2"],"196":["16","91.72500","3.26774","86.3","94.6"],"197":["8","90.65000","3.63524","86.1","94.3"],"198":["14","91.70000","3.10460","86.1","94.3"],"199":["29","91.45172","3.17931","86.1","94.2"],"200":["29","90.97241","3.40384","86.1","94.2"],"201":["20","90.82500","3.59150","86.1","94.3"],"202":["213","84.67371","6.17639","74.1","94.9"],"203":["577","71.36759","7.53217","59.6","89.6"],"204":["581","58.57246","5.79518","44.4","68.0"],"205":["536","46.78358","2.98022","41.4","57.5"],"206":["561","48.48093","3.73366","40.9","59.9"],"207":["508","52.62913","2.84647","44.7","59.8"],"208":["540","54.10574","2.96615","45.8","61.5"],"209":["538","54.85297","2.79771","47.1","62.9"],"210":["570","59.75912","6.71384","48.7","75.7"],"211":["485","82.87278","4.78544","75.0","92.6"],"212":["159","85.92138","5.58270","75.5","95.0"],"213":["12","91.80833","3.13328","86.7","94.9"],"214":["6","91.33333","3.40816","86.7","94.8"],"215":["21","91.81429","3.40228","86.6","94.8"],"216":["29","91.92069","3.43324","86.5","95.4"],"217":["29","91.63448","3.34852","86.4","94.8"],"218":["10","91.76000","2.87444","86.4","94.6"],"219":["29","91.22759","3.38831","86.4","94.6"],"220":["17","91.89412","3.25368","86.3","94.5"],"221":["7","91.50000","3.42387","86.3","94.5"],"222":["14","92.08571","3.17667","86.3","94.5"],"223":["6","92.36667","2.90153","86.3","94.5"],"224":["37","92.27568","2.99481","86.3","94.8"],"225":["336","78.85714","5.96970","69.5","94.9"],"226":["532","71.95414","3.29331","64.9","80.1"],"227":["558","55.87634","7.29420","43.9","77.1"],"228":["560","49.06036","2.69392","43.2","59.3"],"229":["548","52.65766","4.24020","45.1","66.1"],"230":["424","71.89717","7.16430","54.1","82.1"],"231":["503","81.71491","3.66169","73.8","92.0"],"232":["575","83.84661","3.71313","76.8","93.1"],"233":["313","86.27987","4.35018","81.6","94.9"],"234":["13","91.38462","3.28513","86.6","94.8"],"235":["24","90.76667","3.43313","86.4","94.6"],"236":["7","90.37143","3.54752","86.4","94.5"],"237":["19","90.85263","3.43915","86.5","94.5"],"238":["30","91.36667","3.31595","86.5","94.5"],"239":["12","91.10000","3.37441","86.5","94.5"]},