{"_t":[1380085200,1380171600,86400,144],"_i":["timana0\/001\/humidity","timana0\/001\/temp_dry","timana0\/001\/temp_wet"],"_@":{"humi":[30,90],"temp":[0,30]},"timana0\/001\/humidity":{"41":["1","84.00000","0.00000","84.0","84.0"],"42":["2","83.50000","0.50000","83.0","84.0"],"43":["2","81.00000","0.00000","81.0","81.0"],"44":["2","79.00000","1.00000","78.0","80.0"],"45":["2","76.00000","1.00000","75.0","77.0"],"46":["2","70.50000","2.50000","68.0","73.0"],"47":["2","64.50000","1.50000","63.0","66.0"],"48":["2","61.50000","0.50000","61.0","62.0"],"49":["2","58.50000","1.50000","57.0","60.0"],"50":["2","55.50000","0.50000","55.0","56.0"],"51":["2","55.00000","0.00000","55.0","55.0"],"52":["2","54.50000","0.50000","54.0","55.0"],"53":["2","56.00000","1.00000","55.0","57.0"],"54":["2","54.00000","0.00000","54.0","54.0"],"55":["2","54.00000","1.00000","53.0","55.0"],"56":["2","50.00000","0.00000","50.0","50.0"],"57":["2","51.00000","0.00000","51.0","51.0"],"58":["2","50.50000","0.50000","50.0","51.0"],"59":["2","50.50000","0.50000","50.0","51.0"],"60":["2","50.00000","0.00000","50.0","50.0"],"61":["1","51.00000","0.00000","51.0","51.0"],"62":["2","51.00000","0.00000","51.0","51.0"],"63":["2","49.00000","0.00000","49.0","49.0"],"64":["2","47.00000","1.00000","46.0","48.0"],"65":["2","44.50000","0.50000","44.0","45.0"],"66":["2","46.00000","0.00000","46.0","46.0"],"67":["2","44.50000","0.50000","44.0","45.0"],"68":["2","44.00000","1.00000","43.0","45.0"],"69":["2","44.50000","0.50000","44.0","45.0"],"70":["2","45.50000","1.50000","44.0","47.0"],"71":["2","45.50000","0.50000","45.0","46.0"],"72":["2","46.50000","0.50000","46.0","47.0"],"73":["2","46.00000","1.00000","45.0","47.0"],"74":["2","42.50000","1.50000","41.0","44.0"],"75":["2","41.00000","0.00000","41.0","41.0"],"76":["2","44.50000","0.50000","44.0","45.0"],"77":["2","49.50000","0.50000","49.0","50.0"],"78":["2","56.00000","4.00000","52.0","60.0"],"79":["2","63.50000","0.50000","63.0","64.0"],"80":["2","60.00000","1.00000","59.0","61.0"],"81":["2","56.50000","0.50000","56.0","57.0"],"82":["2","52.00000","0.00000","52.0","52.0"],"83":["2","51.50000","0.50000","51.0","52.0"],"84":["2","49.50000","0.50000","49.0","50.0"],"85":["2","47.50000","0.50000","47.0","48.0"],"86":["2","50.50000","0.50000","50.0","51.0"],"87":["2","56.00000","1.00000","55.0","57.0"],"88":["2","53.50000","1.50000","52.0","55.0"],"89":["2","49.00000","1.00000","48.0","50.0"],"90":["2","49.00000","2.00000","47.0","51.0"],"91":["2","45.50000","2.50000","43.0","48.0"],"92":["2","41.00000","1.00000","40.0","42.0"],"93":["2","39.50000","0.50000","39.0","40.0"],"94":["2","39.50000","0.50000","39.0","40.0"],"95":["2","44.00000","2.00000","42.0","46.0"],"96":["2","48.50000","0.50000","48.0","49.0"],"97":["1","58.00000","0.00000","58.0","58.0"]},"timana0\/001\/temp_dry":{"41":["1","11.00000","0.00000","11.0","11.0"],"42":["2","11.20000","0.10000","11.1","11.3"],"43":["2","11.55000","0.05000","11.5","11.6"],"44":["2","11.90000","0.10000","11.8","12.0"],"45":["2","12.50000","0.20000","12.3","12.7"],"46":["2","13.90000","0.50000","13.4","14.4"],"47":["2","15.25000","0.35000","14.9","15.6"],"48":["2","16.15000","0.05000","16.1","16.2"],"49":["2","16.95000","0.35000","16.6","17.3"],"50":["2","17.65000","0.05000","17.6","17.7"],"51":["2","17.90000","0.10000","17.8","18.0"],"52":["2","17.50000","0.20000","17.3","17.7"],"53":["2","17.15000","0.15000","17.0","17.3"],"54":["2","17.60000","0.00000","17.6","17.6"],"55":["2","17.90000","0.40000","17.5","18.3"],"56":["2","18.80000","0.20000","18.6","19.0"],"57":["2","18.40000","0.00000","18.4","18.4"],"58":["2","18.60000","0.20000","18.4","18.8"],"59":["2","18.90000","0.10000","18.8","19.0"],"60":["2","18.95000","0.15000","18.8","19.1"],"61":["1","19.10000","0.00000","19.1","19.1"],"62":["2","19.00000","0.00000","19.0","19.0"],"63":["2","19.70000","0.00000","19.7","19.7"],"64":["2","20.20000","0.10000","20.1","20.3"],"65":["2","22.55000","0.05000","22.5","22.6"],"66":["2","21.75000","0.05000","21.7","21.8"],"67":["2","22.15000","0.25000","21.9","22.4"],"68":["2","23.10000","0.40000","22.7","23.5"],"69":["2","22.85000","0.05000","22.8","22.9"],"70":["2","22.90000","0.30000","22.6","23.2"],"71":["2","22.75000","0.35000","22.4","23.1"],"72":["2","21.85000","0.45000","21.4","22.3"],"73":["2","22.25000","0.15000","22.1","22.4"],"74":["2","23.55000","0.35000","23.2","23.9"],"75":["2","23.65000","0.25000","23.4","23.9"],"76":["2","21.80000","0.60000","21.2","22.4"],"77":["2","20.05000","0.05000","20.0","20.1"],"78":["2","18.75000","0.55000","18.2","19.3"],"79":["2","17.45000","0.05000","17.4","17.5"],"80":["2","18.50000","0.30000","18.2","18.8"],"81":["2","19.15000","0.35000","18.8","19.5"],"82":["2","20.30000","0.20000","20.1","20.5"],"83":["2","20.60000","0.10000","20.5","20.7"],"84":["2","21.25000","0.35000","20.9","21.6"],"85":["2","21.95000","0.25000","21.7","22.2"],"86":["2","21.05000","0.25000","20.8","21.3"],"87":["2","19.50000","0.30000","19.2","19.8"],"88":["2","19.55000","0.25000","19.3","19.8"],"89":["2","21.35000","0.55000","20.8","21.9"],"90":["2","21.50000","0.20000","21.3","21.7"],"91":["2","22.30000","1.10000","21.2","23.4"],"92":["2","24.15000","0.15000","24.0","24.3"],"93":["2","24.50000","0.20000","24.3","24.7"],"94":["2","24.50000","0.10000","24.4","24.6"],"95":["2","22.85000","0.65000","22.2","23.5"],"96":["2","20.80000","0.20000","20.6","21.0"],"97":["1","19.50000","0.00000","19.5","19.5"]},"timana0\/001\/temp_wet":{"41":["1","9.60000","0.00000","9.6","9.6"],"42":["2","9.75000","0.05000","9.7","9.8"],"43":["2","9.85000","0.05000","9.8","9.9"],"44":["2","10.00000","0.00000","10.0","10.0"],"45":["2","10.30000","0.10000","10.2","10.4"],"46":["2","11.00000","0.20000","10.8","11.2"],"47":["2","11.55000","0.15000","11.4","11.7"],"48":["2","12.00000","0.00000","12.0","12.0"],"49":["2","12.35000","0.15000","12.2","12.5"],"50":["2","12.60000","0.00000","12.6","12.6"],"51":["2","12.75000","0.05000","12.7","12.8"],"52":["2","12.35000","0.05000","12.3","12.4"],"53":["2","12.25000","0.05000","12.2","12.3"],"54":["2","12.40000","0.00000","12.4","12.4"],"55":["2","12.60000","0.20000","12.4","12.8"],"56":["2","12.85000","0.15000","12.7","13.0"],"57":["2","12.70000","0.00000","12.7","12.7"],"58":["2","12.80000","0.20000","12.6","13.0"],"59":["2","13.00000","0.10000","12.9","13.1"],"60":["2","12.95000","0.15000","12.8","13.1"],"61":["1","13.20000","0.00000","13.2","13.2"],"62":["2","13.15000","0.05000","13.1","13.2"],"63":["2","13.40000","0.00000","13.4","13.4"],"64":["2","13.60000","0.00000","13.6","13.6"],"65":["2","15.05000","0.05000","15.0","15.1"],"66":["2","14.70000","0.10000","14.6","14.8"],"67":["2","14.80000","0.10000","14.7","14.9"],"68":["2","15.50000","0.20000","15.3","15.7"],"69":["2","15.35000","0.15000","15.2","15.5"],"70":["2","15.50000","0.00000","15.5","15.5"],"71":["2","15.40000","0.20000","15.2","15.6"],"72":["2","14.90000","0.30000","14.6","15.2"],"73":["2","15.05000","0.05000","15.0","15.1"],"74":["2","15.55000","0.05000","15.5","15.6"],"75":["2","15.40000","0.20000","15.2","15.6"],"76":["2","14.50000","0.40000","14.1","14.9"],"77":["2","13.85000","0.05000","13.8","13.9"],"78":["2","13.55000","0.05000","13.5","13.6"],"79":["2","13.40000","0.00000","13.4","13.4"],"80":["2","13.90000","0.10000","13.8","14.0"],"81":["2","14.00000","0.20000","13.8","14.2"],"82":["2","14.40000","0.20000","14.2","14.6"],"83":["2","14.55000","0.15000","14.4","14.7"],"84":["2","14.80000","0.20000","14.6","15.0"],"85":["2","15.10000","0.10000","15.0","15.2"],"86":["2","14.80000","0.10000","14.7","14.9"],"87":["2","14.25000","0.15000","14.1","14.4"],"88":["2","14.00000","0.00000","14.0","14.0"],"89":["2","14.80000","0.30000","14.5","15.1"],"90":["2","14.90000","0.10000","14.8","15.0"],"91":["2","15.05000","0.45000","14.6","15.5"],"92":["2","15.80000","0.00000","15.8","15.8"],"93":["2","15.80000","0.10000","15.7","15.9"],"94":["2","15.75000","0.15000","15.6","15.9"],