{"_t":[1365570000,1366002000,432000,168],"_i":["marly\/001\/humidity","marly\/001\/temperature","marly\/002\/humidity","marly\/002\/temperature","marly\/003\/humidity","marly\/003\/temperature","marly\/007\/temp_dry","marly\/007\/temp_wet"],"_@":{"temp":[0,20],"humi":[80,90]},"marly\/007\/temp_dry":{"35":["12","11.31667","0.03727","11.3","11.4"],"36":["39","11.67436","0.12345","11.4","11.8"],"37":["40","12.07250","0.14140","11.8","12.3"],"38":["8","12.30000","0.00000","12.3","12.3"]},"marly\/007\/temp_wet":{"35":["12","11.24167","0.04930","11.2","11.3"],"36":["39","11.60256","0.12087","11.3","11.8"],"37":["40","11.89750","0.09871","11.8","12.1"],"38":["8","12.10000","0.00000","12.1","12.1"]},"marly\/003\/humidity":{"37":["49","84.81429","1.13227","83.6","86.5"],"38":["16","84.80000","1.10000","83.7","85.9"]},"marly\/003\/temperature":{"37":["49","11.36939","0.42724","8.6","11.7"],"38":["16","11.64375","0.11709","11.5","11.8"]}}