{"_t":[1382418000,1382504400,86400,144],"_i":["timana0\/001\/humidity","timana0\/001\/temp_dry","timana0\/001\/temp_wet"],"_@":{"humi":[50,100],"temp":[10,30]},"timana0\/001\/humidity":{"68":["1","58.00000","0.00000","58.0","58.0"],"69":["2","57.00000","2.00000","55.0","59.0"],"70":["2","55.50000","1.50000","54.0","57.0"],"71":["2","51.00000","0.00000","51.0","51.0"],"72":["2","60.00000","2.00000","58.0","62.0"],"73":["2","75.00000","1.00000","74.0","76.0"],"74":["2","71.50000","2.50000","69.0","74.0"],"75":["2","69.00000","3.00000","66.0","72.0"],"76":["2","65.00000","2.00000","63.0","67.0"],"77":["2","63.00000","2.00000","61.0","65.0"],"78":["2","60.50000","0.50000","60.0","61.0"],"79":["2","62.00000","2.00000","60.0","64.0"],"80":["2","63.50000","0.50000","63.0","64.0"],"81":["2","69.50000","2.50000","67.0","72.0"],"82":["2","82.00000","3.00000","79.0","85.0"],"83":["2","86.50000","0.50000","86.0","87.0"],"84":["2","90.50000","0.50000","90.0","91.0"],"86":["2","91.50000","1.50000","90.0","93.0"],"87":["2","88.50000","1.50000","87.0","90.0"],"88":["2","78.50000","6.50000","72.0","85.0"],"89":["2","66.00000","1.00000","65.0","67.0"],"90":["2","62.50000","0.50000","62.0","63.0"],"91":["2","71.00000","1.00000","70.0","72.0"],"92":["2","77.00000","4.00000","73.0","81.0"],"93":["2","82.50000","1.50000","81.0","84.0"],"94":["2","85.50000","0.50000","85.0","86.0"],"95":["2","82.50000","0.50000","82.0","83.0"],"96":["2","77.50000","1.50000","76.0","79.0"],"97":["2","86.50000","1.50000","85.0","88.0"],"98":["2","87.00000","0.00000","87.0","87.0"]},"timana0\/001\/temp_dry":{"68":["1","21.80000","0.00000","21.8","21.8"],"69":["2","22.80000","0.20000","22.6","23.0"],"70":["2","25.15000","0.05000","25.1","25.2"],"71":["2","26.60000","0.10000","26.5","26.7"],"72":["2","23.50000","0.90000","22.6","24.4"],"73":["2","18.95000","0.65000","18.3","19.6"],"74":["2","18.90000","0.40000","18.5","19.3"],"75":["2","19.20000","0.30000","18.9","19.5"],"76":["2","21.60000","0.10000","21.5","21.7"],"77":["2","22.65000","1.05000","21.6","23.7"],"78":["2","23.20000","0.30000","22.9","23.5"],"79":["2","21.95000","0.25000","21.7","22.2"],"80":["2","21.75000","0.25000","21.5","22.0"],"81":["2","19.90000","0.70000","19.2","20.6"],"82":["2","16.90000","0.60000","16.3","17.5"],"83":["2","15.70000","0.10000","15.6","15.8"],"84":["2","14.90000","0.30000","14.6","15.2"],"86":["2","14.75000","0.05000","14.7","14.8"],"87":["2","15.70000","0.20000","15.5","15.9"],"88":["2","17.70000","1.40000","16.3","19.1"],"89":["2","20.95000","0.25000","20.7","21.2"],"90":["2","21.55000","0.35000","21.2","21.9"],"91":["2","19.40000","0.10000","19.3","19.5"],"92":["2","18.55000","0.95000","17.6","19.5"],"93":["2","16.80000","0.50000","16.3","17.3"],"94":["2","15.80000","0.00000","15.8","15.8"],"95":["2","16.40000","0.00000","16.4","16.4"],"96":["2","17.45000","0.35000","17.1","17.8"],"97":["2","15.40000","0.20000","15.2","15.6"],"98":["2","14.75000","0.15000","14.6","14.9"]},"timana0\/001\/temp_wet":{"68":["1","16.50000","0.00000","16.5","16.5"],"69":["2","17.20000","0.50000","16.7","17.7"],"70":["2","18.95000","0.15000","18.8","19.1"],"71":["2","19.45000","0.15000","19.3","19.6"],"72":["2","18.25000","0.45000","17.8","18.7"],"73":["2","16.15000","0.45000","15.7","16.6"],"74":["2","15.70000","0.10000","15.6","15.8"],"75":["2","15.65000","0.05000","15.6","15.7"],"76":["2","17.30000","0.20000","17.1","17.5"],"77":["2","17.90000","0.60000","17.3","18.5"],"78":["2","18.00000","0.20000","17.8","18.2"],"79":["2","17.15000","0.05000","17.1","17.2"],"80":["2","17.25000","0.15000","17.1","17.4"],"81":["2","16.30000","0.30000","16.0","16.6"],"82":["2","15.05000","0.25000","14.8","15.3"],"83":["2","14.35000","0.15000","14.2","14.5"],"84":["2","14.05000","0.25000","13.8","14.3"],"86":["2","14.00000","0.10000","13.9","14.1"],"87":["2","14.55000","0.05000","14.5","14.6"],"88":["2","15.35000","0.55000","14.8","15.9"],"89":["2","16.80000","0.10000","16.7","16.9"],"90":["2","16.85000","0.25000","16.6","17.1"],"91":["2","16.10000","0.20000","15.9","16.3"],"92":["2","16.00000","0.40000","15.6","16.4"],"93":["2","15.00000","0.30000","14.7","15.3"],"94":["2","14.35000","0.05000","14.3","14.4"],"95":["2","14.65000","0.05000","14.6","14.7"],"96":["2","15.05000","0.15000","14.9","15.2"],"97":["2","14.05000","0.05000","14.0","14.1"],"98":["2","13.55000","0.15000","13.4","13.7"]}}