{"_t":[1377666000,1377752400,86400,144],"_i":["timana0\/001\/humidity","timana0\/001\/temp_dry","timana0\/001\/temp_wet"],"_@":{"humi":[30,100],"temp":[0,30]},"timana0\/001\/humidity":[["2","93.50000","0.50000","93.0","94.0"],["2","93.50000","0.50000","93.0","94.0"],["2","93.00000","0.00000","93.0","93.0"],["2","93.50000","0.50000","93.0","94.0"],["2","94.00000","0.00000","94.0","94.0"],["2","93.50000","0.50000","93.0","94.0"],["2","90.00000","1.00000","89.0","91.0"],["2","91.00000","0.00000","91.0","91.0"],["2","91.50000","0.50000","91.0","92.0"],["2","91.00000","0.00000","91.0","91.0"],["2","91.00000","0.00000","91.0","91.0"],["2","91.50000","0.50000","91.0","92.0"],["2","92.00000","0.00000","92.0","92.0"],["2","92.50000","0.50000","92.0","93.0"],["2","93.50000","0.50000","93.0","94.0"],["2","93.50000","0.50000","93.0","94.0"],["2","94.00000","0.00000","94.0","94.0"],["2","94.50000","0.50000","94.0","95.0"],["2","93.00000","0.00000","93.0","93.0"],["2","93.00000","0.00000","93.0","93.0"],["2","92.00000","0.00000","92.0","92.0"],["2","90.50000","0.50000","90.0","91.0"],["2","92.00000","0.00000","92.0","92.0"],["2","93.00000","0.00000","93.0","93.0"],["2","93.00000","0.00000","93.0","93.0"],["2","95.00000","1.00000","94.0","96.0"],["2","96.00000","0.00000","96.0","96.0"],["2","97.50000","0.50000","97.0","98.0"],["2","97.50000","0.50000","97.0","98.0"],["2","97.00000","0.00000","97.0","97.0"],["2","97.00000","0.00000","97.0","97.0"],["2","96.50000","0.50000","96.0","97.0"],["2","95.00000","1.00000","94.0","96.0"],["2","95.00000","1.00000","94.0","96.0"],["2","95.00000","1.00000","94.0","96.0"],["2","95.00000","1.00000","94.0","96.0"],["2","95.00000","1.00000","94.0","96.0"],["2","96.00000","0.00000","96.0","96.0"],["2","92.50000","0.50000","92.0","93.0"],["2","89.50000","2.50000","87.0","92.0"],["2","80.00000","1.00000","79.0","81.0"],["2","81.00000","2.00000","79.0","83.0"],["2","80.00000","1.00000","79.0","81.0"],["2","74.00000","0.00000","74.0","74.0"],["2","67.00000","2.00000","65.0","69.0"],["2","60.50000","0.50000","60.0","61.0"],["2","60.50000","1.50000","59.0","62.0"],["2","58.00000","0.00000","58.0","58.0"],["2","54.50000","0.50000","54.0","55.0"],["2","60.00000","1.00000","59.0","61.0"],["2","63.50000","0.50000","63.0","64.0"],["2","67.00000","1.00000","66.0","68.0"],["2","69.50000","0.50000","69.0","70.0"],["2","70.00000","1.00000","69.0","71.0"],["2","69.50000","0.50000","69.0","70.0"],["2","61.50000","2.50000","59.0","64.0"],["2","57.50000","0.50000","57.0","58.0"],["2","55.50000","1.50000","54.0","57.0"],["2","52.50000","0.50000","52.0","53.0"],["2","48.50000","0.50000","48.0","49.0"],["2","53.50000","1.50000","52.0","55.0"],["2","50.50000","2.50000","48.0","53.0"],["2","47.00000","0.00000","47.0","47.0"],["2","44.50000","0.50000","44.0","45.0"],["2","46.00000","1.00000","45.0","47.0"],["2","48.00000","0.00000","48.0","48.0"],["2","46.00000","0.00000","46.0","46.0"],["2","46.00000","0.00000","46.0","46.0"],["2","46.00000","1.00000","45.0","47.0"],["2","44.00000","0.00000","44.0","44.0"],["2","43.50000","0.50000","43.0","44.0"],["2","45.50000","0.50000","45.0","46.0"],["2","42.00000","2.00000","40.0","44.0"],["2","41.00000","0.00000","41.0","41.0"],["2","38.00000","0.00000","38.0","38.0"],["2","42.00000","1.00000","41.0","43.0"],["2","41.50000","0.50000","41.0","42.0"],["2","43.50000","1.50000","42.0","45.0"],["1","42.00000","0.00000","42.0","42.0"],["2","43.50000","1.50000","42.0","45.0"],["2","41.50000","0.50000","41.0","42.0"],["2","38.50000","0.50000","38.0","39.0"],["2","37.50000","0.50000","37.0","38.0"],["2","37.00000","1.00000","36.0","38.0"],["2","36.50000","0.50000","36.0","37.0"],["2","36.50000","0.50000","36.0","37.0"],["2","35.50000","0.50000","35.0","36.0"],["2","36.00000","1.00000","35.0","37.0"],["2","36.50000","0.50000","36.0","37.0"],["2","38.50000","1.50000","37.0","40.0"],["2","35.50000","0.50000","35.0","36.0"],["2","34.50000","0.50000","34.0","35.0"],["2","37.50000","1.50000","36.0","39.0"],["2","38.00000","1.00000","37.0","39.0"],["2","41.00000","1.00000","40.0","42.0"],["2","43.50000","1.50000","42.0","45.0"],["2","44.50000","1.50000","43.0","46.0"],["2","44.50000","0.50000","44.0","45.0"],["2","44.50000","0.50000","44.0","45.0"],["2","46.00000","1.00000","45.0","47.0"],["2","46.00000","0.00000","46.0","46.0"],["2","45.00000","1.00000","44.0","46.0"],["2","43.00000","2.00000","41.0","45.0"],["2","48.00000","1.00000","47.0","49.0"],["2","47.00000","3.00000","44.0","50.0"],["2","51.50000","0.50000","51.0","52.0"],["2","58.00000","2.00000","56.0","60.0"],["2","63.00000","1.00000","62.0","64.0"],["1","65.00000","0.00000","65.0","65.0"],["2","64.50000","0.50000","64.0","65.0"],["2","65.50000","0.50000","65.0","66.0"],["2","67.50000","0.50000","67.0","68.0"],["2","70.00000","1.00000","69.0","71.0"],["2","71.50000","0.50000","71.0","72.0"],["2","73.50000","1.50000","72.0","75.0"],["2","76.00000","1.00000","75.0","77.0"],["2","78.50000","0.50000","78.0","79.0"],["2","77.00000","1.00000","76.0","78.0"],["2","79.00000","0.00000","79.0","79.0"],["2","78.00000","2.00000","76.0","80.0"],["2","79.00000","1.00000","78.0","80.0"],["2","79.00000","0.00000","79.0","79.0"],["2","78.50000","0.50000","78.0","79.0"],["2","77.00000","1.00000","76.0","78.0"],["2","76.50000","0.50000","76.0","77.0"],["2","75.50000","1.50000","74.0","77.0"],["2","75.00000","0.00000","75.0","75.0"],["2","76.00000","0.00000","76.0","76.0"],["2","78.00000","1.00000","77.0","79.0"],["2","81.50000","0.50000","81.0","82.0"],["2","81.00000","0.00000","81.0","81.0"],["2","83.00000","1.00000","82.0","84.0"],["2","84.00000","0.00000","84.0","84.0"],["2","85.50000","0.50000","85.0","86.0"],["2","88.50000","0.50000","88.0","89.0"],["2","88.00000","1.00000","87.0","89.0"],["2","85.00000","0.00000","85.0","85.0"],["2","83.50000","0.50000","83.0","84.0"],["2","85.50000","0.50000","85.0","86.0"],["2","88.00000","1.00000","87.0","89.0"],["2","90.50000","1.50000","89.0","92.0"],["2","93.00000","0.00000","93.0","93.0"],["2","95.00000","1.00000","94.0","96.0"],["2","96.50000","0.50000","96.0","97.0"]],