{"_t":[1366119540,1366205940,86400,144],"_i":["sanpedro\/004\/humidity","sanpedro\/004\/temp_dry","sanpedro\/004\/temp_wet"],"_@":{"humi":[60,110],"temp":[0,30]},"sanpedro\/004\/humidity":[["56","62.46429","1.08503","61.0","65.0"],["67","66.85075","1.47874","64.0","70.0"],["59","62.59322","1.41563","60.0","65.0"],["65","65.96923","3.67934","60.0","71.0"],["59","66.20339","1.93784","63.0","70.0"],["58","70.17241","0.89323","68.0","72.0"],["51","70.47059","0.75024","69.0","72.0"],["57","69.85965","0.68668","68.0","71.0"],["65","68.76923","1.36741","67.0","73.0"],["60","73.91667","2.41724","68.0","77.0"],["59","76.13559","3.03905","72.0","82.0"],["58","77.13793","1.80467","74.0","81.0"],["41","77.78049","0.81187","76.0","79.0"],["41","77.75610","1.46138","75.0","81.0"],["37","77.18919","1.13514","76.0","80.0"],["57","75.15789","3.10511","70.0","81.0"],["45","79.82222","0.82432","78.0","82.0"],["31","79.09677","0.68884","78.0","80.0"],["39","77.82051","1.72273","75.0","81.0"],["46","74.67391","1.00118","71.0","76.0"],["52","75.05769","2.02307","72.0","78.0"],["52","76.17308","2.03547","72.0","79.0"],["43","73.20930","1.50284","71.0","76.0"],["62","81.54839","3.74458","75.0","87.0"],["34","79.29412","2.74965","76.0","84.0"],["40","76.10000","0.86023","74.0","78.0"],["35","75.62857","1.19728","73.0","78.0"],["35","80.17143","0.90981","78.0","82.0"],["35","82.34286","1.65517","78.0","85.0"],["41","83.41463","3.01197","79.0","88.0"],["54","79.12963","1.84638","76.0","84.0"],["32","86.00000","0.66144","85.0","87.0"],["31","86.12903","1.00777","84.0","88.0"],["66","77.27273","3.64960","71.0","83.0"],["71","74.42254","3.47896","71.0","81.0"],["58","80.41379","1.56508","76.0","83.0"],["67","77.79104","2.61190","74.0","82.0"],["51","77.07843","1.15203","76.0","81.0"],["50","82.56000","2.50727","78.0","87.0"],["46","82.67391","0.66117","81.0","84.0"],["30","82.73333","0.89194","81.0","85.0"],["40","82.22500","1.47458","80.0","85.0"],["26","87.15385","1.37819","84.0","90.0"],["27","86.85185","1.37985","84.0","89.0"],["26","87.76923","1.36741","86.0","91.0"],["26","90.84615","0.94837","89.0","92.0"],["30","91.76667","1.14552","91.0","95.0"],["28","94.57143","0.77591","93.0","96.0"],["23","93.82609","1.00659","92.0","95.0"],["20","94.65000","0.90967","92.0","96.0"],["19","96.00000","0.85840","95.0","98.0"],["15","96.20000","0.65320","95.0","97.0"],["19","97.63158","0.58133","97.0","99.0"],["21","98.33333","0.77664","97.0","100.0"],["19","99.78947","1.00415","98.0","101.0"],["9","101.00000","0.66667","100.0","102.0"],["15","102.13333","0.71802","101.0","103.0"],["11","102.45455","0.49793","102.0","103.0"],["10","102.80000","0.74833","102.0","104.0"],["6","102.83333","0.68718","102.0","104.0"],["8","102.50000","0.86603","101.0","104.0"],["10","102.20000","0.60000","101.0","103.0"],["12","101.91667","0.64010","101.0","103.0"],["3","101.33333","0.94281","100.0","102.0"],["11","101.45455","0.49793","101.0","102.0"],["9","101.11111","0.73703","100.0","102.0"],["13","101.07692","0.72976","100.0","102.0"],["11","100.18182","0.38569","100.0","101.0"],["7","99.85714","0.63888","99.0","101.0"],["6","100.00000","0.81650","99.0","101.0"],["5","100.20000","0.97980","99.0","101.0"],["7","100.28571","1.03016","99.0","102.0"],["8","99.75000","0.96825","99.0","101.0"],["4","99.75000","0.43301","99.0","100.0"],["7","99.42857","0.49487","99.0","100.0"],["8","100.00000","0.00000","100.0","100.0"],["11","99.54545","0.49793","99.0","100.0"],["6","100.00000","0.00000","100.0","100.0"],["6","99.66667","0.47140","99.0","100.0"],["8","99.75000","0.43301","99.0","100.0"],["6","100.00000","0.00000","100.0","100.0"],["4","100.00000","0.00000","100.0","100.0"],["5","100.00000","0.00000","100.0","100.0"],["5","100.00000","0.00000","100.0","100.0"],["5","100.00000","0.00000","100.0","100.0"],["6","99.83333","0.37268","99.0","100.0"],["3","100.00000","0.00000","100.0","100.0"],["10","99.50000","0.50000","99.0","100.0"],["7","99.42857","0.49487","99.0","100.0"],["11","99.45455","0.65555","99.0","101.0"],["14","100.07143","0.45737","99.0","101.0"],["14","99.71429","0.95831","98.0","101.0"],["9","99.77778","1.03040","98.0","101.0"],["10","99.80000","0.74833","98.0","101.0"],["11","99.63636","0.48105","99.0","100.0"],["10","99.30000","0.78102","98.0","100.0"],["3","99.33333","0.94281","98.0","100.0"],["7","99.71429","1.27775","98.0","102.0"],["5","100.60000","0.48990","100.0","101.0"],["13","100.23077","1.12002","98.0","102.0"],["8","100.00000","1.32288","98.0","102.0"],["3","99.33333","0.94281","98.0","100.0"],["12","99.16667","0.89753","98.0","100.0"],["8","100.25000","1.08972","98.0","102.0"],["7","100.00000","0.92582","98.0","101.0"],["10","99.90000","1.04403","98.0","101.0"],["8","98.25000","1.08972","97.0","100.0"],["5","98.40000","1.01980","97.0","100.0"],["3","99.33333","0.47140","99.0","100.0"],["4","99.50000","0.50000","99.0","100.0"],["4","99.50000","0.50000","99.0","100.0"],["8","99.87500","0.92702","98.0","101.0"],["4","98.50000","1.11803","97.0","100.0"],["6","99.83333","0.68718","99.0","101.0"],["9","98.88889","0.99381","98.0","100.0"],["7","100.42857","0.49487","100.0","101.0"],["8","99.75000","1.08972","98.0","101.0"],["12","99.66667","1.02740","98.0","101.0"],["11","99.36364","1.06794","98.0","101.0"],["4","99.00000","1.00000","98.0","100.0"],["4","99.00000","1.00000","98.0","100.0"],["10","99.30000","1.10000","98.0","101.0"],["11","99.72727","1.13545","98.0","101.0"],["7","99.28571","1.16058","98.0","101.0"],["9","99.44444","1.06574","98.0","101.0"],["3","100.33333","0.47140","100.0","101.0"],["10","99.90000","1.04403","98.0","101.0"],["8","99.75000","1.08972","98.0","101.0"],["12","98.75000","1.08972","97.0","100.0"],["8","97.62500","0.48412","97.0","98.0"],["9","97.22222","0.62854","96.0","98.0"],["13","97.69231","0.82131","97.0","100.0"],["17","95.88235","0.67583","95.0","97.0"],["20","93.95000","0.73993","93.0","95.0"],["16","93.43750","0.70434","92.0","95.0"],["19","93.31579","0.79820","92.0","95.0"],["28","91.89286","0.81676","90.0","93.0"],["21","90.85714","0.83299","90.0","93.0"],["36","85.36111","1.75044","83.0","90.0"],["38","81.47368","1.87416","78.0","84.0"],["32","79.93750","0.60917","79.0","81.0"],["52","75.84615","2.68460","71.0","80.0"],["52","73.17308","1.43743","71.0","76.0"],["20","76.35000","0.79215","75.0","78.0"]],