{"_t":[1363669200,1366261200,2592000,240],"_i":["sanpedro\/002\/humidity","sanpedro\/002\/temperature"],"_@":{"humi":[20,100],"temp":[0,40]},"sanpedro\/002\/humidity":{"0":["35","92.30000","0.00000","92.3","92.3"],"1":["36","92.27778","0.04157","92.2","92.3"],"2":["36","82.31389","13.08861","58.1","92.7"],"3":["36","67.60000","7.82066","50.3","79.8"],"4":["36","83.70000","11.86725","54.7","92.7"],"5":["36","75.89167","7.83675","60.7","92.6"],"6":["36","92.18333","0.10672","92.1","92.5"],"7":["36","92.01667","0.03727","92.0","92.1"],"8":["36","91.93611","0.04803","91.9","92.0"],"9":["36","91.93889","0.04875","91.9","92.0"],"10":["36","90.54444","2.58816","83.0","92.7"],"11":["36","66.44167","10.41266","43.8","84.6"],"12":["36","56.48056","7.27442","43.5","70.4"],"13":["36","81.25000","5.48293","69.3","92.6"],"14":["37","92.46486","0.09362","92.3","92.6"],"15":["35","92.17429","0.08051","92.1","92.3"],"16":["36","92.15000","0.05000","92.1","92.2"],"17":["3","92.10000","0.00000","92.1","92.1"],"18":["22","79.45909","11.46297","59.7","92.6"],"19":["36","67.67500","8.10416","48.0","78.3"],"20":["36","63.74167","14.64949","43.1","88.7"],"21":["36","89.69722","2.90005","83.3","92.5"],"22":["36","92.21111","0.06983","92.1","92.4"],"23":["36","92.16944","0.05174","92.1","92.3"],"24":["36","92.20000","0.00000","92.2","92.2"],"25":["36","92.11111","0.03143","92.1","92.2"],"26":["36","90.72778","4.36193","72.6","92.6"],"27":["36","63.00833","9.28928","46.9","77.9"],"28":["36","68.74722","6.85422","56.9","82.9"],"29":["36","90.82778","3.08514","82.4","92.7"],"30":["34","92.19706","0.17903","91.7","92.4"],"31":["35","91.98571","0.03499","91.9","92.0"],"32":["34","91.87647","0.05970","91.6","91.9"],"33":["36","91.75556","0.06431","91.7","91.9"],"34":["36","91.86944","0.08762","91.7","92.0"],"35":["36","84.47778","12.05983","60.2","92.7"],"36":["36","60.95278","7.04346","49.5","76.4"],"37":["36","78.08056","9.98671","66.7","92.6"],"38":["31","92.08387","0.13222","91.6","92.5"],"39":["35","92.07143","0.05111","91.9","92.1"],"40":["36","91.82222","0.06713","91.7","91.9"],"41":["35","91.64000","0.09008","91.5","91.8"],"42":["35","82.42571","11.04330","57.7","92.2"],"43":["36","52.43889","5.21857","36.7","63.1"],"44":["36","69.24444","12.92514","47.2","92.1"],"45":["36","82.86111","5.20311","73.1","92.2"],"46":["36","92.44722","0.07633","92.3","92.6"],"47":["34","92.07647","0.08765","92.0","92.3"],"48":["35","91.86000","0.08685","91.8","92.0"],"49":["36","91.78889","0.09061","91.6","91.9"],"50":["36","83.57222","9.27654","62.3","92.4"],"51":["36","49.23056","6.61038","35.2","62.8"],"52":["36","60.57222","7.20735","46.8","71.8"],"53":["36","89.97222","5.30893","70.5","92.8"],"54":["36","92.41389","0.11584","92.3","92.7"],"55":["36","92.24444","0.08642","92.1","92.3"],"56":["33","92.00909","0.07533","91.8","92.1"],"57":["36","91.59444","0.10526","91.4","91.8"],"58":["36","84.16111","8.77083","63.7","92.2"],"59":["36","53.21111","7.72308","40.3","68.1"],"60":["36","51.90556","4.61067","44.8","63.2"],"61":["36","69.92500","12.35085","53.5","92.0"],"62":["36","92.40833","0.14410","92.2","92.6"],"63":["36","91.97500","0.14977","91.7","92.2"],"64":["36","91.56389","0.09762","91.4","91.7"],"65":["36","91.28056","0.06155","91.2","91.4"],"66":["36","77.69722","14.62643","48.6","91.8"],"67":["36","39.93611","6.13755","27.6","50.7"],"68":["36","55.73056","7.89166","46.2","71.2"],"69":["36","80.66667","10.67817","53.9","92.6"],"70":["36","92.26111","0.11125","92.1","92.4"],"71":["36","92.08056","0.03958","92.0","92.1"],"72":["36","91.90556","0.08802","91.8","92.0"],"73":["36","91.92778","0.04479","91.9","92.0"],"74":["36","80.43611","12.26495","59.3","92.5"],"75":["36","48.06944","9.53234","33.3","67.6"],"76":["36","55.95278","4.84473","46.9","72.6"],"77":["36","84.22778","10.02138","62.7","92.7"],"78":["35","92.16571","0.14529","91.8","92.4"],"79":["36","92.08056","0.03958","92.0","92.1"],"80":["36","91.82222","0.08854","91.7","92.0"],"81":["36","91.57778","0.05827","91.5","91.7"],"82":["36","82.18056","11.39783","52.9","92.4"],"83":["31","60.23871","7.02405","48.7","72.2"],"84":["36","64.11389","6.68199","49.5","75.8"],"85":["36","81.61667","10.55584","61.1","92.7"],"86":["36","92.25556","0.13217","92.1","92.6"],"87":["35","92.04857","0.10789","91.8","92.2"],"88":["34","91.83824","0.04860","91.8","91.9"],"89":["35","91.73429","0.05827","91.7","91.9"],"90":["36","87.25000","8.73026","62.9","92.4"],"91":["36","72.59722","8.20858","60.1","92.7"],"92":["36","64.26944","5.89142","56.6","78.1"],"93":["36","72.14444","7.27310","56.9","86.5"],"94":["36","91.82222","0.78638","87.4","92.3"],"95":["36","91.98333","0.03727","91.9","92.0"],"96":["35","92.13714","0.08972","91.8","92.2"],"97":["35","92.05714","0.07667","92.0","92.2"],"98":["36","82.28889","11.03680","62.3","92.6"],"99":["36","59.77500","9.61398","45.9","79.2"],"100":["36","65.92500","6.51491","48.7","75.3"],"101":["36","63.58611","8.97844","53.7","85.4"],"102":["36","91.55000","1.75111","85.2","92.4"],"103":["36","91.78056","0.07753","91.7","92.0"],"104":["36","91.64167","0.07217","91.6","91.8"],"105":["36","91.64444","0.09263","91.5","91.8"],"106":["36","84.76111","9.75674","57.7","92.5"],"107":["36","53.28056","5.06808","41.7","60.4"],"108":["28","63.21429","6.46506","51.9","72.9"],"110":["40","90.87000","3.45146","86.2","94.7"],"111":["6","89.43333","3.43204","86.1","94.4"],"138":["42","55.48333","1.52595","53.6","61.5"],"140":["44","53.62500","2.15640","50.1","57.8"],"141":["262","79.57710","10.56451","58.8","95.0"],"142":["82","91.17927","3.36922","86.4","94.9"],"143":["51","91.30784","3.20097","86.5","94.7"],"144":["49","90.58980","3.50767","86.2","94.7"],"145":["46","91.00217","3.26180","86.1","94.5"],"146":["217","77.89124","10.49493","62.7","94.7"],"147":["43","36.84884","3.08465","30.9","42.9"],"148":["176","57.06080","8.91054","43.4","75.2"],"149":["227","76.51938","6.81496","64.9","95.0"],"150":["47","91.18085","3.13780","86.5","94.8"],"151":["78","91.22564","3.26015","86.4","94.8"],"152":["41","90.20976","3.46634","86.0","94.6"],"153":["75","89.44400","3.54074","85.7","94.1"],"154":["206","85.63447","5.41877","76.7","94.5"],"155":["132","52.61667","3.39675","48.9","64.0"],"156":["44","52.09091","2.85218","48.8","59.0"],"173":["190","78.84947","14.72757","49.2","95.2"],"174":["73","90.85890","3.53564","86.3","95.1"],"175":["51","91.24706","3.32249","86.3","94.7"],"176":["85","90.81647","3.48391","86.1","94.6"],"177":["95","90.40316","3.52723","86.1","94.5"],"178":["170","75.70000","11.50442","62.9","94.9"],"179":["137","54.42920","16.35012","38.9","85.0"],"180":["294","63.62993","7.33533","53.0","83.0"],"181":["22","91.30455","3.27240","86.7","94.9"],"182":["55","90.78000","3.39076","86.3","94.8"],"183":["35","91.00857","3.35315","86.0","94.6"],"184":["81","90.35432","3.45340","85.9","94.3"],"185":["10","90.37000","3.51939","86.2","94.3"],"218":["50","88.78200","3.64053","85.0","95.0"],"219":["104","70.72981","4.16182","63.9","81.1"],"221":["327","78.12263","8.00779","63.9","95.0"],"222":["42","90.91190","3.43991","86.7","94.9"],"223":["63","91.23016","2.92367","86.4","94.7"],"224":["65","90.76308","3.41709","86.2","94.6"],"225":["40","90.53000","3.37818","86.2","94.5"],"226":["125","66.80720","14.30710","54.3","94.6"],"227":["44","51.31136","5.48760","46.7","67.1"],"228":["184","59.74239","7.98702","46.4","73.5"],"229":["298","78.74799","12.88299","49.2","95.0"],"230":["65","90.77077","3.38561","86.4","94.8"],"231":["46","91.00217","3.43362","86.4","94.7"],"232":["35","90.88000","3.21806","85.9","94.5"],"233":["110","88.80455","3.54556","85.9","94.2"],"234":["125","90.20240","3.51134","85.9","94.9"],"236":["138","52.44130","9.33933","36.1","70.6"],"237":["257","74.52957","15.50791","51.2","95.1"],"238":["63","88.25873","3.67262","84.4","94.9"],"239":["68","91.63088","2.40393","86.5","94.6"]},"sanpedro\/002\/temperature":{"0":["35","12.80286","0.08447","12.6","13.0"],"1":["36","12.31944","0.15603","12.0","12.6"],