{"_t":[1375938000,1378530000,2592000,240],"_i":["fantasy\/003\/humidity","fantasy\/003\/temp_dry","fantasy\/003\/temp_wet"],"_@":{"humi":[-10,100],"temp":[0,150]},"fantasy\/003\/humidity":{"57":["46","91.47826","3.24197","85.0","97.0"],"58":["68","72.25000","17.10553","-2.0","89.0"],"59":["60","31.81667","31.57926","-1.0","73.0"],"60":["39","29.25641","32.70828","-1.0","67.0"]},"fantasy\/003\/temp_dry":{"57":["46","9.20435","0.80405","7.6","10.4"],"58":["68","17.43235","16.03755","10.1","126.4"],"59":["60","86.21333","59.06146","17.1","140.1"],"60":["39","85.22308","57.63047","21.0","139.7"]},"fantasy\/003\/temp_wet":{"57":["46","8.45435","0.57169","7.2","9.2"],"58":["68","11.93676","2.33974","9.1","18.1"],"59":["60","28.71333","23.64172","13.9","96.4"],"60":["39","16.67692","1.38276","14.7","19.8"]}}