{"_t":[1357016400,1362373140,5356740,96],"_i":["sanpedro\/004\/humidity","sanpedro\/004\/temp_dry","sanpedro\/004\/temp_wet"],"_@":{"humi":[50,110],"temp":[0,30]},"sanpedro\/004\/humidity":{"76":["417","73.96163","2.39373","69.0","79.0"],"77":["521","78.04223","4.04558","69.0","87.0"],"78":["977","74.23234","7.62331","63.0","90.0"],"84":["981","83.27013","6.98034","69.0","98.0"],"85":["501","75.26946","7.68629","64.0","101.0"],"86":["858","77.00583","3.26937","71.0","88.0"],"87":["150","94.38000","2.54995","86.0","100.0"],"88":["825","88.04000","13.56697","59.0","101.0"],"89":["1624","79.98892","9.24628","59.0","101.0"],"90":["1720","79.18314","10.93930","57.0","101.0"],"91":["487","96.12731","5.17856","83.0","101.0"],"92":["1220","79.55492","8.43720","62.0","100.0"]},"sanpedro\/004\/temp_dry":{"76":["417","23.09856","1.85763","20.1","27.1"],"77":["521","22.45298","1.31291","20.4","25.6"],"78":["977","24.21699","3.66645","17.7","30.0"],"84":["981","18.98563","1.96573","14.0","22.9"],"85":["501","18.77764","2.37893","10.1","22.8"],"86":["858","20.85408","1.88508","17.5","24.1"],"87":["150","17.06467","0.79264","15.7","20.2"],"88":["825","13.90461","5.06552","7.2","23.6"],"89":["1624","20.37654","3.32592","11.4","26.8"],"90":["1720","19.31965","4.15534","9.4","25.3"],"91":["487","13.91663","3.29089","9.8","21.9"],"92":["1220","19.21934","2.69712","11.5","24.4"]},"sanpedro\/004\/temp_wet":{"76":["417","19.53741","1.42976","17.0","22.8"],"77":["521","19.53167","1.07302","17.8","22.4"],"78":["977","20.51453","2.34114","16.0","24.4"],"84":["981","16.92477","1.09723","13.7","19.6"],"85":["501","15.65469","1.33281","10.2","18.3"],"86":["858","17.88951","1.49403","15.1","20.5"],"87":["150","16.45667","0.55922","15.5","18.5"],"88":["825","12.41891","3.38104","7.2","18.0"],"89":["1624","17.74310","2.10896","11.4","22.3"],"90":["1720","16.60256","2.92717","9.2","21.8"],"91":["487","13.50903","2.69643","9.7","19.7"],"92":["1220","16.62541","1.59285","11.5","19.8"]}}