{"_t":[1366029000,1366039800,10800,144],"_i":["sanpedro\/002\/humidity","sanpedro\/002\/temperature","sanpedro\/003\/humidity","sanpedro\/003\/temperature","sanpedro\/004\/humidity","sanpedro\/004\/temp_dry","sanpedro\/004\/temp_wet","sanpedro\/005\/humidity","sanpedro\/005\/temperature"],"_@":{"humi":[80,100],"temp":[10,20]},"sanpedro\/002\/humidity":{"28":["2","89.70000","2.90000","86.8","92.6"],"29":["3","89.50000","3.81838","86.8","94.9"],"30":["5","91.90000","2.70111","86.8","94.9"],"31":["3","91.43333","3.40816","86.8","94.9"]},"sanpedro\/002\/temperature":{"28":["2","15.30000","0.20000","15.1","15.5"],"29":["3","15.33333","0.12472","15.2","15.5"],"30":["5","15.68000","0.17205","15.4","15.9"],"31":["3","15.80000","0.24495","15.5","16.1"]},"sanpedro\/004\/humidity":{"28":["1","89.00000","0.00000","89.0","89.0"],"29":["3","88.33333","0.47140","88.0","89.0"],"31":["3","87.66667","0.47140","87.0","88.0"]},"sanpedro\/004\/temp_dry":{"28":["1","14.80000","0.00000","14.8","14.8"],"29":["3","14.93333","0.04714","14.9","15.0"],"31":["3","15.16667","0.04714","15.1","15.2"]},"sanpedro\/004\/temp_wet":{"28":["1","13.60000","0.00000","13.6","13.6"],"29":["3","13.66667","0.04714","13.6","13.7"],"31":["3","13.83333","0.04714","13.8","13.9"]}}