{"_t":[1366979220,1367065620,86400,144],"_i":["sanpedro\/005\/humidity","sanpedro\/005\/temperature"],"_@":{"humi":[30,100],"temp":[0,40]},"sanpedro\/005\/humidity":{"14":["48","53.75208","2.93293","49.0","60.9"],"15":["46","42.99565","4.35520","38.5","54.1"],"16":["86","47.33140","2.59733","43.1","53.9"],"17":["85","52.21294","2.79221","48.2","59.8"],"18":["43","49.72326","4.12169","43.9","60.4"],"19":["51","53.88431","1.59181","51.9","61.3"],"20":["76","57.75132","2.99686","52.0","65.2"],"21":["48","52.85000","3.01054","49.4","64.1"],"22":["90","53.54889","1.35214","50.4","56.9"],"23":["90","51.58889","2.66210","47.7","59.7"],"24":["90","50.15000","2.01430","45.2","56.2"],"25":["85","53.10941","2.74027","48.0","59.6"],"26":["86","51.73256","2.21441","46.3","56.3"],"27":["87","50.31264","2.47868","44.5","57.0"],"28":["83","46.54096","2.81022","43.2","57.2"],"29":["86","46.14767","2.27860","41.8","52.4"],"30":["87","47.15172","1.89706","42.3","53.2"],"31":["88","48.12955","2.65262","41.6","55.4"],"32":["86","51.41512","2.67454","43.4","58.8"],"33":["81","52.55556","2.38607","44.3","56.4"],"34":["4","54.40000","1.15758","53.6","56.4"],"35":["90","54.31556","3.21064","47.7","61.6"],"36":["89","51.57640","2.40169","46.0","58.3"],"37":["90","56.29111","2.54544","47.4","62.9"],"38":["95","56.48632","2.55823","52.3","66.1"],"39":["87","58.35402","2.59911","53.6","66.4"],"40":["47","57.68723","1.78714","52.2","61.0"],"41":["84","58.00238","1.78958","53.1","62.6"],"42":["85","57.76235","1.94156","53.1","61.2"],"43":["90","59.90222","1.86267","54.1","63.0"],"44":["88","59.59091","1.91428","53.1","63.9"],"45":["89","55.82360","2.03083","51.5","61.6"],"46":["94","59.32660","2.09346","53.2","62.9"],"47":["87","58.46552","2.12553","54.6","65.3"],"48":["84","59.10833","2.25432","55.2","65.9"],"49":["46","54.16087","3.99219","50.3","62.6"],"50":["56","52.46607","4.72071","46.7","64.1"],"51":["90","50.99778","4.60019","42.1","65.4"],"52":["92","47.89130","7.77185","41.4","66.2"],"53":["89","47.90449","6.55439","41.6","63.4"],"54":["95","49.48526","5.63377","43.9","63.4"],"55":["97","58.26907","5.13828","48.6","67.9"],"56":["106","67.66792","3.55248","62.2","74.9"],"57":["102","67.06765","4.26061","61.2","75.7"],"58":["112","69.06696","5.14265","61.4","79.2"],"59":["34","75.23529","2.46754","72.1","80.6"],"60":["63","82.35079","3.60242","77.5","89.3"],"61":["59","88.25424","3.22013","84.5","94.7"],"66":["6","86.80000","0.00000","86.8","86.8"],"67":["12","89.12500","3.37765","86.7","95.0"],"68":["6","91.43333","3.48744","86.7","95.0"],"69":["7","90.75714","3.62880","86.7","95.0"],"70":["8","93.05000","2.65141","86.7","95.0"],"72":["7","91.87143","3.41832","86.7","94.9"],"74":["3","91.36667","3.44222","86.7","94.9"],"75":["8","90.92500","3.40211","86.7","94.9"],"76":["5","91.34000","2.32000","86.7","92.5"],"78":["4","92.25000","3.35075","86.7","94.9"],"79":["4","91.65000","3.02118","86.7","94.9"],"81":["1","86.70000","0.00000","86.7","86.7"],"82":["8","91.57500","2.98025","86.7","94.8"],"83":["5","91.08000","3.68206","86.7","94.8"],"87":["70","77.66286","7.97756","69.5","94.8"],"88":["114","77.12895","8.79399","68.6","93.2"],"89":["34","79.25294","5.98195","73.8","93.4"],"90":["34","89.33824","2.43649","85.4","92.1"],"91":["9","90.12222","3.45214","86.4","94.6"],"92":["6","91.03333","3.43155","86.4","94.6"],"93":["9","90.12222","3.45214","86.4","94.6"],"94":["3","91.03333","3.43155","86.4","94.6"],"97":["7","91.18571","3.19885","86.4","94.6"],"98":["5","90.78000","3.77009","86.3","94.6"],"99":["1","86.20000","0.00000","86.2","86.2"],"100":["8","91.82500","3.39218","86.2","94.5"],"102":["2","93.25000","1.15000","92.1","94.4"],"103":["4","91.17500","3.07683","86.1","94.4"],"104":["9","91.75556","3.19934","86.1","94.4"],"105":["8","90.38750","3.44871","86.1","94.4"],"106":["11","91.26364","3.32354","86.1","94.4"],"107":["10","91.13000","3.46988","86.0","94.3"],"108":["9","91.00000","3.65422","86.0","94.3"],"109":["6","88.33333","3.44125","85.9","94.3"],"114":["3","88.60000","3.95980","85.8","94.2"],"115":["3","93.36667","1.10855","91.8","94.2"],"116":["8","90.35000","3.71988","85.7","94.1"],"117":["14","90.41429","3.64160","85.7","94.1"],"118":["14","89.98571","3.81404","85.7","94.1"],"119":["10","88.58000","3.60799","85.7","94.1"],"120":["1","94.10000","0.00000","94.1","94.1"],"121":["3","90.46667","3.52168","85.7","94.1"],"123":["9","88.85556","3.61758","85.7","94.0"],"124":["13","90.43077","3.84335","85.6","94.0"],"125":["2","88.60000","3.00000","85.6","91.6"],"126":["23","88.10000","3.49720","85.6","94.0"],"127":["15","86.55333","2.47302","85.6","94.0"],"128":["9","89.71111","3.78871","85.6","94.0"],"129":["12","89.66667","3.56449","85.6","94.0"],"130":["4","87.70000","3.63731","85.6","94.0"],"131":["7","89.68571","3.66233","85.6","94.0"],"132":["6","90.36667","3.52168","85.6","94.0"],"136":["2","92.75000","1.25000","91.5","94.0"],"137":["23","89.32609","3.89908","85.6","94.0"],"138":["16","90.76875","3.46026","85.8","94.2"],"139":["17","91.09412","3.45159","86.0","94.3"],"140":["5","90.20000","3.40118","86.2","94.6"],"141":["12","91.39167","3.17056","86.2","94.6"],"142":["17","89.52941","1.66018","86.4","92.4"],"143":["85","89.71647","2.30860","85.6","93.0"]},"sanpedro\/005\/temperature":{"14":["48","21.83125","1.83339","20.4","25.3"],"15":["46","25.71087","1.43242","23.7","28.7"],"16":["86","24.18721","1.72794","22.4","27.4"],"17":["85","22.14824","1.51910","20.9","26.6"],"18":["43","23.44419","1.47763","21.1","26.2"],"19":["51","21.77451","1.48678","20.6","25.1"],"20":["76","20.65395","1.45244","19.3","24.2"],"21":["48","22.39792","1.27304","21.0","25.6"],"22":["90","22.21000","1.84999","20.8","25.6"],"23":["90","23.19333","1.74718","21.4","27.4"],"24":["90","24.15667","2.06247","22.4","28.3"],"25":["85","22.59059","1.90896","21.1","27.5"],"26":["86","23.40930","1.66025","21.7","27.1"],"27":["87","23.13793","1.57402","21.9","27.3"],"28":["83","24.79518","1.58524","23.6","29.1"],"29":["86","25.59419","2.50197","23.2","29.8"],"30":["87","24.94713","2.01949","23.7","29.6"],"31":["88","25.12955","2.38209","23.4","30.1"],"32":["86","24.70465","1.89761","23.3","29.8"],"33":["81","24.21481","1.82865","22.8","29.4"],"34":["4","23.37500","1.92012","22.2","26.7"],"35":["90","24.11667","1.84242","22.1","28.4"],"36":["89","24.96966","1.73894","23.7","28.6"],"37":["90","23.49444","1.61117","22.3","28.5"],"38":["95","23.64421","1.35380","22.1","26.8"],"39":["87","23.18851","1.33704","21.7","26.5"],"40":["47","23.31702","1.40187","21.9","26.4"],"41":["84","23.11190","1.69118","21.9","26.5"],"42":["85","23.15176","1.47262","21.9","26.4"],"43":["90","22.77556","1.43607","21.6","26.0"],"44":["88","22.89773","1.52241","21.7","26.5"],"45":["89","23.60899","1.33901","22.1","26.6"],"46":["94","22.48511","1.44037","21.3","26.2"],"47":["87","22.65402","1.17657","21.4","25.3"],"48":["84","22.20238","1.20218","21.1","25.0"],"49":["46","23.06739","0.54096","22.2","24.3"],"50":["56","23.42679","0.52013","22.8","24.9"],"51":["90","23.43222","0.60034","22.5","24.6"],"52":["92","24.55870","0.32442","23.6","25.2"],"53":["89","24.15506","0.48575","23.4","25.3"],"54":["95","22.98105","0.95854","21.8","25.2"],"55":["97","20.05361","1.39284","18.4","24.6"],"56":["106","18.63302","0.95766","17.9","21.3"],"57":["102","18.98824","0.79487","17.9","20.6"],"58":["112","18.98214","1.00055","17.3","20.7"],"59":["34","17.47647","0.75501","16.9","19.2"],"60":["63","16.73016","0.47363","16.2","17.7"],"61":["59","15.97288","0.34682","15.5","16.7"],"66":["6","14.65000","0.05000","14.6","14.7"],"67":["12","14.70833","0.34024","14.4","15.4"],"68":["6","14.81667","0.38909","14.3","15.3"],"69":["7","14.61429","0.38333","14.2","15.2"],"70":["8","14.75000","0.32016","14.2","15.1"],"72":["7","14.74286","0.30639","14.3","15.1"],"74":["3","14.53333","0.33993","14.2","15.0"],"75":["8","14.37500","0.26339","14.1","14.8"],"76":["5","14.28000","0.14697","14.0","14.4"],"78":["4","14.32500","0.35620","13.8","14.7"],