{"_t":[1366693200,1369285200,2592000,240],"_i":["sanpedro\/002\/humidity","sanpedro\/002\/temperature"],"_@":{"humi":[30,100],"temp":[0,40]},"sanpedro\/002\/humidity":{"0":["34","91.24412","3.18795","86.2","94.4"],"1":["58","90.70345","3.32555","86.1","94.4"],"2":["107","87.64486","5.04496","78.8","94.9"],"3":["134","73.93209","7.25574","59.1","85.4"],"5":["197","62.79492","7.25901","48.6","78.0"],"6":["66","85.25758","4.77519","79.3","94.6"],"7":["62","91.06774","3.26653","86.3","94.5"],"8":["48","91.48125","3.13061","86.1","94.5"],"9":["13","89.32308","3.57581","86.0","94.2"],"27":["111","54.88649","5.58687","45.3","68.0"],"28":["89","54.34270","2.27339","48.3","59.6"],"29":["154","76.19740","13.57875","55.2","95.0"],"30":["37","90.98108","3.60119","86.7","95.0"],"31":["17","91.83529","3.09724","86.3","94.8"],"32":["71","90.60282","3.42698","85.7","94.5"],"33":["77","88.97662","3.59823","85.6","94.1"],"34":["278","82.97446","12.46119","55.7","94.5"],"35":["94","56.79787","7.44333","40.4","69.2"],"36":["46","51.80435","2.24809","46.1","56.9"],"37":["389","77.94987","12.54090","42.7","95.1"],"38":["68","90.89559","3.24220","86.2","94.9"],"39":["57","90.72105","3.40669","86.3","94.6"],"40":["71","90.75775","3.40913","86.2","94.6"],"41":["22","90.46364","3.36027","86.1","94.4"],"42":["188","67.92074","14.30279","51.0","94.8"],"43":["128","61.51797","6.36483","52.2","71.0"],"44":["135","51.99037","2.45021","45.3","58.1"],"45":["375","64.60187","19.53740","41.6","94.7"],"46":["74","91.24459","3.16288","86.3","94.8"],"47":["75","90.65067","3.32976","86.2","94.5"],"48":["31","91.22581","3.24455","86.4","94.5"],"49":["65","90.92769","3.49477","86.3","94.5"],"50":["74","72.21486","14.77651","58.1","94.8"],"51":["97","74.57835","5.80102","66.9","84.6"],"52":["47","69.40638","1.44788","66.8","72.9"],"53":["222","78.22432","12.12026","60.0","94.9"],"54":["40","91.35500","3.31881","86.5","94.7"],"55":["78","90.91282","3.48735","86.4","94.7"],"56":["57","91.46667","3.05955","86.4","94.6"],"57":["5","90.30000","3.30273","86.4","94.5"],"74":["157","75.98790","10.50755","59.3","95.0"],"75":["86","52.88372","12.27152","36.7","66.9"],"76":["402","73.47090","6.33204","59.8","87.8"],"77":["161","75.51429","14.71736","51.8","94.8"],"78":["45","91.67556","3.13455","86.4","94.8"],"79":["71","91.16479","3.22600","86.4","94.6"],"80":["87","91.10575","3.43154","86.4","94.6"],"81":["37","91.45676","3.23975","86.4","94.5"],"82":["93","91.22151","3.26536","86.4","94.8"],"83":["43","49.93488","1.54527","47.0","55.5"],"84":["88","53.44091","3.41609","46.9","60.7"],"85":["453","64.65762","8.40265","46.4","80.4"],"86":["114","90.91316","3.08936","86.4","94.9"],"87":["52","90.85577","3.43183","86.4","94.6"],"88":["68","90.32353","3.35731","86.0","94.5"],"89":["49","90.61633","3.27722","86.1","94.2"],"90":["119","88.22269","5.05282","80.0","94.9"],"91":["145","51.82621","5.15546","41.6","66.1"],"92":["89","55.57640","2.88927","49.6","61.8"],"93":["344","77.51308","11.34417","50.1","94.9"],"94":["67","91.17313","3.35855","86.7","94.9"],"95":["41","91.79268","2.97407","86.4","94.8"],"96":["47","91.28723","3.20184","86.3","94.6"],"97":["82","91.21463","3.39304","86.3","94.5"],"98":["432","82.35023","6.85580","69.5","94.9"],"99":["98","63.81327","11.59964","48.8","80.5"],"100":["199","72.40402","10.07361","54.1","89.4"],"101":["250","86.35760","4.38320","79.5","94.9"],"102":["84","90.95833","3.47745","86.3","94.8"],"103":["72","91.26667","3.09098","86.5","94.5"],"104":["122","91.56148","2.46309","86.4","94.5"],"105":["54","91.15000","3.26382","86.3","94.5"],"106":["183","76.32022","11.55180","58.0","95.0"],"107":["138","62.00870","2.43366","56.5","68.9"],"108":["131","59.44198","3.72731","49.4","66.5"],"109":["282","80.72979","9.05391","60.7","94.8"],"110":["59","90.68983","3.40621","86.1","94.7"],"111":["13","91.31538","3.04147","86.0","94.3"],"112":["88","90.19432","3.59594","85.8","94.2"],"113":["54","89.67037","3.55568","85.8","94.3"],"114":["75","90.94667","3.48028","86.1","94.7"],"115":["124","83.90887","8.70306","70.9","94.9"],"116":["116","75.20000","11.26606","58.9","94.9"],"117":["292","80.24829","10.01437","65.2","95.0"],"118":["92","91.28478","3.28263","86.4","94.8"],"119":["31","91.47419","2.92519","86.3","94.6"],"120":["8","90.46250","3.41977","86.2","94.4"],"121":["40","89.88750","3.41000","86.0","94.3"],"122":["72","66.24722","16.86889","52.2","94.7"],"123":["299","69.72441","5.97954","58.7","87.4"],"124":["134","59.85597","4.61562","50.4","68.9"],"125":["396","67.98914","12.15630","36.6","94.8"],"126":["135","90.64000","3.37804","85.8","94.7"],"127":["59","88.15932","3.40185","85.0","94.7"],"128":["24","90.53333","3.40633","86.2","94.6"],"129":["54","91.14815","3.10780","86.1","94.5"],"130":["192","73.95365","9.92099","62.8","94.9"],"131":["217","74.86037","8.07576","63.9","94.8"],"132":["108","77.59352","6.78749","68.6","89.9"],"133":["389","74.20180","11.78710","53.5","94.8"],"134":["81","90.86296","3.34367","86.4","94.7"],"135":["59","90.90000","3.04241","86.5","94.6"],"136":["54","91.29259","3.17483","86.3","94.5"],"137":["44","90.60682","3.29575","86.1","94.4"],"138":["224","70.55670","10.79946","49.8","94.7"],"139":["144","66.79167","12.15233","47.7","95.1"],"140":["145","64.30069","9.65209","51.1","79.6"],"141":["149","79.68859","14.78680","55.4","94.9"],"142":["50","91.41400","3.14738","86.5","94.8"],"143":["48","91.17292","3.29449","86.5","94.7"],"144":["49","90.91020","3.24158","86.2","94.5"],"145":["42","90.80714","3.28404","86.0","94.4"],"146":["89","74.30674","14.33094","58.2","94.4"],"147":["140","57.30714","13.00019","41.5","78.8"],"148":["278","66.86151","4.49950","58.1","76.8"],"149":["292","76.26747","10.28445","51.8","92.2"],"150":["47","91.44043","2.94500","86.6","94.8"],"151":["118","91.42797","2.85609","86.4","94.7"],"152":["79","91.00506","3.36422","86.1","94.6"],"153":["65","90.58923","3.46646","85.9","94.1"],"154":["264","76.98220","12.24841","52.9","94.3"],"156":["174","58.36782","6.65816","47.9","71.6"],"157":["189","77.68360","6.52991","71.0","94.8"],"158":["92","90.73370","3.37350","86.2","94.8"],"159":["79","90.86835","3.37843","86.1","94.5"],"160":["73","90.68630","3.38523","86.1","94.5"],"161":["80","88.95875","3.55295","85.9","94.3"],"162":["161","80.28323","8.82052","69.4","94.5"],"163":["293","60.43686","10.03008","40.8","79.5"],"164":["182","62.74176","5.65276","52.7","77.9"],"165":["394","77.43528","10.44036","54.1","91.6"],"166":["48","91.30417","3.41870","86.6","95.0"],"167":["40","91.45750","3.36615","86.5","94.8"],"168":["74","90.90811","3.45706","86.3","94.7"],"169":["87","91.07011","3.38184","86.1","94.5"],"170":["180","78.66056","7.56427","68.5","95.1"],"171":["146","65.01575","5.32366","58.0","76.7"],"172":["534","79.43689","4.22342","64.4","90.1"],"173":["265","82.08415","6.13202","71.2","94.9"],"174":["75","91.30800","2.71866","86.5","94.7"],"175":["67","90.86418","3.18938","86.3","94.5"],"176":["68","90.81324","3.28293","86.4","94.5"],"177":["50","89.86000","3.55522","86.1","94.5"],"178":["264","78.88712","7.12753","66.3","94.6"],"179":["526","82.82529","7.43795","68.2","94.0"],"180":["448","82.48125","4.74237","74.6","93.9"],"181":["42","91.25952","3.38414","86.6","95.0"],"182":["5","92.14000","2.97899","86.6","94.8"],"183":["47","91.00426","3.24601","86.5","94.6"],"184":["41","91.04146","3.42373","86.5","94.6"],"185":["28","91.03214","3.35208","86.3","94.5"],"186":["139","76.30432","9.38446","67.2","94.7"],"187":["292","63.90685","8.36816","53.5","89.4"],"188":["107","74.15981","4.05799","68.4","80.9"],"189":["102","88.08529","3.98287","82.7","95.1"],"190":["79","91.17848","3.07611","86.6","94.8"],"191":["43","91.16512","3.21239","86.3","94.7"],"192":["42","90.87619","3.32979","86.3","94.5"],"193":["27","91.21111","3.27972","86.4","94.5"],"194":["105","90.98762","3.30788","86.4","94.9"],"195":["262","82.95191","7.67608","71.2","95.0"],"196":["355","73.42535","11.27628","45.9","95.1"],