{"_t":[1364274000,1366866000,2592000,240],"_i":["sanpedro\/002\/humidity","sanpedro\/002\/temperature"],"_@":{"humi":[20,100],"temp":[0,40]},"sanpedro\/002\/humidity":{"0":["33","92.00909","0.07533","91.8","92.1"],"1":["36","91.59444","0.10526","91.4","91.8"],"2":["36","84.16111","8.77083","63.7","92.2"],"3":["36","53.21111","7.72308","40.3","68.1"],"4":["36","51.90556","4.61067","44.8","63.2"],"5":["36","69.92500","12.35085","53.5","92.0"],"6":["36","92.40833","0.14410","92.2","92.6"],"7":["36","91.97500","0.14977","91.7","92.2"],"8":["36","91.56389","0.09762","91.4","91.7"],"9":["36","91.28056","0.06155","91.2","91.4"],"10":["36","77.69722","14.62643","48.6","91.8"],"11":["36","39.93611","6.13755","27.6","50.7"],"12":["36","55.73056","7.89166","46.2","71.2"],"13":["36","80.66667","10.67817","53.9","92.6"],"14":["36","92.26111","0.11125","92.1","92.4"],"15":["36","92.08056","0.03958","92.0","92.1"],"16":["36","91.90556","0.08802","91.8","92.0"],"17":["36","91.92778","0.04479","91.9","92.0"],"18":["36","80.43611","12.26495","59.3","92.5"],"19":["36","48.06944","9.53234","33.3","67.6"],"20":["36","55.95278","4.84473","46.9","72.6"],"21":["36","84.22778","10.02138","62.7","92.7"],"22":["35","92.16571","0.14529","91.8","92.4"],"23":["36","92.08056","0.03958","92.0","92.1"],"24":["36","91.82222","0.08854","91.7","92.0"],"25":["36","91.57778","0.05827","91.5","91.7"],"26":["36","82.18056","11.39783","52.9","92.4"],"27":["31","60.23871","7.02405","48.7","72.2"],"28":["36","64.11389","6.68199","49.5","75.8"],"29":["36","81.61667","10.55584","61.1","92.7"],"30":["36","92.25556","0.13217","92.1","92.6"],"31":["35","92.04857","0.10789","91.8","92.2"],"32":["34","91.83824","0.04860","91.8","91.9"],"33":["35","91.73429","0.05827","91.7","91.9"],"34":["36","87.25000","8.73026","62.9","92.4"],"35":["36","72.59722","8.20858","60.1","92.7"],"36":["36","64.26944","5.89142","56.6","78.1"],"37":["36","72.14444","7.27310","56.9","86.5"],"38":["36","91.82222","0.78638","87.4","92.3"],"39":["36","91.98333","0.03727","91.9","92.0"],"40":["35","92.13714","0.08972","91.8","92.2"],"41":["35","92.05714","0.07667","92.0","92.2"],"42":["36","82.28889","11.03680","62.3","92.6"],"43":["36","59.77500","9.61398","45.9","79.2"],"44":["36","65.92500","6.51491","48.7","75.3"],"45":["36","63.58611","8.97844","53.7","85.4"],"46":["36","91.55000","1.75111","85.2","92.4"],"47":["36","91.78056","0.07753","91.7","92.0"],"48":["36","91.64167","0.07217","91.6","91.8"],"49":["36","91.64444","0.09263","91.5","91.8"],"50":["36","84.76111","9.75674","57.7","92.5"],"51":["36","53.28056","5.06808","41.7","60.4"],"52":["28","63.21429","6.46506","51.9","72.9"],"54":["40","90.87000","3.45146","86.2","94.7"],"55":["6","89.43333","3.43204","86.1","94.4"],"82":["42","55.48333","1.52595","53.6","61.5"],"84":["44","53.62500","2.15640","50.1","57.8"],"85":["262","79.57710","10.56451","58.8","95.0"],"86":["82","91.17927","3.36922","86.4","94.9"],"87":["51","91.30784","3.20097","86.5","94.7"],"88":["49","90.58980","3.50767","86.2","94.7"],"89":["46","91.00217","3.26180","86.1","94.5"],"90":["217","77.89124","10.49493","62.7","94.7"],"91":["43","36.84884","3.08465","30.9","42.9"],"92":["176","57.06080","8.91054","43.4","75.2"],"93":["227","76.51938","6.81496","64.9","95.0"],"94":["47","91.18085","3.13780","86.5","94.8"],"95":["78","91.22564","3.26015","86.4","94.8"],"96":["41","90.20976","3.46634","86.0","94.6"],"97":["75","89.44400","3.54074","85.7","94.1"],"98":["206","85.63447","5.41877","76.7","94.5"],"99":["132","52.61667","3.39675","48.9","64.0"],"100":["44","52.09091","2.85218","48.8","59.0"],"117":["190","78.84947","14.72757","49.2","95.2"],"118":["73","90.85890","3.53564","86.3","95.1"],"119":["51","91.24706","3.32249","86.3","94.7"],"120":["85","90.81647","3.48391","86.1","94.6"],"121":["95","90.40316","3.52723","86.1","94.5"],"122":["170","75.70000","11.50442","62.9","94.9"],"123":["137","54.42920","16.35012","38.9","85.0"],"124":["294","63.62993","7.33533","53.0","83.0"],"125":["22","91.30455","3.27240","86.7","94.9"],"126":["55","90.78000","3.39076","86.3","94.8"],"127":["35","91.00857","3.35315","86.0","94.6"],"128":["81","90.35432","3.45340","85.9","94.3"],"129":["10","90.37000","3.51939","86.2","94.3"],"162":["50","88.78200","3.64053","85.0","95.0"],"163":["104","70.72981","4.16182","63.9","81.1"],"165":["327","78.12263","8.00779","63.9","95.0"],"166":["42","90.91190","3.43991","86.7","94.9"],"167":["63","91.23016","2.92367","86.4","94.7"],"168":["65","90.76308","3.41709","86.2","94.6"],"169":["40","90.53000","3.37818","86.2","94.5"],"170":["125","66.80720","14.30710","54.3","94.6"],"171":["44","51.31136","5.48760","46.7","67.1"],"172":["184","59.74239","7.98702","46.4","73.5"],"173":["298","78.74799","12.88299","49.2","95.0"],"174":["65","90.77077","3.38561","86.4","94.8"],"175":["46","91.00217","3.43362","86.4","94.7"],"176":["35","90.88000","3.21806","85.9","94.5"],"177":["110","88.80455","3.54556","85.9","94.2"],"178":["125","90.20240","3.51134","85.9","94.9"],"180":["138","52.44130","9.33933","36.1","70.6"],"181":["257","74.52957","15.50791","51.2","95.1"],"182":["63","88.25873","3.67262","84.4","94.9"],"183":["68","91.63088","2.40393","86.5","94.6"],"184":["92","91.18370","3.01259","86.5","94.6"],"185":["14","90.78571","3.33442","86.5","94.5"],"187":["267","58.79326","5.37211","50.5","71.5"],"189":["393","79.14606","10.14153","55.5","95.2"],"190":["56","91.53393","3.20643","86.6","94.9"],"191":["58","91.26207","3.34184","86.4","94.7"],"192":["34","91.42353","3.34603","86.4","94.6"],"193":["45","91.58889","3.18400","86.3","94.5"],"198":["50","91.59400","3.05067","86.5","94.7"],"199":["42","91.34524","3.23833","86.5","94.7"],"200":["70","91.12429","3.26525","86.3","94.7"],"201":["62","91.19032","3.28588","86.3","94.5"],"202":["231","77.69957","11.90091","55.4","95.0"],"220":["142","71.14155","4.44304","61.8","78.4"],"221":["236","72.92627","11.77858","51.8","95.0"],"222":["83","90.38795","3.25822","86.2","94.8"],"223":["44","90.83182","3.14381","86.2","94.4"],"224":["34","91.24412","3.18795","86.2","94.4"],"225":["58","90.70345","3.32555","86.1","94.4"],"226":["107","87.64486","5.04496","78.8","94.9"],"227":["134","73.93209","7.25574","59.1","85.4"],"229":["197","62.79492","7.25901","48.6","78.0"],"230":["66","85.25758","4.77519","79.3","94.6"],"231":["62","91.06774","3.26653","86.3","94.5"],"232":["48","91.48125","3.13061","86.1","94.5"],"233":["13","89.32308","3.57581","86.0","94.2"]},"sanpedro\/002\/temperature":{"0":["33","10.33333","0.60786","9.2","11.4"],"1":["36","7.40833","0.65251","6.2","8.9"],"2":["36","14.01111","5.46594","6.3","24.0"],"3":["36","25.74167","2.38262","21.6","32.2"],"4":["36","26.84722","1.56303","22.7","29.2"],"5":["36","21.58056","3.47442","16.0","26.3"],"6":["36","13.43056","1.13304","11.6","15.7"],"7":["36","9.99722","0.98671","8.3","11.7"],"8":["36","7.13333","0.74199","6.0","8.2"],"9":["36","4.93333","0.47726","4.1","6.1"],"10":["36","12.93056","6.67282","3.7","23.0"],"11":["36","28.61389","1.68871","25.5","31.8"],"12":["36","25.34444","2.77653","20.8","28.6"],"13":["36","17.90556","3.07733","13.9","25.8"],"14":["36","12.72222","0.69246","11.4","13.9"],"15":["36","11.41111","0.32470","10.7","12.0"],"16":["36","10.08889","0.75564","8.9","11.2"],"17":["36","10.43889","0.18897","9.9","10.7"],"18":["36","16.16667","4.45034","9.9","22.6"],"19":["36","27.95000","3.18499","21.6","32.7"],"20":["36","26.25833","1.80052","20.5","29.0"],"21":["36","16.88333","2.98678","13.3","23.3"],"22":["35","12.04571","0.67458","10.9","13.4"],"23":["36","11.38333","0.29202","10.4","11.7"],"24":["36","9.27778","0.62143","8.2","10.4"],"25":["36","7.81389","0.40835","6.9","8.3"],"26":["36","15.58333","5.36918","8.3","25.0"],"27":["31","23.72258","2.20742","19.5","27.3"],"28":["36","22.07778","1.87722","19.4","26.6"],"29":["36","18.42222","2.77169","14.8","23.8"],"30":["36","12.63889","0.72774","11.6","14.5"],"31":["35","10.91429","0.83705","9.5","12.3"],