{"_t":[1366835160,1366921560,86400,144],"_i":["valentina\/003\/humidity","valentina\/003\/temp_dry","valentina\/003\/temp_wet"],"_@":{"humi":[60,100],"temp":[10,30]},"valentina\/003\/humidity":[["2","63.50000","1.50000","62.0","65.0"],["2","66.50000","3.50000","63.0","70.0"],["2","62.50000","0.50000","62.0","63.0"],["2","63.00000","0.00000","63.0","63.0"],["2","65.00000","1.00000","64.0","66.0"],["2","74.00000","1.00000","73.0","75.0"],["2","74.00000","1.00000","73.0","75.0"],["2","76.00000","1.00000","75.0","77.0"],["2","76.00000","1.00000","75.0","77.0"],["2","78.50000","0.50000","78.0","79.0"],["2","78.00000","2.00000","76.0","80.0"],["2","79.50000","0.50000","79.0","80.0"],["2","77.50000","0.50000","77.0","78.0"],["2","77.50000","0.50000","77.0","78.0"],["2","82.50000","0.50000","82.0","83.0"],["2","86.00000","0.00000","86.0","86.0"],["2","86.50000","1.50000","85.0","88.0"],["2","91.00000","0.00000","91.0","91.0"],["2","90.50000","0.50000","90.0","91.0"],["2","93.00000","0.00000","93.0","93.0"],["2","92.00000","0.00000","92.0","92.0"],["2","92.50000","0.50000","92.0","93.0"],["2","92.50000","0.50000","92.0","93.0"],["2","92.50000","0.50000","92.0","93.0"],["2","93.00000","0.00000","93.0","93.0"],["2","93.00000","0.00000","93.0","93.0"],["2","93.00000","0.00000","93.0","93.0"],["2","92.50000","0.50000","92.0","93.0"],["2","92.00000","1.00000","91.0","93.0"],["2","89.50000","0.50000","89.0","90.0"],["2","89.50000","0.50000","89.0","90.0"],["2","90.00000","0.00000","90.0","90.0"],["2","90.50000","0.50000","90.0","91.0"],["2","93.00000","0.00000","93.0","93.0"],["2","93.50000","0.50000","93.0","94.0"],["2","94.00000","0.00000","94.0","94.0"],["2","94.00000","0.00000","94.0","94.0"],["2","93.00000","1.00000","92.0","94.0"],["2","92.50000","0.50000","92.0","93.0"],["2","92.50000","0.50000","92.0","93.0"],["2","91.50000","0.50000","91.0","92.0"],["2","92.50000","0.50000","92.0","93.0"],["2","93.00000","0.00000","93.0","93.0"],["2","93.50000","0.50000","93.0","94.0"],["2","92.50000","0.50000","92.0","93.0"],["2","92.00000","0.00000","92.0","92.0"],["2","91.50000","0.50000","91.0","92.0"],["2","91.50000","0.50000","91.0","92.0"],["2","91.50000","0.50000","91.0","92.0"],["2","91.50000","0.50000","91.0","92.0"],["2","92.50000","0.50000","92.0","93.0"],["2","93.00000","1.00000","92.0","94.0"],["2","93.00000","0.00000","93.0","93.0"],["2","93.50000","0.50000","93.0","94.0"],["2","94.00000","0.00000","94.0","94.0"],["2","94.00000","0.00000","94.0","94.0"],["2","94.00000","0.00000","94.0","94.0"],["2","94.50000","0.50000","94.0","95.0"],["2","95.00000","0.00000","95.0","95.0"],["2","95.00000","0.00000","95.0","95.0"],["2","95.00000","0.00000","95.0","95.0"],["2","94.00000","0.00000","94.0","94.0"],["2","94.00000","0.00000","94.0","94.0"],["2","93.00000","0.00000","93.0","93.0"],["2","93.50000","0.50000","93.0","94.0"],["2","93.50000","0.50000","93.0","94.0"],["2","94.00000","0.00000","94.0","94.0"],["2","94.00000","0.00000","94.0","94.0"],["2","94.50000","0.50000","94.0","95.0"],["2","95.50000","0.50000","95.0","96.0"],["2","95.00000","1.00000","94.0","96.0"],["2","96.00000","0.00000","96.0","96.0"],["2","95.00000","0.00000","95.0","95.0"],["2","95.00000","0.00000","95.0","95.0"],["2","95.00000","0.00000","95.0","95.0"],["2","94.50000","0.50000","94.0","95.0"],["2","94.50000","0.50000","94.0","95.0"],["2","94.00000","0.00000","94.0","94.0"],["2","94.00000","0.00000","94.0","94.0"],["2","94.00000","0.00000","94.0","94.0"],["2","94.50000","0.50000","94.0","95.0"],["2","94.50000","0.50000","94.0","95.0"],["2","94.00000","0.00000","94.0","94.0"],["2","94.50000","0.50000","94.0","95.0"],["2","95.50000","0.50000","95.0","96.0"],["2","94.00000","0.00000","94.0","94.0"],["2","95.00000","0.00000","95.0","95.0"],["1","94.00000","0.00000","94.0","94.0"],["2","95.50000","0.50000","95.0","96.0"],["1","95.00000","0.00000","95.0","95.0"],["2","94.50000","0.50000","94.0","95.0"],["2","94.00000","0.00000","94.0","94.0"],["2","93.50000","0.50000","93.0","94.0"],["2","92.50000","0.50000","92.0","93.0"],["2","91.50000","0.50000","91.0","92.0"],["2","91.00000","0.00000","91.0","91.0"],["2","89.50000","0.50000","89.0","90.0"],["2","88.00000","0.00000","88.0","88.0"],["2","86.50000","0.50000","86.0","87.0"],["2","84.00000","0.00000","84.0","84.0"],["2","81.50000","2.50000","79.0","84.0"],["2","72.50000","2.50000","70.0","75.0"],["2","64.50000","0.50000","64.0","65.0"],["2","66.50000","2.50000","64.0","69.0"],["2","67.00000","1.00000","66.0","68.0"],["2","67.00000","1.00000","66.0","68.0"],["2","66.50000","3.50000","63.0","70.0"],["2","65.50000","2.50000","63.0","68.0"],["2","69.50000","1.50000","68.0","71.0"],["2","71.00000","1.00000","70.0","72.0"],["1","71.00000","0.00000","71.0","71.0"],["2","68.50000","0.50000","68.0","69.0"],["2","66.00000","2.00000","64.0","68.0"],["2","62.50000","0.50000","62.0","63.0"],["2","60.50000","0.50000","60.0","61.0"],["2","69.00000","1.00000","68.0","70.0"],["2","71.50000","1.50000","70.0","73.0"],["2","66.50000","2.50000","64.0","69.0"],["2","64.50000","0.50000","64.0","65.0"],["2","64.50000","0.50000","64.0","65.0"],["2","65.00000","1.00000","64.0","66.0"],["2","65.50000","0.50000","65.0","66.0"],["2","65.00000","0.00000","65.0","65.0"],["2","66.50000","0.50000","66.0","67.0"],["2","67.00000","0.00000","67.0","67.0"],["2","64.00000","1.00000","63.0","65.0"],["2","64.50000","0.50000","64.0","65.0"],["2","64.00000","1.00000","63.0","65.0"],["2","63.50000","0.50000","63.0","64.0"],["2","64.50000","0.50000","64.0","65.0"],["2","68.00000","2.00000","66.0","70.0"],["2","69.50000","0.50000","69.0","70.0"],["2","72.50000","0.50000","72.0","73.0"],["2","72.00000","0.00000","72.0","72.0"],["2","68.00000","4.00000","64.0","72.0"],["2","62.00000","1.00000","61.0","63.0"],["2","61.50000","0.50000","61.0","62.0"],["2","66.00000","1.00000","65.0","67.0"],["2","65.00000","1.00000","64.0","66.0"],["2","68.50000","1.50000","67.0","70.0"],["2","69.50000","1.50000","68.0","71.0"],["2","66.50000","1.50000","65.0","68.0"],["2","63.50000","0.50000","63.0","64.0"],["2","73.50000","2.50000","71.0","76.0"]],