{"_t":[1376629200,1376715600,86400,144],"_i":["timana0\/001\/humidity","timana0\/001\/temp_dry","timana0\/001\/temp_wet"],"_@":{"humi":[30,40],"temp":[10,30]},"timana0\/001\/humidity":{"71":["1","37.00000","0.00000","37.0","37.0"]},"timana0\/001\/temp_dry":{"71":["1","22.50000","0.00000","22.5","22.5"]},"timana0\/001\/temp_wet":{"71":["1","13.80000","0.00000","13.8","13.8"]}}