{"_t":[1365570000,1368162000,2592000,240],"_i":["margaritas\/006\/humidity","margaritas\/006\/temperature"],"_@":{"humi":[20,90],"temp":[0,40]},"margaritas\/006\/humidity":{"0":["39","84.23590","1.48298","82.8","86.0"],"1":["26","84.13462","1.49639","82.7","85.8"],"2":["104","66.30096","16.37517","39.5","86.3"],"3":["130","47.51615","10.61470","28.4","68.9"],"4":["130","54.92769","8.97312","30.4","70.3"],"5":["91","78.59560","3.44396","71.1","86.3"],"6":["104","84.42404","1.51000","82.8","86.3"],"7":["104","84.28942","1.55532","82.6","86.1"],"8":["91","84.01099","1.55248","82.5","85.8"],"9":["240","85.25583","0.97671","82.4","85.8"],"10":["252","69.66230","16.46980","39.5","86.0"],"11":["252","38.47659","5.93071","25.0","57.8"],"12":["251","42.66175","7.06977","25.8","60.1"],"13":["250","65.42640","15.43180","42.6","86.5"],"14":["250","85.97920","0.84851","83.1","86.5"],"15":["132","85.38485","1.34668","82.9","86.2"],"16":["78","84.27949","1.52722","82.8","86.0"],"17":["52","84.13077","1.54541","82.7","85.8"],"18":["78","75.86923","12.61129","49.2","86.1"],"19":["52","46.11923","4.27650","38.7","54.7"],"20":["78","46.19103","7.47047","32.4","62.8"],"21":["52","65.66154","12.23625","48.6","86.1"],"22":["26","84.51154","1.47109","83.1","86.1"],"23":["39","84.28462","1.50086","82.8","86.1"],"24":["26","84.03462","1.49639","82.6","85.7"],"25":["39","83.90256","1.48159","82.4","85.6"],"26":["52","78.97692","9.60964","55.8","86.2"],"27":["65","51.29385","12.43010","34.3","83.7"],"28":["78","42.56282","5.56922","30.5","55.1"],"29":["78","53.63846","11.69979","36.2","74.4"],"30":["104","81.92692","4.03006","72.3","86.1"],"31":["91","84.06264","1.49898","82.6","85.9"],"32":["104","84.03558","1.53215","82.6","85.8"],"33":["91","84.21209","1.55216","82.7","85.9"],"34":["104","82.13750","3.91258","67.9","86.3"],"35":["104","50.62885","7.78545","33.6","65.0"],"36":["91","43.96813","6.50545","30.6","56.2"],"37":["130","66.26462","15.34083","37.3","85.8"],"38":["130","84.59154","1.52048","83.0","86.5"],"39":["130","84.40462","1.51753","83.0","86.1"],"40":["143","84.31748","1.52450","82.9","86.0"],"41":["169","84.32899","1.54132","82.8","86.1"],"42":["169","79.74793","8.60431","50.2","86.4"],"43":["52","62.41538","4.63882","51.3","70.2"],"45":["65","73.03692","5.05756","65.2","83.3"],"46":["39","83.95641","1.10426","83.2","86.3"],"47":["52","84.48654","1.54086","83.0","86.2"],"48":["52","84.38846","1.52891","82.9","86.1"],"49":["52","84.30769","1.54806","82.8","86.0"],"50":["39","77.50769","10.18207","53.4","86.0"],"51":["52","44.03269","5.94037","34.8","56.7"],"52":["52","48.15769","6.29534","37.9","61.7"],"53":["52","60.12308","11.58603","46.7","82.0"],"54":["65","84.45385","1.45793","83.0","86.1"],"55":["39","84.45128","1.49630","83.0","86.1"],"56":["91","84.05165","1.46748","82.6","86.0"],"57":["117","83.98205","1.49287","82.6","85.6"],"58":["117","74.14103","14.54369","43.6","86.1"],"59":["104","53.22308","9.15282","34.2","66.0"],"60":["91","44.36593","8.19636","33.0","61.5"],"61":["104","67.39231","14.29959","49.3","86.4"],"62":["104","84.58654","1.48188","83.2","86.3"],"63":["104","84.53077","1.54541","83.1","86.2"],"64":["104","84.46635","1.54793","83.0","86.2"],"65":["78","84.43077","1.54541","83.0","86.1"],"67":["78","57.32436","7.47452","44.8","71.9"],"68":["104","45.30577","3.49081","35.5","54.7"],"69":["104","67.19327","14.03332","47.3","86.4"],"70":["91","84.12198","1.91505","78.7","86.2"],"71":["104","84.45000","1.51359","83.0","86.2"],"72":["104","84.39615","1.53572","82.9","86.1"],"73":["104","84.29038","1.50196","82.9","86.0"],"74":["104","80.16731","7.80767","53.8","86.1"],"75":["26","59.72692","2.83841","54.5","65.7"],"78":["104","84.51731","1.55819","83.0","86.2"],"79":["91","84.43736","1.55271","83.0","86.2"],"80":["91","84.35824","1.56022","82.9","86.1"],"81":["104","84.25192","1.53792","82.8","86.0"],"82":["104","79.87019","7.47438","59.8","86.3"],"83":["13","62.77692","7.34974","53.7","71.6"],"99":["65","62.80923","4.25913","55.1","69.2"],"100":["104","60.75385","7.34118","47.4","75.6"],"101":["104","65.95577","8.77853","50.3","86.3"],"102":["104","84.39904","1.48593","82.9","86.2"],"103":["117","84.13333","1.51291","82.7","85.8"],"104":["91","84.20110","1.56025","82.7","85.9"],"105":["143","84.18392","1.55589","82.7","85.9"],"106":["156","73.75577","14.27055","40.9","86.3"],"107":["156","50.06795","8.74711","30.3","65.0"],"108":["156","51.35128","10.01606","33.1","71.6"],"109":["104","56.61827","13.05773","38.2","81.6"],"110":["104","81.89904","2.16926","75.6","85.1"],"111":["104","84.33269","1.52110","82.9","86.0"],"112":["104","84.25385","1.51575","82.7","86.0"],"113":["242","85.37231","0.98027","82.6","85.8"],"114":["249","79.60361","8.69761","52.6","86.4"],"115":["251","45.00398","8.02255","32.2","69.0"],"116":["250","36.66800","3.76696","29.0","52.1"],"117":["251","52.94701","8.55896","37.7","72.1"],"118":["253","84.23439","3.63415","67.5","86.1"],"119":["248","85.46250","0.99499","82.9","86.1"],"120":["249","85.82329","0.86481","82.9","86.1"],"121":["248","85.78952","0.83346","82.9","86.1"],"122":["250","77.81680","13.25464","41.5","86.3"],"123":["250","37.74240","6.61876","25.8","57.0"],"124":["251","51.26255","9.04421","35.2","66.3"],"125":["249","78.42088","9.92650","53.4","86.5"],"126":["249","85.69438","1.04061","81.9","86.3"],"127":["250","83.72440","3.10762","74.1","85.9"],"128":["249","85.52651","0.82332","82.7","85.8"],"129":["249","85.47871","0.83411","82.6","85.8"],"130":["252","62.01429","17.79752","35.8","86.0"],"131":["250","41.05640","7.67693","29.4","79.8"],"132":["252","37.32937","3.13499","30.7","46.3"],"133":["249","54.11084","12.66583","35.8","78.8"],"134":["252","84.67817","2.22471","76.4","86.4"],"135":["251","82.78048","5.93534","60.2","86.3"],"136":["355","84.31183","1.51361","82.5","85.9"],"137":["393","83.79771","1.50673","82.2","85.5"],"138":["379","67.11926","16.46557","35.3","86.0"],"139":["418","41.92656","8.44344","24.0","58.2"],"140":["412","45.45558","8.23571","24.0","64.2"],"141":["432","64.55764","15.84314","37.3","86.3"],"142":["419","84.48496","1.51262","82.9","86.2"],"143":["419","84.43103","1.54224","82.9","86.0"],"144":["432","84.36042","1.53284","82.8","85.9"],"145":["380","84.29842","1.54554","82.7","85.9"],"146":["392","65.23469","16.94568","34.2","86.3"],"147":["392","41.01862","7.38975","26.5","59.6"],"148":["393","37.84046","5.09767","25.8","52.5"],"149":["357","50.48207","12.33646","35.8","82.6"],"150":["249","85.72490","0.92399","82.5","86.3"],"151":["251","85.60518","0.86103","82.8","86.0"],"152":["252","85.71706","0.89278","82.9","86.0"],"153":["248","85.76613","0.84966","82.9","86.1"],"154":["251","72.40677","17.36902","40.6","86.4"],"155":["134","47.46194","7.23111","35.0","64.8"],"157":["34","85.28529","1.08848","83.2","86.3"],"158":["252","85.92262","0.86607","83.1","86.2"],"159":["126","85.70794","1.09975","83.1","86.2"],"160":["65","84.41231","1.52583","83.0","86.1"],"161":["65","84.38462","1.49556","83.0","86.0"],"162":["52","74.32308","13.64701","41.6","86.2"],"163":["39","55.35385","5.04842","46.9","62.0"],"164":["65","56.74923","7.99750","40.2","68.3"],"165":["52","63.99615","4.77582","55.2","74.1"],"166":["39","83.64103","1.81486","79.8","86.2"],"167":["52","84.45769","1.52244","83.0","86.2"],"168":["52","84.23077","1.52284","82.8","85.9"],"169":["52","84.29231","1.51592","82.8","86.0"],"170":["52","81.70385","5.16210","69.2","86.3"],"171":["52","50.45192","7.11819","34.7","61.9"],"172":["65","56.23385","7.41533","38.5","65.0"],"173":["117","61.57179","5.41654","47.9","75.0"],"174":["104","82.15962","1.74397","74.9","84.8"],"175":["104","83.39519","2.12691","78.0","86.2"],"176":["104","84.43077","1.54541","83.0","86.1"],"177":["91","84.36154","1.54406","82.9","86.1"],"178":["104","73.75673","12.94052","45.0","86.3"],"179":["104","46.17404","7.69975","29.8","63.7"],"180":["104","62.94712","6.30819","52.1","74.2"],"181":["156","61.68077","10.40582","42.7","82.8"],