{"_t":[1370667600,1370754000,86400,144],"_i":["fantasy\/004\/humidity","fantasy\/004\/temperature"],"_@":{"humi":[20,90],"temp":[0,30]},"fantasy\/004\/humidity":[["9","50.68889","2.90534","45.9","55.0"],["9","86.35556","0.04969","86.3","86.4"],["10","86.30000","0.00000","86.3","86.3"],["9","85.92222","0.82162","83.6","86.3"],["10","85.52000","1.91979","79.8","86.3"],["9","86.30000","0.00000","86.3","86.3"],["10","86.30000","0.00000","86.3","86.3"],["9","86.30000","0.00000","86.3","86.3"],["9","86.26667","0.04714","86.2","86.3"],["10","85.47000","2.19000","78.9","86.2"],["9","34.63333","7.38512","28.4","52.6"],["10","30.64000","6.92809","24.1","48.6"],["9","27.50000","1.36056","25.5","30.6"],["9","28.11111","0.96545","26.2","29.3"],["10","29.45000","1.37641","27.7","33.1"],["9","33.17778","1.82317","29.8","35.8"],["10","31.12000","2.64983","28.2","36.1"],["9","30.61111","1.14934","28.9","33.0"],["9","30.86667","0.91652","29.4","32.1"],["10","31.99000","0.62362","30.9","33.0"],["9","32.56667","0.78174","31.6","34.2"],["10","30.11000","0.62682","29.4","31.1"],["9","31.73333","0.63246","30.4","32.4"],["9","32.31111","0.61724","31.4","33.3"],["10","33.25000","0.89917","31.9","34.8"],["9","33.67778","0.74502","33.0","34.7"],["10","34.56000","0.88114","32.9","35.6"],["9","35.67778","1.23178","33.5","37.0"],["9","37.86667","2.50865","35.8","44.5"],["10","40.47000","7.52410","34.8","61.7"],["9","49.66667","9.40378","39.9","63.2"],["10","43.94000","10.95228","36.7","68.9"],["9","38.07778","1.09522","35.6","39.1"],["9","39.53333","0.99107","37.5","41.1"],["10","41.26000","1.93039","38.5","44.2"],["9","45.76667","4.51565","40.3","55.9"],["10","53.79000","12.29386","39.0","71.9"],["9","33.81111","2.05721","29.5","36.9"],["9","36.63333","1.94708","34.1","39.9"],["10","43.01000","9.84616","36.9","70.9"],["9","36.10000","1.43295","34.1","38.2"],["10","36.55000","1.57877","34.4","40.1"],["9","37.45556","1.46675","34.4","39.7"],["9","37.65556","1.62009","35.3","41.0"],["10","38.68000","0.79347","37.6","40.6"],["9","39.51111","1.26266","38.3","42.2"],["10","40.32000","1.75602","37.0","42.4"],["9","39.67778","1.98929","36.6","43.0"],["10","41.00000","2.37023","37.2","45.4"],["9","41.17778","3.22448","36.6","46.0"],["9","38.12222","1.09115","37.1","40.6"],["10","43.98000","2.92670","40.6","47.9"],["9","44.38889","3.45461","38.6","49.3"],["10","43.15000","2.72075","40.1","48.1"],["1","39.90000","0.00000","39.9","39.9"]],"fantasy\/004\/temperature":[["9","11.92222","0.07857","11.8","12.0"],["9","11.66667","0.06667","11.6","11.8"],["10","11.50000","0.06325","11.4","11.6"],["9","11.35556","0.04969","11.3","11.4"],["10","11.38000","0.07483","11.3","11.5"],["9","11.31111","0.08749","11.2","11.4"],["10","11.07000","0.06403","11.0","11.2"],["9","11.00000","0.00000","11.0","11.0"],["9","10.92222","0.04157","10.9","11.0"],["10","10.90000","0.00000","10.9","10.9"],["9","10.90000","0.00000","10.9","10.9"],["10","10.83000","0.04583","10.8","10.9"],["9","10.62222","0.06285","10.5","10.7"],["9","10.42222","0.04157","10.4","10.5"],["10","10.47000","0.04583","10.4","10.5"],["9","10.45556","0.06849","10.4","10.6"],["10","10.30000","0.00000","10.3","10.3"],["9","10.22222","0.04157","10.2","10.3"],["9","10.18889","0.03143","10.1","10.2"],["10","10.20000","0.04472","10.1","10.3"],["9","10.32222","0.04157","10.3","10.4"],["10","10.35000","0.05000","10.3","10.4"],["9","10.37778","0.04157","10.3","10.4"],["9","10.28889","0.08749","10.2","10.4"],["10","10.16000","0.04899","10.1","10.2"],["9","10.08889","0.05666","10.0","10.2"],["10","9.83000","0.07810","9.7","10.0"],["9","9.77778","0.04157","9.7","9.8"],["9","9.65556","0.06849","9.6","9.8"],["10","9.70000","0.00000","9.7","9.7"],["9","9.76667","0.04714","9.7","9.8"],["10","9.73000","0.06403","9.6","9.8"],["9","9.61111","0.03143","9.6","9.7"],["9","9.71111","0.07370","9.6","9.8"],["10","9.82000","0.04000","9.8","9.9"],["9","10.11111","0.12862","9.9","10.3"],["10","10.82000","0.25219","10.4","11.2"],["9","11.40000","0.04714","11.3","11.5"],["9","11.53333","0.10541","11.4","11.7"],["10","11.84000","0.12806","11.7","12.1"],["9","12.66667","0.31972","12.2","13.2"],["10","14.12000","0.52498","13.3","14.8"],["9","16.25556","0.78473","15.0","17.5"],["9","17.41111","0.20787","17.1","17.7"],["10","16.55000","0.19105","16.4","17.0"],["9","16.05556","0.19500","15.8","16.4"],["10","15.66000","0.06633","15.6","15.8"],["9","16.05556","0.35935","15.6","16.7"],["10","17.46000","0.40050","16.9","18.1"],["9","18.11111","0.05666","18.0","18.2"],["9","20.31111","1.12787","18.3","21.5"],["10","20.54000","0.96146","18.9","21.5"],["9","18.38889","0.23307","18.2","18.8"],["10","19.90000","1.72743","18.2","23.2"],["1","24.00000","0.00000","24.0","24.0"]]}