{"_t":[1381726800,1384318740,2591940,240],"_i":["sanpedro\/002\/humidity","sanpedro\/002\/temperature"],"_@":{"humi":[30,100],"temp":[0,40]},"sanpedro\/002\/humidity":{"0":["1","92.10000","0.00000","92.1","92.1"],"1":["3","91.80000","0.00000","91.8","91.8"],"2":["104","81.74615","8.20451","71.8","91.9"],"3":["568","55.16479","11.79121","39.0","79.6"],"4":["568","61.85264","14.18875","46.4","92.6"],"5":["410","74.94439","12.38179","55.8","92.6"],"6":["32","92.18750","0.12183","92.0","92.4"],"7":["17","91.88235","0.08565","91.8","92.0"],"8":["41","91.74390","0.04963","91.7","91.8"],"9":["60","91.69333","0.08919","91.6","91.8"],"10":["468","85.74466","3.67727","80.6","92.6"],"11":["959","62.57247","10.33549","45.0","92.9"],"12":["1097","54.79535","10.95707","36.6","80.3"],"13":["820","77.47244","6.60173","65.7","92.4"],"14":["69","91.99855","0.16462","91.7","92.3"],"15":["25","91.65600","0.04964","91.6","91.7"],"16":["9","91.76667","0.04714","91.7","91.8"],"17":["39","91.53590","0.09997","91.4","91.7"],"18":["759","71.46601","11.46024","56.0","92.2"],"19":["867","67.94037","8.83685","46.5","85.0"],"20":["821","81.44836","9.19755","65.8","92.6"],"21":["74","92.27568","0.07852","92.1","92.4"],"22":["44","92.10000","0.00000","92.1","92.1"],"23":["49","92.08163","0.03872","92.0","92.1"],"24":["50","91.93800","0.04854","91.9","92.0"],"25":["49","91.86327","0.04821","91.8","91.9"],"26":["553","80.81573","8.84998","63.4","92.7"],"27":["378","92.75053","1.01693","88.2","93.7"],"28":["1170","63.63504","9.34513","47.5","90.3"],"29":["1032","75.93033","6.85501","62.8","92.3"],"30":["66","91.96818","0.12451","91.8","92.1"],"31":["75","91.64800","0.08384","91.5","91.8"],"32":["66","91.54394","0.04963","91.5","91.6"],"33":["76","91.49868","0.04134","91.4","91.6"],"34":["793","73.18676","9.71881","55.8","92.3"],"35":["1186","52.26804","8.76632","33.4","67.2"],"36":["1200","55.78117","2.81448","50.5","65.9"],"37":["1016","77.04469","6.92725","63.5","92.3"],"38":["79","92.12278","0.06741","92.0","92.3"],"39":["61","91.90656","0.07654","91.7","92.0"],"40":["70","91.59143","0.06266","91.5","91.7"],"41":["77","91.45584","0.04966","91.4","91.5"],"42":["721","75.98585","9.23723","62.4","92.3"],"43":["1189","50.66030","7.71320","35.0","67.4"],"44":["1194","54.13241","7.86658","39.1","74.2"],"45":["939","75.24835","7.61955","59.6","92.4"],"46":["76","92.04737","0.08807","91.9","92.2"],"47":["71","91.71549","0.10160","91.6","91.9"],"48":["85","91.47647","0.08352","91.4","91.6"],"49":["71","91.46620","0.04730","91.4","91.5"],"50":["737","75.94450","9.66778","61.1","92.3"],"51":["1173","54.35814","7.91336","35.8","67.2"],"52":["1155","65.28597","11.99784","46.7","89.7"],"53":["791","83.17080","4.42337","73.0","92.6"],"54":["57","92.28246","0.03803","92.2","92.3"],"55":["57","92.11754","0.07039","92.0","92.2"],"56":["63","91.85397","0.05293","91.8","92.0"],"57":["69","91.65942","0.07483","91.6","91.8"],"58":["678","78.00619","7.77147","66.1","92.5"],"59":["1039","57.74745","8.03015","45.6","78.1"],"60":["1138","60.97680","12.85352","44.7","93.0"],"61":["742","66.73706","13.81383","47.5","92.5"],"62":["62","92.22903","0.13123","92.1","92.4"],"63":["52","92.10000","0.00000","92.1","92.1"],"64":["52","92.05577","0.04967","92.0","92.1"],"65":["61","91.87541","0.06691","91.8","92.0"],"66":["679","71.32651","11.74735","53.4","92.9"],"67":["1170","65.03145","7.87889","48.2","79.8"],"68":["1118","71.27487","8.88024","52.3","87.3"],"69":["827","76.20423","11.64730","53.0","92.4"],"70":["59","92.11525","0.03595","92.1","92.2"],"71":["62","92.06129","0.07038","91.9","92.1"],"72":["57","91.84561","0.04981","91.8","91.9"],"73":["64","91.83750","0.04841","91.8","91.9"],"74":["772","73.54145","10.24718","55.7","92.6"],"75":["1167","51.89906","8.47520","35.9","71.9"],"76":["1169","55.71206","7.20410","43.8","72.5"],"77":["513","84.62359","6.11552","72.2","92.7"],"78":["68","92.17794","0.04146","92.1","92.2"],"79":["59","92.05932","0.06139","91.9","92.1"],"80":["55","91.82727","0.04454","91.8","91.9"],"81":["71","91.63380","0.13629","91.5","91.9"],"82":["557","77.75332","9.77565","63.1","92.4"],"83":["1208","55.79338","7.55961","40.6","72.9"],"84":["1148","64.90061","7.95695","48.9","75.8"],"85":["293","65.16280","9.57543","48.9","81.1"],"149":["536","75.90951","6.27180","66.3","88.5"],"150":["229","89.87555","1.73402","86.4","92.2"],"151":["57","92.03333","0.04714","92.0","92.1"],"152":["63","91.92381","0.04259","91.9","92.0"],"153":["56","91.92321","0.04222","91.9","92.0"],"154":["641","75.71622","10.47183","58.8","92.7"],"155":["1185","54.68422","9.16708","33.4","73.5"],"156":["1062","62.38267","11.44001","42.1","82.8"],"157":["504","84.84008","4.34763","78.3","92.5"],"158":["52","92.15192","0.07465","92.1","92.3"],"159":["51","92.08235","0.03812","92.0","92.1"],"160":["50","92.00000","0.00000","92.0","92.0"],"161":["48","92.00625","0.02421","92.0","92.1"],"162":["262","88.90725","2.33687","85.1","92.5"],"163":["962","68.64272","10.72832","55.9","87.1"],"164":["1119","59.88436","8.76356","43.6","79.9"],"165":["597","75.69481","8.78618","58.7","92.5"],"166":["45","92.27111","0.05820","92.2","92.4"],"167":["43","92.14651","0.04988","92.1","92.2"],"168":["43","92.10465","0.02106","92.1","92.2"],"169":["40","92.10000","0.00000","92.1","92.1"],"170":["68","92.21765","0.13497","92.1","92.5"],"171":["967","67.42275","11.63086","51.0","92.7"],"172":["882","73.98503","11.54080","52.6","91.8"],"173":["312","82.73365","6.02637","74.2","92.4"],"174":["48","92.22083","0.04061","92.2","92.3"],"175":["47","92.15957","0.04907","92.1","92.2"],"176":["46","92.07826","0.04125","92.0","92.1"],"177":["55","91.91273","0.05738","91.8","92.0"],"178":["643","75.15132","9.86036","60.0","92.6"],"179":["981","69.09134","11.66801","53.4","88.7"],"180":["1050","62.01010","9.10799","45.5","80.5"],"181":["655","80.78672","10.89061","46.9","92.4"],"182":["51","92.29216","0.08596","92.2","92.4"],"183":["52","92.14615","0.04985","92.1","92.2"],"184":["47","92.10000","0.00000","92.1","92.1"],"185":["57","92.00351","0.07246","91.9","92.1"],"186":["565","80.37027","7.92166","68.6","92.6"],"187":["1075","68.57433","10.63722","47.4","89.3"],"188":["945","73.71534","9.67527","50.3","87.1"],"189":["733","69.20082","15.31776","47.1","92.6"],"190":["53","92.29245","0.07229","92.2","92.4"],"191":["56","92.11607","0.03673","92.1","92.2"],"192":["54","92.10000","0.00000","92.1","92.1"],"193":["55","92.05636","0.04959","92.0","92.1"],"194":["484","79.17955","8.42625","64.4","92.6"],"195":["1130","62.04310","7.50015","42.9","77.0"],"196":["1140","52.51228","8.13230","41.2","74.0"],"197":["786","77.67074","11.19249","51.8","92.6"],"198":["54","92.31481","0.03552","92.3","92.4"],"199":["51","92.22549","0.04358","92.2","92.3"],"200":["61","92.11148","0.03187","92.1","92.2"],"201":["61","92.03443","0.08471","91.9","92.1"],"202":["593","79.44705","11.43325","57.6","92.9"],"203":["1182","56.62792","6.72218","42.9","73.2"],"204":["1155","53.44468","6.95608","41.3","72.5"],"205":["595","76.14034","8.62783","60.0","92.6"],"206":["68","92.27353","0.07596","92.2","92.4"],"207":["57","92.16667","0.04714","92.1","92.2"],"208":["51","92.10000","0.00000","92.1","92.1"],"209":["65","92.00000","0.00000","92.0","92.0"],"210":["510","74.41235","11.46700","59.7","92.7"],"211":["1120","60.18875","7.98260","41.4","78.8"],"212":["1040","64.14404","12.47359","44.7","84.9"],"213":["524","86.44580","2.40905","81.4","92.5"],"214":["54","92.26296","0.04829","92.2","92.3"],"215":["60","92.12833","0.07093","92.0","92.2"],"216":["49","92.00000","0.00000","92.0","92.0"],"217":["52","92.00000","0.00000","92.0","92.0"],"218":["470","75.75553","14.25369","53.4","92.7"],"219":["1062","62.04171","9.98147","39.2","76.8"],"220":["969","70.38297","11.66181","48.7","90.1"],"221":["97","92.18660","0.65119","90.2","92.7"],"222":["54","92.20741","0.09399","92.1","92.4"],"223":["65","91.99231","0.09166","91.8","92.1"],"224":["55","91.85273","0.04993","91.8","91.9"],