{"_t":[1366030800,1366038000,7200,144],"_i":["sanpedro\/002\/humidity","sanpedro\/002\/temperature","sanpedro\/003\/humidity","sanpedro\/003\/temperature","sanpedro\/004\/humidity","sanpedro\/004\/temp_dry","sanpedro\/004\/temp_wet","sanpedro\/005\/humidity","sanpedro\/005\/temperature"],"_@":{"humi":[80,100],"temp":[10,20]},"sanpedro\/002\/humidity":{"6":["2","89.70000","2.90000","86.8","92.6"],"7":["1","94.90000","0.00000","94.9","94.9"],"8":["2","86.80000","0.00000","86.8","86.8"],"9":["3","93.36667","1.08423","92.6","94.9"],"10":["2","89.70000","2.90000","86.8","92.6"],"11":["3","91.43333","3.40816","86.8","94.9"],"12":["3","91.46667","3.41988","86.8","94.9"],"13":["5","89.50000","3.58050","86.5","94.9"],"14":["6","89.15000","3.39055","86.6","95.0"],"15":["6","87.18333","3.53101","85.1","95.0"],"16":["8","86.88750","2.26795","85.0","92.7"],"17":["9","86.93333","2.86589","85.6","95.0"]},"sanpedro\/002\/temperature":{"6":["2","15.30000","0.20000","15.1","15.5"],"7":["1","15.50000","0.00000","15.5","15.5"],"8":["2","15.25000","0.05000","15.2","15.3"],"9":["3","15.70000","0.08165","15.6","15.8"],"10":["2","15.65000","0.25000","15.4","15.9"],"11":["3","15.80000","0.24495","15.5","16.1"],"12":["3","15.90000","0.24495","15.6","16.2"],"13":["5","15.88000","0.24000","15.7","16.3"],"14":["6","15.91667","0.29674","15.7","16.5"],"15":["6","15.90000","0.14142","15.8","16.2"],"16":["8","16.06250","0.24463","15.9","16.7"],"17":["9","16.20000","0.12472","16.1","16.5"]},"sanpedro\/004\/humidity":{"6":["1","89.00000","0.00000","89.0","89.0"],"7":["1","88.00000","0.00000","88.0","88.0"],"8":["2","88.50000","0.50000","88.0","89.0"],"11":["3","87.66667","0.47140","87.0","88.0"],"12":["1","87.00000","0.00000","87.0","87.0"],"13":["4","87.50000","0.50000","87.0","88.0"],"14":["3","86.66667","0.47140","86.0","87.0"],"15":["3","85.66667","0.47140","85.0","86.0"],"16":["2","85.50000","0.50000","85.0","86.0"],"17":["3","85.33333","0.47140","85.0","86.0"]},"sanpedro\/004\/temp_dry":{"6":["1","14.80000","0.00000","14.8","14.8"],"7":["1","14.90000","0.00000","14.9","14.9"],"8":["2","14.95000","0.05000","14.9","15.0"],"11":["3","15.16667","0.04714","15.1","15.2"],"12":["1","15.30000","0.00000","15.3","15.3"],"13":["4","15.40000","0.07071","15.3","15.5"],"14":["3","15.66667","0.04714","15.6","15.7"],"15":["3","15.86667","0.04714","15.8","15.9"],"16":["2","15.85000","0.05000","15.8","15.9"],"17":["3","16.03333","0.04714","16.0","16.1"]},"sanpedro\/004\/temp_wet":{"6":["1","13.60000","0.00000","13.6","13.6"],"7":["1","13.60000","0.00000","13.6","13.6"],"8":["2","13.70000","0.00000","13.7","13.7"],"11":["3","13.83333","0.04714","13.8","13.9"],"12":["1","13.90000","0.00000","13.9","13.9"],"13":["4","14.05000","0.05000","14.0","14.1"],"14":["3","14.23333","0.04714","14.2","14.3"],"15":["3","14.30000","0.00000","14.3","14.3"],"16":["2","14.30000","0.00000","14.3","14.3"],"17":["3","14.36667","0.04714","14.3","14.4"]}}