{"_t":[1365397200,1366002000,604800,168],"_i":["marly\/001\/humidity","marly\/001\/temperature","marly\/002\/humidity","marly\/002\/temperature","marly\/003\/humidity","marly\/003\/temperature","marly\/007\/temp_dry","marly\/007\/temp_wet"],"_@":{"temp":[0,20],"humi":[80,90]},"marly\/007\/temp_dry":{"73":["27","11.43704","0.11910","11.3","11.6"],"74":["56","11.91429","0.16304","11.7","12.2"],"75":["16","12.27500","0.04330","12.2","12.3"]},"marly\/007\/temp_wet":{"73":["27","11.37407","0.13769","11.2","11.6"],"74":["56","11.78393","0.11461","11.6","12.0"],"75":["16","12.06875","0.04635","12.0","12.1"]},"marly\/003\/humidity":{"74":["33","84.82121","1.14753","83.6","86.5"],"75":["32","84.80000","1.10000","83.7","85.9"]},"marly\/003\/temperature":{"74":["33","11.28182","0.49018","8.6","11.6"],"75":["32","11.59688","0.12866","11.4","11.8"]}}