{"_t":[1369371600,1369458000,86400,144],"_i":["valentina\/003\/humidity","valentina\/003\/temp_dry","valentina\/003\/temp_wet"],"_@":{"humi":[60,100],"temp":[0,30]},"valentina\/003\/humidity":{"0":["2","96.50000","0.50000","96.0","97.0"],"1":["2","96.00000","0.00000","96.0","96.0"],"2":["2","96.50000","0.50000","96.0","97.0"],"3":["2","96.50000","0.50000","96.0","97.0"],"4":["2","96.50000","0.50000","96.0","97.0"],"5":["2","97.00000","0.00000","97.0","97.0"],"6":["2","96.00000","0.00000","96.0","96.0"],"7":["2","96.00000","0.00000","96.0","96.0"],"8":["2","96.50000","0.50000","96.0","97.0"],"9":["2","96.00000","1.00000","95.0","97.0"],"10":["2","95.00000","0.00000","95.0","95.0"],"11":["1","95.00000","0.00000","95.0","95.0"],"12":["2","96.00000","1.00000","95.0","97.0"],"13":["2","96.00000","1.00000","95.0","97.0"],"14":["2","96.00000","0.00000","96.0","96.0"],"15":["2","96.00000","0.00000","96.0","96.0"],"16":["2","95.50000","0.50000","95.0","96.0"],"17":["2","96.50000","0.50000","96.0","97.0"],"18":["2","96.50000","0.50000","96.0","97.0"],"19":["2","97.00000","0.00000","97.0","97.0"],"20":["2","97.00000","0.00000","97.0","97.0"],"21":["2","95.50000","0.50000","95.0","96.0"],"22":["2","95.50000","0.50000","95.0","96.0"],"23":["2","95.50000","0.50000","95.0","96.0"],"24":["2","96.00000","0.00000","96.0","96.0"],"25":["2","96.50000","0.50000","96.0","97.0"],"26":["2","96.00000","0.00000","96.0","96.0"],"27":["2","96.00000","0.00000","96.0","96.0"],"28":["2","96.00000","0.00000","96.0","96.0"],"29":["2","96.00000","0.00000","96.0","96.0"],"30":["2","96.00000","0.00000","96.0","96.0"],"31":["2","96.00000","0.00000","96.0","96.0"],"32":["2","97.00000","0.00000","97.0","97.0"],"33":["2","96.50000","0.50000","96.0","97.0"],"34":["2","96.50000","0.50000","96.0","97.0"],"35":["2","96.00000","0.00000","96.0","96.0"],"36":["2","96.00000","0.00000","96.0","96.0"],"37":["2","95.50000","0.50000","95.0","96.0"],"38":["2","94.50000","0.50000","94.0","95.0"],"39":["2","94.00000","0.00000","94.0","94.0"],"40":["2","94.00000","0.00000","94.0","94.0"],"41":["2","95.00000","0.00000","95.0","95.0"],"42":["2","99.00000","1.00000","98.0","100.0"],"43":["2","98.00000","0.00000","98.0","98.0"],"44":["2","99.00000","0.00000","99.0","99.0"],"45":["2","96.00000","0.00000","96.0","96.0"],"46":["2","91.00000","1.00000","90.0","92.0"],"47":["2","91.50000","0.50000","91.0","92.0"],"48":["2","91.00000","0.00000","91.0","91.0"],"49":["2","90.50000","1.50000","89.0","92.0"],"50":["2","88.50000","0.50000","88.0","89.0"],"51":["2","80.50000","0.50000","80.0","81.0"],"52":["2","77.50000","2.50000","75.0","80.0"],"53":["2","75.00000","3.00000","72.0","78.0"],"54":["2","68.50000","0.50000","68.0","69.0"],"55":["2","68.00000","1.00000","67.0","69.0"],"56":["2","66.50000","1.50000","65.0","68.0"],"57":["2","64.50000","2.50000","62.0","67.0"],"58":["2","70.00000","0.00000","70.0","70.0"],"59":["2","75.00000","0.00000","75.0","75.0"],"62":["2","74.00000","0.00000","74.0","74.0"],"64":["2","68.00000","3.00000","65.0","71.0"],"65":["2","70.50000","2.50000","68.0","73.0"],"66":["2","81.00000","1.00000","80.0","82.0"],"67":["2","84.00000","1.00000","83.0","85.0"],"68":["2","87.00000","0.00000","87.0","87.0"],"69":["2","88.00000","0.00000","88.0","88.0"],"70":["2","88.50000","0.50000","88.0","89.0"],"71":["2","86.00000","1.00000","85.0","87.0"],"72":["2","78.50000","0.50000","78.0","79.0"],"73":["2","80.00000","1.00000","79.0","81.0"],"74":["2","83.00000","0.00000","83.0","83.0"],"75":["2","78.00000","4.00000","74.0","82.0"],"76":["2","75.00000","1.00000","74.0","76.0"],"77":["2","71.00000","2.00000","69.0","73.0"],"78":["2","78.00000","2.00000","76.0","80.0"],"79":["2","79.00000","0.00000","79.0","79.0"],"80":["2","79.50000","1.50000","78.0","81.0"],"81":["2","82.50000","0.50000","82.0","83.0"],"82":["1","84.00000","0.00000","84.0","84.0"],"83":["2","88.50000","0.50000","88.0","89.0"],"84":["2","89.00000","0.00000","89.0","89.0"],"85":["2","89.00000","0.00000","89.0","89.0"],"86":["2","90.00000","0.00000","90.0","90.0"],"87":["2","88.00000","2.00000","86.0","90.0"],"88":["2","81.50000","0.50000","81.0","82.0"],"89":["2","84.00000","1.00000","83.0","85.0"],"90":["2","86.50000","0.50000","86.0","87.0"],"91":["2","86.50000","0.50000","86.0","87.0"],"92":["2","86.00000","1.00000","85.0","87.0"],"93":["2","87.00000","0.00000","87.0","87.0"],"94":["2","87.00000","1.00000","86.0","88.0"],"95":["2","90.50000","0.50000","90.0","91.0"],"96":["2","91.00000","0.00000","91.0","91.0"],"97":["2","91.00000","0.00000","91.0","91.0"],"98":["2","90.50000","0.50000","90.0","91.0"],"99":["2","88.00000","0.00000","88.0","88.0"],"100":["2","88.00000","0.00000","88.0","88.0"],"101":["2","88.50000","1.50000","87.0","90.0"],"102":["2","91.00000","0.00000","91.0","91.0"],"103":["1","92.00000","0.00000","92.0","92.0"],"104":["2","92.00000","0.00000","92.0","92.0"],"105":["2","93.00000","0.00000","93.0","93.0"],"106":["2","93.50000","0.50000","93.0","94.0"],"107":["2","94.00000","0.00000","94.0","94.0"],"108":["2","94.50000","0.50000","94.0","95.0"],"109":["2","95.50000","0.50000","95.0","96.0"],"110":["2","96.50000","0.50000","96.0","97.0"],"111":["1","96.00000","0.00000","96.0","96.0"],"112":["2","96.00000","0.00000","96.0","96.0"],"113":["2","96.00000","0.00000","96.0","96.0"],"114":["2","95.50000","0.50000","95.0","96.0"],"115":["2","96.00000","1.00000","95.0","97.0"],"116":["2","96.00000","0.00000","96.0","96.0"],"117":["2","95.50000","0.50000","95.0","96.0"],"118":["2","95.50000","0.50000","95.0","96.0"],"119":["2","96.50000","0.50000","96.0","97.0"],"120":["2","96.00000","0.00000","96.0","96.0"],"121":["2","97.00000","0.00000","97.0","97.0"],"122":["2","96.50000","0.50000","96.0","97.0"],"123":["2","96.50000","0.50000","96.0","97.0"],"124":["2","96.00000","0.00000","96.0","96.0"],"125":["1","95.00000","0.00000","95.0","95.0"],"126":["2","96.00000","0.00000","96.0","96.0"],"127":["2","95.50000","0.50000","95.0","96.0"],"128":["2","96.00000","0.00000","96.0","96.0"],"129":["2","95.50000","0.50000","95.0","96.0"],"130":["2","95.00000","0.00000","95.0","95.0"],"131":["2","96.00000","0.00000","96.0","96.0"],"132":["2","96.00000","0.00000","96.0","96.0"],"133":["2","96.00000","0.00000","96.0","96.0"],"134":["2","95.50000","0.50000","95.0","96.0"],"135":["2","95.50000","0.50000","95.0","96.0"],"136":["2","96.00000","0.00000","96.0","96.0"],"137":["2","96.00000","0.00000","96.0","96.0"],"138":["2","95.50000","0.50000","95.0","96.0"],"139":["2","96.00000","0.00000","96.0","96.0"],"140":["2","95.50000","0.50000","95.0","96.0"],"141":["2","95.50000","0.50000","95.0","96.0"],"142":["2","95.50000","0.50000","95.0","96.0"],"143":["2","96.00000","0.00000","96.0","96.0"]},"valentina\/003\/temp_dry":{"0":["2","11.75000","0.05000","11.7","11.8"],"1":["2","11.70000","0.00000","11.7","11.7"],"2":["2","11.75000","0.05000","11.7","11.8"],"3":["2","11.85000","0.05000","11.8","11.9"],"4":["2","11.85000","0.05000","11.8","11.9"],"5":["2","11.80000","0.00000","11.8","11.8"],"6":["2","11.70000","0.00000","11.7","11.7"],"7":["2","11.70000","0.00000","11.7","11.7"],"8":["2","11.65000","0.05000","11.6","11.7"],"9":["2","11.60000","0.00000","11.6","11.6"],"10":["2","11.70000","0.00000","11.7","11.7"],"11":["1","11.60000","0.00000","11.6","11.6"],"12":["2","11.65000","0.05000","11.6","11.7"],"13":["2","11.65000","0.05000","11.6","11.7"],"14":["2","11.70000","0.00000","11.7","11.7"],"15":["2","11.70000","0.00000","11.7","11.7"],"16":["2","11.70000","0.00000","11.7","11.7"],"17":["2","11.65000","0.05000","11.6","11.7"],"18":["2","11.65000","0.05000","11.6","11.7"],"19":["2","11.60000","0.00000","11.6","11.6"],"20":["2","11.60000","0.00000","11.6","11.6"],"21":["2","11.60000","0.10000","11.5","11.7"],"22":["2","11.65000","0.05000","11.6","11.7"],"23":["2","11.50000","0.00000","11.5","11.5"],"24":["2","11.50000","0.00000","11.5","11.5"],"25":["2","11.55000","0.05000","11.5","11.6"],"26":["2","11.50000","0.00000","11.5","11.5"],