{"_t":[1369198800,1369285200,86400,144],"_i":["valentina\/003\/humidity","valentina\/003\/temp_dry","valentina\/003\/temp_wet"],"_@":{"humi":[60,100],"temp":[10,30]},"valentina\/003\/humidity":[["2","96.50000","0.50000","96.0","97.0"],["2","96.00000","0.00000","96.0","96.0"],["2","96.00000","0.00000","96.0","96.0"],["2","97.00000","1.00000","96.0","98.0"],["2","96.50000","0.50000","96.0","97.0"],["2","96.50000","0.50000","96.0","97.0"],["2","96.00000","0.00000","96.0","96.0"],["2","96.00000","0.00000","96.0","96.0"],["2","96.50000","0.50000","96.0","97.0"],["2","96.50000","0.50000","96.0","97.0"],["2","96.00000","0.00000","96.0","96.0"],["2","96.00000","0.00000","96.0","96.0"],["2","96.50000","0.50000","96.0","97.0"],["2","96.00000","0.00000","96.0","96.0"],["2","96.50000","0.50000","96.0","97.0"],["2","97.00000","0.00000","97.0","97.0"],["2","97.00000","0.00000","97.0","97.0"],["2","96.50000","0.50000","96.0","97.0"],["2","96.50000","0.50000","96.0","97.0"],["2","96.00000","0.00000","96.0","96.0"],["2","96.00000","0.00000","96.0","96.0"],["2","96.50000","0.50000","96.0","97.0"],["2","97.00000","0.00000","97.0","97.0"],["2","97.50000","0.50000","97.0","98.0"],["2","97.00000","1.00000","96.0","98.0"],["2","96.50000","0.50000","96.0","97.0"],["2","96.00000","0.00000","96.0","96.0"],["2","96.00000","0.00000","96.0","96.0"],["2","96.00000","0.00000","96.0","96.0"],["2","96.00000","0.00000","96.0","96.0"],["2","96.00000","0.00000","96.0","96.0"],["2","96.00000","0.00000","96.0","96.0"],["2","96.00000","0.00000","96.0","96.0"],["2","96.00000","0.00000","96.0","96.0"],["2","96.00000","0.00000","96.0","96.0"],["2","96.00000","0.00000","96.0","96.0"],["2","96.00000","0.00000","96.0","96.0"],["2","96.00000","0.00000","96.0","96.0"],["2","96.50000","0.50000","96.0","97.0"],["2","96.50000","0.50000","96.0","97.0"],["2","94.50000","0.50000","94.0","95.0"],["2","96.00000","0.00000","96.0","96.0"],["2","94.00000","0.00000","94.0","94.0"],["2","95.00000","0.00000","95.0","95.0"],["2","94.00000","0.00000","94.0","94.0"],["2","94.00000","0.00000","94.0","94.0"],["2","94.00000","0.00000","94.0","94.0"],["2","91.50000","1.50000","90.0","93.0"],["2","87.00000","2.00000","85.0","89.0"],["2","84.00000","1.00000","83.0","85.0"],["2","81.50000","0.50000","81.0","82.0"],["2","83.00000","1.00000","82.0","84.0"],["2","81.50000","0.50000","81.0","82.0"],["2","80.50000","0.50000","80.0","81.0"],["2","81.00000","0.00000","81.0","81.0"],["2","78.00000","1.00000","77.0","79.0"],["2","73.00000","0.00000","73.0","73.0"],["2","70.50000","2.50000","68.0","73.0"],["2","66.50000","0.50000","66.0","67.0"],["2","65.50000","0.50000","65.0","66.0"],["2","64.50000","0.50000","64.0","65.0"],["2","62.00000","0.00000","62.0","62.0"],["2","64.50000","0.50000","64.0","65.0"],["2","71.00000","1.00000","70.0","72.0"],["2","66.00000","2.00000","64.0","68.0"],["2","71.50000","1.50000","70.0","73.0"],["2","68.00000","1.00000","67.0","69.0"],["2","67.50000","0.50000","67.0","68.0"],["2","69.00000","0.00000","69.0","69.0"],["2","66.00000","1.00000","65.0","67.0"],["2","64.00000","3.00000","61.0","67.0"],["2","62.50000","2.50000","60.0","65.0"],["2","66.50000","0.50000","66.0","67.0"],["2","69.00000","1.00000","68.0","70.0"],["2","66.50000","0.50000","66.0","67.0"],["2","68.00000","1.00000","67.0","69.0"],["2","64.00000","3.00000","61.0","67.0"],["2","65.00000","2.00000","63.0","67.0"],["2","71.50000","1.50000","70.0","73.0"],["2","70.50000","0.50000","70.0","71.0"],["2","70.50000","2.50000","68.0","73.0"],["2","67.50000","2.50000","65.0","70.0"],["2","68.00000","3.00000","65.0","71.0"],["2","68.50000","0.50000","68.0","69.0"],["2","72.00000","2.00000","70.0","74.0"],["2","78.00000","0.00000","78.0","78.0"],["2","77.00000","1.00000","76.0","78.0"],["2","78.50000","0.50000","78.0","79.0"],["2","69.00000","2.00000","67.0","71.0"],["2","70.00000","2.00000","68.0","72.0"],["2","80.50000","1.50000","79.0","82.0"],["2","83.00000","0.00000","83.0","83.0"],["2","84.50000","0.50000","84.0","85.0"],["2","85.00000","0.00000","85.0","85.0"],["2","85.00000","0.00000","85.0","85.0"],["2","86.00000","0.00000","86.0","86.0"],["2","85.50000","0.50000","85.0","86.0"],["2","84.50000","0.50000","84.0","85.0"],["2","84.50000","0.50000","84.0","85.0"],["2","86.00000","0.00000","86.0","86.0"],["2","84.50000","0.50000","84.0","85.0"],["2","85.00000","0.00000","85.0","85.0"],["2","87.50000","0.50000","87.0","88.0"],["2","88.50000","0.50000","88.0","89.0"],["2","87.50000","0.50000","87.0","88.0"],["2","89.00000","0.00000","89.0","89.0"],["2","90.00000","1.00000","89.0","91.0"],["2","92.00000","0.00000","92.0","92.0"],["2","93.00000","0.00000","93.0","93.0"],["2","93.50000","0.50000","93.0","94.0"],["2","94.00000","0.00000","94.0","94.0"],["2","94.00000","0.00000","94.0","94.0"],["2","95.00000","0.00000","95.0","95.0"],["2","95.50000","0.50000","95.0","96.0"],["2","96.00000","0.00000","96.0","96.0"],["2","96.00000","0.00000","96.0","96.0"],["2","95.50000","0.50000","95.0","96.0"],["2","96.00000","0.00000","96.0","96.0"],["2","95.50000","0.50000","95.0","96.0"],["2","95.00000","0.00000","95.0","95.0"],["2","96.00000","0.00000","96.0","96.0"],["2","95.50000","0.50000","95.0","96.0"],["2","96.00000","0.00000","96.0","96.0"],["2","96.00000","0.00000","96.0","96.0"],["2","95.50000","0.50000","95.0","96.0"],["2","96.00000","0.00000","96.0","96.0"],["2","96.00000","0.00000","96.0","96.0"],["2","96.00000","0.00000","96.0","96.0"],["2","95.50000","0.50000","95.0","96.0"],["2","96.50000","0.50000","96.0","97.0"],["2","97.00000","0.00000","97.0","97.0"],["2","97.00000","0.00000","97.0","97.0"],["2","96.00000","0.00000","96.0","96.0"],["2","97.00000","0.00000","97.0","97.0"],["2","96.50000","0.50000","96.0","97.0"],["2","97.00000","0.00000","97.0","97.0"],["2","96.50000","0.50000","96.0","97.0"],["2","96.50000","0.50000","96.0","97.0"],["2","96.00000","0.00000","96.0","96.0"],["2","95.00000","0.00000","95.0","95.0"],["2","96.00000","0.00000","96.0","96.0"],["2","96.50000","0.50000","96.0","97.0"],["2","96.00000","0.00000","96.0","96.0"],["2","95.50000","0.50000","95.0","96.0"]],