{"_t":[1369803600,1369890000,86400,144],"_i":["marly\/003\/humidity","marly\/003\/temperature"],"_@":{"humi":[60,90],"temp":[0,20]},"marly\/003\/humidity":{"21":["2","85.95000","0.25000","85.7","86.2"],"33":["2","85.85000","0.25000","85.6","86.1"],"35":["2","85.85000","0.25000","85.6","86.1"],"38":["2","85.90000","0.30000","85.6","86.2"],"52":["2","67.65000","4.05000","63.6","71.7"]},"marly\/003\/temperature":{"21":["2","7.30000","1.60000","5.7","8.9"],"33":["2","6.55000","1.55000","5.0","8.1"],"35":["2","6.45000","1.55000","4.9","8.0"],"38":["2","7.35000","1.45000","5.9","8.8"],"52":["2","16.70000","2.40000","14.3","19.1"]}}