{"_t":[1383195600,1383282000,86400,144],"_i":["timana0\/001\/humidity","timana0\/001\/temp_dry","timana0\/001\/temp_wet"],"_@":{"humi":[80,90],"temp":[10,20]},"timana0\/001\/humidity":{"44":["2","80.50000","0.50000","80.0","81.0"],"45":["2","82.50000","0.50000","82.0","83.0"],"46":["1","86.00000","0.00000","86.0","86.0"],"48":["1","85.00000","0.00000","85.0","85.0"],"49":["2","83.50000","0.50000","83.0","84.0"],"50":["2","81.00000","0.00000","81.0","81.0"],"51":["2","81.50000","0.50000","81.0","82.0"],"52":["2","80.00000","0.00000","80.0","80.0"],"53":["1","83.00000","0.00000","83.0","83.0"]},"timana0\/001\/temp_dry":{"44":["2","12.95000","0.05000","12.9","13.0"],"45":["2","13.00000","0.10000","12.9","13.1"],"46":["1","12.80000","0.00000","12.8","12.8"],"48":["1","12.80000","0.00000","12.8","12.8"],"49":["2","13.30000","0.10000","13.2","13.4"],"50":["2","13.70000","0.10000","13.6","13.8"],"51":["2","14.05000","0.15000","13.9","14.2"],"52":["2","14.25000","0.15000","14.1","14.4"],"53":["1","13.80000","0.00000","13.8","13.8"]},"timana0\/001\/temp_wet":{"44":["2","11.20000","0.00000","11.2","11.2"],"45":["2","11.40000","0.00000","11.4","11.4"],"46":["1","11.50000","0.00000","11.5","11.5"],"48":["1","11.40000","0.00000","11.4","11.4"],"49":["2","11.75000","0.05000","11.7","11.8"],"50":["2","11.90000","0.10000","11.8","12.0"],"51":["2","12.30000","0.20000","12.1","12.5"],"52":["2","12.35000","0.15000","12.2","12.5"],"53":["1","12.20000","0.00000","12.2","12.2"]}}