{"_t":[1370581200,1370667600,86400,144],"_i":["fantasy\/002\/VoltR"],"_@":{"Volt":[0,130]},"fantasy\/002\/VoltR":{"0":["9","121.88889","0.31427","121.0","122.0"],"1":["10","12.20000","36.60000","0.0","122.0"],"2":["9","122.22222","0.41574","122.0","123.0"],"3":["9","0.00000","0.00000","0.0","0.0"],"4":["10","110.60000","36.86787","0.0","123.0"],"5":["9","0.00000","0.00000","0.0","0.0"],"6":["10","111.50000","37.16786","0.0","124.0"],"7":["9","0.00000","0.00000","0.0","0.0"],"8":["9","122.77778","0.41574","122.0","123.0"],"9":["10","12.30000","36.90000","0.0","123.0"],"10":["9","123.66667","0.47140","123.0","124.0"],"11":["10","12.40000","37.20000","0.0","124.0"],"12":["9","123.66667","0.47140","123.0","124.0"],"13":["9","0.00000","0.00000","0.0","0.0"],"14":["10","111.20000","37.06966","0.0","124.0"],"15":["9","0.00000","0.00000","0.0","0.0"],"16":["10","109.90000","36.63455","0.0","123.0"],"17":["9","0.00000","0.00000","0.0","0.0"],"18":["10","122.90000","0.30000","122.0","123.0"],"19":["9","0.00000","0.00000","0.0","0.0"],"20":["9","122.33333","0.47140","122.0","123.0"],"21":["8","15.25000","40.34771","0.0","122.0"],"66":["2","61.00000","61.00000","0.0","122.0"],"67":["9","81.44444","57.59458","0.0","124.0"],"68":["5","24.40000","48.80000","0.0","122.0"],"69":["10","61.60000","61.60227","0.0","124.0"],"70":["8","77.25000","59.84093","0.0","125.0"],"71":["8","77.25000","59.83885","0.0","124.0"],"72":["9","27.88889","52.17587","0.0","126.0"],"73":["7","0.00000","0.00000","0.0","0.0"],"74":["8","0.00000","0.00000","0.0","0.0"],"75":["9","0.00000","0.00000","0.0","0.0"],"76":["10","0.00000","0.00000","0.0","0.0"],"77":["9","27.44444","51.34440","0.0","124.0"],"78":["9","0.00000","0.00000","0.0","0.0"],"79":["10","0.00000","0.00000","0.0","0.0"],"80":["9","0.00000","0.00000","0.0","0.0"],"81":["10","0.00000","0.00000","0.0","0.0"],"82":["9","0.00000","0.00000","0.0","0.0"],"83":["9","0.00000","0.00000","0.0","0.0"],"84":["10","0.00000","0.00000","0.0","0.0"],"85":["9","0.00000","0.00000","0.0","0.0"],"86":["10","0.00000","0.00000","0.0","0.0"],"87":["9","0.00000","0.00000","0.0","0.0"],"88":["9","0.00000","0.00000","0.0","0.0"],"89":["10","0.00000","0.00000","0.0","0.0"],"90":["9","0.00000","0.00000","0.0","0.0"],"91":["10","0.00000","0.00000","0.0","0.0"],"92":["9","13.66667","38.65517","0.0","123.0"],"93":["9","0.00000","0.00000","0.0","0.0"],"94":["10","0.00000","0.00000","0.0","0.0"],"95":["9","0.00000","0.00000","0.0","0.0"],"96":["10","0.00000","0.00000","0.0","0.0"],"97":["9","0.00000","0.00000","0.0","0.0"],"98":["9","0.00000","0.00000","0.0","0.0"],"99":["10","0.00000","0.00000","0.0","0.0"],"100":["9","95.11111","50.84714","0.0","123.0"],"101":["10","36.90000","56.36568","0.0","123.0"],"102":["9","82.00000","57.98276","0.0","123.0"],"103":["10","24.60000","49.20000","0.0","123.0"],"104":["9","0.00000","0.00000","0.0","0.0"],"105":["9","68.77778","61.51744","0.0","124.0"],"106":["10","12.30000","36.90000","0.0","123.0"],"107":["9","41.11111","58.14053","0.0","124.0"],"108":["10","73.60000","60.09692","0.0","123.0"],"109":["8","61.50000","61.50000","0.0","123.0"],"110":["9","68.44444","61.22293","0.0","124.0"],"111":["10","61.50000","61.50000","0.0","123.0"],"112":["9","68.55556","61.31904","0.0","124.0"],"113":["10","49.60000","60.74735","0.0","124.0"],"114":["9","68.33333","61.11919","0.0","123.0"],"115":["9","54.66667","61.11919","0.0","123.0"],"116":["10","61.20000","61.20098","0.0","123.0"],"117":["9","54.55556","60.99565","0.0","123.0"],"118":["10","73.80000","60.25745","0.0","123.0"],"119":["9","54.66667","61.11919","0.0","123.0"],"120":["9","67.88889","60.72240","0.0","123.0"],"121":["10","60.50000","60.50000","0.0","121.0"],"122":["9","67.66667","60.52364","0.0","122.0"],"123":["10","48.80000","59.76755","0.0","122.0"],"124":["9","67.77778","60.62229","0.0","122.0"],"125":["9","54.22222","60.62229","0.0","122.0"],"126":["10","60.70000","60.70099","0.0","122.0"],"127":["9","54.22222","60.62229","0.0","122.0"],"128":["10","61.50000","61.50000","0.0","123.0"],"129":["9","54.66667","61.11919","0.0","123.0"],"130":["9","68.33333","61.11919","0.0","123.0"],"131":["10","61.50000","61.50163","0.0","124.0"],"132":["9","68.77778","61.51744","0.0","124.0"],"133":["10","61.70000","61.70097","0.0","124.0"],"134":["9","68.55556","61.31904","0.0","124.0"],"135":["10","49.20000","60.25745","0.0","123.0"],"136":["9","68.44444","61.21930","0.0","124.0"],"137":["9","54.55556","60.99565","0.0","123.0"],"138":["10","61.50000","61.50000","0.0","123.0"],"139":["9","54.55556","60.99565","0.0","123.0"],"140":["10","73.80000","60.25911","0.0","124.0"],"141":["9","54.66667","61.11919","0.0","123.0"],"142":["9","68.44444","61.21930","0.0","124.0"],"143":["10","61.50000","61.50000","0.0","123.0"]}}