{"_t":[1378530000,1381122000,2592000,240],"_i":["timana0\/001\/humidity","timana0\/001\/temp_dry","timana0\/001\/temp_wet"],"_@":{"humi":[20,100],"temp":[0,30]},"timana0\/001\/humidity":{"0":["36","96.02778","0.68662","95.0","98.0"],"1":["35","97.00000","0.33806","96.0","98.0"],"2":["36","81.61111","11.87031","59.0","97.0"],"3":["36","45.00000","5.70088","38.0","58.0"],"4":["36","36.77778","3.95187","31.0","48.0"],"5":["36","61.50000","8.06398","49.0","82.0"],"6":["36","92.86111","3.79439","83.0","97.0"],"7":["36","95.72222","0.55833","95.0","97.0"],"8":["35","95.85714","0.83299","93.0","97.0"],"9":["36","96.80556","0.51744","96.0","98.0"],"10":["36","70.75000","17.26811","45.0","97.0"],"11":["36","47.66667","4.12311","41.0","55.0"],"12":["36","40.86111","4.46687","34.0","51.0"],"13":["36","57.33333","10.45891","39.0","72.0"],"14":["35","85.71429","5.24035","74.0","91.0"],"15":["36","89.66667","1.82574","86.0","93.0"],"16":["36","90.00000","3.88730","83.0","97.0"],"17":["36","94.94444","1.24598","93.0","97.0"],"18":["36","71.94444","17.19649","45.0","97.0"],"19":["36","52.25000","14.24854","36.0","79.0"],"20":["36","43.50000","7.33901","32.0","57.0"],"21":["35","52.51429","16.64996","29.0","80.0"],"22":["36","84.11111","3.38934","78.0","89.0"],"23":["36","81.86111","1.54835","79.0","86.0"],"24":["36","87.86111","5.52848","77.0","96.0"],"25":["36","96.69444","0.90736","95.0","98.0"],"26":["36","70.50000","16.45279","48.0","95.0"],"27":["35","41.71429","3.30862","36.0","51.0"],"28":["36","43.47222","5.69837","34.0","53.0"],"29":["36","55.00000","9.51899","46.0","78.0"],"30":["36","85.88889","4.19509","79.0","93.0"],"31":["36","93.13889","1.81281","90.0","96.0"],"32":["36","96.00000","1.17851","93.0","98.0"],"33":["35","97.25714","0.73067","95.0","98.0"],"34":["36","71.80556","17.95182","46.0","97.0"],"35":["36","44.00000","5.58768","36.0","58.0"],"36":["36","67.36111","13.11944","45.0","88.0"],"37":["18","87.11111","2.76664","81.0","90.0"],"42":["5","60.80000","2.13542","58.0","64.0"],"43":["30","42.06667","8.35836","31.0","59.0"],"72":["21","80.33333","3.83385","76.0","90.0"],"73":["36","91.02778","1.18991","87.0","93.0"],"74":["35","66.42857","14.42079","47.0","89.0"],"75":["36","43.36111","1.68577","39.0","46.0"],"76":["34","45.08824","3.10945","36.0","50.0"],"77":["36","54.00000","12.44097","40.0","85.0"],"78":["35","90.51429","2.29747","85.0","94.0"],"79":["36","92.55556","1.44231","90.0","95.0"],"80":["35","96.05714","0.75377","94.0","97.0"],"81":["35","96.40000","0.80000","95.0","98.0"],"82":["36","76.25000","15.16461","53.0","98.0"],"83":["35","45.17143","4.07421","35.0","53.0"],"84":["36","59.61111","8.79797","48.0","82.0"],"85":["35","58.40000","5.12807","50.0","71.0"],"86":["36","71.47222","1.81791","68.0","75.0"],"87":["36","76.13889","3.10155","72.0","83.0"],"88":["35","89.48571","4.86017","82.0","97.0"],"89":["36","96.80556","0.56860","96.0","98.0"],"90":["36","83.41667","13.54494","59.0","97.0"],"91":["35","51.57143","11.89066","37.0","75.0"],"92":["36","46.83333","8.52285","38.0","62.0"],"93":["35","70.25714","8.48644","41.0","80.0"],"94":["36","76.94444","4.06847","69.0","82.0"],"95":["35","88.17143","1.82812","85.0","91.0"],"96":["35","92.51429","3.32412","87.0","98.0"],"97":["36","96.83333","0.55277","96.0","98.0"],"98":["35","73.28571","17.05382","51.0","97.0"],"99":["35","45.97143","3.85810","40.0","53.0"],"100":["36","51.22222","9.10162","37.0","65.0"],"101":["34","54.17647","6.94292","42.0","64.0"],"102":["36","63.33333","2.47207","59.0","71.0"],"103":["14","74.50000","2.69258","69.0","78.0"],"131":["36","46.19444","1.96948","41.0","49.0"],"132":["35","43.80000","1.96832","39.0","47.0"],"133":["36","46.97222","7.78705","37.0","63.0"],"134":["35","76.48571","4.85428","63.0","82.0"],"135":["36","81.16667","2.82351","76.0","85.0"],"136":["35","82.94286","2.36574","79.0","88.0"],"137":["9","87.33333","2.10819","85.0","91.0"],"138":["9","52.55556","0.83148","51.0","53.0"],"139":["36","45.52778","3.25308","41.0","53.0"],"140":["30","55.53333","4.47015","43.0","63.0"],"141":["36","55.63889","5.22894","48.0","68.0"],"142":["8","73.50000","4.09268","68.0","79.0"],"146":["25","67.00000","11.05260","54.0","84.0"],"147":["35","48.40000","3.29675","43.0","55.0"],"148":["36","50.86111","5.92618","41.0","64.0"],"149":["36","56.66667","10.87811","39.0","70.0"],"150":["35","78.91429","4.84840","69.0","85.0"],"151":["35","83.91429","1.85736","80.0","88.0"],"152":["36","87.05556","2.13365","84.0","91.0"],"153":["35","86.54286","2.76036","82.0","91.0"],"154":["36","72.61111","14.97271","51.0","92.0"],"155":["29","44.62069","2.67058","40.0","50.0"],"156":["26","55.61538","6.55789","46.0","78.0"],"184":["30","81.93333","1.36463","80.0","85.0"],"185":["35","85.00000","4.82257","78.0","94.0"],"186":["35","70.45714","11.33224","50.0","86.0"],"187":["34","49.23529","2.94118","44.0","55.0"],"188":["35","47.54286","4.88346","40.0","60.0"],"189":["36","67.69444","9.70057","52.0","85.0"],"190":["36","95.13889","2.57286","87.0","98.0"],"191":["35","97.17143","0.77407","95.0","98.0"],"192":["36","97.52778","0.95702","95.0","100.0"],"193":["36","97.66667","1.02740","96.0","100.0"],"194":["35","74.05714","15.66058","47.0","97.0"],"195":["36","51.08333","7.50324","42.0","64.0"],"196":["35","57.25714","3.29799","51.0","64.0"],"197":["36","75.55556","9.65069","59.0","91.0"],"198":["35","93.20000","2.29035","87.0","97.0"],"199":["35","95.34286","2.05555","91.0","98.0"],"200":["36","97.72222","0.76779","96.0","100.0"],"201":["35","97.48571","0.49980","97.0","98.0"],"202":["36","75.75000","18.55978","45.0","98.0"],"203":["35","55.48571","2.20870","50.0","61.0"],"204":["36","55.97222","2.99524","51.0","62.0"],"205":["35","83.11429","10.49019","60.0","94.0"],"206":["36","95.86111","1.00423","94.0","98.0"],"207":["35","97.02857","0.77407","95.0","98.0"],"208":["35","97.57143","0.87131","95.0","100.0"],"209":["36","95.66667","2.16025","92.0","100.0"],"210":["35","74.65714","12.88619","56.0","94.0"],"211":["36","56.11111","3.34812","50.0","63.0"],"212":["35","60.28571","4.65109","54.0","73.0"],"213":["35","64.51429","7.19274","53.0","79.0"],"214":["36","79.66667","5.28625","73.0","90.0"],"215":["35","88.62857","1.77419","84.0","91.0"],"216":["35","95.88571","1.36845","91.0","98.0"],"217":["35","97.31429","0.46423","97.0","98.0"],"218":["36","79.13889","14.16402","59.0","98.0"],"219":["36","54.61111","4.72745","44.0","61.0"],"220":["35","60.74286","8.81344","47.0","79.0"],"221":["36","76.44444","3.96824","68.0","84.0"],"222":["35","85.28571","2.49080","82.0","90.0"],"223":["36","95.44444","2.38566","90.0","98.0"],"224":["34","97.44118","0.49653","97.0","98.0"],"225":["35","97.51429","0.76984","96.0","100.0"],"226":["36","68.11111","16.33296","50.0","97.0"],"227":["28","52.67857","2.40615","47.0","57.0"]},"timana0\/001\/temp_dry":{"0":["36","10.01944","0.35887","9.2","10.6"],"1":["35","9.76857","0.21350","9.4","10.2"],"2":["36","12.71667","2.27101","9.3","17.3"],"3":["36","20.20833","1.57540","17.5","23.4"],"4":["36","24.21667","1.54587","21.7","28.5"],"5":["36","17.69167","1.59972","14.1","20.9"],"6":["36","11.00833","1.12630","9.8","13.6"],"7":["36","10.11111","0.35573","9.5","10.6"],"8":["35","9.00571","0.31527","8.6","9.7"],"9":["36","7.96944","0.48695","7.3","9.0"],"10":["36","13.82500","3.64519","7.9","19.5"],"11":["36","19.10000","1.34722","17.0","21.8"],"12":["36","24.48056","1.50496","21.5","27.3"],"13":["36","18.77500","3.79593","14.1","25.4"],"14":["35","11.83714","1.15042","10.4","13.9"],"15":["36","10.12222","0.20831","9.8","10.6"],"16":["36","9.48889","0.98848","7.9","10.6"],"17":["36","8.16389","0.32159","7.5","8.6"],"18":["36","14.46944","4.20124","8.1","22.0"],"19":["36","19.40833","2.85622","14.4","22.8"],"20":["36","21.41111","1.53872","18.4","23.9"],"21":["35","18.89714","2.68376","14.8","25.1"],"22":["36","12.77222","1.07383","11.7","14.6"],"23":["36","11.75833","0.27119","11.3","12.2"],"24":["36","9.84167","1.22392","8.2","11.9"],