{"_t":[1363496400,1366088400,2592000,240],"_i":["sanpedro\/005\/humidity","sanpedro\/005\/temperature"],"_@":{"humi":[20,100],"temp":[0,40]},"sanpedro\/005\/humidity":{"10":["1","65.10000","0.00000","65.1","65.1"],"11":["36","59.00000","8.11271","45.9","75.1"],"12":["36","83.82778","11.29040","62.8","95.0"],"13":["34","83.38824","9.57244","70.2","95.0"],"14":["35","94.77429","0.08051","94.7","94.9"],"15":["36","94.70000","0.00000","94.7","94.7"],"16":["35","94.70000","0.00000","94.7","94.7"],"17":["35","94.62000","0.04000","94.6","94.7"],"18":["35","83.42000","14.42303","55.6","95.0"],"19":["36","66.35278","6.93111","54.0","78.5"],"20":["36","85.75556","12.46463","54.7","94.9"],"21":["36","78.26111","8.59688","64.6","94.9"],"22":["35","94.61143","0.07845","94.5","94.8"],"23":["36","94.40000","0.08165","94.3","94.5"],"24":["36","94.30833","0.07217","94.2","94.4"],"25":["36","94.30833","0.06401","94.2","94.4"],"26":["36","89.00278","6.21166","75.4","94.8"],"27":["36","66.83889","7.30138","54.9","84.7"],"28":["36","57.37222","6.35691","44.7","69.1"],"29":["36","82.15833","6.30350","71.9","95.2"],"30":["35","94.93429","0.10404","94.7","95.1"],"31":["36","94.55833","0.10897","94.4","94.7"],"32":["36","94.50000","0.00000","94.5","94.5"],"33":["3","94.50000","0.00000","94.5","94.5"],"34":["22","76.35000","16.51128","51.4","95.0"],"35":["36","66.50000","7.58892","48.0","78.9"],"36":["36","67.09444","12.21279","48.1","89.0"],"37":["35","92.26571","2.41128","87.7","94.9"],"38":["36","94.61667","0.05528","94.5","94.7"],"39":["35","94.61714","0.06963","94.5","94.7"],"40":["36","94.70000","0.00000","94.7","94.7"],"41":["35","94.61143","0.03182","94.6","94.7"],"42":["36","93.64167","3.77090","75.4","95.2"],"43":["36","65.51667","10.38336","49.6","83.1"],"44":["36","68.97500","7.10217","56.2","81.5"],"45":["36","91.51667","4.16003","81.8","94.9"],"46":["33","94.69091","0.08656","94.5","94.8"],"47":["35","94.44286","0.04949","94.4","94.5"],"48":["34","94.29412","0.06390","94.2","94.4"],"49":["34","94.11176","0.03222","94.1","94.2"],"50":["35","94.18286","0.09996","94.1","94.4"],"51":["36","85.73611","12.29562","61.7","94.9"],"52":["36","63.72778","6.92646","51.8","78.3"],"53":["36","79.88333","10.37908","65.9","95.1"],"54":["30","94.61667","0.06368","94.6","94.9"],"55":["36","94.47500","0.11396","94.3","94.6"],"56":["36","94.18333","0.07265","94.1","94.3"],"57":["36","93.98056","0.08762","93.8","94.1"],"58":["36","81.40833","14.52609","55.2","94.6"],"59":["36","53.07778","4.76084","42.0","62.1"],"60":["36","68.26389","13.10104","50.3","90.1"],"61":["36","88.56667","2.93929","83.9","95.0"],"62":["36","94.81111","0.09061","94.6","94.9"],"63":["35","94.38000","0.08552","94.3","94.6"],"64":["36","94.16667","0.08165","94.1","94.3"],"65":["36","94.09444","0.09112","94.0","94.2"],"66":["36","82.66667","14.78791","54.9","94.8"],"67":["36","52.78611","6.26574","39.5","67.9"],"68":["36","61.11944","6.60079","49.3","71.2"],"69":["36","91.48333","6.41515","71.6","95.2"],"70":["36","94.67222","0.11928","94.5","94.9"],"71":["36","94.53889","0.08589","94.4","94.6"],"72":["36","94.25278","0.10405","94.1","94.4"],"73":["35","93.99714","0.07362","93.9","94.1"],"74":["36","80.92778","15.11314","57.5","94.5"],"75":["36","56.69444","6.04648","43.9","72.2"],"76":["36","53.46111","5.05241","45.1","66.3"],"77":["36","72.30833","12.01271","57.9","94.7"],"78":["36","94.76944","0.18681","94.5","95.1"],"79":["35","94.26286","0.14752","94.0","94.5"],"80":["36","93.88056","0.11010","93.7","94.0"],"81":["36","93.63056","0.04606","93.6","93.7"],"82":["36","75.27222","19.47377","44.4","94.2"],"83":["36","40.84444","5.51661","32.2","51.9"],"84":["36","55.99722","7.23804","47.8","71.0"],"85":["36","80.79722","11.15020","59.3","95.0"],"86":["35","94.69429","0.10675","94.5","94.9"],"87":["35","94.47714","0.04199","94.4","94.5"],"88":["35","94.24571","0.11549","94.1","94.4"],"89":["34","94.33824","0.04860","94.3","94.4"],"90":["36","80.06667","14.42440","56.0","94.7"],"91":["36","46.89722","8.93932","37.3","65.4"],"92":["36","54.44444","5.71608","47.2","70.9"],"93":["36","83.53611","11.56203","60.5","94.9"],"94":["35","94.61143","0.08543","94.5","94.8"],"95":["36","94.49722","0.01643","94.4","94.5"],"96":["36","94.22222","0.08854","94.1","94.4"],"97":["36","94.02778","0.04479","94.0","94.1"],"98":["36","83.28611","13.03408","55.2","94.8"],"99":["31","60.28065","6.95629","50.8","73.7"],"100":["36","63.54167","5.21176","53.0","74.0"],"101":["36","83.18056","11.30363","61.2","95.1"],"102":["36","94.64167","0.12775","94.5","94.9"],"103":["36","94.39444","0.12235","94.2","94.6"],"104":["36","94.20000","0.00000","94.2","94.2"],"105":["35","94.09143","0.05540","94.0","94.2"],"106":["36","88.41944","9.80586","61.3","94.8"],"107":["36","67.65278","3.79689","60.3","74.7"],"108":["36","63.21667","4.31390","52.7","73.3"],"109":["36","73.71667","5.98862","61.2","87.9"],"110":["36","94.11944","1.19462","89.4","94.8"],"111":["36","94.50000","0.00000","94.5","94.5"],"112":["35","94.56286","0.04832","94.5","94.6"],"113":["35","94.34286","0.06881","94.3","94.5"],"114":["36","84.70833","12.18889","61.6","94.9"],"115":["36","60.05833","8.69790","46.5","80.1"],"116":["36","63.88611","5.40710","53.2","74.4"],"117":["36","64.58611","6.57627","57.2","82.4"],"118":["36","93.80278","2.10231","83.9","94.7"],"119":["36","94.11389","0.08217","94.0","94.2"],"120":["35","93.96571","0.07538","93.9","94.1"],"121":["36","93.98889","0.06136","93.9","94.1"],"122":["36","80.54444","15.29974","52.7","94.7"],"123":["36","53.03889","2.69385","48.8","59.4"],"124":["28","57.62857","4.18457","48.1","64.8"],"126":["55","91.00364","3.67453","86.3","94.8"],"127":["16","91.24375","3.15178","86.1","94.4"],"154":["589","65.64669","7.61175","48.4","86.2"],"155":["1483","52.01632","7.56807","36.4","74.8"],"156":["1531","56.21234","3.41772","47.2","65.8"],"157":["1151","70.19227","9.00768","54.5","91.4"],"158":["37","91.23514","3.40145","86.4","94.8"],"159":["29","91.42069","3.13395","86.5","94.7"],"160":["43","90.90000","3.58673","86.3","94.7"],"161":["56","90.96250","3.58815","86.1","94.5"],"162":["949","72.97187","12.37616","50.2","94.9"],"163":["1488","47.03636","9.52463","28.9","93.7"],"164":["1449","61.94472","12.57607","39.9","84.0"],"165":["1115","75.23058","8.89036","59.3","95.0"],"166":["106","91.26132","3.46202","86.5","94.9"],"167":["40","91.48250","3.36674","86.5","94.8"],"168":["92","89.99348","3.67032","86.0","94.6"],"169":["117","88.74872","3.45730","85.7","94.1"],"170":["825","73.03042","13.07853","52.3","94.8"],"171":["1488","52.41935","7.14675","39.7","74.3"],"172":["1006","55.01471","10.43087","31.2","74.6"],"189":["940","60.31394","14.53474","36.6","93.8"],"190":["47","90.97447","3.59589","86.4","95.0"],"191":["80","90.92500","3.48172","86.2","94.7"],"192":["25","91.24400","3.56764","86.1","94.5"],"193":["41","91.10976","3.37840","86.1","94.4"],"194":["996","70.90382","13.45153","49.3","94.9"],"195":["1496","54.33596","10.23006","37.8","86.6"],"196":["893","63.57626","6.76345","53.0","85.2"],"197":["102","89.83824","3.57508","85.2","95.1"],"198":["37","90.45946","3.49327","86.3","94.7"],"199":["66","90.28939","3.61852","86.0","94.6"],"200":["41","89.72439","3.72322","85.9","94.3"],"201":["3","90.83333","3.40816","86.2","94.3"],"234":["433","72.34411","6.58868","58.7","94.4"],"235":["386","67.33938","5.00241","60.1","81.4"],"237":["1273","78.52294","7.16252","64.7","95.0"],"238":["75","91.17067","3.48554","86.7","95.0"],"239":["55","91.18727","2.99066","86.4","94.7"]},"sanpedro\/005\/temperature":{"10":["1","24.00000","0.00000","24.0","24.0"],"11":["36","26.05000","2.81459","21.8","32.0"],"12":["36","19.34722","2.92104","15.9","24.8"],"13":["34","20.33529","3.64158","15.2","25.5"],"14":["35","14.13143","0.57110","13.4","15.2"],"15":["36","13.39722","0.16913","13.1","13.6"],"16":["35","13.36286","0.10443","13.2","13.6"],"17":["35","12.72286","0.18683","12.4","13.1"],"18":["35","17.73143","5.27245","12.4","26.5"],