{"_t":[1366112760,1366199160,86400,144],"_i":["sanpedro\/004\/humidity","sanpedro\/004\/temp_dry","sanpedro\/004\/temp_wet"],"_@":{"humi":[60,110],"temp":[0,30]},"sanpedro\/004\/humidity":[["16","93.81250","0.72618","93.0","95.0"],["38","89.05263","2.54380","86.0","94.0"],["37","83.08108","1.30236","81.0","86.0"],["33","79.87879","1.24943","78.0","83.0"],["34","81.64706","1.95361","79.0","85.0"],["50","83.64000","3.32722","78.0","88.0"],["43","74.23256","2.20820","70.0","78.0"],["47","68.95745","0.89816","67.0","71.0"],["38","66.65789","1.24131","65.0","69.0"],["49","65.57143","0.60609","65.0","67.0"],["55","66.47273","1.00643","65.0","68.0"],["52","62.82692","1.43743","61.0","66.0"],["63","66.23810","2.36183","61.0","70.0"],["61","63.72131","1.96803","60.0","68.0"],["70","64.01429","3.04017","60.0","70.0"],["59","66.69492","2.37397","63.0","71.0"],["59","69.42373","1.45210","66.0","72.0"],["53","70.39623","0.70949","69.0","72.0"],["56","70.08929","0.85098","68.0","72.0"],["58","69.20690","1.45932","67.0","73.0"],["62","71.27419","2.83509","67.0","76.0"],["64","76.60938","2.67288","72.0","82.0"],["57","76.43860","2.32468","72.0","81.0"],["49","77.34694","0.91587","76.0","79.0"],["37","77.72973","1.51833","75.0","81.0"],["36","77.61111","1.18504","76.0","80.0"],["56","74.51786","2.33751","70.0","78.0"],["48","79.83333","0.96465","77.0","82.0"],["29","79.13793","0.68098","78.0","80.0"],["38","78.97368","0.93152","77.0","81.0"],["48","75.20833","0.73480","73.0","77.0"],["51","74.29412","1.82890","71.0","78.0"],["43","77.30233","0.63006","76.0","79.0"],["54","73.35185","1.79668","71.0","78.0"],["62","79.62903","3.84890","73.0","86.0"],["33","82.54545","2.87192","77.0","87.0"],["34","75.97059","0.70649","74.0","77.0"],["48","75.79167","1.11726","73.0","78.0"],["26","79.42308","1.41891","76.0","82.0"],["37","81.24324","1.47786","78.0","84.0"],["38","84.92105","1.40266","82.0","88.0"],["54","78.59259","1.13069","76.0","82.0"],["35","84.11429","2.32712","79.0","87.0"],["39","86.30769","0.72160","85.0","88.0"],["51","79.43137","2.92558","75.0","85.0"],["69","72.50725","1.49029","71.0","77.0"],["55","80.27273","1.32740","77.0","83.0"],["70","77.52857","2.41259","74.0","82.0"],["55","78.65455","2.15084","76.0","82.0"],["54","80.09259","2.86271","76.0","86.0"],["44","83.63636","1.28082","82.0","87.0"],["38","82.36842","0.74059","81.0","84.0"],["29","82.10345","1.56127","80.0","85.0"],["33","85.15152","2.70937","81.0","90.0"],["32","86.25000","1.06066","84.0","88.0"],["21","87.42857","1.09420","86.0","89.0"],["26","90.00000","1.35873","87.0","92.0"],["35","91.17143","0.55988","90.0","92.0"],["29","94.41379","0.85166","93.0","96.0"],["21","94.38095","0.65292","93.0","95.0"],["19","93.84211","1.26754","92.0","96.0"],["19","95.42105","0.81536","94.0","97.0"],["19","96.15789","0.81196","95.0","98.0"],["20","97.40000","0.73485","96.0","99.0"],["22","98.13636","0.69383","97.0","99.0"],["17","99.58824","0.97370","98.0","101.0"],["11","100.81818","0.71582","100.0","102.0"],["13","101.84615","0.76923","101.0","103.0"],["12","102.50000","0.50000","102.0","103.0"],["11","102.54545","0.65555","102.0","104.0"],["6","103.16667","0.68718","102.0","104.0"],["8","102.50000","0.86603","101.0","104.0"],["8","102.12500","0.59948","101.0","103.0"],["16","102.06250","0.65848","101.0","103.0"],["2","101.00000","1.00000","100.0","102.0"],["8","101.75000","0.43301","101.0","102.0"],["11","101.09091","0.51426","100.0","102.0"],["12","100.91667","0.75920","100.0","102.0"],["9","100.66667","0.81650","100.0","102.0"],["8","100.12500","0.33072","100.0","101.0"],["7","99.85714","0.83299","99.0","101.0"],["6","100.16667","0.89753","99.0","101.0"],["7","99.85714","0.83299","99.0","101.0"],["8","100.12500","1.16592","99.0","102.0"],["6","99.83333","0.68718","99.0","101.0"],["6","99.33333","0.47140","99.0","100.0"],["7","100.00000","0.00000","100.0","100.0"],["9","99.55556","0.49690","99.0","100.0"],["9","99.88889","0.31427","99.0","100.0"],["5","99.60000","0.48990","99.0","100.0"],["6","99.83333","0.37268","99.0","100.0"],["9","99.88889","0.31427","99.0","100.0"],["2","100.00000","0.00000","100.0","100.0"],["8","100.00000","0.00000","100.0","100.0"],["4","100.00000","0.00000","100.0","100.0"],["4","100.00000","0.00000","100.0","100.0"],["6","99.83333","0.37268","99.0","100.0"],["3","100.00000","0.00000","100.0","100.0"],["8","99.62500","0.48412","99.0","100.0"],["8","99.50000","0.50000","99.0","100.0"],["10","99.40000","0.48990","99.0","100.0"],["16","99.93750","0.65848","99.0","101.0"],["12","99.91667","0.75920","98.0","101.0"],["11","99.63636","1.14992","98.0","101.0"],["10","99.70000","0.78102","98.0","101.0"],["11","99.72727","0.44536","99.0","100.0"],["10","99.40000","0.66332","98.0","100.0"],["4","99.00000","1.00000","98.0","100.0"],["6","99.33333","0.94281","98.0","100.0"],["5","100.80000","0.74833","100.0","102.0"],["8","100.50000","0.50000","100.0","101.0"],["14","100.14286","1.30149","98.0","102.0"],["3","98.66667","0.94281","98.0","100.0"],["7","99.14286","0.98974","98.0","100.0"],["11","99.45455","0.78203","98.0","100.0"],["8","100.37500","1.11102","98.0","102.0"],["8","100.12500","0.92702","98.0","101.0"],["9","99.22222","1.13312","98.0","101.0"],["8","98.00000","1.00000","97.0","100.0"],["3","99.33333","0.47140","99.0","100.0"],["3","99.33333","0.47140","99.0","100.0"],["5","99.60000","0.48990","99.0","100.0"],["6","99.66667","0.94281","98.0","101.0"],["5","99.20000","1.46969","97.0","101.0"],["5","99.80000","0.74833","99.0","101.0"],["6","99.16667","0.89753","98.0","100.0"],["8","99.37500","1.11102","98.0","101.0"],["9","100.11111","0.87489","98.0","101.0"],["9","99.77778","1.03040","98.0","101.0"],["16","99.37500","1.11102","98.0","101.0"],["2","100.00000","0.00000","100.0","100.0"],["6","99.00000","1.00000","98.0","100.0"],["9","98.88889","0.99381","98.0","100.0"],["8","100.50000","0.50000","100.0","101.0"],["10","99.10000","1.13578","98.0","101.0"],["9","99.44444","1.06574","98.0","101.0"],["4","99.75000","1.08972","98.0","101.0"],["7","100.00000","0.92582","98.0","101.0"],["9","99.77778","1.03040","98.0","101.0"],["12","98.83333","1.21335","97.0","101.0"],["9","98.22222","1.03040","97.0","100.0"],["7","97.42857","0.49487","97.0","98.0"],["15","97.53333","0.88443","96.0","100.0"],["14","96.28571","0.79539","95.0","98.0"]],