{"_t":[1366779600,1369371600,2592000,240],"_i":["sanpedro\/006\/VoltR"],"_@":{"Volt":[0,150]},"sanpedro\/006\/VoltR":{"19":["14","0.00000","0.00000","0.0","0.0"],"20":["88","69.42045","67.98174","0.0","139.0"],"21":["37","3.62162","21.72973","0.0","134.0"],"22":["36","0.00000","0.00000","0.0","0.0"],"23":["35","0.00000","0.00000","0.0","0.0"],"24":["36","0.00000","0.00000","0.0","0.0"],"25":["36","0.00000","0.00000","0.0","0.0"],"26":["52","43.94231","63.06786","0.0","137.0"],"27":["66","51.37879","65.87724","0.0","138.0"],"28":["39","10.66667","36.95065","0.0","139.0"],"29":["37","3.70270","22.21622","0.0","137.0"],"30":["36","0.00000","0.00000","0.0","0.0"],"31":["35","0.00000","0.00000","0.0","0.0"],"32":["36","0.00000","0.00000","0.0","0.0"],"33":["36","0.00000","0.00000","0.0","0.0"],"34":["49","33.46939","58.78362","0.0","140.0"],"35":["41","17.07317","45.81266","0.0","141.0"],"36":["45","27.17778","54.70254","0.0","141.0"],"37":["37","3.75676","22.54054","0.0","139.0"],"38":["36","0.00000","0.00000","0.0","0.0"],"39":["35","0.00000","0.00000","0.0","0.0"],"40":["36","0.00000","0.00000","0.0","0.0"],"41":["38","0.15789","0.96044","0.0","6.0"],"42":["36","0.00000","0.00000","0.0","0.0"],"43":["55","49.61818","65.65156","0.0","138.0"],"44":["51","30.84314","56.02498","0.0","138.0"],"45":["38","7.10526","30.14508","0.0","135.0"],"46":["36","0.00000","0.00000","0.0","0.0"],"47":["36","0.00000","0.00000","0.0","0.0"],"48":["35","0.00000","0.00000","0.0","0.0"],"49":["3","0.00000","0.00000","0.0","0.0"],"66":["49","61.40816","65.46908","0.0","137.0"],"67":["55","39.67273","61.94104","0.0","138.0"],"68":["55","45.12727","64.70101","0.0","139.0"],"69":["38","7.15789","30.36838","0.0","136.0"],"70":["36","0.00000","0.00000","0.0","0.0"],"71":["35","0.00000","0.00000","0.0","0.0"],"72":["36","0.00000","0.00000","0.0","0.0"],"73":["36","0.00000","0.00000","0.0","0.0"],"74":["36","0.00000","0.00000","0.0","0.0"],"75":["61","50.13115","64.59292","0.0","136.0"],"76":["65","52.21538","66.09143","0.0","138.0"],"77":["40","13.72500","41.17583","0.0","138.0"],"78":["36","0.00000","0.00000","0.0","0.0"],"79":["35","0.00000","0.00000","0.0","0.0"],"80":["36","0.00000","0.00000","0.0","0.0"],"81":["36","0.00000","0.00000","0.0","0.0"],"82":["48","33.37500","57.81242","0.0","136.0"],"83":["54","36.77778","59.49157","0.0","136.0"],"84":["47","29.53191","56.80982","0.0","140.0"],"85":["42","15.57143","42.59284","0.0","138.0"],"86":["40","16.42500","43.45796","0.0","133.0"],"87":["36","0.00000","0.00000","0.0","0.0"],"88":["36","0.00000","0.00000","0.0","0.0"],"89":["36","0.00000","0.00000","0.0","0.0"],"90":["48","35.18750","60.94897","0.0","142.0"],"91":["37","3.81081","22.86486","0.0","141.0"],"92":["42","20.00000","48.99028","0.0","141.0"],"93":["40","10.40000","36.52383","0.0","139.0"],"94":["36","0.00000","0.00000","0.0","0.0"],"95":["35","0.00000","0.00000","0.0","0.0"],"96":["36","0.00000","0.00000","0.0","0.0"],"97":["36","0.00000","0.00000","0.0","0.0"],"98":["54","43.77778","61.94940","0.0","136.0"],"99":["45","24.20000","52.04468","0.0","137.0"],"100":["45","24.26667","52.18787","0.0","137.0"],"101":["37","3.70270","22.21622","0.0","137.0"],"102":["36","0.00000","0.00000","0.0","0.0"],"103":["35","0.00000","0.00000","0.0","0.0"],"104":["36","0.00000","0.00000","0.0","0.0"],"105":["35","0.00000","0.00000","0.0","0.0"],"106":["36","0.00000","0.00000","0.0","0.0"],"107":["51","28.35294","54.24303","0.0","138.0"],"108":["50","34.36000","58.28542","0.0","139.0"],"109":["40","10.10000","35.47027","0.0","135.0"],"110":["36","0.00000","0.00000","0.0","0.0"],"111":["35","0.00000","0.00000","0.0","0.0"],"112":["35","0.00000","0.00000","0.0","0.0"],"113":["36","0.00000","0.00000","0.0","0.0"],"114":["52","41.53846","62.31603","0.0","137.0"],"115":["39","10.64103","36.86183","0.0","139.0"],"116":["43","22.20930","50.36636","0.0","137.0"],"117":["38","7.07895","30.03365","0.0","135.0"],"118":["36","0.00000","0.00000","0.0","0.0"],"119":["35","0.00000","0.00000","0.0","0.0"],"120":["36","0.00000","0.00000","0.0","0.0"],"121":["36","0.00000","0.00000","0.0","0.0"],"122":["59","48.30508","64.99185","0.0","138.0"],"123":["47","28.63830","55.09505","0.0","137.0"],"124":["55","38.78182","60.77849","0.0","138.0"],"125":["37","3.67568","22.05405","0.0","136.0"],"126":["35","0.00000","0.00000","0.0","0.0"],"127":["38","0.10526","0.64029","0.0","4.0"],"128":["36","0.00000","0.00000","0.0","0.0"],"129":["36","0.00000","0.00000","0.0","0.0"],"130":["46","26.02174","52.77042","0.0","136.0"],"131":["47","26.25532","53.63250","0.0","137.0"],"132":["59","50.74576","65.81165","0.0","138.0"],"133":["38","7.07895","30.03365","0.0","135.0"],"134":["36","0.00000","0.00000","0.0","0.0"],"135":["35","0.00000","0.00000","0.0","0.0"],"136":["36","0.00000","0.00000","0.0","0.0"],"137":["36","0.00000","0.00000","0.0","0.0"],"138":["45","21.20000","49.40157","0.0","138.0"],"139":["47","26.25532","53.95012","0.0","138.0"],"140":["45","18.44444","47.02508","0.0","139.0"],"141":["37","3.67568","22.05405","0.0","136.0"],"142":["36","0.00000","0.00000","0.0","0.0"],"143":["35","0.00000","0.00000","0.0","0.0"],"144":["36","0.00000","0.00000","0.0","0.0"],"145":["36","0.00000","0.00000","0.0","0.0"],"146":["49","28.20408","55.72014","0.0","142.0"],"147":["46","20.97826","49.59597","0.0","142.0"],"148":["41","17.19512","46.13988","0.0","142.0"],"149":["38","7.34211","31.15013","0.0","140.0"],"150":["36","0.00000","0.00000","0.0","0.0"],"151":["35","0.00000","0.00000","0.0","0.0"],"152":["36","0.00000","0.00000","0.0","0.0"],"153":["36","0.00000","0.00000","0.0","0.0"],"154":["40","13.60000","40.80490","0.0","138.0"],"155":["41","16.97561","45.55109","0.0","140.0"],"156":["40","14.02500","42.07582","0.0","141.0"],"157":["40","9.65000","34.02686","0.0","141.0"],"158":["36","0.00000","0.00000","0.0","0.0"],"159":["36","0.00000","0.00000","0.0","0.0"],"160":["35","0.00000","0.00000","0.0","0.0"],"161":["37","0.10811","0.64865","0.0","4.0"],"162":["58","46.89655","64.64644","0.0","138.0"],"163":["58","49.72414","66.00517","0.0","139.0"],"164":["49","33.55102","58.91469","0.0","138.0"],"165":["38","7.13158","30.25694","0.0","136.0"],"166":["36","0.00000","0.00000","0.0","0.0"],"167":["37","0.10811","0.64865","0.0","4.0"],"168":["36","0.00000","0.00000","0.0","0.0"],"169":["36","0.00000","0.00000","0.0","0.0"],"170":["46","29.71739","56.38866","0.0","139.0"],"171":["42","9.47619","34.16712","0.0","133.0"],"172":["55","43.90909","62.96183","0.0","137.0"],"173":["36","0.00000","0.00000","0.0","0.0"],"174":["36","0.00000","0.00000","0.0","0.0"],"175":["35","0.00000","0.00000","0.0","0.0"],"176":["36","0.00000","0.00000","0.0","0.0"],"177":["36","0.00000","0.00000","0.0","0.0"],"178":["64","57.20312","64.93631","0.0","134.0"],"179":["48","29.77083","54.60282","0.0","133.0"],"180":["45","26.44444","52.90938","0.0","134.0"],"181":["38","6.71053","28.47058","0.0","128.0"],"182":["28","0.00000","0.00000","0.0","0.0"],"183":["36","0.00000","0.00000","0.0","0.0"],"184":["36","0.00000","0.00000","0.0","0.0"],"185":["36","0.00000","0.00000","0.0","0.0"],"186":["35","0.00000","0.00000","0.0","0.0"],"187":["82","62.84146","62.84853","0.0","133.0"],"188":["64","56.32812","65.94104","0.0","135.0"],"189":["40","13.10000","39.30064","0.0","132.0"],"190":["37","0.10811","0.64865","0.0","4.0"],"191":["35","0.00000","0.00000","0.0","0.0"],"192":["36","0.00000","0.00000","0.0","0.0"],"193":["36","0.00000","0.00000","0.0","0.0"],"194":["48","27.37500","53.36534","0.0","133.0"],"195":["43","15.09302","41.70763","0.0","135.0"],"196":["41","13.04878","39.68716","0.0","135.0"],"197":["37","3.54054","21.24324","0.0","131.0"],"198":["36","0.00000","0.00000","0.0","0.0"],"199":["36","0.00000","0.00000","0.0","0.0"],"200":["35","0.00000","0.00000","0.0","0.0"],"201":["36","0.00000","0.00000","0.0","0.0"],"202":["51","28.49020","54.33064","0.0","133.0"],"203":["43","15.88372","43.78872","0.0","137.0"],