{"_t":[1366002000,1368594000,2592000,240],"_i":["sanpedro\/005\/humidity","sanpedro\/005\/temperature"],"_@":{"humi":[20,100],"temp":[0,40]},"sanpedro\/005\/humidity":{"2":["433","72.34411","6.58868","58.7","94.4"],"3":["386","67.33938","5.00241","60.1","81.4"],"5":["1273","78.52294","7.16252","64.7","95.0"],"6":["75","91.17067","3.48554","86.7","95.0"],"7":["55","91.18727","2.99066","86.4","94.7"],"8":["33","91.27576","3.40285","86.2","94.6"],"9":["69","90.82754","3.56150","86.2","94.5"],"10":["1063","71.56171","12.23039","48.9","94.9"],"11":["1569","50.27119","5.76450","39.6","77.4"],"12":["1450","53.09545","7.14207","40.0","74.9"],"13":["1157","61.28142","10.68628","46.4","95.0"],"14":["58","90.95345","3.14287","86.4","94.9"],"15":["43","91.02326","3.27257","86.5","94.7"],"16":["90","90.24333","3.63376","85.9","94.4"],"17":["30","89.46667","3.59540","85.9","94.2"],"18":["747","73.10549","11.46568","55.6","94.9"],"19":["1580","53.19468","4.51984","35.6","66.5"],"20":["1434","52.94951","8.09390","31.7","71.6"],"21":["805","65.61901","13.35082","47.1","95.1"],"22":["60","90.49333","3.66565","86.5","94.9"],"23":["42","91.35000","3.39532","86.5","94.6"],"24":["31","90.97097","3.22662","86.5","94.6"],"25":["63","91.07143","3.37740","86.5","94.5"],"27":["988","61.20213","6.96908","49.7","77.6"],"28":["1581","58.89323","3.52902","51.1","73.8"],"29":["820","67.43622","11.45872","51.6","95.1"],"30":["91","91.43187","3.54003","86.6","95.0"],"31":["70","91.24143","3.47557","86.4","94.7"],"32":["72","91.22083","3.51445","86.3","94.6"],"33":["33","91.21515","3.39198","86.3","94.5"],"35":["139","65.86547","4.60276","60.1","81.7"],"38":["45","91.40667","3.13698","86.5","94.7"],"39":["69","91.57246","3.30269","86.5","94.7"],"40":["55","91.56727","3.22677","86.3","94.7"],"41":["54","91.67037","3.33664","86.3","94.6"],"42":["554","75.60397","9.63992","55.1","95.1"],"59":["876","66.40217","5.30625","49.0","76.1"],"60":["1457","71.50185","7.50143","50.3","86.9"],"61":["1208","71.97136","12.54218","43.2","95.0"],"62":["40","91.04000","3.65621","86.3","94.8"],"63":["43","91.01395","3.48682","86.2","94.5"],"64":["59","90.63898","3.41239","86.2","94.4"],"65":["73","91.03151","3.54764","86.1","94.4"],"66":["744","69.25766","12.22476","50.3","94.9"],"67":["1509","65.86594","10.86698","41.0","91.0"],"68":["964","59.28942","4.02219","50.8","78.8"],"69":["1339","60.36453","13.16021","40.7","94.4"],"70":["222","83.67072","5.68109","76.6","94.8"],"71":["45","91.52444","3.22298","86.3","94.6"],"72":["47","91.17872","3.47146","86.1","94.5"],"91":["960","51.68885","4.11503","38.5","65.2"],"92":["1450","53.78034","5.20594","41.6","66.4"],"93":["1356","60.55678","11.69748","41.4","94.7"],"94":["70","90.79286","3.52750","86.7","95.0"],"95":["305","81.21180","9.10357","68.6","94.8"],"96":["84","90.87619","3.58361","85.7","94.5"],"97":["140","89.13143","3.74511","85.6","94.1"],"98":["927","70.00280","13.34826","45.1","94.6"],"99":["1528","55.65190","8.73540","35.3","89.9"],"100":["1524","55.66857","4.39511","44.0","72.1"],"101":["1007","69.28183","10.23129","44.7","95.0"],"102":["69","91.06232","3.36879","86.2","94.9"],"103":["37","91.36486","3.36614","86.4","94.6"],"104":["27","91.44815","3.50538","86.2","94.6"],"105":["57","91.55965","3.35370","86.2","94.5"],"106":["1049","66.91716","12.21561","47.8","95.0"],"107":["1488","57.80685","7.67630","41.0","75.6"],"108":["1455","53.70790","3.13847","45.3","62.4"],"109":["1316","56.74012","12.79122","39.9","89.0"],"110":["78","91.06538","3.33912","86.4","94.8"],"111":["79","90.50633","3.62311","86.2","94.4"],"112":["43","90.68837","3.58636","86.4","94.5"],"113":["44","90.92500","3.52569","86.3","94.6"],"114":["778","71.86992","10.46548","54.4","94.9"],"115":["1335","66.53401","9.70141","47.6","89.6"],"116":["1556","65.02269","7.60499","46.8","78.0"],"117":["1131","74.64704","7.96361","55.8","94.8"],"118":["88","90.64545","3.45911","86.5","94.7"],"119":["36","91.34444","3.41202","86.4","94.7"],"120":["45","91.28667","3.42556","86.4","94.6"],"121":["6","91.93333","2.70350","86.4","94.5"],"138":["705","66.75135","11.33058","49.1","94.8"],"139":["1496","49.10414","6.94248","36.9","68.9"],"140":["1239","71.35456","7.50457","56.4","88.4"],"141":["1456","67.83468","10.33572","50.2","93.2"],"142":["72","91.13889","3.40932","86.4","94.8"],"143":["68","90.81912","3.22852","86.4","94.6"],"144":["19","91.35789","3.47280","86.4","94.6"],"145":["39","91.86923","3.35132","86.4","94.5"],"146":["109","90.99358","3.46747","86.4","94.8"],"147":["1440","60.66937","13.56271","42.4","94.9"],"148":["1506","51.23506","6.57055","34.6","72.5"],"149":["1244","64.93312","11.40675","44.4","92.0"],"150":["128","90.33203","3.66921","84.2","94.8"],"151":["22","90.91364","3.42574","86.5","94.6"],"152":["38","91.46053","3.32499","86.1","94.5"],"153":["74","91.19595","3.35259","86.1","94.3"],"154":["1151","70.79800","10.08554","52.0","94.9"],"155":["1429","48.89692","4.44331","40.9","64.8"],"156":["1487","54.06456","2.94078","44.7","62.9"],"157":["1197","72.50017","13.27133","48.7","95.0"],"158":["36","91.45278","3.50163","86.6","94.9"],"159":["66","91.75606","3.35325","86.4","95.4"],"160":["51","91.43922","3.27283","86.3","94.6"],"161":["32","92.05937","3.19999","86.3","94.5"],"162":["535","77.02411","7.85363","64.9","94.9"],"163":["1560","57.21353","10.43072","43.2","80.1"],"164":["1336","68.21175","12.98295","45.1","91.0"],"165":["966","84.80145","4.08756","76.8","94.9"],"166":["36","90.70833","3.49193","86.4","94.7"],"167":["59","91.21525","3.37332","86.5","94.5"],"168":["58","91.07931","3.23849","86.4","94.5"],"169":["30","91.38333","3.18204","86.3","94.5"],"170":["969","73.12270","7.15395","62.0","94.6"],"171":["1496","53.08202","7.50534","36.1","68.8"],"172":["1465","60.08328","4.78093","48.2","71.1"],"173":["1357","76.93869","4.25038","62.4","94.8"],"174":["43","90.31860","3.64776","86.2","94.7"],"175":["96","90.27812","3.60573","86.0","94.3"],"176":["74","90.36486","3.57859","85.8","94.2"],"177":["98","89.48571","3.69694","85.8","94.3"],"178":["48","91.02292","3.59393","86.2","94.7"],"179":["528","81.01023","10.18972","61.7","94.9"],"180":["1386","72.88283","12.55803","52.0","95.0"],"181":["637","76.34584","6.18454","64.6","95.0"],"182":["26","91.00769","3.42894","86.4","94.7"],"183":["53","91.49057","3.42015","86.2","94.5"],"184":["67","90.84925","3.38303","86.2","94.4"],"185":["79","91.15570","3.46891","86.0","94.4"],"186":["1103","69.50743","12.57652","51.0","94.8"],"187":["1351","64.34537","8.21799","48.0","89.2"],"188":["1482","59.33367","3.86861","49.0","79.3"],"189":["1237","55.22264","10.55667","36.4","85.2"],"190":["160","87.71625","3.63271","83.6","94.8"],"191":["78","88.56154","3.96834","84.7","94.7"],"192":["48","91.06875","3.52581","86.2","94.6"],"193":["97","90.15773","3.64454","86.0","94.5"],"194":["997","74.01775","8.51715","60.8","95.0"],"195":["1356","69.40413","12.22255","47.6","94.8"],"196":["1658","72.36942","8.28271","50.6","89.9"],"197":["1280","69.15031","8.96611","51.9","91.4"],"198":["37","90.95946","3.44089","86.4","94.7"],"199":["71","91.11127","3.33359","86.5","94.6"],"200":["29","90.96897","3.43542","86.3","94.5"],"201":["58","90.66552","3.49973","86.1","94.4"],"202":["837","68.12485","14.60950","45.2","94.8"],"203":["1574","62.88443","10.85699","42.9","95.1"],"204":["1432","69.58694","8.46941","49.2","84.6"],"205":["1350","73.90956","12.72200","50.0","95.0"],"206":["13","91.74615","3.04217","86.5","94.8"],"207":["70","91.14714","3.47730","86.5","94.7"],"208":["71","90.79577","3.50285","86.2","94.6"],"209":["93","90.76667","3.47564","86.0","94.4"],"210":["1065","67.35183","15.84863","42.5","94.8"],"211":["1384","50.10260","12.86844","35.0","80.2"],"212":["1328","67.17056","4.73958","53.0","80.5"],"213":["1282","75.70897","12.02466","51.6","94.9"],"214":["57","91.32807","3.33507","86.6","94.8"],"215":["37","91.32432","3.10409","86.4","94.6"],"216":["25","91.14000","3.43546","86.1","94.6"],"217":["89","90.69326","3.40376","85.9","94.3"],