{"_t":[1364533200,1364619600,86400,144],"_i":["valentina\/003\/humidity","valentina\/003\/temp_dry","valentina\/003\/temp_wet"],"_@":{"humi":[50,100],"temp":[0,30]},"valentina\/003\/humidity":{"0":["2","94.00000","0.00000","94.0","94.0"],"1":["2","94.00000","0.00000","94.0","94.0"],"2":["2","94.00000","0.00000","94.0","94.0"],"3":["2","94.00000","0.00000","94.0","94.0"],"4":["2","94.00000","0.00000","94.0","94.0"],"5":["2","94.00000","0.00000","94.0","94.0"],"6":["2","95.00000","0.00000","95.0","95.0"],"7":["2","95.00000","0.00000","95.0","95.0"],"8":["2","95.50000","0.50000","95.0","96.0"],"9":["2","94.50000","0.50000","94.0","95.0"],"10":["2","95.00000","0.00000","95.0","95.0"],"11":["2","95.00000","0.00000","95.0","95.0"],"12":["2","94.50000","0.50000","94.0","95.0"],"13":["2","95.00000","1.00000","94.0","96.0"],"14":["2","96.00000","0.00000","96.0","96.0"],"15":["2","95.50000","0.50000","95.0","96.0"],"16":["2","96.00000","0.00000","96.0","96.0"],"17":["2","94.50000","0.50000","94.0","95.0"],"18":["2","94.50000","0.50000","94.0","95.0"],"19":["2","95.00000","0.00000","95.0","95.0"],"20":["2","96.00000","0.00000","96.0","96.0"],"21":["2","95.00000","0.00000","95.0","95.0"],"22":["2","95.50000","0.50000","95.0","96.0"],"23":["2","95.00000","0.00000","95.0","95.0"],"24":["2","95.00000","1.00000","94.0","96.0"],"25":["2","95.00000","0.00000","95.0","95.0"],"26":["2","95.50000","0.50000","95.0","96.0"],"27":["2","96.00000","0.00000","96.0","96.0"],"28":["2","96.00000","0.00000","96.0","96.0"],"29":["2","96.50000","0.50000","96.0","97.0"],"30":["2","96.50000","0.50000","96.0","97.0"],"31":["2","95.00000","0.00000","95.0","95.0"],"32":["2","95.50000","0.50000","95.0","96.0"],"33":["2","96.00000","0.00000","96.0","96.0"],"34":["2","96.00000","0.00000","96.0","96.0"],"35":["2","96.00000","0.00000","96.0","96.0"],"36":["2","95.50000","0.50000","95.0","96.0"],"37":["2","96.00000","0.00000","96.0","96.0"],"38":["2","95.00000","0.00000","95.0","95.0"],"39":["2","93.50000","0.50000","93.0","94.0"],"40":["2","90.50000","0.50000","90.0","91.0"],"41":["2","89.00000","1.00000","88.0","90.0"],"42":["2","85.00000","0.00000","85.0","85.0"],"43":["2","81.00000","1.00000","80.0","82.0"],"44":["2","78.50000","0.50000","78.0","79.0"],"45":["2","75.50000","0.50000","75.0","76.0"],"46":["1","72.00000","0.00000","72.0","72.0"],"47":["2","70.50000","0.50000","70.0","71.0"],"48":["2","69.50000","0.50000","69.0","70.0"],"49":["2","68.50000","0.50000","68.0","69.0"],"50":["2","68.00000","1.00000","67.0","69.0"],"51":["2","67.00000","0.00000","67.0","67.0"],"52":["2","68.50000","1.50000","67.0","70.0"],"53":["2","62.00000","2.00000","60.0","64.0"],"54":["2","60.00000","1.00000","59.0","61.0"],"55":["2","66.00000","0.00000","66.0","66.0"],"58":["1","64.00000","0.00000","64.0","64.0"],"59":["2","62.50000","1.50000","61.0","64.0"],"60":["2","61.50000","2.50000","59.0","64.0"],"61":["2","62.00000","3.00000","59.0","65.0"],"62":["2","68.00000","1.00000","67.0","69.0"],"63":["2","66.50000","2.50000","64.0","69.0"],"64":["2","63.50000","0.50000","63.0","64.0"],"65":["2","66.50000","0.50000","66.0","67.0"],"66":["2","67.50000","1.50000","66.0","69.0"],"67":["2","74.50000","1.50000","73.0","76.0"],"68":["2","73.00000","1.00000","72.0","74.0"],"69":["2","73.00000","1.00000","72.0","74.0"],"70":["2","75.50000","0.50000","75.0","76.0"],"71":["2","71.50000","0.50000","71.0","72.0"],"72":["2","65.50000","0.50000","65.0","66.0"],"73":["2","73.00000","1.00000","72.0","74.0"],"74":["2","73.00000","2.00000","71.0","75.0"],"75":["2","73.00000","1.00000","72.0","74.0"],"76":["2","72.50000","1.50000","71.0","74.0"],"77":["2","70.00000","0.00000","70.0","70.0"],"78":["2","70.50000","0.50000","70.0","71.0"],"79":["2","64.50000","1.50000","63.0","66.0"],"80":["2","66.50000","1.50000","65.0","68.0"],"81":["2","65.50000","0.50000","65.0","66.0"],"82":["2","65.50000","1.50000","64.0","67.0"],"83":["2","69.00000","0.00000","69.0","69.0"],"84":["2","67.00000","2.00000","65.0","69.0"],"85":["2","64.00000","1.00000","63.0","65.0"],"86":["2","63.00000","0.00000","63.0","63.0"],"87":["2","66.00000","2.00000","64.0","68.0"],"88":["2","67.00000","1.00000","66.0","68.0"],"89":["2","71.50000","0.50000","71.0","72.0"],"90":["2","72.50000","0.50000","72.0","73.0"],"91":["2","71.50000","1.50000","70.0","73.0"],"92":["2","72.50000","1.50000","71.0","74.0"],"93":["2","74.50000","0.50000","74.0","75.0"],"94":["2","75.00000","1.00000","74.0","76.0"],"95":["2","76.50000","0.50000","76.0","77.0"],"96":["2","78.50000","1.50000","77.0","80.0"],"97":["2","81.50000","0.50000","81.0","82.0"],"98":["2","83.50000","0.50000","83.0","84.0"],"99":["2","84.50000","0.50000","84.0","85.0"],"100":["2","86.00000","0.00000","86.0","86.0"],"101":["2","85.00000","0.00000","85.0","85.0"],"102":["2","85.00000","1.00000","84.0","86.0"],"103":["2","84.50000","0.50000","84.0","85.0"],"104":["2","87.00000","1.00000","86.0","88.0"],"105":["2","88.00000","0.00000","88.0","88.0"],"106":["2","90.00000","0.00000","90.0","90.0"],"107":["2","91.50000","0.50000","91.0","92.0"],"108":["2","93.50000","0.50000","93.0","94.0"],"109":["2","94.00000","1.00000","93.0","95.0"],"110":["2","94.50000","0.50000","94.0","95.0"],"111":["2","94.50000","0.50000","94.0","95.0"],"112":["2","94.50000","0.50000","94.0","95.0"],"113":["2","94.50000","0.50000","94.0","95.0"],"114":["2","94.50000","0.50000","94.0","95.0"],"115":["2","94.50000","0.50000","94.0","95.0"],"116":["2","94.50000","0.50000","94.0","95.0"],"117":["2","94.00000","0.00000","94.0","94.0"],"118":["2","94.50000","0.50000","94.0","95.0"],"119":["2","94.00000","0.00000","94.0","94.0"],"120":["2","94.00000","0.00000","94.0","94.0"],"121":["2","94.50000","0.50000","94.0","95.0"],"122":["2","94.50000","0.50000","94.0","95.0"],"123":["2","94.50000","0.50000","94.0","95.0"],"124":["2","94.00000","0.00000","94.0","94.0"],"125":["2","94.00000","0.00000","94.0","94.0"],"126":["2","94.00000","0.00000","94.0","94.0"],"127":["2","94.50000","0.50000","94.0","95.0"],"128":["2","94.00000","1.00000","93.0","95.0"],"129":["2","94.00000","0.00000","94.0","94.0"],"130":["2","94.00000","0.00000","94.0","94.0"],"131":["2","94.00000","0.00000","94.0","94.0"],"132":["2","94.50000","0.50000","94.0","95.0"],"133":["2","95.00000","0.00000","95.0","95.0"],"134":["2","94.50000","0.50000","94.0","95.0"],"135":["2","94.50000","0.50000","94.0","95.0"],"136":["2","94.50000","0.50000","94.0","95.0"],"137":["2","94.50000","0.50000","94.0","95.0"],"138":["2","94.50000","0.50000","94.0","95.0"],"139":["2","94.00000","0.00000","94.0","94.0"],"140":["2","94.00000","0.00000","94.0","94.0"],"141":["2","93.50000","0.50000","93.0","94.0"],"142":["2","93.50000","0.50000","93.0","94.0"],"143":["2","94.00000","0.00000","94.0","94.0"]},"valentina\/003\/temp_dry":{"0":["2","9.90000","0.10000","9.8","10.0"],"1":["2","9.75000","0.05000","9.7","9.8"],"2":["2","9.75000","0.05000","9.7","9.8"],"3":["2","9.65000","0.15000","9.5","9.8"],"4":["2","9.45000","0.05000","9.4","9.5"],"5":["2","9.45000","0.05000","9.4","9.5"],"6":["2","9.25000","0.05000","9.2","9.3"],"7":["2","9.05000","0.05000","9.0","9.1"],"8":["2","9.10000","0.00000","9.1","9.1"],"9":["2","9.05000","0.05000","9.0","9.1"],"10":["2","9.00000","0.00000","9.0","9.0"],"11":["2","8.95000","0.05000","8.9","9.0"],"12":["2","8.90000","0.00000","8.9","8.9"],"13":["2","8.80000","0.10000","8.7","8.9"],"14":["2","8.55000","0.05000","8.5","8.6"],"15":["2","8.60000","0.10000","8.5","8.7"],"16":["2","8.40000","0.10000","8.3","8.5"],"17":["2","8.25000","0.05000","8.2","8.3"],"18":["2","8.05000","0.15000","7.9","8.2"],"19":["2","7.95000","0.05000","7.9","8.0"],"20":["2","7.75000","0.05000","7.7","7.8"],"21":["2","7.60000","0.00000","7.6","7.6"],"22":["2","7.40000","0.00000","7.4","7.4"],"23":["2","7.30000","0.00000","7.3","7.3"],"24":["2","7.10000","0.10000","7.0","7.2"],"25":["2","7.15000","0.05000","7.1","7.2"],"26":["2","7.00000","0.00000","7.0","7.0"],"27":["2","7.00000","0.00000","7.0","7.0"],