{"_t":[1374642000,1377234000,2592000,240],"_i":["margaritas\/005\/humidity","margaritas\/005\/temperature"],"_@":{"humi":[20,100],"temp":[0,40]},"margaritas\/005\/humidity":{"0":["419","83.66539","1.49114","82.1","85.2"],"1":["418","83.76579","1.56174","82.1","85.6"],"2":["431","65.19629","16.59753","36.4","85.7"],"3":["419","39.02983","3.94311","30.7","50.4"],"4":["418","38.10502","4.56985","27.8","50.2"],"5":["419","57.19905","12.03708","31.7","80.7"],"6":["418","83.71699","1.87924","77.0","86.1"],"7":["381","83.90761","1.47020","82.3","85.5"],"8":["367","83.82398","1.50346","82.3","85.4"],"9":["393","83.72010","1.52056","82.1","85.3"],"10":["380","71.77263","12.79758","44.4","85.9"],"11":["406","42.56059","5.28434","32.1","61.4"],"12":["380","50.36737","6.67611","36.8","65.3"],"13":["393","66.97201","7.57459","53.4","86.1"],"14":["393","83.58804","1.96382","78.5","86.2"],"15":["379","84.46887","1.54839","82.9","86.0"],"16":["418","84.33493","1.52312","82.7","86.0"],"17":["407","84.18010","1.49749","82.6","85.8"],"18":["432","81.42847","7.21984","49.3","86.5"],"19":["419","56.14654","5.07507","42.5","67.2"],"20":["419","51.86062","4.96192","36.0","63.9"],"21":["432","74.40255","9.73603","49.8","86.1"],"22":["405","84.30519","1.47529","82.8","85.9"],"23":["430","84.27163","1.51395","82.6","85.9"],"24":["393","84.12137","1.50221","82.6","85.7"],"25":["393","84.12112","1.50195","82.6","85.7"],"26":["393","73.89135","11.68333","42.7","86.0"],"27":["380","49.09474","7.35171","28.8","65.5"],"28":["367","40.25858","4.13949","29.8","51.0"],"29":["314","53.24682","5.66000","40.7","65.2"],"30":["289","78.24291","7.22396","60.1","85.7"],"31":["301","84.26346","1.54171","82.6","85.9"],"32":["276","84.32391","1.55575","82.7","85.9"],"33":["289","83.13806","1.69054","79.0","85.8"],"34":["289","64.80519","15.53527","35.7","86.0"],"35":["289","48.35848","5.83516","34.6","62.1"],"36":["289","43.58443","5.24536","32.8","54.8"],"37":["288","58.02569","7.61982","43.9","76.3"],"38":["289","81.03599","3.93824","70.6","85.8"],"39":["301","84.01728","1.49029","82.4","85.6"],"40":["289","83.93737","1.49439","82.3","85.6"],"41":["315","83.74603","1.48942","82.1","85.4"],"42":["315","74.00222","10.54487","50.8","86.4"],"43":["354","49.90056","10.41719","33.7","70.3"],"44":["354","43.28588","3.55741","34.3","55.0"],"45":["314","52.67771","5.75706","41.5","67.2"],"46":["302","78.33179","5.07354","63.5","85.7"],"47":["315","84.04349","1.47585","82.5","85.5"],"48":["302","84.01854","1.50801","82.4","85.7"],"49":["301","83.92226","1.47842","82.3","85.5"],"50":["302","67.45563","14.02687","38.4","86.0"],"51":["302","54.74073","6.67464","37.2","68.3"],"52":["302","68.07219","7.99196","47.7","86.2"],"53":["315","79.74381","4.83353","58.3","86.0"],"54":["289","84.39066","1.50818","82.8","86.0"],"55":["302","84.40199","1.54124","82.8","86.0"],"56":["302","84.35662","1.50935","82.7","85.9"],"57":["302","84.20728","1.48327","82.6","85.8"],"58":["125","84.35840","1.52479","82.7","86.0"],"62":["126","84.48175","1.45866","83.0","86.0"],"63":["265","84.41434","1.48146","82.6","86.0"],"64":["265","84.08340","1.45564","82.4","85.6"],"65":["253","83.97075","1.46131","82.3","85.5"],"66":["241","73.19170","13.41765","40.4","86.3"],"67":["253","52.09407","6.58812","34.4","65.2"],"68":["265","61.04491","7.14597","42.0","78.3"],"69":["253","71.35494","10.51393","48.0","86.3"],"70":["253","84.64111","1.51051","82.9","86.3"],"71":["241","84.40830","1.50521","82.8","86.0"],"72":["240","84.37500","1.49812","82.8","85.8"],"73":["253","84.37431","1.49548","82.8","85.8"],"74":["265","77.66755","13.08728","36.0","86.1"],"75":["241","60.57095","13.29689","33.5","84.0"],"76":["253","48.39684","4.54800","33.5","59.1"],"77":["241","69.14481","8.45538","52.6","86.3"],"78":["265","82.53698","2.72438","75.5","86.1"],"79":["265","84.35208","1.51369","82.7","86.0"],"80":["241","84.40664","1.54389","82.7","85.9"],"81":["253","83.65059","1.55145","81.0","85.9"],"82":["253","68.37510","14.56873","40.5","86.0"],"83":["265","46.50226","4.00045","38.9","57.8"],"84":["253","55.51621","8.08198","42.0","81.8"],"85":["241","67.14564","6.48890","49.6","79.7"],"86":["241","83.65353","2.55057","72.4","86.1"],"87":["228","83.97018","1.42376","82.4","85.4"],"88":["217","84.17235","1.50895","82.5","85.6"],"89":["205","84.03561","1.46356","82.4","85.6"],"90":["205","81.19561","6.03900","58.4","86.1"],"91":["180","64.91444","7.68582","42.5","77.7"],"92":["156","59.43269","13.44779","31.5","85.4"],"93":["156","81.93910","2.94955","76.2","86.4"],"94":["156","84.38269","1.51895","82.6","86.0"],"95":["156","84.11923","1.49152","82.5","85.5"],"96":["156","84.09231","1.53713","82.4","85.6"],"97":["156","83.84038","1.50033","82.1","85.5"],"98":["143","64.96643","18.46465","30.1","85.9"],"99":["156","45.23397","5.20092","34.7","57.7"],"100":["26","34.52692","1.54411","31.6","38.1"],"101":["13","44.42308","5.73171","37.2","52.2"],"185":["224","84.27634","1.42889","82.7","85.8"],"186":["393","64.27735","17.56499","36.1","86.1"],"194":["163","64.24847","16.81331","40.3","84.6"],"195":["368","56.97364","23.86048","27.0","99.9"],"196":["316","53.79241","10.39921","32.8","79.3"],"197":["379","83.41636","3.16256","72.4","86.4"],"198":["405","84.41136","1.46423","82.7","86.1"],"199":["380","84.30237","1.52753","82.7","85.9"],"200":["406","84.40123","1.51393","82.8","85.9"],"201":["368","84.46386","1.53885","82.9","86.0"],"205":["401","69.34464","9.68846","50.1","85.4"],"206":["89","84.26180","1.32169","82.4","86.1"]},"margaritas\/005\/temperature":{"0":["419","5.38520","0.95544","4.1","6.9"],"1":["418","6.21268","1.17551","4.1","8.2"],"2":["431","15.29443","5.39988","6.3","23.4"],"3":["419","23.51766","1.79253","19.6","27.4"],"4":["418","23.13517","1.69783","19.9","28.4"],"5":["419","19.08759","2.13003","14.9","28.0"],"6":["418","11.28493","2.38944","6.9","15.5"],"7":["381","7.28819","1.27970","5.1","9.4"],"8":["367","6.66158","0.93934","4.9","8.0"],"9":["393","5.77557","1.19384","3.3","7.7"],"10":["380","14.39053","4.98379","5.1","23.2"],"11":["406","23.03103","1.54388","19.7","27.8"],"12":["380","21.95658","2.06541","18.2","27.7"],"13":["393","17.86336","2.06271","13.0","22.6"],"14":["393","12.95115","0.94898","11.0","15.0"],"15":["379","11.45066","0.20870","10.8","11.8"],"16":["418","10.39139","0.88587","8.7","11.7"],"17":["407","9.48870","0.66423","8.1","10.6"],"18":["432","14.40255","3.24839","9.8","23.6"],"19":["419","21.57637","1.19381","19.4","24.6"],"20":["419","21.95036","1.78925","19.1","28.0"],"21":["432","15.25417","2.23921","10.9","19.8"],"22":["405","10.56247","0.61678","9.6","12.2"],"23":["430","10.10140","0.61994","8.6","11.2"],"24":["393","9.33359","0.43533","8.5","9.9"],"25":["393","9.19338","0.48907","8.2","9.9"],"26":["393","14.70636","3.60996","9.3","22.5"],"27":["380","21.25053","1.89755","18.0","29.0"],"28":["367","22.70109","1.42123","18.9","25.4"],"29":["314","17.68949","2.02114","14.4","23.5"],"30":["289","10.94429","1.64388","8.1","14.2"],"31":["301","10.01960","0.69290","8.4","10.9"],"32":["276","10.08188","0.42473","8.9","10.7"],"33":["289","10.60173","0.49162","9.6","11.4"],"34":["289","15.44602","3.90080","9.2","24.2"],"35":["289","19.82422","1.71483","16.6","24.4"],"36":["289","21.80277","1.83720","19.0","26.1"],"37":["288","17.36285","2.47998","13.0","23.7"],"38":["289","10.82007","1.01129","8.0","12.8"],"39":["301","7.87342","1.13176","5.4","9.4"],"40":["289","7.30934","1.19579","5.2","9.3"],"41":["315","5.81714","1.04609","4.0","8.0"],"42":["315","13.43746","5.02581","4.4","20.8"],"43":["354","20.79068","2.97642","15.8","26.7"],"44":["354","21.27345","2.13715","17.7","26.2"],"45":["314","17.82293","2.24471","13.4","22.6"],"46":["302","10.46258","1.13241","7.4","13.4"],"47":["315","7.88413","0.77917","6.4","8.9"],"48":["302","7.53709","1.21738","5.3","9.2"],"49":["301","6.72259","1.01275","4.2","8.4"],"50":["302","15.33444","4.45246","7.2","23.3"],"51":["302","19.64338","2.07486","16.2","24.3"],