{"_t":[1379912400,1379998800,86400,144],"_i":["timana0\/001\/humidity","timana0\/001\/temp_dry","timana0\/001\/temp_wet","timana0\/002\/VoltR","timana0\/003\/VoltR","timana0\/004\/VoltR","timana0\/005\/tension","timana0\/006\/temp_dry","timana0\/006\/temp_wet"],"_@":{"humi":[30,60],"temp":[10,30],"Volt":[0,0],"tens":[10,30]},"timana0\/001\/humidity":{"54":["2","46.50000","0.50000","46.0","47.0"],"55":["2","47.00000","0.00000","47.0","47.0"],"56":["2","47.50000","0.50000","47.0","48.0"],"57":["2","46.00000","1.00000","45.0","47.0"],"58":["2","42.50000","0.50000","42.0","43.0"],"59":["2","42.00000","1.00000","41.0","43.0"],"60":["2","44.50000","0.50000","44.0","45.0"],"61":["2","43.50000","0.50000","43.0","44.0"],"62":["2","45.50000","0.50000","45.0","46.0"],"63":["2","48.00000","0.00000","48.0","48.0"],"64":["2","48.50000","0.50000","48.0","49.0"],"65":["2","46.50000","0.50000","46.0","47.0"],"66":["2","47.50000","0.50000","47.0","48.0"],"67":["2","47.50000","0.50000","47.0","48.0"],"68":["2","48.50000","0.50000","48.0","49.0"],"69":["2","47.50000","0.50000","47.0","48.0"],"70":["2","47.00000","0.00000","47.0","47.0"],"71":["2","45.50000","0.50000","45.0","46.0"],"72":["2","44.50000","0.50000","44.0","45.0"],"73":["2","46.00000","1.00000","45.0","47.0"],"74":["2","44.00000","1.00000","43.0","45.0"],"75":["2","44.50000","0.50000","44.0","45.0"],"76":["2","44.50000","1.50000","43.0","46.0"],"77":["2","43.50000","0.50000","43.0","44.0"],"78":["2","41.50000","0.50000","41.0","42.0"],"79":["1","44.00000","0.00000","44.0","44.0"],"80":["2","42.50000","0.50000","42.0","43.0"],"81":["2","44.50000","1.50000","43.0","46.0"],"82":["2","46.50000","0.50000","46.0","47.0"],"83":["2","45.00000","0.00000","45.0","45.0"],"84":["2","43.00000","2.00000","41.0","45.0"],"85":["2","39.50000","0.50000","39.0","40.0"],"86":["2","41.00000","0.00000","41.0","41.0"],"87":["2","44.00000","0.00000","44.0","44.0"],"88":["2","44.50000","1.50000","43.0","46.0"],"89":["2","45.50000","0.50000","45.0","46.0"],"90":["2","45.00000","1.00000","44.0","46.0"],"91":["2","42.00000","1.00000","41.0","43.0"],"92":["2","42.50000","0.50000","42.0","43.0"],"93":["2","45.00000","1.00000","44.0","46.0"],"94":["2","38.00000","1.00000","37.0","39.0"],"95":["2","42.00000","3.00000","39.0","45.0"],"96":["2","38.50000","0.50000","38.0","39.0"],"97":["2","41.50000","3.50000","38.0","45.0"],"98":["2","43.00000","3.00000","40.0","46.0"],"99":["2","48.00000","2.00000","46.0","50.0"],"100":["2","41.50000","0.50000","41.0","42.0"],"101":["2","41.50000","1.50000","40.0","43.0"],"102":["2","46.50000","1.50000","45.0","48.0"],"103":["2","51.00000","0.00000","51.0","51.0"],"104":["2","56.00000","2.00000","54.0","58.0"]},"timana0\/001\/temp_dry":{"54":["2","19.05000","0.15000","18.9","19.2"],"55":["2","19.10000","0.10000","19.0","19.2"],"56":["2","18.20000","0.10000","18.1","18.3"],"57":["2","19.70000","0.70000","19.0","20.4"],"58":["2","21.00000","0.10000","20.9","21.1"],"59":["2","20.95000","0.35000","20.6","21.3"],"60":["2","20.15000","0.65000","19.5","20.8"],"61":["2","21.25000","0.05000","21.2","21.3"],"62":["2","20.30000","0.20000","20.1","20.5"],"63":["2","19.80000","0.00000","19.8","19.8"],"64":["2","19.95000","0.05000","19.9","20.0"],"65":["2","20.80000","0.40000","20.4","21.2"],"66":["2","20.20000","0.10000","20.1","20.3"],"67":["2","20.40000","0.10000","20.3","20.5"],"68":["2","20.60000","0.20000","20.4","20.8"],"69":["2","20.65000","0.05000","20.6","20.7"],"70":["2","21.50000","0.50000","21.0","22.0"],"71":["2","21.60000","0.20000","21.4","21.8"],"72":["2","21.90000","0.20000","21.7","22.1"],"73":["2","21.40000","0.10000","21.3","21.5"],"74":["2","22.55000","0.45000","22.1","23.0"],"75":["2","22.40000","0.00000","22.4","22.4"],"76":["2","22.05000","0.35000","21.7","22.4"],"77":["2","22.60000","0.00000","22.6","22.6"],"78":["2","23.15000","0.05000","23.1","23.2"],"79":["1","22.90000","0.00000","22.9","22.9"],"80":["2","22.85000","0.05000","22.8","22.9"],"81":["2","21.70000","0.70000","21.0","22.4"],"82":["2","20.50000","0.10000","20.4","20.6"],"83":["2","21.20000","0.20000","21.0","21.4"],"84":["2","22.25000","0.85000","21.4","23.1"],"85":["2","23.85000","0.25000","23.6","24.1"],"86":["2","22.90000","0.00000","22.9","22.9"],"87":["2","21.85000","0.05000","21.8","21.9"],"88":["2","21.00000","0.70000","20.3","21.7"],"89":["2","21.10000","0.30000","20.8","21.4"],"90":["2","21.10000","0.50000","20.6","21.6"],"91":["2","21.75000","0.35000","21.4","22.1"],"92":["2","21.30000","0.30000","21.0","21.6"],"93":["2","20.10000","0.30000","19.8","20.4"],"94":["2","23.15000","0.75000","22.4","23.9"],"95":["2","21.80000","1.20000","20.6","23.0"],"96":["2","23.55000","0.55000","23.0","24.1"],"97":["2","22.75000","1.35000","21.4","24.1"],"98":["2","21.50000","1.10000","20.4","22.6"],"99":["2","20.05000","0.55000","19.5","20.6"],"100":["2","21.85000","0.55000","21.3","22.4"],"101":["2","22.15000","0.65000","21.5","22.8"],"102":["2","20.30000","0.40000","19.9","20.7"],"103":["2","19.15000","0.15000","19.0","19.3"],"104":["2","18.20000","0.40000","17.8","18.6"]},"timana0\/001\/temp_wet":{"54":["2","12.60000","0.00000","12.6","12.6"],"55":["2","12.70000","0.10000","12.6","12.8"],"56":["2","12.00000","0.00000","12.0","12.0"],"57":["2","13.00000","0.40000","12.6","13.4"],"58":["2","13.60000","0.00000","13.6","13.6"],"59":["2","13.50000","0.10000","13.4","13.6"],"60":["2","13.20000","0.40000","12.8","13.6"],"61":["2","13.95000","0.15000","13.8","14.1"],"62":["2","13.50000","0.10000","13.4","13.6"],"63":["2","13.40000","0.00000","13.4","13.4"],"64":["2","13.60000","0.00000","13.6","13.6"],"65":["2","14.00000","0.20000","13.8","14.2"],"66":["2","13.70000","0.00000","13.7","13.7"],"67":["2","13.85000","0.05000","13.8","13.9"],"68":["2","14.15000","0.05000","14.1","14.2"],"69":["2","14.00000","0.00000","14.0","14.0"],"70":["2","14.65000","0.35000","14.3","15.0"],"71":["2","14.55000","0.25000","14.3","14.8"],"72":["2","14.60000","0.20000","14.4","14.8"],"73":["2","14.40000","0.20000","14.2","14.6"],"74":["2","15.00000","0.20000","14.8","15.2"],"75":["2","14.95000","0.05000","14.9","15.0"],"76":["2","14.70000","0.10000","14.6","14.8"],"77":["2","14.90000","0.10000","14.8","15.0"],"78":["2","15.15000","0.15000","15.0","15.3"],"79":["1","15.20000","0.00000","15.2","15.2"],"80":["2","15.00000","0.00000","15.0","15.0"],"81":["2","14.40000","0.30000","14.1","14.7"],"82":["2","13.75000","0.05000","13.7","13.8"],"83":["2","14.10000","0.20000","13.9","14.3"],"84":["2","14.60000","0.40000","14.2","15.0"],"85":["2","15.30000","0.10000","15.2","15.4"],"86":["2","14.85000","0.05000","14.8","14.9"],"87":["2","14.45000","0.05000","14.4","14.5"],"88":["2","13.90000","0.30000","13.6","14.2"],"89":["2","14.05000","0.15000","13.9","14.2"],"90":["2","13.95000","0.25000","13.7","14.2"],"91":["2","14.05000","0.15000","13.9","14.2"],"92":["2","13.85000","0.15000","13.7","14.0"],"93":["2","13.20000","0.10000","13.1","13.3"],"94":["2","14.55000","0.45000","14.1","15.0"],"95":["2","14.10000","0.50000","13.6","14.6"],"96":["2","14.90000","0.30000","14.6","15.2"],"97":["2","14.75000","0.55000","14.2","15.3"],"98":["2","14.05000","0.45000","13.6","14.5"],"99":["2","13.60000","0.20000","13.4","13.8"],"100":["2","14.10000","0.30000","13.8","14.4"],"101":["2","14.30000","0.30000","14.0","14.6"],"102":["2","13.60000","0.10000","13.5","13.7"],"103":["2","13.30000","0.10000","13.2","13.4"],"104":["2","13.10000","0.10000","13.0","13.2"]},"timana0\/002\/VoltR":{"54":["2","0.00000","0.00000","0.0","0.0"],"55":["2","0.00000","0.00000","0.0","0.0"],"56":["2","0.00000","0.00000","0.0","0.0"],"57":["2","0.00000","0.00000","0.0","0.0"],"58":["2","0.00000","0.00000","0.0","0.0"],"59":["2","0.00000","0.00000","0.0","0.0"],"60":["2","0.00000","0.00000","0.0","0.0"],"61":["2","0.00000","0.00000","0.0","0.0"],"62":["2","0.00000","0.00000","0.0","0.0"],"63":["2","0.00000","0.00000","0.0","0.0"],"64":["2","0.00000","0.00000","0.0","0.0"],"65":["2","0.00000","0.00000","0.0","0.0"],