{"_t":[1366002000,1366520400,518400,168],"_i":["sanpedro\/002\/humidity","sanpedro\/002\/temperature"],"_@":{"humi":[30,100],"temp":[0,40]},"sanpedro\/002\/humidity":{"9":["50","88.78200","3.64053","85.0","95.0"],"10":["104","70.72981","4.16182","63.9","81.1"],"17":["55","79.53636","3.33915","76.4","86.8"],"18":["72","69.19167","4.19870","64.4","79.5"],"19":["94","76.65638","8.41925","63.9","92.0"],"20":["106","84.75566","4.01008","81.0","95.0"],"21":["10","91.20000","3.09160","86.7","94.9"],"22":["8","90.15000","3.55282","86.7","94.8"],"23":["14","90.81429","3.66973","86.7","94.8"],"24":["10","91.37000","3.22771","86.7","94.8"],"25":["24","91.45000","2.22092","86.6","94.7"],"26":["4","91.37500","2.98025","86.5","94.6"],"27":["35","91.06286","3.30533","86.4","94.6"],"28":["13","91.15385","3.32094","86.4","94.6"],"29":["22","90.77273","3.43063","86.4","94.6"],"30":["19","90.27895","3.54781","86.2","94.5"],"31":["11","91.11818","3.15791","86.2","94.4"],"32":["18","90.80556","3.34506","86.2","94.5"],"33":["10","91.91000","2.98008","86.3","94.5"],"34":["12","88.96667","3.11618","86.3","94.5"],"35":["19","91.18947","3.02322","86.4","94.5"],"36":["12","91.04167","3.36067","86.5","94.6"],"37":["49","61.18367","2.32619","54.3","63.5"],"38":["45","56.17333","0.83037","54.6","58.9"],"40":["44","51.31136","5.48760","46.7","67.1"],"43":["49","54.04490","7.89965","46.4","70.9"],"44":["135","61.81037","6.94531","47.4","73.5"],"46":["47","54.04043","6.30645","49.2","68.7"],"47":["41","74.32927","4.74564","70.8","84.9"],"48":["210","85.14048","6.39684","71.2","95.0"],"49":["27","90.88148","3.41685","86.5","94.8"],"50":["19","90.36316","3.40962","86.5","94.7"],"51":["19","91.02105","3.27889","86.4","94.6"],"52":["6","89.78333","3.37165","86.5","94.6"],"53":["8","91.45000","3.02118","86.5","94.7"],"54":["24","91.16667","3.44222","86.5","94.7"],"55":["8","90.97500","3.63241","86.4","94.7"],"56":["7","91.14286","3.26796","86.2","94.5"],"57":["7","90.94286","3.26796","86.0","94.3"],"58":["10","90.56000","3.17213","85.9","94.2"],"59":["19","90.23684","3.34290","86.0","94.2"],"60":["30","88.56667","3.55915","85.9","94.2"],"61":["33","88.87576","3.52119","85.9","94.2"],"62":["39","88.83846","3.58913","85.9","94.2"],"63":["51","89.55490","3.52617","85.9","94.2"],"64":["61","90.53443","3.46433","86.2","94.7"],"65":["13","91.18462","3.21435","86.5","94.9"],"70":["44","40.59318","3.60438","36.1","47.9"],"71":["65","57.43692","5.17953","51.4","70.6"],"72":["29","59.22069","4.50956","53.7","69.3"],"73":["48","55.73750","3.60778","51.2","62.7"],"74":["71","62.68169","8.61924","53.5","77.5"],"75":["107","85.91682","7.40825","72.7","95.1"],"76":["31","91.45806","3.40652","86.7","95.1"],"77":["17","91.31176","3.16987","86.5","94.9"],"78":["36","85.91111","1.64853","84.4","92.4"],"79":["10","91.52000","3.43331","86.5","94.7"],"80":["11","91.08182","2.94242","86.5","94.6"],"81":["8","91.37500","2.98025","86.5","94.6"],"82":["8","91.67500","3.16336","86.5","94.6"],"83":["41","91.81951","1.85646","86.5","94.6"],"84":["39","91.23077","2.92795","86.5","94.6"],"85":["26","91.21923","3.01904","86.5","94.6"],"86":["11","91.05455","2.91746","86.5","94.5"],"87":["19","91.08947","3.27123","86.5","94.5"],"88":["2","89.30000","2.80000","86.5","92.1"],"89":["9","91.03333","3.35195","86.5","94.5"],"95":["45","58.06889","3.85958","54.7","66.0"],"96":["135","62.03259","4.31375","53.8","71.5"],"97":["87","54.14138","3.71414","50.5","65.0"],"101":["48","59.27708","2.37629","55.5","65.2"],"102":["47","66.25106","2.82797","62.8","74.2"],"103":["258","83.84690","3.84981","75.4","93.9"],"104":["40","87.82000","3.44356","85.1","95.2"],"105":["17","91.19412","3.38465","86.8","94.9"],"106":["27","91.34815","3.17588","86.7","94.9"],"107":["1","92.40000","0.00000","92.4","92.4"],"108":["15","91.80667","3.30020","86.6","94.8"],"109":["33","91.34848","3.33013","86.5","94.7"],"110":["11","91.50909","3.25310","86.4","94.6"],"111":["10","91.18000","3.28323","86.4","94.6"],"112":["17","91.22941","3.21060","86.5","94.6"],"113":["9","91.36667","3.56308","86.5","94.6"],"114":["8","91.90000","3.32941","86.4","94.6"],"115":["11","91.39091","3.28120","86.3","94.5"],"116":["8","90.52500","3.40211","86.3","94.5"],"117":["26","92.00000","2.98264","86.3","94.5"],"133":["20","91.93000","3.29623","86.5","94.7"],"134":["19","91.26316","2.57298","86.5","94.7"],"135":["2","93.45000","1.25000","92.2","94.7"],"136":["9","91.13333","3.43155","86.5","94.7"],"137":["20","91.36500","3.35220","86.5","94.7"],"138":["11","91.32727","3.13110","86.5","94.7"],"139":["11","91.32727","3.13110","86.5","94.7"],"140":["27","90.98889","3.39349","86.4","94.7"],"141":["33","91.31212","3.19068","86.4","94.7"],"142":["5","91.46000","2.70895","86.4","94.6"],"143":["5","90.28000","3.37544","86.3","94.6"],"144":["21","91.12857","3.21146","86.3","94.5"],"145":["20","91.32000","3.43331","86.3","94.5"],"146":["21","91.12857","3.21146","86.3","94.5"],"148":["40","91.66250","3.15378","86.4","94.9"],"149":["132","79.76894","9.40560","63.4","95.0"],"150":["59","63.60339","3.06533","55.4","68.3"]},"sanpedro\/002\/temperature":{"9":["50","15.89400","0.32150","15.1","16.7"],"10":["104","19.81731","1.49199","18.0","23.0"],"17":["55","18.45455","0.54533","17.9","19.5"],"18":["72","19.60278","0.54492","19.0","22.0"],"19":["94","17.95213","1.44191","16.5","22.0"],"20":["106","15.91981","0.65379","14.7","17.8"],"21":["10","14.18000","0.27129","13.8","14.7"],"22":["8","13.82500","0.29896","13.5","14.3"],"23":["14","13.77143","0.26573","13.3","14.2"],"24":["10","13.50000","0.28284","13.1","13.9"],"25":["24","12.66250","0.11110","12.5","13.1"],"26":["4","12.22500","0.28614","11.8","12.6"],"27":["35","12.29143","0.33069","11.9","12.8"],"28":["13","12.18462","0.31585","11.9","12.7"],"29":["22","12.12727","0.38160","11.4","12.8"],"30":["19","10.95263","0.42719","10.4","11.7"],"31":["11","10.98182","0.36883","10.5","11.6"],"32":["18","11.12778","0.40798","10.7","11.9"],"33":["10","11.29000","0.46141","10.5","11.9"],"34":["12","11.08333","0.38694","10.5","11.9"],"35":["19","11.34211","0.39645","10.6","12.1"],"36":["12","12.35000","0.24324","11.9","12.7"],"37":["49","20.35306","2.74733","18.1","25.5"],"38":["45","21.55556","2.48198","19.9","26.2"],"40":["44","22.02273","0.61933","21.2","23.5"],"43":["49","21.50408","0.46024","21.1","22.7"],"44":["135","22.18444","1.39554","20.5","25.4"],"46":["47","24.66383","0.35755","23.8","25.1"],"47":["41","19.05610","0.71909","18.1","20.8"],"48":["210","16.61619","1.40947","13.8","20.7"],"49":["27","13.48519","0.51762","12.4","14.4"],"50":["19","12.71579","0.40816","12.0","13.2"],"51":["19","12.32105","0.48945","11.4","13.0"],"52":["6","12.76667","0.35901","12.4","13.5"],"53":["8","13.10000","0.38730","12.7","13.8"],"54":["24","13.21250","0.36207","12.8","13.7"],"55":["8","12.45000","0.48218","11.8","13.0"],"56":["7","11.31429","0.73955","10.1","11.9"],"57":["7","9.87143","0.71257","8.7","10.4"],"58":["10","8.93000","0.69864","7.8","9.5"],"59":["19","9.48421","0.54509","8.7","10.2"],"60":["30","8.81000","0.61987","8.2","10.1"],"61":["33","8.84848","0.57426","8.2","9.8"],"62":["39","8.76667","0.59240","8.0","9.7"],"63":["51","8.70196","0.59656","7.9","10.0"],"64":["61","12.15246","0.88921","10.5","14.1"],"65":["13","13.91538","0.62122","13.1","15.0"],"70":["44","26.36818","2.40877","24.0","31.6"],"71":["65","22.53538","0.80066","21.6","24.3"],"72":["29","22.56207","0.42541","22.2","23.5"],"73":["48","23.93125","0.58279","23.4","25.1"],"74":["71","22.04225","1.75953","18.6","24.5"],"75":["107","17.04206","1.63753","14.7","20.9"],"76":["31","14.88710","0.62048","14.0","16.6"],"77":["17","14.29412","0.42905","13.8","15.2"],"78":["36","13.60833","0.03632","13.5","13.7"],"79":["10","13.23000","0.30348","12.7","13.6"],"80":["11","12.89091","0.22745","12.6","13.3"],"81":["8","12.92500","0.29475","12.6","13.4"],"82":["8","12.98750","0.31400","12.6","13.4"],"83":["41","12.65366","0.17264","12.3","13.2"],"84":["39","12.57436","0.29152","12.1","13.1"],