{"_t":[1381122000,1381208400,86400,144],"_i":["timana0\/002\/VoltR"],"_@":{"Volt":[0,130]},"timana0\/002\/VoltR":{"50":["2","0.00000","0.00000","0.0","0.0"],"51":["2","0.00000","0.00000","0.0","0.0"],"52":["2","0.00000","0.00000","0.0","0.0"],"53":["2","0.00000","0.00000","0.0","0.0"],"54":["2","0.00000","0.00000","0.0","0.0"],"55":["2","0.00000","0.00000","0.0","0.0"],"56":["2","0.00000","0.00000","0.0","0.0"],"57":["2","0.00000","0.00000","0.0","0.0"],"58":["2","0.00000","0.00000","0.0","0.0"],"59":["2","0.00000","0.00000","0.0","0.0"],"60":["2","0.00000","0.00000","0.0","0.0"],"61":["2","0.00000","0.00000","0.0","0.0"],"62":["2","0.00000","0.00000","0.0","0.0"],"63":["2","0.00000","0.00000","0.0","0.0"],"64":["2","0.00000","0.00000","0.0","0.0"],"65":["2","0.00000","0.00000","0.0","0.0"],"66":["2","0.00000","0.00000","0.0","0.0"],"67":["2","0.00000","0.00000","0.0","0.0"],"68":["2","0.00000","0.00000","0.0","0.0"],"69":["2","0.00000","0.00000","0.0","0.0"],"70":["2","0.00000","0.00000","0.0","0.0"],"71":["2","0.00000","0.00000","0.0","0.0"],"72":["2","0.00000","0.00000","0.0","0.0"],"73":["2","0.00000","0.00000","0.0","0.0"],"74":["2","0.00000","0.00000","0.0","0.0"],"75":["2","0.00000","0.00000","0.0","0.0"],"76":["2","0.00000","0.00000","0.0","0.0"],"77":["2","121.00000","0.00000","121.0","121.0"],"78":["2","60.50000","60.50000","0.0","121.0"],"79":["2","0.00000","0.00000","0.0","0.0"],"80":["2","0.00000","0.00000","0.0","0.0"],"81":["2","0.00000","0.00000","0.0","0.0"],"82":["1","0.00000","0.00000","0.0","0.0"]}}