{"_t":[1381381200,1381467600,86400,144],"_i":["timana0\/005\/tension"],"_@":{"tens":[0,30]},"timana0\/005\/tension":[["2","12.90000","0.00000","12.9","12.9"],["2","12.90000","0.00000","12.9","12.9"],["2","12.90000","0.00000","12.9","12.9"],["2","12.90000","0.00000","12.9","12.9"],["2","12.90000","0.00000","12.9","12.9"],["2","12.90000","0.00000","12.9","12.9"],["1","12.90000","0.00000","12.9","12.9"],["2","12.90000","0.00000","12.9","12.9"],["2","12.90000","0.00000","12.9","12.9"],["2","12.90000","0.00000","12.9","12.9"],["2","12.90000","0.00000","12.9","12.9"],["2","12.90000","0.00000","12.9","12.9"],["2","12.90000","0.00000","12.9","12.9"],["2","12.90000","0.00000","12.9","12.9"],["2","12.90000","0.00000","12.9","12.9"],["2","12.90000","0.00000","12.9","12.9"],["2","12.90000","0.00000","12.9","12.9"],["2","12.90000","0.00000","12.9","12.9"],["2","12.90000","0.00000","12.9","12.9"],["2","12.90000","0.00000","12.9","12.9"],["2","12.90000","0.00000","12.9","12.9"],["2","12.90000","0.00000","12.9","12.9"],["2","12.90000","0.00000","12.9","12.9"],["2","12.90000","0.00000","12.9","12.9"],["2","12.90000","0.00000","12.9","12.9"],["2","12.90000","0.00000","12.9","12.9"],["2","12.90000","0.00000","12.9","12.9"],["2","12.90000","0.00000","12.9","12.9"],["2","12.90000","0.00000","12.9","12.9"],["2","12.90000","0.00000","12.9","12.9"],["2","12.90000","0.00000","12.9","12.9"],["2","12.90000","0.00000","12.9","12.9"],["1","12.90000","0.00000","12.9","12.9"],["2","12.90000","0.00000","12.9","12.9"],["2","12.90000","0.00000","12.9","12.9"],["2","12.90000","0.00000","12.9","12.9"],["2","12.90000","0.00000","12.9","12.9"],["1","12.90000","0.00000","12.9","12.9"],["2","12.80000","0.00000","12.8","12.8"],["2","10.45000","2.35000","8.1","12.8"],["2","15.15000","1.75000","13.4","16.9"],["2","18.80000","0.50000","18.3","19.3"],["2","20.50000","0.40000","20.1","20.9"],["2","21.10000","0.00000","21.1","21.1"],["2","21.10000","0.00000","21.1","21.1"],["2","21.15000","0.05000","21.1","21.2"],["2","21.35000","0.05000","21.3","21.4"],["2","21.15000","0.05000","21.1","21.2"],["2","21.45000","0.05000","21.4","21.5"],["2","21.10000","0.30000","20.8","21.4"],["2","21.30000","0.20000","21.1","21.5"],["2","21.30000","0.00000","21.3","21.3"],["2","21.45000","0.15000","21.3","21.6"],["2","17.25000","4.35000","12.9","21.6"],["2","21.25000","0.35000","20.9","21.6"],["2","21.55000","0.05000","21.5","21.6"],["2","21.35000","0.55000","20.8","21.9"],["2","21.50000","0.40000","21.1","21.9"],["2","21.25000","0.55000","20.7","21.8"],["2","21.45000","0.45000","21.0","21.9"],["2","21.50000","0.70000","20.8","22.2"],["2","21.20000","0.10000","21.1","21.3"],["2","20.85000","0.15000","20.7","21.0"],["2","20.55000","0.15000","20.4","20.7"],["2","20.65000","0.15000","20.5","20.8"],["2","21.10000","0.60000","20.5","21.7"],["2","20.45000","0.05000","20.4","20.5"],["2","21.50000","0.70000","20.8","22.2"],["2","21.00000","0.20000","20.8","21.2"],["2","17.50000","4.60000","12.9","22.1"],["2","21.20000","0.30000","20.9","21.5"],["2","21.30000","0.00000","21.3","21.3"],["2","16.90000","4.00000","12.9","20.9"],["2","20.95000","0.05000","20.9","21.0"],["2","20.20000","0.10000","20.1","20.3"],["2","21.30000","0.30000","21.0","21.6"],["2","21.55000","0.15000","21.4","21.7"],["2","21.60000","0.20000","21.4","21.8"],["2","21.75000","0.15000","21.6","21.9"],["2","20.75000","0.75000","20.0","21.5"],["2","21.10000","0.80000","20.3","21.9"],["2","20.50000","0.10000","20.4","20.6"],["2","20.30000","0.00000","20.3","20.3"],["2","21.15000","0.85000","20.3","22.0"],["2","21.10000","1.20000","19.9","22.3"],["2","20.65000","0.75000","19.9","21.4"],["2","20.35000","0.35000","20.0","20.7"],["2","20.30000","0.90000","19.4","21.2"],["2","21.65000","0.15000","21.5","21.8"],["2","20.55000","0.35000","20.2","20.9"],["2","16.60000","3.70000","12.9","20.3"],["2","20.20000","0.10000","20.1","20.3"],["2","20.10000","0.10000","20.0","20.2"],["1","16.80000","0.00000","16.8","16.8"],["2","16.20000","0.10000","16.1","16.3"],["2","18.80000","0.50000","18.3","19.3"],["2","19.75000","0.05000","19.7","19.8"],["2","19.75000","0.15000","19.6","19.9"],["2","18.40000","0.60000","17.8","19.0"],["2","16.65000","0.15000","16.5","16.8"],["2","17.45000","0.05000","17.4","17.5"],["2","16.05000","0.85000","15.2","16.9"],["2","12.90000","0.00000","12.9","12.9"],["2","12.90000","0.00000","12.9","12.9"],["2","12.95000","0.05000","12.9","13.0"],["2","12.95000","0.05000","12.9","13.0"],["2","12.95000","0.05000","12.9","13.0"],["2","13.00000","0.00000","13.0","13.0"],["2","12.90000","0.00000","12.9","12.9"],["2","13.00000","0.00000","13.0","13.0"],["2","12.95000","0.05000","12.9","13.0"],["2","13.00000","0.00000","13.0","13.0"],["2","13.00000","0.00000","13.0","13.0"],["2","12.95000","0.05000","12.9","13.0"],["2","12.95000","0.05000","12.9","13.0"],["2","12.90000","0.00000","12.9","12.9"],["2","12.90000","0.00000","12.9","12.9"],["2","12.90000","0.00000","12.9","12.9"],["2","12.90000","0.00000","12.9","12.9"],["2","12.90000","0.00000","12.9","12.9"],["2","12.95000","0.05000","12.9","13.0"],["2","12.95000","0.05000","12.9","13.0"],["2","13.00000","0.00000","13.0","13.0"],["2","12.95000","0.05000","12.9","13.0"],["2","12.95000","0.05000","12.9","13.0"],["2","12.90000","0.00000","12.9","12.9"],["2","12.90000","0.00000","12.9","12.9"],["2","12.95000","0.05000","12.9","13.0"],["2","12.95000","0.05000","12.9","13.0"],["1","13.00000","0.00000","13.0","13.0"],["2","12.90000","0.00000","12.9","12.9"],["2","12.90000","0.00000","12.9","12.9"],["2","12.90000","0.00000","12.9","12.9"],["2","12.95000","0.05000","12.9","13.0"],["2","12.90000","0.00000","12.9","12.9"],["2","12.95000","0.05000","12.9","13.0"],["2","12.95000","0.05000","12.9","13.0"],["2","12.90000","0.00000","12.9","12.9"],["2","12.90000","0.00000","12.9","12.9"],["2","12.90000","0.00000","12.9","12.9"],["2","12.90000","0.00000","12.9","12.9"],["2","12.90000","0.00000","12.9","12.9"],["2","12.90000","0.00000","12.9","12.9"],["2","12.90000","0.00000","12.9","12.9"]]}