{"_t":[1369285200,1371877200,2592000,240],"_i":["sanpedro\/003\/humidity","sanpedro\/003\/temperature"],"_@":{"humi":[40,100],"temp":[0,40]},"sanpedro\/003\/humidity":{"0":["53","90.51132","3.56782","86.3","94.7"],"1":["68","90.96176","3.52011","86.2","94.5"],"2":["278","83.77338","6.97847","69.6","95.0"],"4":["46","78.32826","2.40991","73.2","82.5"],"5":["232","87.01336","3.34632","82.2","94.8"],"6":["52","90.44038","3.63679","86.3","94.7"],"7":["34","90.46471","3.53827","86.3","94.6"],"8":["40","91.06000","3.39248","86.4","94.6"],"9":["42","90.22143","3.60578","86.3","94.6"],"10":["137","83.14672","5.26941","76.6","94.7"],"11":["108","68.88148","8.86629","54.6","95.0"],"12":["112","81.95804","1.51620","78.3","84.8"],"13":["203","87.12266","3.74983","82.8","95.1"],"14":["89","90.27191","3.62488","86.0","94.7"],"15":["81","90.46296","3.71232","86.0","94.3"],"16":["72","89.81667","3.61094","85.8","94.3"],"17":["140","87.94286","3.21612","85.8","94.2"],"18":["127","77.09606","9.65562","61.0","94.3"],"21":["84","74.05833","15.38166","56.3","94.9"],"22":["95","90.49684","3.53992","86.3","94.8"],"23":["64","90.29531","3.43349","86.2","94.5"],"24":["42","90.58095","3.29178","86.3","94.5"],"25":["53","90.42264","3.52996","86.2","94.5"],"26":["86","87.19186","3.67775","82.9","95.0"],"29":["174","82.32011","9.27022","65.9","94.7"],"30":["62","90.41613","3.59494","86.1","94.6"],"31":["94","89.86915","3.55130","86.0","94.3"],"32":["101","90.37723","3.52900","85.8","94.3"],"33":["45","87.52667","3.09741","85.8","94.0"],"34":["149","78.37315","8.54431","68.7","94.4"],"35":["93","61.83441","3.44488","56.0","72.5"],"37":["107","84.56916","6.66250","76.1","95.1"],"38":["75","90.77200","3.47519","86.3","94.9"],"39":["58","90.49483","3.53492","86.0","94.4"],"40":["53","89.87925","3.52561","85.9","94.2"],"41":["44","89.75455","3.59270","86.0","94.3"],"42":["148","83.68581","7.65332","71.5","95.3"],"44":["184","79.35815","11.76769","62.1","94.9"],"45":["187","87.33422","2.50375","83.5","94.9"],"46":["40","91.26000","3.21371","86.2","94.7"],"47":["112","89.09911","3.60819","86.0","94.4"],"48":["118","88.91102","3.52780","85.8","94.3"],"49":["54","89.25556","3.60923","85.7","94.1"],"50":["65","89.97385","3.83599","85.7","94.8"],"52":["12","89.84167","3.43231","86.5","94.8"],"53":["208","75.14423","12.71721","54.9","94.1"],"54":["53","90.83019","3.34430","86.2","94.8"],"55":["107","89.23832","3.52955","85.9","94.4"],"56":["113","87.81150","3.27713","85.8","94.1"],"57":["58","89.13793","3.61915","85.8","94.1"],"58":["273","78.97436","10.97862","60.1","94.3"],"59":["369","56.31436","6.43070","47.4","75.0"],"60":["326","69.88957","4.32527","62.1","78.2"],"61":["317","83.40410","3.77285","76.9","92.6"],"62":["59","89.47966","2.85490","86.6","92.5"],"63":["48","89.27500","2.85252","86.4","92.3"],"64":["51","88.62157","2.79413","86.3","92.1"],"65":["96","88.23854","2.78980","86.0","92.1"],"66":["476","77.79979","8.81930","62.8","92.6"],"67":["220","83.62500","5.81516","73.7","92.5"],"68":["490","72.13694","13.30838","45.4","92.5"],"69":["672","73.81057","9.19078","57.7","92.4"],"70":["137","87.03285","2.36788","84.2","92.3"],"71":["60","88.71333","2.83364","86.1","92.1"],"72":["171","86.94561","2.22677","85.8","91.8"],"73":["186","86.81075","2.28807","85.6","91.6"],"74":["195","82.66718","5.23746","75.1","92.1"],"75":["273","57.19341","9.35227","42.1","74.6"],"76":["222","51.61216","7.91612","41.2","70.3"],"77":["203","71.63645","12.06036","51.5","92.7"],"78":["30","89.00667","2.85633","86.4","92.5"],"79":["76","88.50789","2.87035","86.0","92.1"],"80":["59","88.46441","2.84508","85.9","91.7"],"81":["106","87.15472","2.38067","85.8","91.7"],"82":["452","72.62190","10.61735","55.7","92.7"],"83":["276","56.11993","4.65786","48.6","70.3"],"84":["161","60.45714","13.61054","40.1","80.7"],"85":["433","74.89677","10.60866","48.7","92.4"],"86":["92","89.03043","2.84226","86.3","92.4"],"87":["53","88.85283","2.80132","86.3","92.2"],"115":["16","46.01250","1.42648","43.1","47.9"],"116":["166","77.12771","8.79840","61.9","88.7"],"117":["140","86.18286","3.86715","81.8","94.8"],"118":["50","90.24200","3.40553","86.3","94.6"],"119":["90","88.67222","3.51644","86.0","94.5"],"120":["76","89.76053","3.65596","85.9","94.3"],"121":["57","90.20702","3.46197","86.1","94.3"],"122":["163","82.18405","8.12401","71.2","94.7"],"123":["58","83.17241","2.21436","80.2","90.6"],"125":["211","73.08436","13.80312","49.2","91.3"],"126":["159","86.44654","5.04687","78.7","94.6"],"127":["127","88.43228","3.38570","86.1","94.5"],"128":["275","87.83127","3.12416","85.9","94.2"],"129":["320","87.10875","2.67326","85.8","94.1"],"130":["244","86.16885","5.05784","77.5","94.7"],"133":["55","72.56909","6.23555","66.5","80.9"],"134":["257","80.91790","8.80797","70.3","94.6"],"135":["71","88.75070","3.43125","86.1","94.6"],"136":["10","88.90000","3.47966","86.1","94.3"],"164":["57","82.08421","4.15856","77.0","90.9"],"165":["179","81.61899","5.80007","73.3","94.9"],"166":["33","90.84545","3.49832","86.6","94.9"],"167":["77","90.29610","3.64921","86.1","94.7"],"168":["89","88.51798","3.46594","85.8","94.2"],"169":["101","87.80990","3.18774","85.8","94.1"],"170":["99","89.61717","3.58845","85.9","94.7"],"173":["412","81.86942","8.68792","61.2","95.1"],"174":["107","90.66262","3.34266","86.2","94.9"],"175":["62","90.00000","3.63180","86.1","94.5"],"176":["104","89.33077","3.62905","85.9","94.4"],"177":["260","87.84500","3.24965","85.8","94.1"],"178":["205","86.27756","5.37271","76.1","94.3"],"179":["93","52.95054","3.49850","46.0","59.6"],"181":["216","68.07083","5.29589","59.0","79.2"],"182":["66","90.82576","3.41162","86.4","94.7"],"183":["46","90.05435","3.67688","86.2","94.5"],"184":["42","89.57381","3.55562","86.2","94.4"],"185":["96","89.08333","3.55222","85.9","94.4"],"186":["107","78.25701","14.36905","59.8","94.6"],"189":["220","83.33091","6.19728","71.3","94.6"],"190":["54","90.67593","3.48637","86.5","94.8"],"191":["54","90.94444","3.48423","86.4","94.7"],"192":["75","89.68133","3.64892","86.0","94.6"],"193":["170","87.31294","2.90338","85.7","94.3"],"194":["313","84.87955","6.30532","70.7","94.7"],"196":["59","77.81186","2.31554","75.1","82.8"],"197":["194","81.26804","8.89795","61.9","94.9"],"198":["89","90.10225","3.51021","86.1","94.8"],"199":["68","88.88382","3.41009","86.0","94.3"],"200":["125","88.97600","3.54460","85.8","94.2"],"201":["103","88.79515","3.38286","85.9","94.1"],"202":["55","90.19091","3.64773","86.1","94.6"],"205":["164","87.94512","3.43336","83.6","95.1"],"206":["80","90.46750","3.53895","86.2","95.0"],"207":["83","90.08554","3.49344","86.0","94.5"],"208":["130","88.18154","3.46336","85.7","94.2"]},"sanpedro\/003\/temperature":{"0":["53","11.62642","0.62015","10.5","13.0"],"1":["68","11.55735","0.63508","9.6","12.3"],"2":["278","15.37014","2.16666","9.7","18.3"],"4":["46","18.51522","1.01467","17.3","20.6"],"5":["232","14.41466","0.79717","12.1","16.3"],"6":["52","11.20769","0.69333","10.0","12.7"],"7":["34","11.72059","0.53235","10.7","12.6"],"8":["40","11.87000","0.39887","11.3","12.4"],"9":["42","11.44762","0.56071","10.4","12.4"],"10":["137","15.72190","1.90526","11.3","19.3"],"11":["108","19.09352","2.74480","13.3","27.8"],"12":["112","16.58929","0.97233","15.7","19.0"],"13":["203","15.55419","0.71433","12.9","16.5"],"14":["89","10.84494","1.32690","8.5","13.4"],"15":["81","9.62716","0.69956","8.3","10.6"],"16":["72","8.82917","1.12391","7.0","10.6"],"17":["140","8.29571","0.67410","6.7","9.8"],"18":["127","16.22126","2.94382","9.8","23.6"],"21":["84","18.27619","3.81241","12.9","22.4"],"22":["95","11.64000","0.72423","9.9","13.3"],"23":["64","10.86406","0.60709","9.5","12.0"],"24":["42","11.24048","0.59764","10.0","12.2"],"25":["53","10.35660","0.58391","9.1","11.6"],"26":["86","14.54419","0.67868","12.1","15.9"],"29":["174","14.00575","3.00929","11.7","20.6"],"30":["62","10.65484","0.85848","8.9","12.3"],"31":["94","9.56702","0.56820","8.3","10.6"],