{"_t":[1370620800,1370642400,21600,144],"_i":["fantasy\/002\/VoltR"],"_@":{"Volt":[0,130]},"fantasy\/002\/VoltR":{"2":["2","61.00000","61.00000","0.0","122.0"],"4":["3","81.66667","57.76004","0.0","124.0"],"5":["2","61.00000","61.00000","0.0","122.0"],"6":["2","122.00000","0.00000","122.0","122.0"],"7":["2","61.00000","61.00000","0.0","122.0"],"9":["1","0.00000","0.00000","0.0","0.0"],"10":["2","61.00000","61.00000","0.0","122.0"],"11":["2","0.00000","0.00000","0.0","0.0"],"12":["3","41.33333","58.45416","0.0","124.0"],"13":["2","62.00000","62.00000","0.0","124.0"],"14":["2","61.00000","61.00000","0.0","122.0"],"15":["3","82.00000","57.98276","0.0","123.0"],"16":["2","61.50000","61.50000","0.0","123.0"],"17":["2","61.50000","61.50000","0.0","123.0"],"18":["3","82.33333","58.21989","0.0","124.0"],"19":["1","125.00000","0.00000","125.0","125.0"],"20":["1","123.00000","0.00000","123.0","123.0"],"21":["2","62.00000","62.00000","0.0","124.0"],"22":["2","123.50000","0.50000","123.0","124.0"],"23":["3","41.33333","58.45416","0.0","124.0"],"24":["2","62.50000","62.50000","0.0","125.0"],"25":["2","0.00000","0.00000","0.0","0.0"],"26":["3","42.00000","59.39697","0.0","126.0"],"27":["2","0.00000","0.00000","0.0","0.0"],"28":["1","0.00000","0.00000","0.0","0.0"],"29":["2","0.00000","0.00000","0.0","0.0"],"30":["2","0.00000","0.00000","0.0","0.0"],"31":["2","0.00000","0.00000","0.0","0.0"],"32":["3","0.00000","0.00000","0.0","0.0"],"33":["2","0.00000","0.00000","0.0","0.0"],"34":["2","0.00000","0.00000","0.0","0.0"],"35":["1","0.00000","0.00000","0.0","0.0"],"36":["2","0.00000","0.00000","0.0","0.0"],"37":["2","0.00000","0.00000","0.0","0.0"],"38":["3","0.00000","0.00000","0.0","0.0"],"39":["2","0.00000","0.00000","0.0","0.0"],"40":["3","0.00000","0.00000","0.0","0.0"],"41":["2","0.00000","0.00000","0.0","0.0"],"42":["2","0.00000","0.00000","0.0","0.0"],"43":["3","0.00000","0.00000","0.0","0.0"],"44":["2","61.50000","61.50000","0.0","123.0"],"45":["2","0.00000","0.00000","0.0","0.0"],"46":["3","41.33333","58.45416","0.0","124.0"],"47":["2","0.00000","0.00000","0.0","0.0"],"48":["2","0.00000","0.00000","0.0","0.0"],"49":["3","0.00000","0.00000","0.0","0.0"],"50":["2","0.00000","0.00000","0.0","0.0"],"51":["2","0.00000","0.00000","0.0","0.0"],"52":["3","0.00000","0.00000","0.0","0.0"],"53":["2","0.00000","0.00000","0.0","0.0"],"54":["2","0.00000","0.00000","0.0","0.0"],"55":["3","0.00000","0.00000","0.0","0.0"],"56":["2","0.00000","0.00000","0.0","0.0"],"57":["2","0.00000","0.00000","0.0","0.0"],"58":["3","0.00000","0.00000","0.0","0.0"],"59":["2","0.00000","0.00000","0.0","0.0"],"60":["3","0.00000","0.00000","0.0","0.0"],"61":["2","0.00000","0.00000","0.0","0.0"],"62":["2","0.00000","0.00000","0.0","0.0"],"63":["3","0.00000","0.00000","0.0","0.0"],"64":["2","0.00000","0.00000","0.0","0.0"],"65":["2","0.00000","0.00000","0.0","0.0"],"66":["3","0.00000","0.00000","0.0","0.0"],"67":["2","0.00000","0.00000","0.0","0.0"],"68":["2","0.00000","0.00000","0.0","0.0"],"69":["3","0.00000","0.00000","0.0","0.0"],"70":["2","0.00000","0.00000","0.0","0.0"],"71":["2","0.00000","0.00000","0.0","0.0"],"72":["3","0.00000","0.00000","0.0","0.0"],"73":["2","0.00000","0.00000","0.0","0.0"],"74":["2","0.00000","0.00000","0.0","0.0"],"75":["3","0.00000","0.00000","0.0","0.0"],"76":["2","0.00000","0.00000","0.0","0.0"],"77":["3","0.00000","0.00000","0.0","0.0"],"78":["2","0.00000","0.00000","0.0","0.0"],"79":["2","0.00000","0.00000","0.0","0.0"],"80":["3","0.00000","0.00000","0.0","0.0"],"81":["2","0.00000","0.00000","0.0","0.0"],"82":["2","0.00000","0.00000","0.0","0.0"],"83":["3","0.00000","0.00000","0.0","0.0"],"84":["2","0.00000","0.00000","0.0","0.0"],"85":["2","0.00000","0.00000","0.0","0.0"],"86":["3","0.00000","0.00000","0.0","0.0"],"87":["2","0.00000","0.00000","0.0","0.0"],"88":["2","0.00000","0.00000","0.0","0.0"],"89":["3","0.00000","0.00000","0.0","0.0"],"90":["2","0.00000","0.00000","0.0","0.0"],"91":["2","0.00000","0.00000","0.0","0.0"],"92":["3","0.00000","0.00000","0.0","0.0"],"93":["2","0.00000","0.00000","0.0","0.0"],"94":["2","0.00000","0.00000","0.0","0.0"],"95":["3","0.00000","0.00000","0.0","0.0"],"96":["2","0.00000","0.00000","0.0","0.0"],"97":["3","0.00000","0.00000","0.0","0.0"],"98":["2","0.00000","0.00000","0.0","0.0"],"99":["2","0.00000","0.00000","0.0","0.0"],"100":["3","0.00000","0.00000","0.0","0.0"],"101":["2","0.00000","0.00000","0.0","0.0"],"102":["2","0.00000","0.00000","0.0","0.0"],"103":["3","0.00000","0.00000","0.0","0.0"],"104":["2","0.00000","0.00000","0.0","0.0"],"105":["2","0.00000","0.00000","0.0","0.0"],"106":["3","41.00000","57.98276","0.0","123.0"],"107":["2","0.00000","0.00000","0.0","0.0"],"108":["2","0.00000","0.00000","0.0","0.0"],"109":["3","0.00000","0.00000","0.0","0.0"],"110":["2","0.00000","0.00000","0.0","0.0"],"111":["2","0.00000","0.00000","0.0","0.0"],"112":["3","0.00000","0.00000","0.0","0.0"],"113":["2","0.00000","0.00000","0.0","0.0"],"114":["3","0.00000","0.00000","0.0","0.0"],"115":["2","0.00000","0.00000","0.0","0.0"],"116":["2","0.00000","0.00000","0.0","0.0"],"117":["3","0.00000","0.00000","0.0","0.0"],"118":["2","0.00000","0.00000","0.0","0.0"],"119":["2","0.00000","0.00000","0.0","0.0"],"120":["3","0.00000","0.00000","0.0","0.0"],"121":["2","0.00000","0.00000","0.0","0.0"],"122":["2","0.00000","0.00000","0.0","0.0"],"123":["3","0.00000","0.00000","0.0","0.0"],"124":["2","0.00000","0.00000","0.0","0.0"],"125":["2","0.00000","0.00000","0.0","0.0"],"126":["3","0.00000","0.00000","0.0","0.0"],"127":["2","0.00000","0.00000","0.0","0.0"],"128":["2","0.00000","0.00000","0.0","0.0"],"129":["3","0.00000","0.00000","0.0","0.0"],"130":["2","0.00000","0.00000","0.0","0.0"],"131":["2","0.00000","0.00000","0.0","0.0"],"132":["3","0.00000","0.00000","0.0","0.0"],"133":["2","0.00000","0.00000","0.0","0.0"],"134":["3","0.00000","0.00000","0.0","0.0"],"135":["2","0.00000","0.00000","0.0","0.0"],"136":["2","0.00000","0.00000","0.0","0.0"],"137":["3","122.00000","1.41421","120.0","123.0"],"138":["2","122.00000","0.00000","122.0","122.0"],"139":["2","123.00000","0.00000","123.0","123.0"],"140":["3","123.00000","0.00000","123.0","123.0"],"141":["2","0.00000","0.00000","0.0","0.0"],"142":["2","0.00000","0.00000","0.0","0.0"],"143":["3","0.00000","0.00000","0.0","0.0"]}}