{"_t":[1376715600,1376802000,86400,144],"_i":["valentina\/002\/humidity","valentina\/002\/temperature"],"_@":{"humi":[20,90],"temp":[0,40]},"valentina\/002\/humidity":[["2","86.20000","0.00000","86.2","86.2"],["3","84.80000","1.97990","82.0","86.2"],["2","86.20000","0.00000","86.2","86.2"],["2","86.20000","0.00000","86.2","86.2"],["2","86.20000","0.00000","86.2","86.2"],["2","86.15000","0.05000","86.1","86.2"],["2","86.10000","0.00000","86.1","86.1"],["3","84.60000","1.97990","81.8","86.0"],["2","86.00000","0.00000","86.0","86.0"],["2","86.00000","0.00000","86.0","86.0"],["2","86.00000","0.00000","86.0","86.0"],["2","86.00000","0.00000","86.0","86.0"],["2","86.00000","0.00000","86.0","86.0"],["3","84.60000","1.97990","81.8","86.0"],["2","86.10000","0.00000","86.1","86.1"],["2","86.10000","0.00000","86.1","86.1"],["2","86.10000","0.00000","86.1","86.1"],["3","84.66667","2.02704","81.8","86.1"],["2","86.20000","0.00000","86.2","86.2"],["2","86.20000","0.00000","86.2","86.2"],["2","86.20000","0.00000","86.2","86.2"],["2","86.20000","0.00000","86.2","86.2"],["3","84.80000","1.97990","82.0","86.2"],["2","86.20000","0.00000","86.2","86.2"],["2","86.20000","0.00000","86.2","86.2"],["2","86.20000","0.00000","86.2","86.2"],["2","86.20000","0.00000","86.2","86.2"],["3","84.76667","2.02704","81.9","86.2"],["2","86.20000","0.00000","86.2","86.2"],["2","86.20000","0.00000","86.2","86.2"],["2","86.20000","0.00000","86.2","86.2"],["2","86.20000","0.00000","86.2","86.2"],["3","84.76667","2.02704","81.9","86.2"],["2","86.10000","0.00000","86.1","86.1"],["2","86.00000","0.00000","86.0","86.0"],["2","86.00000","0.00000","86.0","86.0"],["2","86.00000","0.00000","86.0","86.0"],["3","84.53333","2.00389","81.7","86.0"],["2","85.95000","0.05000","85.9","86.0"],["2","86.00000","0.00000","86.0","86.0"],["2","86.15000","0.05000","86.1","86.2"],["2","86.25000","0.05000","86.2","86.3"],["3","85.00000","2.05102","82.1","86.5"],["2","81.20000","2.90000","78.3","84.1"],["2","76.10000","0.90000","75.2","77.0"],["2","73.80000","0.90000","72.9","74.7"],["2","72.20000","0.90000","71.3","73.1"],["2","66.75000","0.85000","65.9","67.6"],["3","63.83333","3.22525","59.9","67.8"],["2","61.85000","1.35000","60.5","63.2"],["2","62.85000","2.85000","60.0","65.7"],["2","61.85000","1.85000","60.0","63.7"],["2","57.35000","2.15000","55.2","59.5"],["2","54.90000","0.40000","54.5","55.3"],["3","55.16667","3.44125","50.3","57.6"],["2","56.25000","1.65000","54.6","57.9"],["2","48.05000","0.85000","47.2","48.9"],["2","54.10000","0.60000","53.5","54.7"],["2","54.85000","0.45000","54.4","55.3"],["3","61.86667","14.82460","50.4","82.8"],["2","52.20000","0.10000","52.1","52.3"],["3","49.66667","3.60771","45.5","54.3"],["2","44.65000","2.45000","42.2","47.1"],["2","39.95000","1.55000","38.4","41.5"],["2","43.00000","1.40000","41.6","44.4"],["2","38.15000","1.65000","36.5","39.8"],["2","39.80000","0.30000","39.5","40.1"],["2","38.75000","3.35000","35.4","42.1"],["3","33.63333","0.97411","32.8","35.0"],["2","35.15000","0.55000","34.6","35.7"],["2","39.80000","1.10000","38.7","40.9"],["2","42.20000","3.70000","38.5","45.9"],["2","44.10000","3.00000","41.1","47.1"],["2","56.15000","4.85000","51.3","61.0"],["2","60.35000","1.05000","59.3","61.4"],["3","46.10000","7.33394","37.9","55.7"],["3","43.50000","10.82990","29.2","55.4"],["3","49.96667","7.63952","39.4","57.2"],["2","59.90000","0.50000","59.4","60.4"],["2","59.45000","2.45000","57.0","61.9"],["2","61.00000","3.30000","57.7","64.3"],["2","73.95000","2.85000","71.1","76.8"],["2","81.45000","1.45000","80.0","82.9"],["3","60.50000","15.47730","43.1","80.7"],["3","56.93333","13.07831","39.5","71.0"],["2","81.55000","1.75000","79.8","83.3"],["2","79.80000","1.40000","78.4","81.2"],["3","58.06667","7.79587","47.6","66.3"],["2","75.40000","0.40000","75.0","75.8"],["2","81.45000","2.75000","78.7","84.2"],["2","86.10000","0.50000","85.6","86.6"],["3","75.53333","6.97344","65.7","81.1"],["3","80.23333","6.92836","70.6","86.6"],["3","83.13333","4.90261","76.2","86.6"],["2","86.45000","0.05000","86.4","86.5"],["2","86.40000","0.00000","86.4","86.4"],["2","86.40000","0.00000","86.4","86.4"],["2","86.40000","0.00000","86.4","86.4"],["2","86.40000","0.00000","86.4","86.4"],["2","86.40000","0.00000","86.4","86.4"],["2","86.45000","0.05000","86.4","86.5"],["2","86.60000","0.00000","86.6","86.6"],["2","86.65000","0.05000","86.6","86.7"],["2","86.50000","0.00000","86.5","86.5"],["3","85.06667","2.02704","82.2","86.5"],["3","85.13333","1.93276","82.4","86.5"],["3","85.10000","1.97990","82.3","86.5"],["2","86.40000","0.00000","86.4","86.4"],["2","86.35000","0.05000","86.3","86.4"],["2","86.30000","0.00000","86.3","86.3"],["2","86.30000","0.00000","86.3","86.3"],["2","86.30000","0.00000","86.3","86.3"],["2","86.30000","0.00000","86.3","86.3"],["2","86.30000","0.00000","86.3","86.3"],["2","86.30000","0.00000","86.3","86.3"],["2","86.30000","0.00000","86.3","86.3"],["2","86.30000","0.00000","86.3","86.3"],["3","84.80000","1.97990","82.0","86.2"],["3","84.80000","1.97990","82.0","86.2"],["3","84.80000","1.97990","82.0","86.2"],["2","86.20000","0.00000","86.2","86.2"],["2","86.20000","0.00000","86.2","86.2"],["2","86.10000","0.00000","86.1","86.1"],["2","86.10000","0.00000","86.1","86.1"],["2","86.00000","0.00000","86.0","86.0"],["2","86.00000","0.00000","86.0","86.0"],["2","86.00000","0.00000","86.0","86.0"],["2","86.05000","0.05000","86.0","86.1"],["2","86.10000","0.00000","86.1","86.1"],["2","86.10000","0.00000","86.1","86.1"],["2","86.20000","0.00000","86.2","86.2"],["1","86.20000","0.00000","86.2","86.2"]],