{"_t":[1367470800,1367557200,86400,144],"_i":["sanpedro\/006\/VoltR"],"_@":{"Volt":[0,140]},"sanpedro\/006\/VoltR":{"43":["7","74.28571","64.33554","0.0","131.0"],"44":["2","0.00000","0.00000","0.0","0.0"],"45":["10","78.80000","64.34097","0.0","132.0"],"46":["2","0.00000","0.00000","0.0","0.0"],"47":["10","88.30000","58.49453","0.0","131.0"],"48":["2","0.00000","0.00000","0.0","0.0"],"49":["2","0.00000","0.00000","0.0","0.0"],"50":["5","81.80000","66.79042","0.0","137.0"],"51":["5","81.80000","66.79042","0.0","137.0"],"52":["2","0.00000","0.00000","0.0","0.0"],"53":["2","0.00000","0.00000","0.0","0.0"],"54":["2","0.00000","0.00000","0.0","0.0"],"55":["3","45.33333","64.11101","0.0","136.0"],"56":["2","0.00000","0.00000","0.0","0.0"],"57":["6","91.00000","64.34801","0.0","137.0"],"58":["6","45.00000","63.63961","0.0","135.0"],"59":["2","0.00000","0.00000","0.0","0.0"],"60":["2","0.00000","0.00000","0.0","0.0"],"61":["3","45.33333","64.11101","0.0","136.0"],"62":["2","0.00000","0.00000","0.0","0.0"],"63":["2","0.00000","0.00000","0.0","0.0"],"64":["5","54.20000","66.38193","0.0","136.0"],"65":["2","0.00000","0.00000","0.0","0.0"],"66":["2","0.00000","0.00000","0.0","0.0"],"67":["2","0.00000","0.00000","0.0","0.0"],"68":["1","0.00000","0.00000","0.0","0.0"],"69":["2","0.00000","0.00000","0.0","0.0"],"70":["2","0.00000","0.00000","0.0","0.0"],"71":["9","91.44444","64.66342","0.0","138.0"],"72":["6","68.83333","68.83414","0.0","138.0"],"73":["2","68.50000","68.50000","0.0","137.0"],"74":["2","0.00000","0.00000","0.0","0.0"],"75":["2","0.00000","0.00000","0.0","0.0"],"76":["2","0.00000","0.00000","0.0","0.0"],"77":["2","0.00000","0.00000","0.0","0.0"],"78":["2","0.00000","0.00000","0.0","0.0"],"79":["5","55.00000","67.36171","0.0","138.0"],"80":["12","115.16667","51.50701","0.0","139.0"],"81":["2","0.00000","0.00000","0.0","0.0"],"82":["2","0.00000","0.00000","0.0","0.0"],"83":["2","0.00000","0.00000","0.0","0.0"],"84":["2","0.00000","0.00000","0.0","0.0"],"85":["2","0.00000","0.00000","0.0","0.0"],"86":["2","0.00000","0.00000","0.0","0.0"],"87":["2","0.00000","0.00000","0.0","0.0"],"88":["4","68.75000","68.75091","0.0","138.0"],"89":["2","0.00000","0.00000","0.0","0.0"],"90":["2","0.00000","0.00000","0.0","0.0"],"91":["2","0.00000","0.00000","0.0","0.0"],"92":["2","0.00000","0.00000","0.0","0.0"],"93":["2","0.00000","0.00000","0.0","0.0"],"94":["2","0.00000","0.00000","0.0","0.0"],"95":["4","68.00000","68.00000","0.0","136.0"],"96":["2","0.00000","0.00000","0.0","0.0"],"97":["2","0.00000","0.00000","0.0","0.0"],"98":["2","0.00000","0.00000","0.0","0.0"],"99":["2","0.00000","0.00000","0.0","0.0"],"100":["2","0.00000","0.00000","0.0","0.0"],"101":["2","0.00000","0.00000","0.0","0.0"],"102":["2","0.00000","0.00000","0.0","0.0"],"103":["2","0.00000","0.00000","0.0","0.0"],"104":["2","0.00000","0.00000","0.0","0.0"],"105":["2","0.00000","0.00000","0.0","0.0"],"106":["2","0.00000","0.00000","0.0","0.0"],"107":["2","0.00000","0.00000","0.0","0.0"],"108":["2","0.00000","0.00000","0.0","0.0"],"109":["2","0.00000","0.00000","0.0","0.0"],"110":["2","0.00000","0.00000","0.0","0.0"],"111":["2","0.00000","0.00000","0.0","0.0"],"112":["2","0.00000","0.00000","0.0","0.0"],"113":["2","0.00000","0.00000","0.0","0.0"],"114":["2","0.00000","0.00000","0.0","0.0"],"115":["2","0.00000","0.00000","0.0","0.0"],"116":["2","0.00000","0.00000","0.0","0.0"],"117":["2","0.00000","0.00000","0.0","0.0"],"118":["2","0.00000","0.00000","0.0","0.0"],"119":["2","0.00000","0.00000","0.0","0.0"],"120":["1","0.00000","0.00000","0.0","0.0"]}}