{"_t":[1367125200,1367730000,604800,168],"_i":["sanpedro\/006\/VoltR"],"_@":{"Volt":[0,150]},"sanpedro\/006\/VoltR":{"0":["12","0.00000","0.00000","0.0","0.0"],"1":["12","0.00000","0.00000","0.0","0.0"],"2":["12","0.00000","0.00000","0.0","0.0"],"3":["12","0.00000","0.00000","0.0","0.0"],"4":["12","0.00000","0.00000","0.0","0.0"],"5":["12","0.00000","0.00000","0.0","0.0"],"6":["13","10.38462","35.97336","0.0","135.0"],"7":["19","42.47368","62.52020","0.0","135.0"],"8":["17","41.05882","63.60861","0.0","140.0"],"9":["12","0.00000","0.00000","0.0","0.0"],"10":["14","19.92857","48.81520","0.0","140.0"],"11":["15","28.06667","56.13373","0.0","141.0"],"12":["19","49.52632","65.50562","0.0","141.0"],"13":["12","0.00000","0.00000","0.0","0.0"],"14":["14","20.14286","49.33972","0.0","141.0"],"15":["13","10.69231","37.03924","0.0","139.0"],"16":["12","0.00000","0.00000","0.0","0.0"],"17":["12","0.00000","0.00000","0.0","0.0"],"18":["12","0.00000","0.00000","0.0","0.0"],"19":["12","0.00000","0.00000","0.0","0.0"],"20":["12","0.00000","0.00000","0.0","0.0"],"21":["12","0.00000","0.00000","0.0","0.0"],"22":["12","0.00000","0.00000","0.0","0.0"],"23":["11","0.00000","0.00000","0.0","0.0"],"24":["12","0.00000","0.00000","0.0","0.0"],"25":["12","0.00000","0.00000","0.0","0.0"],"26":["12","0.00000","0.00000","0.0","0.0"],"27":["12","0.00000","0.00000","0.0","0.0"],"28":["14","0.42857","1.54524","0.0","6.0"],"29":["12","0.00000","0.00000","0.0","0.0"],"30":["12","0.00000","0.00000","0.0","0.0"],"31":["12","0.00000","0.00000","0.0","0.0"],"32":["12","0.00000","0.00000","0.0","0.0"],"33":["27","66.07407","68.57001","0.0","138.0"],"34":["8","0.00000","0.00000","0.0","0.0"],"35":["20","47.25000","64.41574","0.0","138.0"],"36":["24","59.83333","65.79809","0.0","138.0"],"37":["13","0.00000","0.00000","0.0","0.0"],"38":["14","9.78571","35.28289","0.0","137.0"],"39":["14","19.28571","47.24016","0.0","135.0"],"40":["12","0.00000","0.00000","0.0","0.0"],"41":["12","0.00000","0.00000","0.0","0.0"],"42":["12","0.00000","0.00000","0.0","0.0"],"43":["12","0.00000","0.00000","0.0","0.0"],"44":["12","0.00000","0.00000","0.0","0.0"],"45":["12","0.00000","0.00000","0.0","0.0"],"46":["12","0.00000","0.00000","0.0","0.0"],"47":["12","0.00000","0.00000","0.0","0.0"],"48":["12","0.00000","0.00000","0.0","0.0"],"49":["11","0.00000","0.00000","0.0","0.0"],"50":["12","0.00000","0.00000","0.0","0.0"],"51":["3","0.00000","0.00000","0.0","0.0"],"103":["31","70.67742","64.36408","0.0","132.0"],"104":["18","45.44444","64.26873","0.0","137.0"],"105":["21","45.33333","64.11250","0.0","137.0"],"106":["16","25.43750","52.95277","0.0","136.0"],"107":["18","45.72222","64.66220","0.0","138.0"],"108":["16","34.37500","59.53977","0.0","138.0"],"109":["25","66.28000","68.98784","0.0","139.0"],"110":["14","19.64286","48.11535","0.0","138.0"],"111":["14","19.42857","47.59009","0.0","136.0"],"112":["12","0.00000","0.00000","0.0","0.0"],"113":["12","0.00000","0.00000","0.0","0.0"],"114":["12","0.00000","0.00000","0.0","0.0"],"115":["12","0.00000","0.00000","0.0","0.0"],"116":["12","0.00000","0.00000","0.0","0.0"],"117":["12","0.00000","0.00000","0.0","0.0"],"118":["12","0.00000","0.00000","0.0","0.0"],"119":["11","0.00000","0.00000","0.0","0.0"],"120":["12","0.00000","0.00000","0.0","0.0"],"121":["12","0.00000","0.00000","0.0","0.0"],"122":["12","0.00000","0.00000","0.0","0.0"],"123":["12","0.00000","0.00000","0.0","0.0"],"124":["12","0.00000","0.00000","0.0","0.0"],"125":["12","0.00000","0.00000","0.0","0.0"],"126":["12","0.00000","0.00000","0.0","0.0"],"127":["12","0.00000","0.00000","0.0","0.0"],"128":["12","0.00000","0.00000","0.0","0.0"],"129":["19","49.21053","64.43240","0.0","134.0"],"130":["15","26.93333","53.86708","0.0","135.0"],"131":["27","63.66667","66.40727","0.0","136.0"],"132":["37","76.91892","67.21381","0.0","137.0"],"133":["6","0.00000","0.00000","0.0","0.0"]}}