{"_t":[1377061200,1377147600,86400,144],"_i":["timana0\/001\/humidity","timana0\/001\/temp_dry","timana0\/001\/temp_wet"],"_@":{"humi":[40,100],"temp":[0,30]},"timana0\/001\/humidity":[["2","96.00000","0.00000","96.0","96.0"],["2","96.00000","0.00000","96.0","96.0"],["2","96.00000","0.00000","96.0","96.0"],["2","96.50000","0.50000","96.0","97.0"],["2","97.50000","0.50000","97.0","98.0"],["2","97.00000","0.00000","97.0","97.0"],["2","97.50000","0.50000","97.0","98.0"],["2","96.50000","0.50000","96.0","97.0"],["2","97.00000","0.00000","97.0","97.0"],["2","97.00000","0.00000","97.0","97.0"],["2","96.50000","0.50000","96.0","97.0"],["2","97.00000","0.00000","97.0","97.0"],["2","96.50000","0.50000","96.0","97.0"],["2","96.00000","0.00000","96.0","96.0"],["2","96.50000","0.50000","96.0","97.0"],["2","97.00000","0.00000","97.0","97.0"],["2","98.00000","0.00000","98.0","98.0"],["2","98.00000","0.00000","98.0","98.0"],["2","97.00000","0.00000","97.0","97.0"],["2","97.00000","0.00000","97.0","97.0"],["2","97.50000","0.50000","97.0","98.0"],["2","98.00000","0.00000","98.0","98.0"],["2","98.00000","0.00000","98.0","98.0"],["2","98.00000","0.00000","98.0","98.0"],["2","97.00000","1.00000","96.0","98.0"],["2","98.50000","1.50000","97.0","100.0"],["2","99.50000","0.50000","99.0","100.0"],["2","97.50000","0.50000","97.0","98.0"],["2","97.00000","0.00000","97.0","97.0"],["2","99.00000","1.00000","98.0","100.0"],["2","97.50000","0.50000","97.0","98.0"],["2","97.50000","0.50000","97.0","98.0"],["2","97.50000","0.50000","97.0","98.0"],["2","98.00000","2.00000","96.0","100.0"],["2","97.50000","0.50000","97.0","98.0"],["2","98.00000","0.00000","98.0","98.0"],["2","97.50000","0.50000","97.0","98.0"],["2","96.50000","0.50000","96.0","97.0"],["2","95.50000","1.50000","94.0","97.0"],["2","88.50000","2.50000","86.0","91.0"],["2","81.50000","0.50000","81.0","82.0"],["2","79.00000","0.00000","79.0","79.0"],["2","77.00000","1.00000","76.0","78.0"],["1","83.00000","0.00000","83.0","83.0"],["2","81.00000","0.00000","81.0","81.0"],["2","76.00000","2.00000","74.0","78.0"],["2","76.00000","1.00000","75.0","77.0"],["2","68.00000","1.00000","67.0","69.0"],["2","65.50000","0.50000","65.0","66.0"],["2","64.50000","1.50000","63.0","66.0"],["2","60.00000","1.00000","59.0","61.0"],["2","62.50000","0.50000","62.0","63.0"],["2","63.00000","0.00000","63.0","63.0"],["2","65.50000","2.50000","63.0","68.0"],["2","59.50000","0.50000","59.0","60.0"],["2","54.00000","2.00000","52.0","56.0"],["2","51.50000","0.50000","51.0","52.0"],["2","50.50000","0.50000","50.0","51.0"],["2","50.00000","0.00000","50.0","50.0"],["2","53.00000","0.00000","53.0","53.0"],["2","55.50000","1.50000","54.0","57.0"],["2","57.50000","0.50000","57.0","58.0"],["2","54.50000","2.50000","52.0","57.0"],["2","51.50000","0.50000","51.0","52.0"],["2","50.50000","1.50000","49.0","52.0"],["2","48.00000","0.00000","48.0","48.0"],["2","44.50000","1.50000","43.0","46.0"],["2","48.50000","1.50000","47.0","50.0"],["2","58.00000","2.00000","56.0","60.0"],["2","58.00000","3.00000","55.0","61.0"],["2","49.00000","2.00000","47.0","51.0"],["2","45.50000","1.50000","44.0","47.0"],["2","44.50000","0.50000","44.0","45.0"],["2","44.50000","0.50000","44.0","45.0"],["2","49.50000","0.50000","49.0","50.0"],["2","48.00000","0.00000","48.0","48.0"],["2","48.00000","1.00000","47.0","49.0"],["2","50.00000","1.00000","49.0","51.0"],["2","49.50000","0.50000","49.0","50.0"],["2","49.00000","0.00000","49.0","49.0"],["2","50.00000","1.00000","49.0","51.0"],["2","48.50000","0.50000","48.0","49.0"],["2","51.50000","0.50000","51.0","52.0"],["2","55.00000","1.00000","54.0","56.0"],["2","55.50000","0.50000","55.0","56.0"],["2","56.50000","0.50000","56.0","57.0"],["2","59.00000","0.00000","59.0","59.0"],["2","56.50000","0.50000","56.0","57.0"],["2","54.50000","0.50000","54.0","55.0"],["2","51.50000","1.50000","50.0","53.0"],["2","47.50000","1.50000","46.0","49.0"],["2","48.00000","0.00000","48.0","48.0"],["2","49.00000","1.00000","48.0","50.0"],["2","54.00000","0.00000","54.0","54.0"],["2","53.50000","0.50000","53.0","54.0"],["2","54.00000","0.00000","54.0","54.0"],["2","54.00000","0.00000","54.0","54.0"],["2","54.00000","0.00000","54.0","54.0"],["2","54.00000","0.00000","54.0","54.0"],["2","56.00000","1.00000","55.0","57.0"],["2","58.00000","1.00000","57.0","59.0"],["2","64.00000","1.00000","63.0","65.0"],["2","68.50000","1.50000","67.0","70.0"],["2","71.50000","1.50000","70.0","73.0"],["2","72.50000","0.50000","72.0","73.0"],["2","71.00000","1.00000","70.0","72.0"],["2","70.00000","0.00000","70.0","70.0"],["2","71.50000","1.50000","70.0","73.0"],["2","74.00000","0.00000","74.0","74.0"],["2","75.00000","0.00000","75.0","75.0"],["2","75.00000","0.00000","75.0","75.0"],["2","76.00000","0.00000","76.0","76.0"],["2","74.50000","0.50000","74.0","75.0"],["2","76.50000","0.50000","76.0","77.0"],["2","76.50000","0.50000","76.0","77.0"],["2","75.00000","0.00000","75.0","75.0"],["2","74.50000","0.50000","74.0","75.0"],["2","76.00000","0.00000","76.0","76.0"],["2","80.00000","2.00000","78.0","82.0"],["2","85.00000","0.00000","85.0","85.0"],["2","87.00000","0.00000","87.0","87.0"],["2","89.00000","0.00000","89.0","89.0"],["2","89.50000","0.50000","89.0","90.0"],["2","87.50000","0.50000","87.0","88.0"],["2","86.50000","0.50000","86.0","87.0"],["2","87.00000","0.00000","87.0","87.0"],["2","88.50000","0.50000","88.0","89.0"],["2","88.50000","0.50000","88.0","89.0"],["2","87.50000","0.50000","87.0","88.0"],["2","83.00000","0.00000","83.0","83.0"],["2","81.00000","0.00000","81.0","81.0"],["2","82.50000","0.50000","82.0","83.0"],["2","84.00000","1.00000","83.0","85.0"],["2","84.50000","0.50000","84.0","85.0"],["2","82.50000","1.50000","81.0","84.0"],["2","82.00000","0.00000","82.0","82.0"],["2","83.00000","1.00000","82.0","84.0"],["2","87.50000","1.50000","86.0","89.0"],["2","89.50000","0.50000","89.0","90.0"],["2","89.50000","0.50000","89.0","90.0"],["2","90.00000","0.00000","90.0","90.0"],["2","91.00000","0.00000","91.0","91.0"],["2","91.50000","0.50000","91.0","92.0"],["2","93.00000","1.00000","92.0","94.0"]],