{"_t":[1366434000,1369026000,2592000,240],"_i":["valentina\/002\/humidity","valentina\/002\/temperature"],"_@":{"humi":[20,90],"temp":[0,40]},"valentina\/002\/humidity":{"0":["40","85.93000","1.27754","82.1","86.4"],"1":["41","85.74634","1.39688","82.0","86.3"],"2":["37","85.10541","2.43599","77.9","87.0"],"3":["39","71.07692","6.64829","51.3","79.8"],"4":["39","66.54359","7.66543","38.3","75.9"],"5":["42","73.01429","9.46949","43.7","86.2"],"6":["39","86.13846","1.14144","82.1","86.5"],"7":["39","86.16923","1.14582","82.2","86.5"],"8":["39","86.09231","1.15323","82.1","86.5"],"9":["37","86.34054","0.70843","82.1","86.5"],"10":["41","85.09756","2.48355","77.2","86.7"],"11":["39","83.63846","4.60137","69.0","86.8"],"12":["39","67.12564","17.08862","33.7","87.0"],"13":["43","62.80233","22.26670","23.4","86.7"],"14":["40","85.97500","1.30053","82.0","86.5"],"15":["38","86.05000","0.98080","81.9","86.4"],"16":["39","85.93333","1.16846","81.8","86.4"],"17":["40","85.62250","1.27544","81.7","86.2"],"18":["38","76.12368","12.65309","45.7","86.6"],"19":["39","61.74103","7.61728","43.2","74.7"],"20":["39","67.91282","9.83472","46.8","86.2"],"21":["40","69.35250","12.36176","44.6","86.7"],"22":["39","86.14615","1.17142","82.0","86.7"],"23":["42","85.68333","1.54487","81.9","86.4"],"24":["40","85.86000","1.32000","81.9","86.3"],"25":["38","85.99737","0.97966","81.8","86.3"],"26":["41","76.93902","10.71479","51.7","86.6"],"27":["31","48.00000","8.79318","30.9","68.8"],"28":["36","40.52778","6.99443","27.7","56.6"],"29":["35","47.07143","18.64660","22.5","75.1"],"30":["36","80.65833","1.82626","75.6","82.2"],"31":["36","81.94722","0.05521","81.9","82.1"],"32":["36","81.88611","0.09473","81.7","82.0"],"33":["36","81.70556","0.09702","81.6","81.9"],"34":["36","81.12222","3.40336","69.7","82.8"],"35":["36","51.63333","8.28851","39.9","71.1"],"36":["36","35.70278","5.36193","28.7","48.5"],"37":["36","48.01944","12.29103","27.4","74.1"],"38":["36","81.65000","1.84654","73.3","82.2"],"39":["36","82.05278","0.06866","82.0","82.2"],"40":["36","82.04722","0.04992","82.0","82.1"],"41":["39","85.54615","1.61179","82.1","86.3"],"42":["37","76.22973","12.75844","49.8","86.6"],"43":["40","55.00750","7.73283","33.4","69.0"],"44":["38","56.25789","7.57352","32.5","68.8"],"45":["39","77.36410","12.00467","41.4","86.7"],"46":["37","82.65676","4.39382","70.3","86.6"],"47":["36","83.06389","3.03701","73.8","86.3"],"48":["41","85.08293","1.97680","79.2","86.1"],"49":["39","85.62308","1.18093","81.5","86.1"],"50":["40","65.69250","12.47913","49.2","86.3"],"51":["38","50.72368","3.96932","42.4","58.4"],"52":["34","51.69706","2.92489","45.6","58.1"],"53":["39","52.24615","14.16505","32.6","83.3"],"54":["39","85.51282","1.47338","82.3","86.7"],"55":["38","84.01842","5.27670","67.3","86.6"],"56":["40","85.69000","1.27707","81.7","86.3"],"57":["40","85.31500","1.28482","81.4","85.9"],"58":["37","82.65676","5.67958","64.2","86.6"],"59":["43","56.55581","7.85968","39.0","69.5"],"60":["41","49.93902","8.87512","30.2","70.5"],"61":["40","66.80000","13.51296","41.6","83.7"],"62":["40","85.82750","1.34424","82.0","86.7"],"63":["36","86.12778","1.21464","82.1","86.5"],"64":["38","86.14211","0.96590","82.0","86.5"],"65":["38","85.98158","0.93860","82.0","86.3"],"66":["37","70.62162","12.16046","46.9","86.4"],"67":["39","57.83333","8.13770","37.8","74.1"],"68":["40","44.84750","9.17785","29.4","60.9"],"69":["38","48.81316","16.53325","31.1","85.7"],"70":["39","86.01538","1.30099","82.1","86.6"],"71":["37","86.12432","0.69063","82.0","86.4"],"72":["38","86.14737","0.96675","82.0","86.4"],"73":["38","86.15263","0.96865","82.0","86.5"],"74":["38","75.91053","12.15979","53.1","86.6"],"75":["22","63.25909","10.80331","48.8","81.0"],"76":["12","58.97500","7.41228","45.0","66.4"],"77":["39","68.38718","15.03772","32.0","86.6"],"78":["35","86.50857","0.06916","86.4","86.6"],"79":["38","86.18947","0.96458","82.1","86.5"],"80":["38","86.05263","1.18649","82.0","86.4"],"81":["3","86.43333","0.04714","86.4","86.5"],"82":["30","82.28333","6.82930","57.2","86.7"],"83":["38","62.58421","6.55200","44.7","72.7"],"84":["40","58.76250","9.80787","28.2","71.2"],"85":["40","59.79250","6.41391","41.7","72.4"],"86":["39","83.22051","4.77408","68.8","86.6"],"87":["38","86.26316","0.97398","82.1","86.6"],"88":["40","85.87000","1.29000","82.0","86.3"],"89":["40","85.93250","1.31156","82.0","86.4"],"90":["39","83.06154","6.11080","61.1","86.6"],"91":["39","63.47692","7.77225","36.2","73.4"],"92":["36","64.93333","8.63375","49.2","79.7"],"93":["39","53.92821","10.69881","35.0","75.3"],"94":["37","72.69459","3.17660","67.5","82.2"],"95":["38","79.67105","5.80807","67.2","86.5"],"96":["39","85.97949","1.31211","82.1","86.5"],"97":["39","86.04615","1.14955","82.0","86.4"],"98":["41","76.18780","12.71222","48.9","86.6"],"99":["39","51.11026","6.28726","37.1","61.9"],"100":["42","65.10000","8.69376","44.2","82.9"],"101":["39","64.80769","11.80057","45.5","85.8"],"102":["38","85.88947","1.13920","82.1","86.5"],"103":["40","86.05500","1.28549","82.2","86.5"],"104":["40","85.95500","1.28549","82.1","86.4"],"105":["39","86.03590","1.15636","82.0","86.4"],"106":["40","85.63750","1.80426","78.0","86.5"],"107":["38","65.56053","16.77384","40.3","87.0"],"108":["39","40.20513","6.21990","27.5","56.2"],"109":["40","50.95000","13.15644","26.1","75.6"],"110":["38","81.99474","5.14336","70.5","86.5"],"111":["39","86.10769","1.16032","82.1","86.5"],"112":["39","85.81538","1.13737","81.8","86.4"],"113":["38","85.71842","1.14819","81.8","86.1"],"114":["38","73.73684","9.56428","59.8","86.5"],"115":["41","50.67561","6.30249","34.8","64.4"],"116":["39","45.78205","5.02995","28.3","53.3"],"117":["36","65.44167","16.65670","30.5","84.7"],"118":["40","86.18750","1.30081","82.4","86.8"],"119":["37","86.38108","0.67417","82.4","86.6"],"120":["39","85.97692","1.11917","82.1","86.3"],"121":["39","85.97692","1.11917","82.1","86.3"],"122":["40","85.44500","3.91854","66.7","87.0"],"123":["39","65.25385","16.41191","35.0","86.3"],"124":["40","68.48750","11.53911","44.5","80.5"],"125":["40","80.56750","3.00586","73.3","86.4"],"126":["38","86.12895","1.04929","82.0","86.5"],"127":["39","86.15385","1.19911","82.0","86.5"],"128":["40","86.03500","1.34546","82.0","86.5"],"129":["39","85.98205","1.15977","81.9","86.4"],"130":["38","74.97632","10.64834","54.3","86.7"],"131":["40","49.45000","7.94028","37.0","64.9"],"132":["38","56.20526","7.40437","34.0","67.5"],"133":["38","72.09211","7.31413","54.8","86.6"],"134":["40","85.88750","1.28573","81.9","86.6"],"135":["40","85.69500","1.26688","81.9","86.2"],"136":["41","85.52439","1.39735","81.7","86.1"],"137":["39","85.67949","1.15341","81.6","86.2"],"138":["38","86.17895","0.97796","82.0","86.6"],"139":["40","82.96250","6.84919","59.8","86.7"],"140":["39","69.64359","14.21465","47.1","86.7"],"141":["37","79.24865","8.79354","61.0","86.7"],"142":["39","86.03590","1.31451","82.1","86.6"],"143":["39","86.05128","1.16989","82.0","86.4"],"144":["23","85.91739","1.23979","81.9","86.3"],"153":["40","85.78250","1.30535","81.8","86.3"],"154":["42","72.65000","11.08584","53.8","86.6"],"155":["28","63.47857","10.10913","47.4","82.7"],"156":["23","56.18261","8.82603","42.9","75.6"],"157":["36","66.01111","11.74854","48.6","86.6"],"158":["67","84.19701","2.15496","82.1","86.5"],"159":["36","82.12222","0.04157","82.1","82.2"],"160":["36","82.04722","0.04992","82.0","82.1"],"161":["36","81.87500","0.07949","81.8","82.0"],"162":["36","69.21389","13.40809","47.7","82.5"],"163":["36","51.68889","8.09684","32.9","66.4"],"164":["35","50.02286","12.70842","28.6","68.5"],"165":["36","59.38333","17.96521","26.9","82.4"],"166":["34","82.25294","0.04991","82.2","82.3"],"167":["35","82.17429","0.04371","82.1","82.2"],"168":["36","81.95000","0.07265","81.9","82.1"],"169":["36","81.80278","0.08329","81.7","81.9"],"170":["36","73.11389","11.25483","49.0","82.7"],"171":["1","50.50000","0.00000","50.5","50.5"],