{"_t":[1365397200,1366002000,604800,168],"_i":["margaritas\/007\/humidity","margaritas\/007\/temp_dry","margaritas\/007\/temp_wet"],"_@":{"humi":[40,110],"temp":[0,30]},"margaritas\/007\/humidity":{"38":["40","60.55000","3.30870","53.0","65.0"],"39":["76","56.36842","2.81837","49.0","62.0"],"40":["77","64.61039","4.11256","57.0","75.0"],"41":["76","78.22368","3.30310","71.0","83.0"],"42":["76","88.90789","1.84375","82.0","91.0"],"43":["76","91.44737","0.52302","90.0","92.0"],"44":["77","92.42857","0.59059","91.0","94.0"],"45":["76","92.50000","0.57354","91.0","94.0"],"46":["76","93.65789","0.47441","93.0","94.0"],"47":["71","93.83099","0.41063","93.0","95.0"],"48":["76","93.89474","0.52763","93.0","95.0"],"49":["77","93.68831","0.82588","92.0","95.0"],"50":["76","93.65789","0.80382","92.0","95.0"],"51":["76","94.15789","0.82801","92.0","95.0"],"52":["76","92.89474","0.77083","92.0","95.0"],"53":["77","93.77922","1.03977","92.0","96.0"],"54":["76","91.50000","1.61815","87.0","95.0"],"55":["76","81.11842","5.23392","73.0","89.0"],"56":["71","66.35211","4.38659","59.0","74.0"],"57":["76","60.13158","2.86697","54.0","64.0"],"58":["76","60.19737","6.35987","48.0","70.0"],"59":["77","57.23377","8.60971","45.0","75.0"],"60":["76","68.97368","4.30720","61.0","77.0"],"61":["76","70.48684","2.02935","64.0","74.0"],"62":["76","63.69737","6.02193","49.0","75.0"],"63":["77","78.24675","4.46968","66.0","84.0"],"64":["76","81.27632","1.68272","78.0","85.0"],"65":["76","86.43421","2.26725","82.0","90.0"],"66":["77","91.64935","0.75190","90.0","93.0"],"67":["76","92.22368","0.50259","91.0","93.0"],"68":["76","92.17105","0.49705","91.0","93.0"],"69":["76","93.23684","0.66626","92.0","94.0"],"70":["77","93.11688","0.64413","92.0","94.0"],"71":["76","93.05263","0.77620","92.0","95.0"],"72":["76","93.76316","0.93003","93.0","95.0"],"73":["77","94.24675","0.91390","93.0","96.0"],"74":["76","94.42105","0.49373","94.0","95.0"],"75":["72","94.36111","0.87091","93.0","96.0"],"76":["76","93.84211","0.98746","92.0","96.0"],"77":["77","93.96104","0.33965","93.0","96.0"],"78":["76","93.19737","1.32804","90.0","96.0"],"79":["76","82.84211","3.28094","78.0","89.0"],"80":["76","71.18421","4.94898","62.0","80.0"],"81":["77","60.07792","2.44294","54.0","66.0"],"82":["76","56.86842","3.61409","48.0","63.0"],"83":["76","58.18421","8.95561","46.0","88.0"],"84":["77","51.84416","6.03037","44.0","67.0"],"85":["76","56.22368","2.04295","53.0","64.0"],"86":["76","57.07895","2.13223","54.0","64.0"],"87":["76","62.46053","2.35886","58.0","67.0"],"88":["77","69.07792","6.63279","57.0","80.0"],"89":["76","85.57895","3.55877","78.0","90.0"],"90":["76","88.30263","1.21417","86.0","90.0"],"91":["77","88.85714","0.87852","87.0","90.0"],"92":["76","90.57895","1.04205","88.0","92.0"],"93":["76","92.34211","0.55138","91.0","93.0"],"94":["76","92.84211","0.51434","92.0","94.0"],"95":["77","93.42857","0.49487","93.0","94.0"],"96":["76","94.00000","0.36274","93.0","95.0"],"97":["76","94.51316","0.49983","94.0","95.0"],"98":["77","94.16883","0.37460","94.0","95.0"],"99":["76","94.11842","0.32311","94.0","95.0"],"100":["76","94.90789","0.46390","94.0","96.0"],"101":["76","94.63158","0.72261","93.0","96.0"],"102":["77","93.41558","0.81145","92.0","95.0"],"103":["76","91.46053","2.26786","84.0","94.0"],"104":["76","77.63158","5.66114","66.0","86.0"],"105":["77","61.75325","2.65387","57.0","67.0"],"106":["76","58.01316","1.77329","53.0","63.0"],"107":["76","58.57895","2.39112","53.0","66.0"],"108":["76","63.98684","2.52093","59.0","70.0"],"109":["77","54.06494","2.80231","50.0","61.0"],"110":["76","56.81579","4.94366","48.0","67.0"],"111":["76","69.02632","3.29263","64.0","75.0"],"112":["77","67.66234","3.06471","62.0","75.0"],"113":["76","81.30263","4.23028","74.0","87.0"],"114":["76","88.90789","0.87626","87.0","91.0"],"115":["76","91.21053","0.52103","90.0","92.0"],"116":["77","92.20779","0.46536","91.0","93.0"],"117":["76","92.77632","0.66091","92.0","94.0"],"118":["76","92.07895","0.89975","90.0","94.0"],"119":["77","92.31169","0.64987","91.0","94.0"],"120":["76","92.14474","0.77296","91.0","94.0"],"121":["76","92.69737","0.45940","92.0","93.0"],"122":["76","93.02632","0.42839","92.0","94.0"],"123":["77","94.09091","0.92837","93.0","95.0"],"124":["76","93.63158","0.74059","93.0","95.0"],"125":["76","93.75000","0.51619","93.0","96.0"],"126":["77","92.72727","1.10061","90.0","95.0"],"127":["76","89.67105","1.68107","85.0","93.0"],"128":["76","79.67105","3.60332","74.0","87.0"],"129":["77","80.18182","10.39446","64.0","101.0"],"130":["76","61.47368","4.97751","50.0","69.0"],"131":["76","52.34211","2.75085","46.0","58.0"],"132":["76","54.43421","2.69178","47.0","59.0"],"133":["77","47.87013","3.45415","43.0","59.0"],"134":["76","51.15789","4.00346","44.0","60.0"],"135":["76","56.76316","3.50138","50.0","63.0"],"136":["77","60.74026","4.93438","53.0","70.0"],"137":["76","76.51316","3.89498","69.0","83.0"],"138":["76","82.94737","1.27625","81.0","86.0"],"139":["63","88.63492","1.67428","85.0","92.0"],"140":["77","90.00000","0.39477","89.0","91.0"],"141":["70","90.30000","0.59402","89.0","91.0"],"142":["76","91.48684","0.59589","90.0","93.0"],"143":["77","92.44156","0.56965","91.0","93.0"],"144":["76","92.50000","0.52566","91.0","93.0"],"145":["76","92.72368","0.44717","92.0","93.0"],"146":["76","93.36842","0.66574","93.0","95.0"],"147":["77","94.12987","0.65168","92.0","95.0"],"148":["76","94.38158","0.48577","94.0","95.0"],"149":["76","94.39474","0.48879","94.0","95.0"],"150":["77","93.25974","1.07392","91.0","95.0"],"151":["76","86.97368","2.98229","82.0","92.0"],"152":["76","79.22368","5.65127","68.0","85.0"],"153":["76","60.57895","5.11516","52.0","70.0"],"154":["77","65.31169","2.39729","60.0","70.0"],"155":["76","62.10526","3.16053","56.0","69.0"],"156":["76","58.94737","1.70830","54.0","64.0"],"157":["77","55.61039","2.93725","50.0","60.0"],"158":["76","53.21053","2.69657","47.0","58.0"],"159":["76","57.59211","3.55475","52.0","66.0"],"160":["76","71.30263","6.06981","58.0","78.0"],"161":["77","82.38961","3.32701","75.0","88.0"],"162":["76","88.93421","1.11610","87.0","91.0"],"163":["76","91.53947","0.63745","90.0","93.0"],"164":["71","91.02817","0.85534","89.0","93.0"],"165":["76","91.44737","1.09298","89.0","93.0"],"166":["76","92.36842","0.48238","92.0","93.0"],"167":["76","92.72368","0.47569","92.0","94.0"]},"margaritas\/007\/temp_dry":{"38":["40","21.95000","0.66970","20.8","23.2"],"39":["76","22.96447","0.88343","21.3","25.3"],"40":["77","24.21429","1.21085","21.5","25.9"],"41":["76","18.77632","1.35868","16.4","21.2"],"42":["76","14.43289","0.82084","13.4","16.3"],"43":["76","12.93816","0.25699","12.5","13.4"],"44":["77","12.29740","0.17130","12.0","12.6"],"45":["76","11.41974","0.27339","11.1","12.0"],"46":["76","11.72763","0.27938","11.2","12.2"],"47":["71","12.23521","0.14927","11.9","12.4"],"48":["76","11.54342","0.38944","11.0","12.0"],"49":["77","10.44416","0.36127","9.9","11.0"],"50":["76","10.17895","0.30319","9.7","10.6"],"51":["76","10.30658","0.26672","10.0","10.7"],"52":["76","9.70132","0.20551","9.4","10.0"],"53":["77","9.66234","0.21982","9.2","10.0"],"54":["76","10.40000","1.28032","9.0","13.1"],"55":["76","15.67500","1.82354","13.2","18.9"],"56":["71","20.98169","1.18432","18.8","22.9"],"57":["76","22.24079","1.43620","20.4","24.7"],"58":["76","22.06053","2.41787","19.1","26.1"],"59":["77","22.77792","2.57851","18.2","25.9"],"60":["76","19.20395","0.79014","17.8","20.2"],"61":["76","18.70000","0.66964","18.1","20.3"],"62":["76","21.20526","1.86194","18.1","24.8"],"63":["77","17.83117","0.57418","17.1","19.7"],"64":["76","17.37763","0.43426","16.4","18.2"],"65":["76","15.03421","0.63548","14.0","16.2"],"66":["77","13.44026","0.27505","13.0","14.0"],"67":["76","12.41842","0.37195","11.8","13.0"],"68":["76","11.37895","0.23637","11.1","11.8"],"69":["76","12.06053","0.19674","11.6","12.4"],"70":["77","11.52597","0.28577","11.1","11.9"],"71":["76","10.31316","0.44966","9.6","11.1"],