{"_t":[1367989200,1370581200,2592000,240],"_i":["sanpedro\/005\/humidity","sanpedro\/005\/temperature"],"_@":{"humi":[20,100],"temp":[0,40]},"sanpedro\/005\/humidity":{"0":["67","90.84925","3.38303","86.2","94.4"],"1":["79","91.15570","3.46891","86.0","94.4"],"2":["1103","69.50743","12.57652","51.0","94.8"],"3":["1351","64.34537","8.21799","48.0","89.2"],"4":["1482","59.33367","3.86861","49.0","79.3"],"5":["1237","55.22264","10.55667","36.4","85.2"],"6":["160","87.71625","3.63271","83.6","94.8"],"7":["78","88.56154","3.96834","84.7","94.7"],"8":["48","91.06875","3.52581","86.2","94.6"],"9":["97","90.15773","3.64454","86.0","94.5"],"10":["997","74.01775","8.51715","60.8","95.0"],"11":["1356","69.40413","12.22255","47.6","94.8"],"12":["1658","72.36942","8.28271","50.6","89.9"],"13":["1280","69.15031","8.96611","51.9","91.4"],"14":["37","90.95946","3.44089","86.4","94.7"],"15":["71","91.11127","3.33359","86.5","94.6"],"16":["29","90.96897","3.43542","86.3","94.5"],"17":["58","90.66552","3.49973","86.1","94.4"],"18":["837","68.12485","14.60950","45.2","94.8"],"19":["1574","62.88443","10.85699","42.9","95.1"],"20":["1432","69.58694","8.46941","49.2","84.6"],"21":["1350","73.90956","12.72200","50.0","95.0"],"22":["13","91.74615","3.04217","86.5","94.8"],"23":["70","91.14714","3.47730","86.5","94.7"],"24":["71","90.79577","3.50285","86.2","94.6"],"25":["93","90.76667","3.47564","86.0","94.4"],"26":["1065","67.35183","15.84863","42.5","94.8"],"27":["1384","50.10260","12.86844","35.0","80.2"],"28":["1328","67.17056","4.73958","53.0","80.5"],"29":["1282","75.70897","12.02466","51.6","94.9"],"30":["57","91.32807","3.33507","86.6","94.8"],"31":["37","91.32432","3.10409","86.4","94.6"],"32":["25","91.14000","3.43546","86.1","94.6"],"33":["89","90.69326","3.40376","85.9","94.3"],"34":["880","64.58739","17.50178","39.3","94.8"],"35":["1552","43.10226","8.71369","29.4","67.6"],"36":["1437","61.39318","7.71159","44.1","76.9"],"37":["1363","72.91240","9.96852","41.9","93.1"],"38":["37","90.56757","3.74094","86.2","94.8"],"39":["40","90.97250","3.57022","86.2","94.5"],"40":["29","91.28966","3.28207","86.1","94.5"],"41":["67","90.48358","3.59832","85.9","94.3"],"42":["936","76.94423","13.90572","51.7","94.7"],"43":["1450","59.44310","8.06183","42.1","79.5"],"44":["1501","64.63125","5.23793","51.9","78.4"],"45":["1042","74.42246","9.45036","51.2","95.0"],"46":["39","91.19487","3.53118","86.6","94.9"],"47":["67","91.06716","3.50498","86.5","94.8"],"48":["20","90.83000","3.71700","86.3","94.7"],"49":["30","91.16000","3.40779","86.0","94.5"],"50":["790","76.60544","7.64927","66.1","95.1"],"51":["1551","65.96634","6.73791","53.4","93.2"],"52":["1179","76.00000","6.22359","61.4","90.0"],"53":["1097","77.88842","9.41529","55.3","94.9"],"54":["86","91.52326","3.19770","86.5","94.7"],"55":["43","91.27907","2.82123","86.4","94.5"],"56":["18","92.06111","3.17825","86.4","94.5"],"57":["42","90.16667","3.61035","86.1","94.5"],"58":["807","72.91673","12.08913","53.2","94.9"],"59":["1098","77.85191","10.59951","53.3","95.0"],"60":["1251","78.95268","6.95276","61.2","95.3"],"61":["101","90.73960","3.40006","86.3","95.0"],"62":["90","91.27111","3.43890","86.4","94.8"],"63":["34","91.33529","3.29312","86.5","94.6"],"64":["67","91.25522","3.30600","86.4","94.6"],"65":["62","91.04839","3.48789","86.3","94.5"],"66":["769","73.21235","8.83917","56.2","94.6"],"67":["1495","65.95144","6.62167","53.4","93.2"],"68":["1494","62.66131","8.83280","46.3","83.0"],"69":["808","73.55879","15.75588","39.7","95.0"],"70":["29","91.05172","3.37849","86.6","94.8"],"71":["65","91.38000","3.40769","86.3","94.7"],"72":["39","90.79231","3.42423","86.4","94.5"],"73":["80","91.23000","3.31754","86.4","94.5"],"74":["76","90.41974","3.75671","85.4","94.9"],"75":["873","80.17904","7.90927","61.6","95.0"],"76":["1203","70.28071","10.04915","46.8","95.0"],"77":["1085","69.09687","13.11611","46.2","95.1"],"78":["37","91.68649","3.28289","86.3","94.8"],"79":["43","91.03721","3.43511","86.3","94.5"],"80":["63","91.06825","3.58935","86.1","94.5"],"81":["74","89.52703","3.67586","86.0","94.4"],"82":["946","81.65772","6.38432","69.6","95.1"],"83":["1397","58.64295","9.22514","43.6","90.2"],"84":["1437","61.53055","9.53432","42.6","82.8"],"85":["1214","67.66911","12.16628","45.8","94.8"],"86":["33","91.15758","3.62934","86.5","94.8"],"87":["102","91.00000","3.43029","86.3","94.6"],"88":["32","90.49375","3.61809","86.2","94.4"],"89":["71","90.76479","3.50686","86.3","94.4"],"90":["628","73.91497","11.45543","51.6","94.9"],"91":["1570","53.89274","6.12130","42.2","72.4"],"92":["1393","76.61809","8.70456","50.0","91.2"],"93":["1143","77.93561","13.31247","50.2","95.1"],"94":["236","84.12585","3.54705","81.2","94.8"],"95":["67","90.57313","3.47024","86.1","94.6"],"96":["6","89.35000","3.44420","86.0","94.3"],"107":["1552","77.15142","10.91121","51.4","93.7"],"108":["1367","79.94294","5.82578","65.1","92.7"],"109":["965","80.68839","7.89552","60.2","94.8"],"110":["68","91.59265","3.38536","86.4","94.7"],"111":["49","91.65918","3.33227","86.4","94.6"],"115":["1492","64.21857","7.82586","45.0","92.4"],"116":["1384","67.87637","5.77954","55.8","81.1"],"117":["892","86.23386","3.73734","76.4","94.9"],"118":["67","91.96418","3.35545","86.5","95.0"],"119":["39","91.26154","3.51470","86.5","94.7"],"120":["80","91.16625","3.48583","86.3","94.7"],"121":["28","90.96429","3.36709","86.2","94.5"],"122":["710","72.34465","11.47037","55.2","94.8"],"123":["1560","63.44449","9.66244","43.3","80.8"],"124":["1385","71.38296","11.72729","44.8","91.6"],"125":["624","80.61298","11.34267","50.9","94.8"],"126":["65","91.05231","3.40462","86.3","94.7"],"127":["56","91.47857","3.37685","86.4","94.6"],"128":["55","91.18909","3.49137","86.4","94.6"],"129":["31","91.92903","3.17279","86.4","94.6"],"130":["923","76.54995","10.57745","50.8","95.0"],"131":["1164","69.08033","10.64940","45.7","95.0"],"132":["1188","83.61944","5.56134","72.3","95.0"],"133":["292","91.88699","2.73584","86.5","95.0"],"134":["64","90.38437","3.64975","86.0","94.6"],"135":["33","90.92424","3.60093","86.0","94.3"],"136":["72","90.16667","3.68288","85.8","94.3"],"137":["103","87.96019","3.29299","85.8","94.2"],"138":["1063","71.81308","13.11562","49.1","94.8"],"139":["1452","51.19855","6.33201","36.0","77.5"],"140":["1491","66.17304","7.77904","47.1","84.3"],"141":["1116","64.50520","7.90477","50.3","90.4"],"142":["52","90.89231","3.44120","86.3","94.6"],"143":["114","90.83947","3.36015","86.2","94.5"],"144":["68","91.00882","3.55676","86.3","94.5"],"145":["64","91.07344","3.52284","86.2","94.5"],"146":["991","72.42603","8.05957","60.4","94.8"],"147":["1494","64.53179","5.47651","49.4","80.9"],"148":["1585","58.95211","6.39089","44.3","75.9"],"149":["876","80.98128","7.81063","60.8","94.7"],"150":["61","91.00820","3.53077","86.1","94.4"],"151":["43","91.07442","3.42712","86.0","94.3"],"152":["99","89.88788","3.52298","85.8","94.3"],"153":["193","89.49482","3.70333","85.8","94.0"],"154":["886","73.14029","9.26527","57.4","94.6"],"155":["1414","57.96627","4.52861","47.9","68.6"],"156":["1156","52.41488","7.68873","41.1","72.2"],"157":["460","73.33522","16.19702","44.3","95.1"],"158":["39","91.52564","3.31993","86.3","94.9"],"159":["69","91.02899","3.42074","86.0","94.4"],"160":["54","91.08333","3.30929","85.9","94.3"],"161":["88","90.42500","3.52556","86.0","94.3"],"162":["793","67.66078","10.80108","48.8","94.7"],"163":["1572","60.78944","9.49336","44.2","94.3"],"164":["572","80.04738","9.82506","60.7","94.9"],"165":["969","85.24025","4.15107","76.3","94.9"],"166":["69","91.05942","3.50690","86.2","94.7"],"167":["113","88.47080","3.46690","86.0","94.4"],"168":["87","88.76897","3.55050","85.9","94.2"],"169":["164","88.72622","3.59386","85.7","94.1"],"170":["664","80.12214","10.24913","61.6","94.8"],"171":["1517","53.33474","8.74375","35.8","72.7"],"172":["1175","62.87847","16.83096","40.1","95.0"],"173":["1393","72.60826","10.09604","47.6","94.5"],