{"_t":[1370581200,1370667600,86400,144],"_i":["sanpedro\/006\/VoltR"],"_@":{"Volt":[0,140]},"sanpedro\/006\/VoltR":{"0":["2","0.00000","0.00000","0.0","0.0"],"1":["2","0.00000","0.00000","0.0","0.0"],"2":["2","0.00000","0.00000","0.0","0.0"],"3":["2","0.00000","0.00000","0.0","0.0"],"4":["2","0.00000","0.00000","0.0","0.0"],"5":["2","0.00000","0.00000","0.0","0.0"],"6":["2","0.00000","0.00000","0.0","0.0"],"7":["2","0.00000","0.00000","0.0","0.0"],"8":["2","0.00000","0.00000","0.0","0.0"],"9":["2","0.00000","0.00000","0.0","0.0"],"10":["2","0.00000","0.00000","0.0","0.0"],"11":["2","0.00000","0.00000","0.0","0.0"],"12":["2","0.00000","0.00000","0.0","0.0"],"13":["2","0.00000","0.00000","0.0","0.0"],"14":["2","0.00000","0.00000","0.0","0.0"],"15":["2","0.00000","0.00000","0.0","0.0"],"16":["2","0.00000","0.00000","0.0","0.0"],"17":["2","0.00000","0.00000","0.0","0.0"],"18":["2","0.00000","0.00000","0.0","0.0"],"19":["2","0.00000","0.00000","0.0","0.0"],"20":["2","0.00000","0.00000","0.0","0.0"],"21":["2","0.00000","0.00000","0.0","0.0"],"22":["2","0.00000","0.00000","0.0","0.0"],"23":["2","0.00000","0.00000","0.0","0.0"],"24":["2","0.00000","0.00000","0.0","0.0"],"25":["2","0.00000","0.00000","0.0","0.0"],"26":["2","0.00000","0.00000","0.0","0.0"],"27":["2","0.00000","0.00000","0.0","0.0"],"28":["2","0.00000","0.00000","0.0","0.0"],"29":["2","0.00000","0.00000","0.0","0.0"],"30":["2","0.00000","0.00000","0.0","0.0"],"31":["2","0.00000","0.00000","0.0","0.0"],"32":["2","0.00000","0.00000","0.0","0.0"],"33":["2","0.00000","0.00000","0.0","0.0"],"34":["2","0.00000","0.00000","0.0","0.0"],"35":["2","0.00000","0.00000","0.0","0.0"],"36":["6","60.00000","60.82763","0.0","130.0"],"37":["5","71.60000","59.32487","0.0","130.0"],"38":["2","0.00000","0.00000","0.0","0.0"],"39":["2","0.00000","0.00000","0.0","0.0"],"40":["3","42.66667","60.33978","0.0","128.0"],"41":["2","0.00000","0.00000","0.0","0.0"],"42":["2","0.00000","0.00000","0.0","0.0"],"43":["2","0.00000","0.00000","0.0","0.0"],"44":["7","72.28571","62.60241","0.0","127.0"],"45":["2","0.00000","0.00000","0.0","0.0"],"46":["3","42.00000","59.39697","0.0","126.0"],"47":["2","0.00000","0.00000","0.0","0.0"],"51":["2","63.50000","63.50000","0.0","127.0"],"52":["11","92.72727","56.78523","0.0","128.0"],"53":["2","0.00000","0.00000","0.0","0.0"],"54":["2","0.00000","0.00000","0.0","0.0"],"55":["4","64.00000","64.00000","0.0","128.0"],"56":["18","92.66667","57.47173","0.0","129.0"],"57":["2","0.00000","0.00000","0.0","0.0"],"58":["2","0.00000","0.00000","0.0","0.0"],"59":["2","0.00000","0.00000","0.0","0.0"],"60":["2","0.00000","0.00000","0.0","0.0"],"61":["2","0.00000","0.00000","0.0","0.0"],"62":["2","0.00000","0.00000","0.0","0.0"],"63":["2","0.00000","0.00000","0.0","0.0"],"64":["2","0.00000","0.00000","0.0","0.0"],"65":["2","0.00000","0.00000","0.0","0.0"],"66":["2","0.00000","0.00000","0.0","0.0"],"67":["7","75.57143","65.44760","0.0","133.0"],"68":["3","44.00000","62.22540","0.0","132.0"],"69":["2","0.00000","0.00000","0.0","0.0"]}}