{"_t":[1381813200,1381899600,86400,144],"_i":["timana0\/005\/tension"],"_@":{"tens":[0,30]},"timana0\/005\/tension":{"52":["1","19.90000","0.00000","19.9","19.9"],"53":["3","16.73333","4.54924","10.3","20.0"],"54":["2","15.05000","3.05000","12.0","18.1"],"55":["2","17.90000","0.50000","17.4","18.4"],"56":["2","19.45000","0.15000","19.3","19.6"],"57":["2","21.10000","0.70000","20.4","21.8"],"58":["2","20.60000","0.10000","20.5","20.7"],"59":["2","21.65000","0.25000","21.4","21.9"],"60":["2","20.25000","0.15000","20.1","20.4"],"61":["2","21.85000","0.05000","21.8","21.9"],"62":["2","20.30000","0.80000","19.5","21.1"],"63":["2","16.00000","3.30000","12.7","19.3"],"64":["2","19.00000","0.80000","18.2","19.8"],"65":["2","19.10000","0.80000","18.3","19.9"],"66":["2","19.95000","0.75000","19.2","20.7"],"67":["2","21.15000","0.05000","21.1","21.2"],"68":["2","20.40000","0.10000","20.3","20.5"],"69":["2","20.80000","0.10000","20.7","20.9"],"70":["2","20.70000","0.10000","20.6","20.8"],"71":["2","20.60000","0.60000","20.0","21.2"],"72":["2","20.55000","0.65000","19.9","21.2"],"73":["2","21.50000","0.20000","21.3","21.7"],"74":["2","21.40000","0.00000","21.4","21.4"],"75":["2","21.75000","0.15000","21.6","21.9"],"76":["2","20.85000","0.05000","20.8","20.9"],"77":["2","21.80000","0.40000","21.4","22.2"],"78":["2","20.25000","0.15000","20.1","20.4"],"79":["2","21.55000","0.35000","21.2","21.9"],"80":["2","19.55000","0.75000","18.8","20.3"],"81":["2","19.75000","0.15000","19.6","19.9"],"82":["2","17.35000","4.45000","12.9","21.8"],"83":["2","20.30000","0.70000","19.6","21.0"],"84":["2","19.15000","0.05000","19.1","19.2"],"85":["2","17.20000","4.40000","12.8","21.6"],"86":["2","13.30000","5.10000","8.2","18.4"],"87":["1","13.70000","0.00000","13.7","13.7"],"88":["2","13.85000","5.05000","8.8","18.9"],"89":["2","13.55000","5.75000","7.8","19.3"],"90":["2","13.90000","5.30000","8.6","19.2"],"91":["2","11.25000","0.45000","10.8","11.7"],"92":["2","12.75000","4.85000","7.9","17.6"],"93":["2","11.50000","2.30000","9.2","13.8"]}}