{"_t":[1368680400,1369025940,345540,240],"_i":["sanpedro\/003\/humidity","sanpedro\/003\/temperature"],"_@":{"humi":[50,100],"temp":[0,30]},"sanpedro\/003\/humidity":{"0":["3","91.06667","3.38657","86.5","94.6"],"4":["13","91.14615","3.26535","86.5","94.6"],"5":["6","91.06667","3.38657","86.5","94.6"],"7":["8","90.56250","3.35557","86.4","94.5"],"8":["14","90.92143","3.50310","86.4","94.5"],"9":["10","91.35000","3.38947","86.4","94.5"],"13":["8","91.20000","2.98747","86.3","94.4"],"14":["21","91.28571","3.31164","86.3","94.4"],"15":["5","90.68000","3.68206","86.3","94.4"],"16":["12","90.53333","3.63050","86.3","94.6"],"17":["14","89.86429","3.46752","86.5","94.6"],"18":["49","79.29184","5.39882","75.2","90.1"],"20":["104","74.50000","5.19976","69.6","86.0"],"26":["55","72.14545","4.73796","67.6","82.6"],"30":["47","60.47872","2.74853","55.8","66.1"],"32":["46","58.01522","2.00141","55.9","63.4"],"36":["55","75.88909","3.14016","72.4","81.6"],"39":["55","85.18364","2.72302","83.0","91.2"],"40":["100","86.27000","3.22830","82.8","93.2"],"41":["24","90.16250","3.46985","85.4","95.0"],"42":["1","86.90000","0.00000","86.9","86.9"],"43":["14","90.34286","3.64314","86.8","95.0"],"44":["10","90.94000","3.50577","86.8","94.9"],"47":["4","90.02500","3.53721","86.6","94.7"],"48":["10","90.46000","3.28122","86.6","94.7"],"50":["7","89.74286","3.65390","86.6","94.7"],"52":["14","91.31429","3.15614","86.6","94.7"],"54":["5","90.96000","3.67511","86.6","94.7"],"55":["5","90.98000","3.68206","86.6","94.7"],"56":["10","89.86000","3.45317","86.5","94.6"],"57":["9","89.82222","3.81744","86.4","94.6"],"58":["13","90.00000","3.52813","86.3","94.5"],"59":["7","90.30000","3.58090","86.3","94.5"],"60":["13","90.20000","3.63953","86.3","94.5"],"61":["9","91.00000","3.39706","86.4","94.5"],"62":["8","89.85000","3.55282","86.4","94.5"],"63":["5","90.78000","3.68206","86.4","94.5"],"64":["8","90.56250","3.35557","86.4","94.5"],"66":["1","92.10000","0.00000","92.1","92.1"],"67":["11","91.41818","3.23892","86.4","94.5"],"70":["7","90.34286","3.53305","86.4","94.5"],"72":["12","91.00000","3.39706","86.4","94.5"],"73":["4","91.27500","2.98025","86.4","94.5"],"75":["4","89.85000","3.55282","86.4","94.5"],"77":["7","90.04286","3.24339","86.4","94.5"],"78":["1","92.20000","0.00000","92.2","92.2"],"79":["17","89.53529","3.41208","86.4","94.5"],"80":["16","89.75625","3.41375","86.4","94.6"],"82":["38","89.08158","3.81292","84.8","95.0"],"83":["5","91.14000","3.72966","86.7","94.9"],"84":["15","91.38667","3.44903","86.7","94.9"],"85":["15","91.97333","3.33636","86.7","95.0"],"87":["54","82.51852","4.01544","79.0","93.1"],"91":["19","70.57368","1.50991","69.2","73.8"],"92":["28","71.68214","0.82248","69.8","73.9"],"94":["51","84.49608","2.82898","80.4","90.1"],"103":["111","84.87387","5.33129","74.9","95.1"],"104":["11","91.57273","3.70849","86.8","95.0"],"105":["12","90.85000","3.65114","86.6","94.9"],"107":["13","90.84615","3.48637","86.6","94.7"],"108":["5","89.36000","3.46445","86.6","94.7"],"109":["12","90.96667","3.29781","86.5","94.7"],"110":["6","87.43333","2.13203","86.4","92.2"],"111":["14","90.80000","3.42074","86.4","94.6"],"112":["15","90.42000","3.48850","86.3","94.5"],"113":["9","90.05556","3.47151","86.3","94.5"],"114":["8","89.80000","3.60139","86.3","94.5"],"115":["16","90.67500","3.51914","86.3","94.5"],"117":["12","90.28333","3.48660","86.3","94.5"],"118":["11","90.80909","3.53436","86.3","94.4"],"119":["12","92.02500","3.42445","86.3","94.5"],"121":["4","89.77500","3.58565","86.3","94.5"],"122":["20","89.57500","3.49770","86.1","94.5"],"123":["2","89.05000","2.95000","86.1","92.0"],"127":["10","90.54000","3.72966","86.1","94.3"],"128":["8","90.32500","3.40211","86.1","94.3"],"129":["9","89.88889","3.43558","86.1","94.3"],"130":["2","90.25000","4.05000","86.2","94.3"],"131":["18","90.82222","3.42013","86.2","94.4"],"132":["17","90.10000","3.44810","86.1","94.4"],"133":["8","90.27500","3.40432","86.0","94.2"],"134":["6","88.33333","3.37178","86.0","94.2"],"135":["27","90.52222","3.74792","86.0","94.4"],"136":["16","90.63125","3.65218","86.6","94.9"],"137":["5","89.48000","3.49537","86.7","94.9"],"141":["55","78.03091","5.59155","73.0","88.5"],"154":["49","76.27959","1.77660","74.4","81.5"],"155":["55","69.52182","3.76195","65.8","77.8"],"157":["53","76.84717","1.90863","74.8","80.7"],"163":["52","77.02692","0.72513","75.0","78.0"],"165":["17","90.86471","3.65593","86.5","94.8"],"167":["7","90.50000","3.58090","86.5","94.7"],"168":["16","91.39375","3.43210","86.5","94.7"],"169":["13","90.84615","3.48637","86.6","94.7"],"170":["3","91.20000","3.39706","86.6","94.7"],"171":["15","91.08667","2.84836","86.5","94.7"],"172":["21","89.95238","3.39378","86.5","94.6"],"173":["4","89.85000","3.55282","86.4","94.5"],"174":["5","90.26000","3.34999","86.3","94.5"],"176":["3","90.90000","3.39706","86.3","94.4"],"179":["17","90.04706","3.63174","86.3","94.5"],"180":["7","91.40000","3.37512","86.3","94.4"],"181":["9","90.90000","3.39706","86.3","94.4"],"182":["13","89.96154","3.44373","86.3","94.5"],"183":["12","90.50000","3.59166","86.4","94.5"],"184":["17","90.69412","3.38465","86.3","94.4"],"185":["7","90.24286","3.53305","86.3","94.4"],"186":["19","89.76842","3.71753","86.3","94.4"],"187":["3","90.83333","3.40816","86.2","94.3"],"188":["11","89.51818","3.62662","86.2","94.4"],"189":["6","90.90000","3.39706","86.3","94.4"],"191":["5","90.24000","3.25552","86.4","94.4"],"192":["2","93.20000","1.20000","92.0","94.4"],"193":["14","90.41429","3.66973","86.3","94.4"],"194":["2","89.15000","2.85000","86.3","92.0"],"195":["5","90.78000","3.68206","86.4","94.5"],"196":["20","90.38500","3.61224","86.5","94.7"],"197":["120","85.55417","3.23215","81.4","94.9"],"198":["129","81.66744","2.78582","79.2","95.0"],"199":["103","85.10097","5.20328","79.5","95.0"],"211":["49","55.38163","2.50531","51.7","62.0"],"213":["26","84.93462","1.28271","83.1","88.2"],"216":["52","76.23846","1.48105","74.2","79.9"],"218":["10","90.53000","3.12252","86.8","95.0"],"219":["26","91.55385","2.07461","86.8","95.1"],"222":["30","85.88000","5.51352","76.5","95.1"],"224":["17","91.09412","3.25151","86.9","95.0"],"225":["41","90.85122","3.53485","86.7","95.0"],"226":["104","84.94615","1.45357","83.4","94.8"],"227":["86","82.75116","2.52028","81.0","94.8"],"228":["111","83.08739","3.10240","81.4","94.8"],"229":["23","83.28696","2.46123","81.8","94.7"],"230":["67","85.93284","2.05284","84.2","94.7"],"231":["46","86.19783","2.30891","84.5","94.6"],"232":["48","86.86458","2.37272","85.2","94.6"],"233":["10","89.24000","3.48057","86.4","94.6"],"234":["4","91.35000","3.02118","86.4","94.6"],"235":["12","89.37500","3.60095","86.4","94.5"],"236":["12","90.41667","3.67057","86.2","94.5"],"237":["10","90.13000","3.36126","86.1","94.4"],"238":["16","89.23750","3.64329","86.1","94.3"],"239":["17","90.17647","3.61346","86.0","94.3"]},"sanpedro\/003\/temperature":{"0":["3","12.16667","0.26247","11.8","12.4"],"4":["13","12.02308","0.31660","11.6","12.4"],"5":["6","11.98333","0.33375","11.5","12.4"],"7":["8","11.32500","0.36315","10.8","11.7"],"8":["14","11.58571","0.34405","11.1","12.0"],"9":["10","11.68000","0.34293","11.2","12.1"],"13":["8","10.87500","0.42353","10.1","11.2"],"14":["21","10.80952","0.38902","10.1","11.1"],"15":["5","11.06000","0.42237","10.5","11.5"],"16":["12","11.78333","0.55653","11.0","12.6"],"17":["14","12.49286","0.25485","12.0","12.9"],"18":["49","16.64286","0.22039","16.5","17.3"],"20":["104","17.83365","0.80271","17.0","19.5"],"26":["55","17.59273","0.74220","16.9","19.0"],"30":["47","20.18936","1.25040","19.0","22.4"],"32":["46","21.10217","1.88674","19.7","24.2"],"36":["55","18.32364","0.40225","17.9","18.9"],"39":["55","16.78364","0.51901","16.3","17.7"],"40":["100","16.63200","0.52818","16.1","17.6"],"41":["24","16.15000","0.72111","15.0","17.3"],"42":["1","14.90000","0.00000","14.9","14.9"],"43":["14","14.37143","0.51607","13.7","15.2"],"44":["10","14.21000","0.44373","13.6","14.8"],