{"_t":[1364533200,1367125200,2592000,240],"_i":["valentina\/002\/humidity","valentina\/002\/temperature"],"_@":{"humi":[20,90],"temp":[0,40]},"valentina\/002\/humidity":{"0":["36","81.76389","0.06304","81.7","81.9"],"1":["36","81.55000","0.08333","81.4","81.7"],"2":["35","69.11429","12.24829","45.7","82.3"],"3":["31","47.38710","5.88660","37.8","58.7"],"4":["36","47.71944","6.54182","30.6","57.3"],"5":["36","66.63889","11.25061","46.7","82.5"],"6":["36","82.17500","0.10375","82.0","82.4"],"7":["36","81.94722","0.09856","81.8","82.1"],"8":["36","81.77778","0.04157","81.7","81.8"],"9":["36","81.71111","0.03143","81.7","81.8"],"10":["36","72.84722","8.92666","55.1","82.2"],"11":["36","55.66944","5.67068","45.0","67.0"],"12":["36","49.20556","5.59543","37.3","58.8"],"13":["36","57.15556","8.82624","32.7","70.4"],"14":["36","81.00556","2.78567","70.1","82.3"],"15":["36","82.07222","0.04479","82.0","82.1"],"16":["35","82.10571","0.03332","82.1","82.3"],"17":["35","81.91429","0.07228","81.8","82.1"],"18":["36","69.00000","11.03192","52.4","82.3"],"19":["36","49.20556","7.54877","36.1","65.7"],"20":["36","52.46389","7.32284","36.8","64.0"],"21":["36","44.06944","12.00423","26.5","69.5"],"22":["36","80.97222","2.74779","69.0","82.1"],"23":["36","81.65278","0.05521","81.6","81.8"],"24":["36","81.58333","0.05528","81.5","81.7"],"25":["36","81.55556","0.06849","81.5","81.7"],"26":["36","69.38889","10.07915","53.9","82.1"],"27":["36","49.86111","11.80561","32.3","82.7"],"28":["28","48.59643","6.82074","39.8","61.7"],"30":["26","86.10000","1.17637","82.0","86.6"],"31":["39","85.72051","1.12550","81.8","86.2"],"32":["40","85.44000","1.24836","81.7","86.0"],"33":["39","85.60000","1.10986","81.7","86.0"],"34":["37","77.42162","9.32318","56.5","86.5"],"35":["41","40.71463","6.99315","30.0","57.4"],"36":["40","33.79750","6.52512","23.2","53.7"],"37":["41","75.52683","10.33915","36.9","86.6"],"38":["38","86.03158","1.17341","82.0","86.6"],"39":["38","85.80789","0.96283","81.7","86.4"],"40":["38","85.61316","0.94707","81.6","85.9"],"41":["40","85.31250","1.28845","81.4","85.8"],"42":["34","78.24706","11.41785","52.5","86.4"],"43":["2","54.25000","0.25000","54.0","54.5"],"91":["8","63.28750","3.76976","59.5","71.0"],"92":["38","43.33947","12.23979","23.3","63.4"],"93":["38","46.38158","19.63190","24.2","85.9"],"94":["40","86.12750","1.28802","82.2","86.8"],"95":["38","86.17105","0.97681","82.0","86.5"],"96":["38","86.06842","0.97309","81.9","86.4"],"97":["39","85.83590","1.15769","81.8","86.3"],"98":["37","72.59459","12.81057","52.3","86.5"],"99":["41","47.82439","9.07892","34.9","69.8"],"100":["38","50.48947","9.57455","25.5","68.8"],"101":["39","78.72051","5.81295","65.8","86.7"],"102":["39","85.69231","1.51765","81.6","86.7"],"103":["40","85.81750","1.28722","81.8","86.5"],"104":["39","85.67179","1.14263","81.7","86.2"],"105":["41","85.45610","1.39896","81.6","86.2"],"106":["37","76.58378","9.71122","55.0","86.3"],"107":["41","42.50488","6.94669","26.7","56.3"],"108":["38","47.86316","8.81832","29.5","63.2"],"109":["38","69.48684","14.82271","40.9","86.8"],"110":["38","86.38684","0.95536","82.3","86.8"],"111":["39","86.03590","1.15325","82.0","86.5"],"112":["40","85.79000","1.27491","81.9","86.3"],"113":["39","85.69744","1.11642","81.8","86.1"],"114":["40","79.72750","8.34344","59.6","86.6"],"115":["41","47.50976","5.87756","37.8","64.3"],"116":["39","45.53846","10.36749","25.8","63.7"],"117":["39","65.96154","14.38073","33.6","86.8"],"118":["37","86.22973","1.07424","82.2","86.8"],"119":["42","85.62857","1.49814","81.9","86.4"],"120":["16","85.75000","1.02042","81.8","86.1"],"137":["35","85.93429","1.20734","81.9","86.4"],"138":["39","81.78205","7.35384","63.9","86.7"],"139":["33","60.57576","5.59063","49.3","71.3"],"140":["38","82.14211","8.71323","41.2","87.1"],"141":["39","84.98718","6.31373","56.5","87.3"],"142":["39","86.18462","1.29705","82.3","86.7"],"143":["39","86.11795","1.13202","82.2","86.5"],"144":["39","86.04359","1.12996","82.0","86.4"],"145":["40","85.89000","1.29842","82.0","86.4"],"146":["38","74.12895","12.02836","53.5","86.8"],"147":["39","45.11282","4.16217","32.3","51.3"],"148":["37","43.76757","7.43640","27.5","55.6"],"149":["37","55.37027","18.29433","27.0","86.7"],"150":["40","86.03000","1.27910","82.1","86.6"],"151":["37","86.37297","0.67969","82.3","86.5"],"152":["38","85.95526","0.98400","81.8","86.4"],"153":["39","85.74872","1.15977","81.7","86.1"],"154":["38","77.54737","11.03162","53.5","86.4"],"155":["37","44.26216","5.96369","32.6","57.2"],"156":["40","41.42500","8.11735","26.6","57.7"],"157":["43","65.36279","22.26285","32.2","86.8"],"158":["39","81.75897","2.24542","77.2","86.7"],"159":["40","85.97500","1.29649","82.2","86.5"],"160":["38","86.09211","1.16966","82.1","86.5"],"161":["32","85.99375","1.26317","82.0","86.4"],"162":["35","70.97143","13.35835","48.8","86.6"],"163":["38","51.31579","6.32524","40.5","68.6"],"164":["39","55.76667","5.62377","36.5","61.8"],"165":["40","68.89750","16.89222","28.7","86.8"],"166":["38","86.40789","0.98312","82.2","86.8"],"167":["40","86.00500","1.30268","82.0","86.5"],"168":["38","86.09211","0.95735","82.0","86.4"],"169":["40","85.77500","1.27510","81.9","86.2"],"170":["40","84.82500","5.77177","56.2","87.0"],"171":["37","75.71622","9.15546","46.1","85.4"],"172":["41","61.60488","10.46266","44.1","85.0"],"173":["39","79.81538","7.54309","66.2","86.7"],"174":["39","86.16154","1.12492","82.2","86.5"],"175":["39","86.07692","1.11917","82.2","86.4"],"176":["40","85.93000","1.27754","82.1","86.4"],"177":["41","85.74634","1.39688","82.0","86.3"],"178":["37","85.10541","2.43599","77.9","87.0"],"179":["39","71.07692","6.64829","51.3","79.8"],"180":["39","66.54359","7.66543","38.3","75.9"],"181":["42","73.01429","9.46949","43.7","86.2"],"182":["39","86.13846","1.14144","82.1","86.5"],"183":["39","86.16923","1.14582","82.2","86.5"],"184":["39","86.09231","1.15323","82.1","86.5"],"185":["37","86.34054","0.70843","82.1","86.5"],"186":["41","85.09756","2.48355","77.2","86.7"],"187":["39","83.63846","4.60137","69.0","86.8"],"188":["39","67.12564","17.08862","33.7","87.0"],"189":["43","62.80233","22.26670","23.4","86.7"],"190":["40","85.97500","1.30053","82.0","86.5"],"191":["38","86.05000","0.98080","81.9","86.4"],"192":["39","85.93333","1.16846","81.8","86.4"],"193":["40","85.62250","1.27544","81.7","86.2"],"194":["38","76.12368","12.65309","45.7","86.6"],"195":["39","61.74103","7.61728","43.2","74.7"],"196":["39","67.91282","9.83472","46.8","86.2"],"197":["40","69.35250","12.36176","44.6","86.7"],"198":["39","86.14615","1.17142","82.0","86.7"],"199":["42","85.68333","1.54487","81.9","86.4"],"200":["40","85.86000","1.32000","81.9","86.3"],"201":["38","85.99737","0.97966","81.8","86.3"],"202":["41","76.93902","10.71479","51.7","86.6"],"203":["31","48.00000","8.79318","30.9","68.8"],"204":["36","40.52778","6.99443","27.7","56.6"],"205":["35","47.07143","18.64660","22.5","75.1"],"206":["36","80.65833","1.82626","75.6","82.2"],"207":["36","81.94722","0.05521","81.9","82.1"],"208":["36","81.88611","0.09473","81.7","82.0"],"209":["36","81.70556","0.09702","81.6","81.9"],"210":["36","81.12222","3.40336","69.7","82.8"],"211":["36","51.63333","8.28851","39.9","71.1"],"212":["36","35.70278","5.36193","28.7","48.5"],"213":["36","48.01944","12.29103","27.4","74.1"],"214":["36","81.65000","1.84654","73.3","82.2"],"215":["36","82.05278","0.06866","82.0","82.2"],"216":["36","82.04722","0.04992","82.0","82.1"],"217":["39","85.54615","1.61179","82.1","86.3"],"218":["37","76.22973","12.75844","49.8","86.6"],"219":["40","55.00750","7.73283","33.4","69.0"],"220":["38","56.25789","7.57352","32.5","68.8"],"221":["39","77.36410","12.00467","41.4","86.7"],"222":["37","82.65676","4.39382","70.3","86.6"],"223":["36","83.06389","3.03701","73.8","86.3"],"224":["41","85.08293","1.97680","79.2","86.1"],"225":["39","85.62308","1.18093","81.5","86.1"],"226":["40","65.69250","12.47913","49.2","86.3"],