{"_t":[1364446800,1367038800,2592000,240],"_i":["sanpedro\/003\/humidity","sanpedro\/003\/temperature"],"_@":{"humi":[30,100],"temp":[0,40]},"sanpedro\/003\/humidity":{"0":["36","86.03889","0.11125","85.9","86.2"],"1":["36","86.14722","0.04992","86.1","86.2"],"2":["36","72.73611","12.52735","51.2","86.5"],"3":["36","44.04444","9.57707","33.0","67.4"],"4":["36","59.21944","4.92814","50.7","76.0"],"5":["36","81.69444","6.77409","66.5","86.8"],"6":["36","86.35556","0.10123","86.2","86.5"],"7":["35","86.26000","0.05451","86.1","86.3"],"8":["36","85.93056","0.10225","85.8","86.1"],"9":["36","85.75000","0.05000","85.7","85.8"],"10":["36","76.62500","11.97640","50.0","86.8"],"11":["31","56.17419","6.76909","47.5","68.9"],"12":["36","54.50278","6.30615","41.2","67.5"],"13":["36","76.40278","9.88808","56.3","86.9"],"14":["36","86.50000","0.14142","86.3","86.8"],"15":["36","86.18889","0.12197","86.0","86.4"],"16":["34","86.01471","0.08789","85.9","86.1"],"17":["36","85.91389","0.07510","85.8","86.1"],"18":["36","81.07222","7.61572","63.4","86.7"],"19":["36","59.76389","3.07843","53.7","66.3"],"20":["36","58.79444","4.36329","51.2","68.0"],"21":["36","59.22778","7.34221","39.3","68.6"],"22":["36","84.27778","4.93812","68.8","86.5"],"23":["36","86.38056","0.03958","86.3","86.4"],"24":["34","86.40000","0.00000","86.4","86.4"],"25":["35","86.14571","0.07688","86.1","86.4"],"26":["36","75.61111","10.57620","57.1","86.6"],"27":["36","57.32222","6.72471","46.2","72.1"],"28":["36","61.53333","4.81329","50.0","68.4"],"29":["36","53.03056","7.49936","43.7","67.8"],"30":["36","84.14722","4.65460","69.4","86.5"],"31":["36","85.82222","0.08535","85.7","86.0"],"32":["36","85.74167","0.13411","85.6","86.0"],"33":["36","85.72500","0.09242","85.6","86.0"],"34":["36","78.36389","9.16094","59.9","86.6"],"35":["36","51.56944","3.90682","45.9","62.6"],"36":["28","50.91786","2.82477","44.8","55.3"],"38":["33","90.62424","3.54376","86.2","94.8"],"39":["43","89.86977","3.61666","86.1","94.5"],"67":["49","45.26327","2.03908","40.4","49.4"],"69":["126","76.50952","8.42692","65.1","95.0"],"70":["68","90.76176","3.46627","86.4","94.8"],"71":["67","90.78955","3.46764","86.5","94.7"],"72":["100","90.48500","3.55276","86.2","94.7"],"73":["80","90.06500","3.60361","86.0","94.5"],"74":["108","77.09537","13.56418","58.7","94.6"],"75":["56","56.48393","11.67731","49.8","93.6"],"77":["87","80.45862","9.42886","70.5","95.0"],"78":["26","90.97692","3.37038","86.5","94.7"],"79":["65","90.10308","3.41927","86.4","94.8"],"80":["114","89.49035","3.62782","86.0","94.6"],"81":["126","87.77302","3.14321","85.8","94.1"],"82":["143","85.91049","3.39380","80.3","94.8"],"84":["45","52.91556","1.79505","51.1","58.1"],"101":["114","80.99825","4.20073","75.2","91.3"],"102":["81","90.40000","3.60524","86.3","95.0"],"103":["57","89.73509","3.56703","86.2","94.7"],"104":["78","90.27949","3.58170","86.1","94.6"],"105":["51","90.51765","3.63009","86.1","94.5"],"106":["33","90.82424","3.64443","86.1","94.5"],"108":["49","61.86735","7.29177","55.9","77.1"],"109":["6","89.11667","3.34286","86.8","94.9"],"110":["107","90.38131","3.42654","86.3","94.8"],"111":["111","89.25946","3.54608","86.0","94.5"],"112":["71","89.18028","3.57103","85.9","94.3"],"149":["119","76.87647","8.62990","63.2","95.0"],"150":["32","90.91875","3.61416","86.7","94.9"],"151":["46","90.89130","3.45687","86.5","94.7"],"152":["57","90.48070","3.53521","86.2","94.6"],"153":["69","89.88551","3.55097","86.2","94.5"],"154":["71","89.29296","3.78155","84.3","94.8"],"157":["199","81.01206","8.84216","63.4","92.3"],"158":["84","90.53690","3.36904","86.4","94.9"],"159":["87","90.68506","3.41695","86.3","94.7"],"160":["105","89.49143","3.64410","85.9","94.5"],"161":["132","88.80379","3.53179","85.9","94.2"],"162":["89","75.65281","13.65100","60.2","94.4"],"163":["51","55.31569","2.76089","52.7","62.6"],"164":["38","39.72895","3.97836","32.5","48.8"],"165":["73","85.04521","3.49089","81.4","95.1"],"166":["364","85.64066","2.51467","82.8","94.9"],"167":["63","91.05238","3.13894","86.5","94.6"],"168":["35","91.23714","3.14761","86.5","94.6"],"169":["32","91.17500","3.30520","86.5","94.5"],"173":["161","85.35963","4.70547","77.7","95.2"],"174":["32","90.89688","3.62142","86.6","94.9"],"175":["26","91.15000","3.53458","86.4","94.6"],"176":["56","91.45714","3.34685","86.3","94.6"],"177":["41","90.62195","3.41585","86.3","94.5"],"181":["92","91.38152","3.24901","86.5","94.9"],"182":["69","90.96957","3.40712","86.5","94.8"],"183":["23","90.59130","3.70299","86.5","94.7"],"184":["34","91.07941","3.38967","86.3","94.7"],"185":["21","90.69048","3.57050","86.3","94.5"],"186":["49","90.79388","3.49463","86.3","94.7"],"204":["92","75.62935","3.05741","71.5","84.8"],"205":["105","74.34095","3.70273","69.0","82.4"],"206":["92","90.20217","3.56151","86.2","94.9"],"207":["96","90.26979","3.51216","86.1","94.5"],"208":["58","90.42241","3.51018","86.2","94.4"],"209":["36","90.28333","3.57301","86.2","94.4"],"210":["98","86.00204","5.75849","77.8","94.8"],"213":["217","78.46359","7.56199","68.7","94.8"],"214":["840","83.01202","4.12493","76.6","94.8"],"215":["51","90.02549","3.52931","86.3","94.5"],"216":["66","90.66364","3.45449","86.1","94.5"],"217":["3","90.76667","3.41988","86.1","94.2"],"236":["45","58.58444","2.67440","52.4","66.1"],"237":["158","73.96013","14.28832","47.8","92.6"],"238":["67","90.93284","3.36977","86.7","95.0"],"239":["188","85.32128","5.54800","77.1","94.9"]},"sanpedro\/003\/temperature":{"0":["36","8.98056","0.89126","7.6","10.4"],"1":["36","9.85833","0.28223","9.1","10.1"],"2":["36","14.90278","3.76257","9.2","20.2"],"3":["36","22.96111","1.91852","18.8","26.9"],"4":["36","22.05556","1.18026","17.9","23.8"],"5":["36","15.63333","2.23221","12.7","20.3"],"6":["36","10.82500","0.69776","9.6","12.4"],"7":["35","10.38000","0.39627","9.4","10.9"],"8":["36","7.75556","0.64353","6.6","9.1"],"9":["36","6.40278","0.48904","5.7","7.3"],"10":["36","13.46944","4.42486","7.4","21.2"],"11":["31","20.22581","1.07372","18.3","22.3"],"12":["36","20.03333","1.44203","18.2","23.9"],"13":["36","17.42500","2.21038","14.1","22.5"],"14":["36","11.75278","0.92240","10.4","13.8"],"15":["36","9.42222","0.98238","7.7","11.0"],"16":["34","8.07059","0.38312","7.4","8.6"],"17":["36","7.44444","0.49690","6.9","8.6"],"18":["36","12.59722","3.39186","7.5","18.2"],"19":["36","18.78889","0.70820","17.4","20.1"],"20":["36","19.05556","1.25376","16.6","21.2"],"21":["36","18.02778","1.77147","15.9","23.0"],"22":["36","11.11389","1.87471","9.3","15.7"],"23":["36","11.09167","0.36084","10.1","11.5"],"24":["34","11.41765","0.15237","10.9","11.6"],"25":["35","9.78571","0.58169","8.8","11.2"],"26":["36","15.00278","3.66155","9.7","20.4"],"27":["36","20.23333","1.83091","16.6","23.7"],"28":["36","18.14444","1.13858","16.7","21.0"],"29":["36","19.28056","1.89529","15.7","21.4"],"30":["36","10.81111","2.04855","8.1","15.4"],"31":["36","7.06111","0.57120","6.1","8.1"],"32":["36","6.47222","0.96684","5.5","8.5"],"33":["36","6.28333","0.60987","5.4","7.9"],"34":["36","12.65278","4.24267","5.5","18.6"],"35":["36","20.88333","1.15362","18.0","23.2"],"36":["28","20.81429","1.01126","19.3","23.1"],"38":["33","11.73939","0.91219","10.0","13.8"],"39":["43","10.07907","0.91080","8.7","11.4"],"67":["49","25.35918","3.50998","22.5","30.3"],"69":["126","18.29365","1.85339","14.3","22.5"],"70":["68","12.86471","0.66438","11.3","14.2"],"71":["67","13.15522","0.44126","12.3","13.9"],"72":["100","11.61100","0.79510","10.0","13.3"],"73":["80","10.40625","1.20024","8.0","12.5"],"74":["108","15.25463","5.12500","8.1","26.6"],"75":["56","22.97500","4.06190","20.6","31.1"],"77":["87","17.69885","1.87767","14.5","22.1"],"78":["26","13.09615","0.69031","12.0","13.8"],"79":["65","12.63385","0.70934","10.9","14.2"],"80":["114","10.10789","1.52483","7.8","12.8"],"81":["126","7.42460","0.85195","6.3","9.2"],"82":["143","14.22098","3.18444","6.5","18.6"],"84":["45","23.91111","1.52231","22.7","27.1"],