{"_t":[1367557200,1368162000,604800,168],"_i":["sanpedro\/002\/humidity","sanpedro\/002\/temperature"],"_@":{"humi":[30,100],"temp":[0,40]},"sanpedro\/002\/humidity":{"0":["33","91.22424","3.48347","86.5","94.6"],"1":["22","91.13182","3.32585","86.4","94.6"],"2":["32","90.96563","3.44407","86.4","94.5"],"3":["6","92.35000","2.86923","86.4","94.5"],"4":["3","91.00000","3.39706","86.4","94.5"],"5":["28","91.31429","3.26428","86.4","94.5"],"6":["21","91.39524","3.23146","86.5","94.7"],"7":["49","90.74490","3.41324","86.4","94.8"],"8":["23","92.07826","2.74114","86.5","94.8"],"11":["43","49.93488","1.54527","47.0","55.5"],"13":["43","50.62326","1.72773","46.9","54.1"],"14":["45","56.13333","2.26559","49.8","60.7"],"15":["133","55.35789","8.19117","46.4","74.1"],"16":["208","66.58798","3.49383","61.0","75.4"],"17":["112","72.11607","4.23968","66.2","80.4"],"18":["75","90.87200","3.04248","86.6","94.9"],"19":["22","90.93182","3.20488","86.4","94.7"],"20":["17","91.07059","3.13665","86.4","94.6"],"21":["17","90.91176","3.36188","86.5","94.6"],"22":["16","91.35000","3.35224","86.6","94.6"],"23":["19","90.38947","3.49735","86.4","94.6"],"24":["33","90.33333","3.35177","86.3","94.5"],"25":["27","90.10741","3.43154","86.1","94.3"],"26":["8","91.01250","3.01514","86.0","94.2"],"27":["20","90.62000","3.08409","86.1","94.2"],"28":["11","90.41818","3.38817","86.1","94.2"],"29":["18","90.73333","3.40816","86.1","94.2"],"30":["64","91.04062","3.59412","86.1","94.9"],"31":["55","84.94364","4.49621","80.0","94.1"],"33":["99","51.64444","5.74847","41.6","65.0"],"35":["46","52.21739","3.52681","49.1","66.1"],"37":["44","57.10000","3.02324","50.3","61.8"],"38":["45","54.08667","1.75621","49.6","58.3"],"39":["51","55.22941","2.76379","50.1","61.2"],"40":["151","80.10530","6.57986","69.1","92.3"],"41":["142","82.75986","7.06808","73.0","94.9"],"42":["40","91.12250","3.36426","86.7","94.9"],"43":["13","91.42308","3.28918","86.7","94.8"],"44":["14","91.08571","3.39492","86.7","94.8"],"45":["15","91.38667","3.01681","86.6","94.8"],"46":["9","91.90000","3.06703","86.5","94.8"],"47":["17","92.09412","2.84242","86.4","94.7"],"48":["20","91.18000","3.28323","86.4","94.6"],"49":["7","91.22857","3.21146","86.4","94.6"],"50":["20","91.41500","3.11019","86.3","94.5"],"51":["34","91.10294","3.45334","86.3","94.5"],"52":["25","91.14000","3.45254","86.3","94.5"],"53":["23","91.46087","3.22096","86.3","94.5"],"54":["37","91.36486","3.43639","86.3","94.7"],"55":["226","86.19115","4.13194","79.2","94.9"],"56":["169","75.24024","2.58043","69.5","82.0"],"57":["54","74.07037","2.31017","71.9","80.5"],"59":["44","51.22500","2.35586","48.8","58.5"],"60":["46","57.25217","3.64452","54.1","67.3"],"61":["98","73.23265","4.18961","67.2","81.2"],"62":["55","83.60000","2.48896","80.9","89.4"],"63":["62","82.78065","3.55999","79.5","89.7"],"64":["139","86.78993","3.81893","82.2","94.9"],"65":["49","89.65714","3.60680","85.3","94.9"],"66":["31","91.55484","3.30287","86.6","94.8"],"67":["17","91.34706","3.34930","86.3","94.6"],"68":["36","90.26111","3.55827","86.4","94.5"],"69":["7","90.92857","2.90257","86.5","94.5"],"70":["20","90.35000","3.57596","86.5","94.5"],"71":["45","91.72667","2.77308","86.5","94.5"],"72":["53","91.62830","2.26436","86.4","94.5"],"73":["11","91.26364","3.12127","86.4","94.5"],"74":["58","91.55690","2.49144","86.4","94.5"],"75":["21","91.30952","3.25297","86.4","94.5"],"76":["8","91.26250","2.99121","86.3","94.5"],"77":["25","90.98000","3.34712","86.3","94.4"],"78":["32","90.66875","3.46613","86.5","94.8"],"79":["100","78.94400","7.71936","69.0","95.0"],"80":["51","62.17255","3.40818","58.0","69.5"],"81":["138","62.00870","2.43366","56.5","68.9"],"84":["85","60.92824","2.79910","52.1","66.5"],"86":["46","56.69565","3.66914","49.4","63.3"],"87":["53","77.26604","2.15704","72.4","81.4"],"89":["229","81.53144","9.82084","60.7","94.8"],"90":["23","91.00000","3.14256","86.4","94.7"],"91":["19","91.10526","3.47176","86.1","94.5"],"92":["17","89.80588","3.51141","86.1","94.3"],"93":["9","91.45556","3.03356","86.1","94.3"],"95":["4","91.00000","3.03562","86.0","94.2"],"96":["32","90.66250","3.50042","86.0","94.2"],"97":["19","90.69474","3.68774","86.0","94.2"],"98":["37","89.53243","3.52382","85.8","94.1"],"99":["22","88.94091","3.47598","85.8","94.1"],"101":["32","90.17188","3.52289","86.0","94.3"],"102":["34","91.20294","3.37983","86.1","94.5"],"103":["13","90.97692","3.78624","86.3","94.5"],"104":["28","90.62143","3.42505","86.5","94.7"],"105":["61","90.62951","3.51719","86.5","94.9"],"106":["11","91.22727","3.62393","86.6","94.9"],"107":["52","74.47692","3.17064","70.9","82.0"],"108":["49","63.82041","4.22756","58.9","73.9"],"109":["28","79.01786","7.29672","72.4","94.9"],"110":["39","86.75641","3.18174","83.2","94.9"],"111":["149","70.95302","3.05039","65.2","78.0"],"112":["115","89.60522","3.27480","84.6","95.0"],"113":["28","91.28214","3.34344","86.6","95.0"],"114":["20","91.42500","3.36673","86.5","94.8"],"115":["35","91.27714","3.42954","86.4","94.6"],"116":["37","91.21622","3.08628","86.4","94.6"],"117":["31","91.47419","2.92519","86.3","94.6"],"120":["3","90.90000","3.45350","86.2","94.4"],"122":["5","90.20000","3.37224","86.2","94.4"],"124":["19","90.71579","3.27691","86.1","94.3"],"125":["21","89.13810","3.35424","86.0","94.2"],"126":["23","90.63913","3.44494","86.5","94.7"],"128":["49","54.79796","1.48413","52.2","58.8"],"129":["146","65.09795","3.24277","58.7","73.6"],"130":["103","76.43204","3.19506","71.4","87.4"],"131":["50","69.41600","2.60779","66.3","76.0"],"133":["46","64.79130","3.57964","55.6","68.9"],"134":["88","57.27614","2.52073","50.4","66.9"],"135":["45","43.04444","6.99932","36.6","57.0"],"136":["146","66.62603","6.28129","58.7","82.7"],"137":["205","74.43561","8.19371","60.8","94.8"],"138":["71","90.39437","3.27112","85.8","94.7"],"139":["34","90.99412","3.38465","86.6","94.7"],"140":["30","90.82000","3.56730","86.6","94.7"],"141":["43","87.37442","3.00156","85.0","94.7"],"142":["13","90.07692","3.51396","86.4","94.6"],"143":["3","91.10000","3.39706","86.5","94.6"],"144":["3","91.06667","3.44222","86.4","94.6"],"145":["17","90.28235","3.45019","86.3","94.5"],"146":["4","91.20000","3.03562","86.2","94.4"],"147":["25","91.09600","3.26086","86.1","94.4"],"148":["23","91.26087","2.83177","86.2","94.4"],"149":["6","90.93333","3.43155","86.3","94.5"],"150":["12","90.17500","3.79344","86.3","94.8"],"151":["125","74.20720","10.26729","62.8","94.9"],"152":["55","69.83818","5.13595","65.2","79.6"],"153":["118","75.43729","9.41878","63.9","94.8"],"154":["53","77.27358","6.15593","72.7","90.7"],"155":["46","70.60000","3.27301","66.7","77.9"],"156":["48","71.00000","2.13239","68.6","77.1"],"158":["60","82.86833","4.08475","78.4","89.9"],"159":["107","80.49720","3.93566","76.6","89.5"],"160":["101","60.68812","6.51290","53.5","72.0"],"161":["181","78.02099","11.21836","60.4","94.8"],"162":["38","91.03158","3.25917","86.4","94.7"],"163":["24","90.93750","3.34101","86.4","94.5"],"164":["19","90.43158","3.47397","86.5","94.6"],"165":["14","90.85000","3.38035","86.5","94.6"],"166":["29","91.03103","2.92246","86.5","94.6"],"167":["16","90.70625","2.92969","86.5","94.5"]},"sanpedro\/002\/temperature":{"0":["33","12.50606","0.30841","12.0","13.0"],"1":["22","12.20909","0.40554","11.3","12.9"],"2":["32","12.02812","0.38506","11.4","12.5"],"3":["6","12.05000","0.34034","11.4","12.4"],"4":["3","11.76667","0.28674","11.4","12.1"],"5":["28","11.71429","0.28625","11.2","12.2"],"6":["21","12.80000","0.38048","12.2","13.6"],"7":["49","12.55510","0.82587","11.5","14.2"],"8":["23","13.18261","0.62182","11.8","14.2"],"11":["43","23.66279","2.07432","22.2","27.9"],"13":["43","23.98140","2.15604","22.3","28.1"],"14":["45","22.48444","1.43464","21.6","26.1"],"15":["133","22.55940","2.27497","19.4","27.5"],"16":["208","19.51683","0.80840","18.1","21.5"],"17":["112","17.66518","0.69920","16.8","19.3"],"18":["75","14.84133","0.89519","12.3","15.8"],