{"_t":[1369198800,1371790800,2592000,240],"_i":["valentina\/002\/humidity","valentina\/002\/temperature"],"_@":{"humi":[20,90],"temp":[0,40]},"valentina\/002\/humidity":{"0":["5","81.90000","0.00000","81.9","81.9"],"1":["36","84.15000","2.25000","81.9","86.4"],"2":["67","83.93284","3.43513","71.4","86.9"],"3":["27","71.80741","9.00168","43.1","85.3"],"4":["38","66.32105","9.17858","43.5","83.8"],"5":["39","81.69487","2.27798","72.8","86.5"],"6":["36","86.41667","0.03727","86.4","86.5"],"7":["36","86.40000","0.00000","86.4","86.4"],"8":["36","86.36111","0.04875","86.3","86.4"],"9":["45","85.28222","1.78279","81.9","86.3"],"10":["36","82.77222","5.85916","67.5","86.8"],"11":["33","62.81212","12.16851","37.3","83.8"],"12":["38","68.59211","13.12004","35.9","86.7"],"13":["39","81.77436","6.26237","60.9","86.7"],"14":["40","85.88000","1.32612","81.9","86.5"],"15":["38","86.22105","0.99609","82.0","86.5"],"16":["38","86.16842","0.98251","82.0","86.4"],"17":["40","85.95500","1.31851","82.0","86.4"],"18":["40","82.97000","5.90335","64.6","86.9"],"19":["30","71.66667","12.08998","53.9","86.7"],"20":["39","84.68718","6.28842","59.3","87.2"],"21":["36","86.44167","1.90210","75.2","86.9"],"22":["36","86.09167","0.97564","82.1","86.6"],"23":["39","85.78718","1.18152","81.7","86.2"],"24":["39","85.62051","1.32262","81.6","86.2"],"25":["37","85.85135","0.71001","81.6","86.0"],"26":["4","86.00000","0.00000","86.0","86.0"],"36":["28","48.21786","7.78928","35.9","61.7"],"37":["32","77.64688","8.00164","53.0","86.1"],"42":["38","75.57895","10.07794","55.4","86.3"],"43":["21","48.68095","4.60327","41.0","57.0"],"44":["11","47.79091","12.07171","31.2","68.4"],"45":["39","80.05128","12.87042","33.4","86.9"],"46":["40","85.87750","1.35619","82.3","86.5"],"47":["37","85.68108","1.17562","81.7","86.2"],"48":["8","84.26250","2.06273","81.6","85.9"],"50":["25","76.49600","7.87733","59.7","86.8"],"51":["43","61.64419","13.57733","43.6","83.0"],"52":["44","81.78636","8.34559","58.1","87.3"],"53":["47","83.05957","7.92208","53.9","87.1"],"54":["36","84.92222","1.97837","82.1","86.4"],"57":["9","85.70000","0.00000","85.7","85.7"],"58":["39","85.25897","3.25235","67.6","86.9"],"59":["40","48.72500","12.40804","30.4","84.1"],"60":["40","62.74750","20.14847","33.1","87.2"],"61":["40","81.82250","10.04240","39.8","87.1"],"62":["39","86.13077","1.16336","82.0","86.6"],"63":["4","86.10000","0.00000","86.1","86.1"],"75":["33","70.56061","9.08612","47.7","82.3"],"76":["36","56.16111","16.17258","27.4","82.2"],"77":["35","65.58286","10.81471","49.7","82.3"],"78":["36","82.12500","0.04330","82.1","82.2"],"79":["36","82.04167","0.09825","81.8","82.1"],"80":["36","81.72222","0.07857","81.6","81.8"],"81":["36","81.48056","0.05686","81.4","81.6"],"82":["27","81.76667","0.27889","81.4","82.2"],"83":["20","55.77500","1.98037","51.8","59.4"],"84":["8","44.32500","5.54927","37.2","52.0"],"85":["4","82.45000","0.05000","82.4","82.5"],"86":["12","82.30833","0.02764","82.3","82.4"],"122":["5","56.42000","3.30115","50.1","59.6"],"123":["38","46.49474","4.32222","37.0","55.5"],"124":["46","60.05000","17.07086","26.2","86.6"],"125":["37","71.02703","18.23473","22.0","86.5"],"126":["38","86.11316","0.97067","82.0","86.4"],"127":["38","85.83158","1.15031","81.8","86.4"],"128":["39","85.71538","1.13127","81.8","86.1"],"129":["40","85.71500","1.28929","81.8","86.2"],"130":["32","82.41563","7.38009","64.9","86.4"],"131":["39","59.33077","9.25768","36.6","78.2"],"132":["39","59.61026","12.48864","36.2","83.0"],"133":["42","68.38333","11.85799","35.8","86.4"],"134":["35","85.36571","2.70945","75.8","86.4"],"135":["42","85.68095","1.54708","81.9","86.4"],"136":["40","85.56500","1.30624","81.6","86.1"],"137":["39","85.56923","1.14582","81.6","85.9"],"138":["36","83.05556","5.31060","62.4","86.7"],"139":["41","51.20244","6.99256","31.0","60.6"],"140":["39","32.87949","5.27229","22.2","44.8"],"141":["39","40.82051","12.48986","24.1","66.4"],"142":["39","79.66923","6.32274","67.6","86.4"],"143":["39","85.92051","1.15740","81.9","86.4"],"144":["5","86.14000","0.04899","86.1","86.2"],"163":["11","62.50000","7.30031","41.3","68.1"],"164":["36","66.60833","10.25967","43.3","79.1"],"165":["38","54.22632","7.67781","43.3","74.9"],"166":["31","83.21613","2.59703","76.7","86.5"],"171":["12","60.35000","8.63718","37.7","69.1"],"172":["40","69.82500","9.38642","36.2","84.4"],"173":["42","69.97619","9.94977","48.0","85.4"],"174":["40","85.29000","2.06686","80.3","86.7"],"175":["39","85.89487","1.16925","81.8","86.6"],"176":["39","85.60256","1.14028","81.6","86.1"],"177":["39","85.46923","1.13773","81.5","85.9"],"178":["38","81.50789","8.33327","59.3","86.5"],"179":["41","50.72927","6.17126","38.0","66.4"],"180":["37","62.79459","11.49782","41.2","86.8"],"181":["44","83.81818","5.32179","70.0","87.3"],"186":["22","86.03636","3.39753","70.5","87.1"],"187":["38","61.34211","18.86362","37.6","87.0"],"188":["39","43.34359","7.38487","26.9","58.3"],"189":["37","60.13784","12.92254","28.1","81.2"],"190":["40","85.70500","1.51161","82.0","86.5"],"191":["38","86.18158","0.98805","82.0","86.5"],"192":["3","86.20000","0.00000","86.2","86.2"],"193":["21","85.37143","1.50020","81.7","86.1"],"194":["38","74.58947","10.13594","58.1","86.5"],"195":["40","54.44250","6.24972","37.4","65.7"],"196":["46","51.82826","12.19240","28.7","70.0"],"197":["40","69.91000","11.46012","42.4","85.4"],"198":["42","85.44286","1.61999","82.1","86.6"],"199":["36","86.37500","0.04330","86.3","86.4"],"200":["3","86.30000","0.00000","86.3","86.3"],"209":["33","85.23333","1.53676","81.6","86.0"],"210":["38","78.86579","9.60765","56.7","86.5"],"211":["41","46.44634","10.28570","25.2","70.4"],"212":["39","54.47179","10.17886","29.1","71.8"],"213":["47","65.20851","15.02513","39.7","84.2"],"214":["39","86.10256","1.18245","82.0","86.8"],"215":["38","85.97105","0.96434","81.9","86.3"],"216":["32","85.57187","1.00537","81.7","86.0"],"218":["9","66.56667","2.10132","63.4","69.6"],"219":["40","48.50000","5.28091","41.1","65.7"],"220":["40","49.86500","16.11340","29.5","77.9"],"221":["37","52.72432","14.68617","29.1","78.7"],"222":["37","85.77838","1.73129","77.7","86.6"],"223":["39","85.75128","1.14150","81.8","86.2"],"224":["38","85.86842","0.98705","81.7","86.2"],"225":["40","85.61750","1.29013","81.7","86.1"],"226":["40","78.76750","8.36655","60.6","86.4"],"227":["41","54.15122","3.19421","44.4","58.5"],"228":["41","52.18049","6.97753","40.8","67.1"],"229":["37","56.04054","4.61616","46.9","67.6"],"230":["40","81.98500","4.96077","66.9","86.5"],"231":["35","86.06286","0.06363","85.9","86.2"],"232":["44","85.18864","1.65258","81.6","86.2"],"233":["38","85.77895","0.98893","81.6","86.1"],"234":["38","73.45526","12.12958","49.1","86.5"],"235":["37","50.48108","5.78838","36.1","61.1"],"236":["43","40.71628","9.07193","25.1","67.6"],"237":["34","60.20000","14.77299","33.0","83.1"],"238":["39","85.62051","1.62673","81.7","86.6"],"239":["38","85.90789","0.99403","81.7","86.4"]},"valentina\/002\/temperature":{"0":["5","7.68000","0.07483","7.6","7.8"],"1":["36","9.96389","1.31554","8.6","11.4"],"2":["67","11.91493","2.19846","8.7","16.6"],"3":["27","19.05185","1.57841","16.2","23.3"],"4":["38","18.95526","1.82680","16.3","23.0"],"5":["39","14.20000","1.05563","11.1","16.2"],"6":["36","11.82778","0.29308","11.5","12.9"],"7":["36","11.95556","0.15174","11.6","12.2"],"8":["36","11.52778","0.48854","10.7","12.1"],"9":["45","10.02222","1.31620","7.1","11.4"],"10":["36","14.33056","3.27379","9.5","20.6"],"11":["33","19.77273","2.86317","15.1","26.6"],"12":["38","18.78158","3.10973","14.1","27.3"],"13":["39","14.02051","2.00271","9.5","20.3"],"14":["40","10.87250","1.13930","7.7","12.9"],"15":["38","11.53947","0.67416","8.7","12.1"],"16":["38","11.35263","0.56183","8.9","11.6"],"17":["40","10.88500","0.75284","8.4","11.5"],"18":["40","14.80500","2.96605","10.0","20.5"],"19":["30","17.99333","3.43588","12.7","22.3"],"20":["39","15.17692","1.54562","12.8","20.1"],