{"_t":[1368162000,1368248400,86400,144],"_i":["margaritas\/007\/humidity","margaritas\/007\/temp_dry","margaritas\/007\/temp_wet"],"_@":{"humi":[50,100],"temp":[0,30]},"margaritas\/007\/humidity":[["13","91.30769","0.46154","91.0","92.0"],["12","91.83333","0.37268","91.0","92.0"],["13","92.07692","0.26647","92.0","93.0"],["13","92.38462","0.48650","92.0","93.0"],["12","91.75000","0.43301","91.0","92.0"],["13","91.69231","0.46154","91.0","92.0"],["13","91.69231","0.46154","91.0","92.0"],["13","92.00000","0.00000","92.0","92.0"],["12","92.08333","0.86201","91.0","93.0"],["13","92.46154","0.49852","92.0","93.0"],["13","92.92308","0.26647","92.0","93.0"],["12","92.41667","0.49301","92.0","93.0"],["13","92.61538","0.48650","92.0","93.0"],["13","93.15385","0.36080","93.0","94.0"],["13","93.07692","0.47419","92.0","94.0"],["12","93.66667","0.47140","93.0","94.0"],["13","93.84615","0.36080","93.0","94.0"],["13","93.76923","0.42133","93.0","94.0"],["12","94.00000","0.00000","94.0","94.0"],["13","93.84615","0.36080","93.0","94.0"],["13","94.07692","0.26647","94.0","95.0"],["13","94.07692","0.26647","94.0","95.0"],["12","94.75000","0.43301","94.0","95.0"],["13","94.38462","0.48650","94.0","95.0"],["13","94.38462","0.48650","94.0","95.0"],["12","93.75000","0.59512","93.0","95.0"],["13","94.00000","0.00000","94.0","94.0"],["13","94.00000","0.00000","94.0","94.0"],["13","94.00000","0.00000","94.0","94.0"],["12","93.91667","0.64010","92.0","95.0"],["13","94.15385","0.36080","94.0","95.0"],["13","94.00000","0.67937","92.0","95.0"],["12","94.25000","0.43301","94.0","95.0"],["13","94.46154","0.49852","94.0","95.0"],["13","94.61538","0.48650","94.0","95.0"],["13","94.30769","0.46154","94.0","95.0"],["12","94.41667","0.49301","94.0","95.0"],["13","93.84615","0.36080","93.0","94.0"],["13","94.15385","1.02628","93.0","96.0"],["13","96.30769","0.46154","96.0","97.0"],["12","96.41667","0.49301","96.0","97.0"],["13","96.61538","0.48650","96.0","97.0"],["13","97.53846","0.49852","97.0","98.0"],["12","97.50000","0.50000","97.0","98.0"],["13","97.30769","0.60569","96.0","98.0"],["13","94.07692","0.82849","93.0","95.0"],["13","90.23077","2.11783","86.0","93.0"],["12","83.75000","1.78536","81.0","86.0"],["13","75.53846","2.17027","72.0","79.0"],["13","72.92308","1.77424","71.0","76.0"],["12","72.16667","1.51841","70.0","75.0"],["13","68.84615","1.99407","65.0","72.0"],["13","67.46154","1.78090","64.0","70.0"],["13","59.92308","1.93993","57.0","64.0"],["12","59.33333","1.88562","57.0","62.0"],["13","65.38462","1.27330","62.0","67.0"],["13","66.00000","1.30089","63.0","67.0"],["12","66.00000","1.35401","64.0","68.0"],["13","62.46154","1.15128","61.0","65.0"],["13","56.61538","1.90297","54.0","61.0"],["13","58.92308","2.26890","56.0","62.0"],["12","59.91667","2.13925","57.0","63.0"],["13","58.46154","1.39314","56.0","61.0"],["13","58.23077","1.96719","55.0","61.0"],["12","58.50000","2.84312","54.0","63.0"],["13","54.07692","2.64463","50.0","58.0"],["13","55.92308","0.99704","54.0","58.0"],["13","61.69231","1.32343","58.0","63.0"],["12","61.41667","0.86201","60.0","63.0"],["13","64.15385","2.28191","62.0","69.0"],["13","68.23077","0.89045","67.0","70.0"],["13","70.69231","1.26398","69.0","73.0"],["12","70.66667","0.94281","69.0","72.0"],["13","63.46154","2.02353","61.0","68.0"],["13","56.23077","1.80401","54.0","60.0"],["12","52.75000","1.23322","51.0","55.0"],["13","55.38462","1.59511","53.0","58.0"],["13","61.84615","1.56137","60.0","65.0"],["13","68.92308","2.52561","64.0","73.0"],["12","72.91667","1.18732","71.0","75.0"],["13","74.00000","1.03775","72.0","75.0"],["13","73.61538","0.92308","72.0","75.0"],["12","75.58333","0.95379","74.0","77.0"],["13","74.92308","0.72976","73.0","76.0"],["13","71.46154","2.76281","67.0","74.0"],["13","68.00000","0.87706","67.0","70.0"],["12","68.08333","1.44097","66.0","71.0"],["13","68.07692","1.49159","66.0","70.0"],["13","68.92308","0.61538","68.0","70.0"],["12","68.75000","0.59512","68.0","70.0"],["13","66.69231","0.99108","65.0","68.0"],["13","65.23077","1.42256","63.0","67.0"],["13","66.61538","2.05832","63.0","70.0"],["6","70.50000","0.76376","69.0","71.0"]],