{"_t":[1362891600,1365483600,2592000,240],"_i":["valentina\/003\/humidity"],"_@":{"humi":[40,110]},"valentina\/003\/humidity":{"13":["1","61.00000","0.00000","61.0","61.0"],"14":["164","82.36585","4.86905","68.0","87.0"],"15":["179","91.15642","3.04310","82.0","95.0"],"16":["179","94.45810","0.62729","93.0","96.0"],"17":["179","95.08939","0.59123","94.0","96.0"],"18":["179","95.38547","0.56133","94.0","97.0"],"19":["180","80.28889","11.41709","64.0","97.0"],"20":["180","66.27222","6.92566","54.0","82.0"],"21":["179","77.27933","6.39747","62.0","89.0"],"22":["179","82.64804","2.89367","74.0","88.0"],"23":["179","93.47486","1.55466","88.0","97.0"],"24":["180","93.98889","0.81642","92.0","96.0"],"25":["184","93.98913","5.29662","59.0","96.0"],"26":["16","95.00000","0.50000","94.0","96.0"],"27":["27","66.51852","2.94858","58.0","72.0"],"28":["149","65.64430","5.81836","55.0","75.0"],"29":["179","76.78212","8.88364","62.0","92.0"],"30":["178","94.39888","0.91394","92.0","96.0"],"31":["178","95.03933","0.63034","94.0","96.0"],"32":["180","95.76111","0.56139","95.0","98.0"],"33":["180","95.85000","0.54237","94.0","97.0"],"34":["180","81.51111","10.20811","66.0","98.0"],"35":["179","67.43017","4.70580","56.0","79.0"],"36":["179","70.75978","3.13982","62.0","78.0"],"37":["180","75.57778","7.24565","64.0","92.0"],"38":["34","93.88235","1.13149","92.0","96.0"],"43":["30","79.53333","1.92758","77.0","88.0"],"44":["179","82.56983","1.94890","76.0","85.0"],"45":["56","82.42857","3.08717","76.0","87.0"],"66":["4","79.75000","10.25610","69.0","90.0"],"67":["180","67.82778","5.09011","56.0","78.0"],"68":["179","81.60335","8.29243","67.0","93.0"],"69":["180","82.57222","6.85406","70.0","92.0"],"70":["180","93.14444","1.47995","90.0","95.0"],"71":["180","95.67778","0.52340","95.0","97.0"],"72":["179","96.14525","0.41091","95.0","97.0"],"73":["180","96.43333","0.58784","95.0","98.0"],"74":["180","83.99444","13.09007","62.0","98.0"],"75":["180","74.74444","7.66386","61.0","100.0"],"76":["180","81.82222","8.57202","60.0","90.0"],"77":["179","79.37989","6.80214","66.0","93.0"],"78":["180","95.67222","0.80850","92.0","97.0"],"79":["180","95.65000","0.51072","95.0","97.0"],"80":["179","95.90503","0.46907","95.0","98.0"],"81":["179","95.89385","0.58369","95.0","97.0"],"82":["180","84.88333","8.23021","72.0","97.0"],"83":["180","64.82222","4.53034","53.0","78.0"],"84":["171","55.64912","3.35689","50.0","65.0"],"85":["180","77.27222","5.52754","64.0","90.0"],"86":["180","92.63889","0.98750","89.0","94.0"],"87":["179","94.49721","0.59207","93.0","96.0"],"88":["180","95.14444","0.57853","94.0","97.0"],"89":["180","95.90556","0.62979","94.0","97.0"],"90":["180","83.04444","11.58007","62.0","97.0"],"91":["45","70.62222","3.04987","64.0","78.0"],"92":["36","71.19444","7.88042","58.0","86.0"],"93":["36","84.75000","2.99421","79.0","89.0"],"94":["36","94.08333","0.86201","91.0","96.0"],"95":["36","94.55556","0.49690","94.0","95.0"],"96":["36","94.97222","0.89710","94.0","96.0"],"97":["36","95.83333","1.16667","95.0","100.0"],"98":["36","93.72222","6.73140","74.0","99.0"],"99":["36","67.30556","6.99134","55.0","81.0"],"100":["36","70.86111","3.70550","63.0","79.0"],"101":["35","87.40000","4.37003","78.0","92.0"],"102":["34","93.35294","0.96657","91.0","95.0"],"103":["36","94.75000","0.64010","94.0","96.0"],"104":["34","95.20588","0.63150","94.0","96.0"],"105":["36","95.47222","0.49923","95.0","96.0"],"106":["36","94.30556","1.35030","91.0","96.0"],"107":["36","78.13889","9.71583","62.0","92.0"],"108":["36","65.69444","4.93750","55.0","76.0"],"109":["36","77.30556","7.82737","65.0","91.0"],"110":["31","94.74194","1.41348","90.0","96.0"],"111":["36","95.44444","0.59835","94.0","97.0"],"112":["36","96.00000","0.52705","95.0","97.0"],"113":["36","96.22222","0.47791","95.0","97.0"],"114":["36","80.91667","10.31551","65.0","96.0"],"115":["36","59.77778","3.31756","53.0","68.0"],"116":["36","71.50000","9.10586","55.0","84.0"],"117":["35","77.80000","2.86656","71.0","84.0"],"118":["36","87.80556","3.34016","80.0","93.0"],"119":["36","94.02778","0.68662","93.0","95.0"],"120":["36","94.83333","0.60093","94.0","96.0"],"121":["36","95.50000","0.50000","95.0","96.0"],"122":["36","78.69444","11.23442","63.0","96.0"],"123":["36","61.94444","4.27489","53.0","73.0"],"124":["36","65.36111","3.40059","58.0","70.0"],"125":["36","86.72222","4.15405","75.0","91.0"],"126":["36","94.16667","1.30171","90.0","96.0"],"127":["36","95.11111","0.69832","94.0","96.0"],"128":["36","95.47222","0.55207","94.0","96.0"],"129":["36","95.55556","0.54997","95.0","97.0"],"130":["36","78.02778","10.88701","63.0","97.0"],"131":["36","64.94444","5.57247","56.0","84.0"],"132":["36","60.91667","2.26538","57.0","67.0"],"133":["35","71.31429","9.59098","58.0","89.0"],"134":["35","89.14286","2.73749","83.0","93.0"],"135":["36","93.91667","1.25554","91.0","96.0"],"136":["36","95.08333","0.59512","94.0","96.0"],"137":["36","95.27778","0.96065","94.0","97.0"],"138":["36","72.25000","15.03399","49.0","96.0"],"139":["36","54.97222","4.05850","46.0","63.0"],"140":["36","63.77778","5.17532","58.0","74.0"],"141":["36","81.38889","7.44341","66.0","93.0"],"142":["36","92.58333","1.51612","90.0","95.0"],"143":["36","93.13889","0.71308","92.0","95.0"],"144":["36","93.94444","0.62113","93.0","95.0"],"145":["36","95.05556","1.22348","94.0","98.0"],"146":["36","84.11111","11.43284","64.0","98.0"],"147":["36","59.47222","5.07984","54.0","73.0"],"148":["36","63.72222","2.53433","59.0","71.0"],"149":["36","82.02778","6.47425","68.0","91.0"],"150":["35","93.34286","0.79076","91.0","95.0"],"151":["36","93.80556","0.61551","93.0","95.0"],"152":["36","94.75000","0.75920","94.0","96.0"],"153":["36","95.55556","0.68493","94.0","97.0"],"154":["35","79.40000","11.41978","60.0","96.0"],"155":["31","67.32258","5.05701","59.0","76.0"],"156":["36","68.16667","3.53160","63.0","75.0"],"157":["36","81.52778","6.28263","70.0","92.0"],"158":["36","94.27778","0.55833","93.0","95.0"],"159":["36","94.19444","0.56860","93.0","95.0"],"160":["36","94.11111","0.45812","93.0","95.0"],"161":["36","94.83333","0.55277","94.0","96.0"],"162":["36","82.25000","9.12681","65.0","95.0"],"163":["36","70.83333","3.55512","64.0","77.0"],"164":["36","69.11111","3.42197","64.0","76.0"],"165":["36","74.86111","4.83134","63.0","83.0"],"166":["36","91.38889","2.87013","82.0","94.0"],"167":["36","92.66667","0.57735","91.0","94.0"],"168":["35","93.85714","0.83299","92.0","96.0"],"169":["35","95.14286","0.42378","94.0","96.0"],"170":["36","79.11111","10.26531","63.0","95.0"],"171":["36","67.88889","4.54470","61.0","76.0"],"172":["36","71.00000","4.51541","62.0","81.0"],"173":["36","68.86111","6.53262","58.0","81.0"],"174":["36","91.19444","2.74691","81.0","93.0"],"175":["36","94.16667","0.79931","93.0","96.0"],"176":["36","94.86111","0.53504","94.0","96.0"],"177":["36","95.00000","0.47140","94.0","96.0"],"178":["36","78.38889","9.93668","66.0","95.0"],"179":["36","68.38889","8.43366","57.0","101.0"],"180":["28","67.89286","3.57910","61.0","75.0"],"182":["24","94.20833","0.40612","94.0","95.0"],"183":["36","94.83333","0.44096","94.0","96.0"],"184":["36","95.16667","0.50000","94.0","96.0"],"185":["36","95.11111","0.45812","94.0","96.0"],"186":["35","85.62857","8.27418","71.0","95.0"],"187":["36","64.36111","3.46533","57.0","72.0"],"188":["36","62.05556","3.65106","56.0","72.0"],"189":["36","83.11111","5.99897","67.0","92.0"],"190":["35","93.34286","0.67370","92.0","95.0"],"191":["36","94.47222","0.64490","93.0","95.0"],"192":["36","95.05556","0.57467","94.0","96.0"],"193":["36","95.55556","0.49690","95.0","96.0"],"194":["32","85.93750","12.06477","61.0","97.0"],"195":["2","64.50000","0.50000","64.0","65.0"]}}