{"_t":[1362114000,1364792340,2678340,240],"_i":["sanpedro\/002\/humidity","sanpedro\/002\/temperature"],"_@":{"humi":[20,100],"temp":[0,40]},"sanpedro\/002\/humidity":{"0":["46","92.10000","0.00000","92.1","92.1"],"1":["47","92.10000","0.00000","92.1","92.1"],"2":["52","92.00192","0.08877","91.9","92.1"],"3":["578","76.06453","9.93864","62.8","92.6"],"4":["936","70.40801","11.38652","47.9","90.1"],"5":["492","76.28618","8.57128","63.3","91.2"],"35":["27","66.60370","6.28151","52.3","83.6"],"36":["38","65.82368","6.89983","51.6","75.7"],"37":["37","77.00811","13.08532","52.7","92.3"],"38":["37","92.27568","0.04290","92.2","92.3"],"39":["37","92.20000","0.00000","92.2","92.2"],"40":["38","92.11842","0.03877","92.1","92.2"],"41":["37","91.99459","0.06954","91.9","92.1"],"42":["37","69.26216","17.61801","42.8","92.5"],"43":["37","58.74595","10.84419","41.6","79.4"],"44":["37","54.57027","8.52734","36.8","71.0"],"45":["37","86.67297","7.28010","70.7","92.5"],"46":["36","92.13611","0.04803","92.1","92.2"],"47":["37","92.07027","0.04571","92.0","92.1"],"48":["37","92.05676","0.04954","92.0","92.1"],"49":["37","92.11081","0.24360","91.1","92.5"],"50":["37","56.89459","19.29894","33.5","92.5"],"51":["38","57.43158","7.69843","37.3","67.6"],"52":["37","68.58108","11.19036","52.1","91.5"],"53":["37","92.36757","0.21060","91.6","92.6"],"54":["37","92.06216","0.04850","92.0","92.1"],"55":["37","91.96216","0.08171","91.8","92.1"],"56":["38","91.62632","0.07139","91.5","91.8"],"57":["37","85.71892","9.32746","62.7","92.7"],"58":["37","61.65676","6.01487","50.8","73.5"],"59":["37","54.05405","8.15418","40.4","66.8"],"60":["38","65.85526","11.21486","45.6","89.1"],"61":["37","92.14324","0.24774","91.0","92.4"],"62":["36","92.05278","0.04992","92.0","92.1"],"63":["36","91.96389","0.13156","91.8","92.1"],"64":["37","91.87838","0.04117","91.8","91.9"],"65":["37","89.56486","5.87543","71.7","92.6"],"66":["38","69.32895","5.38159","60.1","84.6"],"67":["37","72.59189","5.11264","62.1","80.5"],"68":["30","82.54333","8.84412","67.7","92.4"],"69":["15","92.10000","0.03651","92.0","92.2"],"83":["28","83.18929","9.49313","59.3","92.6"],"84":["37","90.57838","2.72150","83.0","92.3"],"85":["6","92.10000","0.00000","92.1","92.1"],"88":["5","71.14000","3.17150","66.7","75.9"],"89":["37","63.79730","7.83321","44.6","76.0"],"90":["38","77.84211","9.11574","56.2","92.6"],"91":["36","84.37222","3.97741","73.7","92.1"],"92":["37","92.27568","0.08189","92.2","92.5"],"93":["37","92.20000","0.00000","92.2","92.2"],"94":["36","92.05278","0.08656","91.8","92.1"],"95":["37","91.67838","0.07027","91.6","91.8"],"96":["36","86.55000","8.91109","64.6","92.5"],"97":["37","55.10270","5.22077","43.2","67.5"],"98":["52","70.52500","14.52811","42.4","92.7"],"99":["32","91.15625","5.83079","58.7","92.5"],"100":["36","92.07500","0.04330","92.0","92.1"],"101":["36","92.01667","0.12134","91.7","92.1"],"102":["37","91.72703","0.14823","91.6","92.2"],"103":["37","69.47027","15.13976","42.2","92.4"],"104":["37","68.01351","8.14375","47.4","78.6"],"105":["37","63.98378","4.59244","55.3","77.6"],"106":["23","81.67391","9.81920","66.7","92.6"],"111":["1","75.00000","0.00000","75.0","75.0"],"112":["38","81.99737","3.26968","73.9","86.0"],"113":["37","86.39459","5.31926","76.7","92.7"],"114":["37","92.30541","0.13939","92.1","92.6"],"115":["15","92.01333","0.03399","92.0","92.1"],"134":["19","57.94211","9.92993","44.8","73.0"],"135":["37","65.80541","15.53759","35.7","92.8"],"136":["38","79.06842","10.57883","63.5","92.8"],"137":["34","92.31176","0.91644","88.3","92.7"],"138":["36","92.36389","0.04803","92.3","92.4"],"139":["37","92.30000","0.00000","92.3","92.3"],"140":["37","92.30000","0.00000","92.3","92.3"],"141":["37","90.27838","5.92079","67.7","92.7"],"142":["38","68.40526","6.53170","54.8","79.8"],"143":["37","76.97297","14.81775","50.3","92.7"],"144":["37","76.57027","8.52528","60.7","92.6"],"145":["38","91.73947","1.78717","83.8","92.6"],"146":["37","92.02703","0.04441","92.0","92.1"],"147":["37","91.93784","0.04850","91.9","92.0"],"148":["36","91.94444","0.04969","91.9","92.0"],"149":["38","90.61579","2.53725","83.0","92.7"],"150":["37","66.43784","10.27101","43.8","84.6"],"151":["38","57.49737","8.22565","43.5","75.4"],"152":["37","83.17568","5.73870","73.8","92.6"],"153":["37","92.43243","0.09316","92.3","92.5"],"154":["37","92.14865","0.06827","92.1","92.3"],"155":["33","92.15455","0.04979","92.1","92.2"],"157":["32","77.72812","10.31259","59.7","92.6"],"158":["37","62.75676","9.33611","45.1","75.9"],"159":["37","74.21622","16.54918","43.1","92.4"],"160":["37","90.60541","2.79922","83.3","92.5"],"161":["37","92.15405","0.04984","92.1","92.2"],"162":["37","92.20270","0.01622","92.2","92.3"],"163":["38","92.16579","0.04744","92.1","92.2"],"164":["37","92.12162","0.05269","92.1","92.3"],"165":["37","79.81351","10.67455","59.8","92.6"],"166":["37","59.95946","7.08735","46.9","75.3"],"167":["38","82.99474","8.91075","68.1","92.7"],"168":["37","92.38378","0.12843","92.2","92.6"],"169":["35","91.99143","0.06490","91.7","92.2"],"170":["34","91.89412","0.07647","91.6","92.0"],"171":["38","91.81053","0.07877","91.7","91.9"],"172":["36","91.79444","0.07049","91.7","91.9"],"173":["38","90.19474","5.70678","70.4","92.7"],"174":["37","59.50270","5.07551","49.5","67.9"],"175":["37","75.20000","8.20642","66.7","92.6"],"176":["32","92.17500","0.22220","91.6","92.6"],"177":["36","92.07222","0.04479","92.0","92.1"],"178":["38","91.83684","0.07406","91.7","92.0"],"179":["36","91.64167","0.08937","91.5","91.8"],"180":["36","81.78889","11.52220","57.7","92.2"],"181":["37","52.43243","5.12034","36.7","63.1"],"182":["38","71.78947","13.23144","47.2","92.1"],"183":["36","83.50833","5.86384","73.1","92.6"],"184":["38","92.40263","0.09594","92.2","92.5"],"185":["35","92.03429","0.04747","92.0","92.1"],"186":["37","91.83784","0.05859","91.8","92.0"],"187":["37","91.74054","0.08841","91.6","91.9"],"188":["37","70.97838","16.63060","41.1","92.4"],"189":["37","50.88649","6.69995","35.2","62.8"],"190":["37","71.39189","11.80351","50.5","92.2"],"191":["38","92.65789","0.21105","91.7","92.8"],"192":["37","92.31892","0.03917","92.3","92.4"],"193":["35","92.14286","0.10222","92.0","92.3"],"194":["36","91.81389","0.16013","91.6","92.0"],"195":["37","91.40270","0.68556","87.9","92.2"],"196":["37","61.47297","14.82878","40.3","87.5"],"197":["38","53.50263","6.84926","44.8","68.1"],"198":["37","59.04595","5.64909","50.8","73.2"],"199":["37","89.84865","4.33662","75.3","92.6"],"200":["37","92.11622","0.10784","92.0","92.3"],"201":["38","91.65263","0.11410","91.5","91.9"],"202":["37","91.34054","0.08207","91.2","91.5"],"203":["37","84.88649","9.79943","60.9","91.8"],"204":["37","41.39189","8.28458","27.6","60.4"],"205":["37","52.82432","6.13128","45.6","66.4"],"206":["37","77.78378","10.33926","53.9","92.6"],"207":["38","92.29211","0.12005","92.1","92.5"],"208":["37","92.08378","0.03686","92.0","92.1"],"209":["37","91.90811","0.08816","91.8","92.0"],"210":["37","91.92973","0.04571","91.9","92.0"],"211":["37","78.78919","13.15991","53.8","92.5"],"212":["38","48.65263","9.59550","33.3","67.6"],"213":["37","57.34054","6.28290","46.9","72.6"],"214":["37","87.81892","7.48096","63.7","92.7"],"215":["36","92.10556","0.11772","91.8","92.3"],"216":["37","92.05946","0.07151","91.9","92.1"],"217":["37","91.75135","0.09189","91.6","91.9"],"218":["38","91.62105","0.12806","91.5","92.0"],"219":["32","73.21563","13.48678","52.3","92.4"],"220":["37","64.42703","7.89234","48.7","75.8"],"221":["38","64.50789","7.00374","49.5","79.7"],"222":["37","90.88108","2.69242","81.9","92.7"],"223":["37","92.15135","0.04998","92.1","92.2"],"224":["34","91.88824","0.10222","91.8","92.1"],"225":["37","91.81081","0.08313","91.7","91.9"],"226":["36","91.73889","0.44490","90.1","92.4"],"227":["38","78.43421","9.72261","62.9","92.7"],"228":["37","65.50541","6.14856","56.6","78.1"],"229":["37","68.88919","6.24906","56.7","82.0"],