{"_t":[1373864400,1373950800,86400,144],"_i":["sanpedro\/002\/humidity","sanpedro\/002\/temperature"],"_@":{"humi":[60,100],"temp":[10,30]},"sanpedro\/002\/humidity":{"49":["52","88.66154","4.01498","84.1","94.4"],"50":["51","80.48235","4.23893","76.6","90.1"],"51":["52","67.63846","2.71053","63.6","76.0"],"52":["55","73.30364","1.86615","71.3","77.4"],"55":["53","67.62830","5.74927","60.3","81.5"],"59":["48","65.24792","3.46404","61.6","74.1"],"61":["48","75.08958","1.98171","69.5","77.9"],"68":["58","77.10862","1.60605","74.7","80.5"]},"sanpedro\/002\/temperature":{"49":["52","13.87308","0.49927","13.3","14.6"],"50":["51","15.40980","0.49279","14.9","16.6"],"51":["52","18.17885","0.79960","17.2","19.7"],"52":["55","16.84545","1.27405","15.6","18.7"],"55":["53","18.47736","1.40493","17.0","21.2"],"59":["48","18.64583","1.45286","17.4","21.6"],"61":["48","15.46667","1.33640","14.2","18.5"],"68":["58","16.39310","1.35021","15.3","19.4"]}}