{"_t":[1366174800,1368766800,2592000,240],"_i":["marly\/007\/temp_dry","marly\/007\/temp_wet"],"_@":{"temp":[0,30]},"marly\/007\/temp_dry":{"50":["58","20.51897","1.58935","16.5","22.4"],"51":["165","25.93394","2.14602","21.4","29.6"],"52":["125","24.10400","1.15137","22.4","26.7"],"53":["5","19.18000","0.89084","17.9","19.9"],"54":["13","16.13846","0.69453","15.4","17.7"],"55":["9","14.97778","0.23465","14.8","15.4"],"56":["6","14.61667","0.40995","13.7","14.8"],"57":["9","13.33333","0.10541","13.1","13.4"],"58":["99","16.21010","1.38027","13.5","20.0"],"59":["154","24.69805","2.32324","20.0","27.9"],"60":["150","24.89333","0.99951","23.2","26.7"],"61":["74","20.47703","1.08722","18.2","23.6"],"62":["127","16.40394","0.66480","15.1","18.1"],"63":["115","14.64522","0.31019","14.0","15.1"],"64":["24","14.25833","0.19347","13.9","14.5"],"65":["4","14.50000","0.00000","14.5","14.5"],"77":["18","28.36111","0.53763","27.6","29.1"],"99":["100","21.56000","1.96000","19.2","24.3"]},"marly\/007\/temp_wet":{"50":["58","20.26552","1.74203","15.8","22.3"],"51":["165","25.26242","2.16810","21.0","28.8"],"52":["125","23.86320","1.32088","22.1","26.8"],"53":["5","18.22000","1.08701","16.7","19.2"],"54":["13","15.18462","0.50512","14.8","16.4"],"55":["9","13.81111","0.35101","13.5","14.3"],"56":["6","13.38333","0.26719","12.8","13.6"],"57":["9","12.12222","0.09162","12.0","12.2"],"58":["99","15.28485","1.34362","12.4","19.1"],"59":["154","23.71104","2.25122","19.2","26.7"],"60":["150","24.78733","1.14329","22.8","26.8"],"61":["74","19.74730","2.69320","0.0","23.8"],"62":["127","15.37638","0.65068","14.4","17.1"],"63":["115","13.64261","0.43938","12.9","14.4"],"64":["24","13.30417","0.13064","13.1","13.5"],"65":["4","13.30000","0.00000","13.3","13.3"],"77":["18","28.50556","0.60688","27.6","29.4"],"99":["100","21.45200","1.75667","19.2","23.9"]}}