{"_t":[1366952400,1367643540,691140,240],"_i":["sanpedro\/002\/humidity","sanpedro\/002\/temperature"],"_@":{"humi":[30,100],"temp":[0,40]},"sanpedro\/002\/humidity":{"13":["111","54.88649","5.58687","45.3","68.0"],"16":["89","54.34270","2.27339","48.3","59.6"],"19":["45","56.98444","1.70893","55.2","62.3"],"21":["58","78.54483","2.57804","75.0","83.7"],"22":["71","90.46338","3.39628","86.1","95.0"],"24":["17","91.64118","3.34507","86.7","94.9"],"27":["13","92.00769","3.09179","86.7","94.8"],"29":["4","91.27500","3.04826","86.3","94.6"],"30":["28","90.73929","3.52616","86.1","94.5"],"31":["5","91.24000","2.77171","86.0","94.3"],"32":["23","90.61739","3.57475","85.9","94.3"],"33":["15","90.11333","3.13281","85.7","94.2"],"34":["14","90.20714","3.49417","85.7","94.1"],"35":["7","91.42857","2.59984","85.6","94.0"],"36":["24","88.47500","3.49240","85.6","94.0"],"37":["32","88.27812","3.54010","85.6","94.0"],"38":["150","90.91200","2.85297","85.9","94.5"],"39":["79","83.36329","4.99446","76.5","92.8"],"40":["49","58.04898","1.20647","55.7","60.3"],"41":["47","50.16170","4.34455","40.4","54.5"],"43":["47","63.43404","1.96309","61.4","69.2"],"48":["46","51.80435","2.24809","46.1","56.9"],"49":["47","49.24043","5.79228","42.7","62.0"],"50":["142","76.24366","3.60933","72.1","89.0"],"51":["195","85.78462","5.43391","74.6","95.1"],"52":["16","90.94375","3.41540","86.7","95.0"],"53":["26","90.40000","3.24523","86.3","94.7"],"54":["13","92.01538","2.69497","86.2","94.7"],"55":["13","90.87692","3.23684","86.2","94.6"],"56":["15","90.84000","3.34899","86.3","94.6"],"57":["10","91.17000","3.22771","86.5","94.6"],"58":["22","90.21364","3.55774","86.4","94.6"],"59":["15","90.90000","3.26803","86.5","94.6"],"60":["18","90.43889","3.35628","86.4","94.6"],"61":["22","90.41818","3.54024","86.3","94.6"],"62":["21","91.08095","3.51698","86.3","94.5"],"63":["10","91.40000","2.76116","86.2","94.5"],"64":["4","91.20000","3.03562","86.2","94.4"],"65":["9","90.64444","3.26500","86.2","94.4"],"66":["4","91.20000","3.03562","86.2","94.4"],"67":["12","90.35000","3.68838","86.1","94.4"],"68":["34","91.02941","3.38843","86.1","94.8"],"69":["52","69.22885","6.35505","61.9","80.1"],"70":["95","57.20842","5.52283","51.0","71.6"],"72":["88","62.83409","7.21570","52.2","71.0"],"73":["40","58.62250","1.70139","55.5","61.4"],"76":["47","54.34468","1.42677","51.3","58.1"],"77":["42","51.35714","1.59122","47.8","55.0"],"78":["46","50.16304","1.96440","45.3","54.5"],"79":["88","52.00227","2.24939","48.3","58.1"],"80":["146","48.56986","5.86254","41.6","61.1"],"82":["150","89.20067","3.59688","83.5","94.8"],"83":["17","91.15882","3.13051","86.4","94.7"],"84":["14","91.69286","2.93293","86.4","94.6"],"85":["28","91.11071","3.13544","86.3","94.5"],"86":["13","90.76923","3.66068","86.2","94.5"],"87":["28","90.56429","3.37345","86.2","94.4"],"88":["19","90.71053","3.16908","86.2","94.4"],"89":["20","90.66000","3.29399","86.3","94.4"],"90":["1","92.10000","0.00000","92.1","92.1"],"91":["11","91.43636","3.24297","86.4","94.5"],"92":["4","91.27500","2.98025","86.4","94.5"],"93":["20","91.23000","3.31754","86.4","94.5"],"94":["21","91.00000","3.39706","86.4","94.5"],"95":["25","91.46400","3.31613","86.4","94.5"],"96":["9","89.46667","3.52073","86.4","94.5"],"97":["10","90.52000","3.54593","86.3","94.5"],"98":["10","91.23000","3.27141","86.4","94.7"],"99":["14","90.34286","3.18764","86.7","94.8"],"100":["14","60.70714","2.74577","58.1","66.4"],"101":["32","60.99062","2.55017","58.4","66.3"],"102":["49","69.46939","2.34000","66.9","74.7"],"103":["48","79.79375","2.92734","75.1","84.6"],"108":["47","69.40638","1.44788","66.8","72.9"],"109":["86","64.67209","3.32757","60.0","71.3"],"110":["56","79.65714","2.24737","76.9","84.8"],"111":["65","91.98769","2.98424","86.2","94.9"],"112":["24","91.28750","3.14898","86.6","94.8"],"113":["6","90.76667","3.13404","86.5","94.7"],"115":["17","91.58235","3.42795","86.5","94.7"],"116":["26","90.93846","3.36773","86.5","94.7"],"117":["19","91.21053","3.38229","86.4","94.7"],"118":["20","90.77000","3.68132","86.4","94.7"],"119":["21","90.67619","3.48410","86.4","94.6"],"120":["11","91.89091","1.86716","86.4","94.6"],"121":["17","91.34118","3.34507","86.4","94.6"],"122":["3","91.03333","3.40816","86.4","94.5"],"123":["29","91.37586","3.22903","86.4","94.5"],"124":["2","89.25000","2.85000","86.4","92.1"],"189":["105","82.62095","5.56309","75.7","95.0"],"190":["52","62.59423","1.62071","59.3","65.3"],"192":["43","40.79535","2.69063","36.7","47.1"],"194":["43","64.97209","1.29746","61.8","66.9"],"195":["56","69.30357","1.75479","67.2","76.3"],"196":["141","77.02695","6.37418","68.8","87.8"],"197":["157","74.92803","2.99341","69.2","85.2"],"198":["48","63.12083","3.47359","59.8","71.9"],"199":["51","71.21373","2.79229","67.4","77.9"],"200":["10","56.32000","6.72753","51.8","71.1"],"201":["34","57.02059","5.68112","52.1","69.9"],"202":["81","91.56420","2.26968","86.6","94.8"],"203":["8","91.70000","3.16781","86.5","94.6"],"204":["13","90.91538","3.15030","86.4","94.5"],"205":["9","90.80000","3.16719","86.4","94.6"],"206":["24","90.80000","3.38821","86.6","94.6"],"207":["30","91.24000","3.19600","86.6","94.6"],"208":["7","91.28571","3.12567","86.6","94.6"],"209":["10","91.73000","2.86184","86.4","94.6"],"210":["26","91.43462","3.43981","86.5","94.6"],"211":["25","90.91600","3.44832","86.5","94.6"],"212":["14","91.32857","3.27794","86.4","94.5"],"213":["25","91.14000","3.39835","86.4","94.5"],"214":["3","91.00000","3.39706","86.4","94.5"],"215":["3","91.00000","3.39706","86.4","94.5"],"216":["18","91.42778","3.27241","86.4","94.5"],"217":["22","90.73636","3.35201","86.4","94.6"],"218":["20","91.75500","3.24430","86.4","94.7"],"219":["38","90.67368","3.35219","86.4","94.8"],"220":["23","92.07826","2.74114","86.5","94.8"],"223":["43","49.93488","1.54527","47.0","55.5"],"226":["43","50.62326","1.72773","46.9","54.1"],"227":["45","56.13333","2.26559","49.8","60.7"],"228":["43","49.94884","2.21143","47.6","58.3"],"229":["77","56.47013","8.50215","46.4","73.5"],"230":["171","66.50526","3.22754","61.0","74.7"],"231":["162","70.50309","4.87010","62.9","80.4"],"232":["49","90.70204","2.81899","86.7","94.9"],"233":["27","91.32222","3.40276","86.6","94.9"],"234":["21","90.75238","3.17049","86.4","94.6"],"235":["17","91.07059","3.13665","86.4","94.6"],"236":["12","91.10833","3.38587","86.5","94.6"],"237":["21","91.13333","3.35195","86.6","94.6"],"238":["1","94.60000","0.00000","94.6","94.6"],"239":["15","89.98000","3.42602","86.4","94.6"]},"sanpedro\/002\/temperature":{"13":["111","21.58198","1.87858","19.4","26.4"],"16":["89","23.90337","1.94130","22.6","27.8"],"19":["45","22.39333","0.98779","21.7","24.1"],"21":["58","17.24655","0.65211","16.7","18.8"],"22":["71","15.66479","0.42396","14.9","16.4"],"24":["17","14.63529","0.31049","14.2","15.1"],"27":["13","13.86154","0.25582","13.5","14.2"],"29":["4","11.45000","0.40311","10.8","11.9"],"30":["28","10.67143","0.65784","9.5","11.7"],"31":["5","9.82000","0.57061","8.7","10.3"],"32":["23","8.98696","0.75946","7.7","9.9"],"33":["15","8.26667","0.72908","6.8","9.1"],"34":["14","7.47143","0.66486","6.5","8.2"],"35":["7","7.34286","0.59488","5.9","7.7"],"36":["24","6.16667","0.64464","5.5","7.4"],"37":["32","5.99688","0.68305","5.4","7.1"],"38":["150","12.25867","1.59115","8.0","14.4"],"39":["79","14.08734","0.98846","11.5","15.7"],"40":["49","20.41633","3.06077","18.3","26.4"],"41":["47","23.31489","4.92531","19.3","30.6"],"43":["47","19.32553","0.97990","18.7","21.2"],"48":["46","23.97174","2.25771","22.4","28.3"],"49":["47","24.22553","0.76672","23.0","26.0"],"50":["142","17.52254","0.99140","16.5","20.2"],"51":["195","15.72205","0.50218","14.8","17.4"],"52":["16","14.38750","0.44704","13.6","15.1"],"53":["26","12.42692","0.75832","11.0","13.3"],"54":["13","12.00000","0.67254","10.4","12.6"],"55":["13","11.49231","0.59415","10.4","12.2"],"56":["15","11.99333","0.45382","11.1","12.7"],"57":["10","12.30000","0.24900","12.0","12.7"],