{"_t":[1376024400,1376110800,86400,144],"_i":["timana0\/004\/VoltR"],"_@":{"Volt":[0,130]},"timana0\/004\/VoltR":{"47":["66","0.00000","0.00000","0.0","0.0"],"48":["3","0.00000","0.00000","0.0","0.0"],"49":["1","0.00000","0.00000","0.0","0.0"],"50":["2","0.00000","0.00000","0.0","0.0"],"51":["3","0.00000","0.00000","0.0","0.0"],"52":["2","0.00000","0.00000","0.0","0.0"],"53":["2","0.00000","0.00000","0.0","0.0"],"54":["2","0.00000","0.00000","0.0","0.0"],"55":["3","0.00000","0.00000","0.0","0.0"],"56":["3","0.00000","0.00000","0.0","0.0"],"57":["2","0.00000","0.00000","0.0","0.0"],"58":["3","0.00000","0.00000","0.0","0.0"],"59":["2","0.00000","0.00000","0.0","0.0"],"60":["2","0.00000","0.00000","0.0","0.0"],"61":["2","0.00000","0.00000","0.0","0.0"],"62":["4","0.00000","0.00000","0.0","0.0"],"63":["5","0.00000","0.00000","0.0","0.0"],"64":["3","40.00000","56.56854","0.0","120.0"],"65":["3","0.00000","0.00000","0.0","0.0"],"66":["3","40.00000","56.56854","0.0","120.0"],"67":["3","38.33333","54.21152","0.0","115.0"],"68":["4","0.00000","0.00000","0.0","0.0"],"69":["2","0.00000","0.00000","0.0","0.0"],"70":["4","0.00000","0.00000","0.0","0.0"],"71":["5","48.20000","59.03355","0.0","121.0"],"72":["4","0.00000","0.00000","0.0","0.0"],"73":["2","0.00000","0.00000","0.0","0.0"],"74":["4","60.50000","60.50000","0.0","121.0"],"75":["2","0.00000","0.00000","0.0","0.0"],"76":["3","40.33333","57.03995","0.0","121.0"],"77":["4","30.50000","52.82755","0.0","122.0"],"78":["4","30.00000","51.96152","0.0","120.0"],"79":["3","0.00000","0.00000","0.0","0.0"]}}