{"_t":[1368680400,1368939540,259140,240],"_i":["sanpedro\/003\/humidity","sanpedro\/003\/temperature"],"_@":{"humi":[50,100],"temp":[0,30]},"sanpedro\/003\/humidity":{"0":["3","91.06667","3.38657","86.5","94.6"],"5":["5","91.48000","2.67163","86.5","94.6"],"6":["14","90.99286","3.49376","86.5","94.6"],"9":["5","90.30000","3.30273","86.4","94.5"],"10":["3","91.00000","3.39706","86.4","94.5"],"11":["14","90.92143","3.50310","86.4","94.5"],"12":["10","91.35000","3.38947","86.4","94.5"],"18":["11","91.11818","3.10742","86.3","94.4"],"19":["18","91.35000","3.29280","86.3","94.4"],"20":["5","90.68000","3.68206","86.3","94.4"],"21":["7","89.51429","3.69997","86.3","94.5"],"22":["5","91.96000","2.99640","86.4","94.6"],"23":["14","89.86429","3.46752","86.5","94.6"],"25":["49","79.29184","5.39882","75.2","90.1"],"26":["51","75.04314","5.31717","69.6","86.0"],"27":["53","73.97736","5.02915","69.7","86.0"],"35":["55","72.14545","4.73796","67.6","82.6"],"40":["47","60.47872","2.74853","55.8","66.1"],"43":["46","58.01522","2.00141","55.9","63.4"],"48":["55","75.88909","3.14016","72.4","81.6"],"53":["57","85.11930","2.69603","83.0","91.2"],"54":["109","86.55046","3.27256","82.8","93.2"],"55":["13","91.55385","3.26817","86.9","95.0"],"56":["1","86.90000","0.00000","86.9","86.9"],"57":["8","90.56250","3.83567","86.8","95.0"],"58":["7","90.74286","3.53305","86.8","94.9"],"59":["9","90.50000","3.42345","86.8","94.9"],"63":["4","90.02500","3.53721","86.6","94.7"],"64":["6","90.75000","3.06472","86.6","94.7"],"65":["4","90.02500","3.53721","86.6","94.7"],"66":["3","89.30000","3.81838","86.6","94.7"],"67":["4","90.07500","3.48882","86.7","94.7"],"69":["3","91.16667","3.38657","86.6","94.7"],"70":["11","91.35455","3.08909","86.6","94.7"],"72":["5","90.96000","3.67511","86.6","94.7"],"74":["5","90.98000","3.68206","86.6","94.7"],"75":["10","89.86000","3.45317","86.5","94.6"],"76":["9","89.82222","3.81744","86.4","94.6"],"77":["8","89.82500","3.61758","86.3","94.5"],"78":["8","90.53750","3.40806","86.3","94.5"],"79":["4","89.80000","3.60139","86.3","94.5"],"80":["7","90.67143","3.81003","86.3","94.5"],"81":["15","90.46000","3.44128","86.4","94.5"],"83":["8","89.85000","3.55282","86.4","94.5"],"84":["5","90.78000","3.68206","86.4","94.5"],"85":["2","89.25000","2.85000","86.4","92.1"],"86":["6","91.00000","3.39706","86.4","94.5"],"89":["11","91.93636","2.82401","86.4","94.5"],"90":["1","86.40000","0.00000","86.4","86.4"],"94":["7","90.34286","3.53305","86.4","94.5"],"96":["9","91.00000","3.39706","86.4","94.5"],"97":["7","91.15714","3.16853","86.4","94.5"],"100":["4","89.85000","3.55282","86.4","94.5"],"103":["7","90.04286","3.24339","86.4","94.5"],"105":["12","89.68333","3.37165","86.4","94.5"],"106":["11","89.45455","3.43124","86.4","94.5"],"107":["11","90.01818","3.34985","86.4","94.6"],"109":["28","88.63214","3.72636","84.8","94.9"],"110":["10","90.34000","3.77046","86.6","95.0"],"111":["5","91.14000","3.72966","86.7","94.9"],"112":["5","92.30000","2.99867","86.7","94.9"],"113":["25","91.55600","3.46827","86.7","95.0"],"116":["54","82.51852","4.01544","79.0","93.1"],"122":["47","71.23404","1.27301","69.2","73.9"],"125":["51","84.49608","2.82898","80.4","90.1"],"137":["96","84.03646","5.15215","74.9","94.0"],"138":["15","90.23333","2.68891","86.9","95.1"],"139":["11","91.57273","3.70849","86.8","95.0"],"140":["12","90.85000","3.65114","86.6","94.9"],"143":["13","90.84615","3.48637","86.6","94.7"],"144":["4","90.05000","3.55282","86.6","94.7"],"145":["6","89.81667","3.37955","86.5","94.7"],"146":["8","90.72500","3.40211","86.5","94.7"],"147":["4","87.92500","2.46817","86.5","92.2"],"148":["9","90.42222","3.70279","86.4","94.6"],"149":["12","90.11667","3.30046","86.3","94.6"],"150":["12","90.28333","3.48660","86.3","94.5"],"151":["6","90.96667","3.44222","86.3","94.5"],"152":["4","89.80000","3.60139","86.3","94.5"],"153":["12","90.76667","3.29781","86.3","94.5"],"154":["8","90.10000","3.87040","86.3","94.5"],"156":["10","90.50000","3.55303","86.3","94.5"],"157":["12","90.91667","3.40265","86.3","94.4"],"158":["1","86.30000","0.00000","86.3","86.3"],"159":["12","92.02500","3.42445","86.3","94.5"],"162":["7","90.27143","3.56680","86.3","94.5"],"163":["17","89.33529","3.45423","86.1","94.4"],"164":["2","89.05000","2.95000","86.1","92.0"],"169":["3","88.83333","3.86552","86.1","94.3"],"170":["7","91.27143","3.41832","86.1","94.3"],"171":["8","90.32500","3.40211","86.1","94.3"],"172":["9","89.88889","3.43558","86.1","94.3"],"174":["7","91.30000","3.37512","86.2","94.3"],"175":["13","90.47692","3.52052","86.2","94.4"],"176":["17","90.10000","3.44810","86.1","94.4"],"177":["7","90.88571","3.20331","86.0","94.2"],"178":["1","86.00000","0.00000","86.0","86.0"],"179":["6","88.33333","3.37178","86.0","94.2"],"180":["27","90.52222","3.74792","86.0","94.4"],"182":["21","90.35714","3.64856","86.6","94.9"],"188":["55","78.03091","5.59155","73.0","88.5"],"205":["49","76.27959","1.77660","74.4","81.5"],"207":["55","69.52182","3.76195","65.8","77.8"],"210":["53","76.84717","1.90863","74.8","80.7"],"218":["52","77.02692","0.72513","75.0","78.0"],"220":["11","91.19091","3.54284","86.6","94.8"],"221":["6","90.26667","3.78227","86.5","94.8"],"223":["7","90.50000","3.58090","86.5","94.7"],"224":["12","91.85000","3.25692","86.5","94.7"],"225":["12","91.19167","3.40844","86.5","94.7"],"226":["5","89.36000","3.46445","86.6","94.7"],"227":["3","91.20000","3.39706","86.6","94.7"],"228":["9","91.56667","2.82174","86.6","94.7"],"229":["11","89.66364","2.88799","86.5","92.3"],"230":["16","90.30625","3.47392","86.5","94.6"],"231":["4","89.85000","3.55282","86.4","94.5"],"232":["3","90.96667","3.44222","86.3","94.5"],"233":["2","89.20000","2.90000","86.3","92.1"],"235":["3","90.90000","3.39706","86.3","94.4"],"239":["17","90.04706","3.63174","86.3","94.5"]},"sanpedro\/003\/temperature":{"0":["3","12.16667","0.26247","11.8","12.4"],"5":["5","12.02000","0.25612","11.6","12.4"],"6":["14","12.00714","0.34323","11.5","12.4"],"9":["5","11.30000","0.37417","10.8","11.7"],"10":["3","11.36667","0.33993","10.9","11.7"],"11":["14","11.58571","0.34405","11.1","12.0"],"12":["10","11.68000","0.34293","11.2","12.1"],"18":["11","10.83636","0.43542","10.1","11.2"],"19":["18","10.82222","0.37647","10.2","11.1"],"20":["5","11.06000","0.42237","10.5","11.5"],"21":["7","11.42857","0.41650","11.0","12.0"],"22":["5","12.28000","0.27857","11.8","12.6"],"23":["14","12.49286","0.25485","12.0","12.9"],"25":["49","16.64286","0.22039","16.5","17.3"],"26":["51","17.70000","0.66774","17.0","19.0"],"27":["53","17.96226","0.89532","17.0","19.5"],"35":["55","17.59273","0.74220","16.9","19.0"],"40":["47","20.18936","1.25040","19.0","22.4"],"43":["46","21.10217","1.88674","19.7","24.2"],"48":["55","18.32364","0.40225","17.9","18.9"],"53":["57","16.76667","0.51753","16.3","17.7"],"54":["109","16.64679","0.53545","16.0","17.6"],"55":["13","15.66923","0.43036","15.0","16.2"],"56":["1","14.90000","0.00000","14.9","14.9"],"57":["8","14.55000","0.52202","14.0","15.2"],"58":["7","14.22857","0.43659","13.7","14.8"],"59":["9","14.14444","0.41929","13.6","14.7"],"63":["4","12.82500","0.38324","12.4","13.3"],"64":["6","12.88333","0.32361","12.4","13.3"],"65":["4","12.85000","0.32016","12.5","13.3"],"66":["3","13.03333","0.26247","12.8","13.4"],"67":["4","13.05000","0.20616","12.9","13.4"],"69":["3","12.86667","0.36818","12.4","13.3"],"70":["11","12.85455","0.28719","12.4","13.3"],"72":["5","12.94000","0.36111","12.5","13.4"],"74":["5","12.68000","0.45343","12.1","13.2"],"75":["10","12.55000","0.38794","12.1","13.1"],"76":["9","12.10000","0.60000","11.4","13.1"],"77":["8","11.20000","0.62849","10.5","11.9"],"78":["8","11.18750","0.50852","10.5","11.6"],"79":["4","11.17500","0.53092","10.6","11.8"],"80":["7","11.50000","0.41404","11.0","12.0"],"81":["15","11.72000","0.37452","11.2","12.3"],"83":["8","11.95000","0.38079","11.5","12.5"],"84":["5","12.14000","0.40299","11.7","12.6"],"85":["2","12.05000","0.25000","11.8","12.3"],