{"_t":[1377234000,1377320400,86400,144],"_i":["valentina\/001\/humidity","valentina\/001\/temperature"],"_@":{"humi":[40,90],"temp":[0,30]},"valentina\/001\/humidity":[["2","85.70000","0.00000","85.7","85.7"],["2","85.75000","0.05000","85.7","85.8"],["2","85.80000","0.00000","85.8","85.8"],["2","85.80000","0.00000","85.8","85.8"],["2","85.75000","0.05000","85.7","85.8"],["2","85.65000","0.05000","85.6","85.7"],["2","85.60000","0.00000","85.6","85.6"],["2","85.60000","0.00000","85.6","85.6"],["2","85.60000","0.00000","85.6","85.6"],["2","85.60000","0.00000","85.6","85.6"],["2","85.60000","0.00000","85.6","85.6"],["2","85.55000","0.05000","85.5","85.6"],["2","85.50000","0.00000","85.5","85.5"],["2","85.60000","0.00000","85.6","85.6"],["2","85.60000","0.00000","85.6","85.6"],["2","85.70000","0.00000","85.7","85.7"],["2","85.80000","0.00000","85.8","85.8"],["2","85.80000","0.00000","85.8","85.8"],["2","85.80000","0.00000","85.8","85.8"],["2","85.80000","0.00000","85.8","85.8"],["2","85.80000","0.00000","85.8","85.8"],["2","85.75000","0.05000","85.7","85.8"],["2","85.70000","0.00000","85.7","85.7"],["2","85.75000","0.05000","85.7","85.8"],["2","85.75000","0.05000","85.7","85.8"],["2","85.65000","0.05000","85.6","85.7"],["2","85.60000","0.00000","85.6","85.6"],["2","85.60000","0.00000","85.6","85.6"],["2","85.60000","0.00000","85.6","85.6"],["2","85.60000","0.00000","85.6","85.6"],["2","85.60000","0.00000","85.6","85.6"],["2","85.70000","0.00000","85.7","85.7"],["2","85.70000","0.00000","85.7","85.7"],["2","85.70000","0.00000","85.7","85.7"],["2","85.70000","0.00000","85.7","85.7"],["2","85.70000","0.00000","85.7","85.7"],["2","85.70000","0.00000","85.7","85.7"],["2","85.75000","0.05000","85.7","85.8"],["2","85.85000","0.05000","85.8","85.9"],["2","86.05000","0.05000","86.0","86.1"],["2","86.20000","0.00000","86.2","86.2"],["2","85.95000","0.35000","85.6","86.3"],["2","86.00000","0.30000","85.7","86.3"],["2","83.30000","1.20000","82.1","84.5"],["2","83.35000","0.05000","83.3","83.4"],["2","79.35000","0.85000","78.5","80.2"],["2","76.75000","0.45000","76.3","77.2"],["2","71.80000","0.40000","71.4","72.2"],["2","68.25000","1.05000","67.2","69.3"],["2","66.35000","0.15000","66.2","66.5"],["2","62.30000","0.90000","61.4","63.2"],["2","55.75000","2.35000","53.4","58.1"],["2","57.55000","0.85000","56.7","58.4"],["2","54.30000","0.90000","53.4","55.2"],["2","56.40000","1.40000","55.0","57.8"],["2","53.70000","1.70000","52.0","55.4"],["2","50.60000","2.00000","48.6","52.6"],["2","49.65000","0.15000","49.5","49.8"],["1","55.70000","0.00000","55.7","55.7"],["1","54.50000","0.00000","54.5","54.5"]],"valentina\/001\/temperature":[["2","6.55000","0.05000","6.5","6.6"],["2","6.65000","0.25000","6.4","6.9"],["2","6.90000","0.10000","6.8","7.0"],["2","6.60000","0.00000","6.6","6.6"],["2","6.65000","0.15000","6.5","6.8"],["2","6.00000","0.30000","5.7","6.3"],["2","5.55000","0.05000","5.5","5.6"],["2","5.55000","0.05000","5.5","5.6"],["2","5.70000","0.10000","5.6","5.8"],["2","6.00000","0.00000","6.0","6.0"],["2","5.65000","0.05000","5.6","5.7"],["2","5.10000","0.30000","4.8","5.4"],["2","5.10000","0.20000","4.9","5.3"],["2","5.90000","0.10000","5.8","6.0"],["2","5.85000","0.15000","5.7","6.0"],["2","6.55000","0.15000","6.4","6.7"],["2","7.15000","0.15000","7.0","7.3"],["2","7.50000","0.00000","7.5","7.5"],["2","7.45000","0.05000","7.4","7.5"],["2","7.30000","0.00000","7.3","7.3"],["2","6.85000","0.15000","6.7","7.0"],["2","6.45000","0.05000","6.4","6.5"],["2","6.40000","0.10000","6.3","6.5"],["2","6.80000","0.10000","6.7","6.9"],["2","6.50000","0.20000","6.3","6.7"],["2","5.80000","0.20000","5.6","6.0"],["2","5.60000","0.00000","5.6","5.6"],["2","5.50000","0.00000","5.5","5.5"],["2","5.70000","0.00000","5.7","5.7"],["2","5.85000","0.15000","5.7","6.0"],["2","6.00000","0.00000","6.0","6.0"],["2","6.50000","0.10000","6.4","6.6"],["2","6.40000","0.00000","6.4","6.4"],["2","6.25000","0.05000","6.2","6.3"],["2","6.10000","0.00000","6.1","6.1"],["2","6.25000","0.05000","6.2","6.3"],["2","6.25000","0.05000","6.2","6.3"],["2","6.70000","0.10000","6.6","6.8"],["2","7.75000","0.45000","7.3","8.2"],["2","9.40000","0.30000","9.1","9.7"],["2","10.15000","0.15000","10.0","10.3"],["2","11.00000","0.30000","10.7","11.3"],["2","11.25000","0.15000","11.1","11.4"],["2","11.55000","0.15000","11.4","11.7"],["2","11.65000","0.15000","11.5","11.8"],["2","12.45000","0.25000","12.2","12.7"],["2","13.30000","0.30000","13.0","13.6"],["2","14.35000","0.15000","14.2","14.5"],["2","15.20000","0.20000","15.0","15.4"],["2","15.70000","0.30000","15.4","16.0"],["2","16.80000","0.10000","16.7","16.9"],["2","18.20000","0.30000","17.9","18.5"],["2","17.60000","0.00000","17.6","17.6"],["2","18.85000","0.05000","18.8","18.9"],["2","18.20000","0.10000","18.1","18.3"],["2","18.80000","0.70000","18.1","19.5"],["2","20.40000","0.00000","20.4","20.4"],["2","20.30000","0.10000","20.2","20.4"],["1","19.50000","0.00000","19.5","19.5"],["1","19.80000","0.00000","19.8","19.8"]]}