{"_t":[1366866000,1368593940,1727940,240],"_i":["sanpedro\/005\/humidity","sanpedro\/005\/temperature"],"_@":{"humi":[20,100],"temp":[0,40]},"sanpedro\/005\/humidity":{"16":["48","53.75208","2.93293","49.0","60.9"],"17":["910","51.58077","4.14355","38.5","65.2"],"18":["969","51.43664","4.65291","41.6","66.1"],"19":["937","57.60256","3.39591","46.7","66.4"],"20":["902","62.50942","13.63115","41.4","94.7"],"21":["51","90.49020","3.63001","86.7","95.0"],"22":["33","91.36970","3.22983","86.7","94.9"],"23":["291","80.73849","9.02396","68.6","94.8"],"24":["68","90.95735","3.52163","85.9","94.5"],"25":["56","90.10000","3.77601","85.7","94.2"],"26":["100","88.81300","3.69718","85.6","94.0"],"27":["498","80.10462","9.27635","63.2","94.6"],"28":["919","52.32100","7.56488","35.3","75.5"],"29":["1037","59.68689","7.10690","44.0","89.9"],"30":["1040","56.12433","4.49533","44.0","69.8"],"31":["994","58.22938","7.00439","44.7","77.5"],"32":["498","77.13795","5.56326","70.1","95.0"],"33":["44","91.14545","3.35820","86.3","94.9"],"34":["30","90.82333","3.37211","86.2","94.6"],"35":["32","91.52187","3.35212","86.4","94.6"],"36":["7","91.52857","3.43499","86.3","94.6"],"37":["36","91.53333","3.44141","86.2","94.5"],"38":["41","91.51463","3.36456","86.2","94.4"],"39":["582","74.97973","9.99831","57.9","95.0"],"40":["983","59.01170","8.70995","41.0","75.6"],"41":["968","56.14969","4.84483","47.1","75.6"],"42":["1013","54.62952","2.95773","46.0","62.4"],"43":["885","50.70407","3.57182","41.6","61.2"],"44":["877","60.22269","14.14737","39.9","89.0"],"45":["67","91.00149","3.34969","86.4","94.8"],"46":["34","90.46471","3.62206","86.2","94.5"],"47":["56","90.71786","3.57137","86.2","94.4"],"48":["40","90.66500","3.59907","86.4","94.5"],"49":["11","91.63636","3.35621","86.4","94.5"],"50":["36","90.71389","3.53751","86.3","94.6"],"51":["229","83.89869","6.78066","72.4","94.9"],"52":["1063","63.64149","6.54731","52.5","85.9"],"53":["818","70.55269","10.21024","47.6","89.6"],"54":["1060","63.49019","7.84853","46.8","77.3"],"55":["971","68.62647","5.81676","55.4","80.2"],"56":["659","78.64507","6.89372","67.6","94.8"],"57":["80","90.63750","3.46466","86.5","94.7"],"58":["16","90.72500","3.40211","86.5","94.7"],"59":["28","91.52143","3.39415","86.4","94.7"],"60":["44","91.21364","3.42946","86.4","94.6"],"61":["7","92.30000","2.65922","86.4","94.5"],"87":["184","82.01793","6.69078","70.5","94.8"],"88":["1044","53.48036","9.47533","37.7","83.4"],"89":["968","50.91808","7.66743","36.9","68.9"],"90":["890","72.69438","7.57565","56.1","88.4"],"91":["884","68.11165","6.20954","53.0","82.2"],"92":["926","67.57333","12.05753","50.2","93.2"],"93":["48","90.95208","3.42393","86.4","94.8"],"94":["27","91.47037","3.35126","86.4","94.6"],"95":["64","90.74687","3.21350","86.4","94.6"],"96":["14","91.73571","3.45390","86.4","94.6"],"97":["38","91.80000","3.36749","86.4","94.5"],"98":["7","91.50000","3.37512","86.4","94.5"],"99":["63","90.96667","3.42572","86.4","94.8"],"100":["461","79.65748","10.94034","57.4","94.9"],"101":["1020","53.51863","5.73204","42.4","68.1"],"102":["1013","47.89882","4.05635","34.6","57.6"],"103":["903","55.23798","5.97502","44.4","72.5"],"104":["835","71.16048","7.61302","58.4","91.6"],"105":["105","89.91810","3.64981","84.0","94.8"],"106":["42","91.40238","3.43632","86.4","94.6"],"107":["7","91.27143","3.14720","86.5","94.6"],"108":["28","91.67143","3.31801","86.1","94.5"],"109":["36","91.35000","3.19231","86.1","94.3"],"110":["47","90.94255","3.45042","86.1","94.3"],"111":["619","77.59257","8.78253","61.1","94.9"],"112":["982","56.83218","8.22207","41.4","77.2"],"113":["974","48.59117","3.74585","40.9","59.9"],"114":["1003","53.62283","2.93868","44.7","61.5"],"115":["985","56.71980","5.03840","47.1","74.7"],"116":["702","82.35570","6.31949","66.8","95.0"],"117":["17","91.11765","3.41092","86.7","94.9"],"118":["34","91.72647","3.41263","86.6","94.8"],"119":["51","91.77451","3.39006","86.4","95.4"],"120":["39","91.36410","3.27253","86.4","94.6"],"121":["24","91.77917","3.30908","86.3","94.5"],"122":["20","92.17000","3.09937","86.3","94.5"],"123":["94","90.71383","3.37842","85.2","94.9"],"124":["950","72.40021","5.15558","55.9","86.0"],"125":["1043","50.56405","3.84189","43.2","65.2"],"126":["856","60.92558","10.73921","45.1","81.8"],"127":["1046","82.39044","3.96241","73.8","92.0"],"128":["408","86.10735","4.37665","78.5","94.9"],"129":["33","90.67576","3.50160","86.4","94.7"],"130":["29","90.97931","3.37019","86.5","94.5"],"131":["32","91.31250","3.36932","86.5","94.5"],"132":["51","91.17647","3.18148","86.4","94.5"],"133":["27","91.24815","3.29009","86.4","94.5"],"134":["11","91.35455","3.24692","86.3","94.4"],"135":["423","77.05532","7.99740","67.2","94.6"],"136":["960","64.54990","7.59767","48.3","85.3"],"137":["1074","51.42933","7.95857","36.1","66.7"],"138":["977","60.09089","5.12331","48.2","71.1"],"139":["1048","68.85840","9.03290","49.1","84.2"],"140":["805","77.04919","4.98285","62.4","94.8"],"141":["43","90.31860","3.64776","86.2","94.7"],"142":["26","89.68077","3.64903","86.1","94.3"],"143":["70","90.50000","3.56411","86.0","94.3"],"144":["43","90.77674","3.46013","85.9","94.2"],"145":["73","90.00959","3.67860","85.8","94.2"],"146":["56","88.97321","3.62331","86.0","94.3"],"147":["26","90.98077","3.55333","86.2","94.5"],"148":["22","91.07273","3.64070","86.3","94.7"],"149":["520","81.25519","10.06585","61.7","94.9"],"150":["901","67.26349","11.78528","52.0","94.9"],"151":["956","78.43149","6.53418","64.6","95.0"],"152":["174","83.81437","6.11555","76.4","95.0"],"153":["21","90.88571","3.56561","86.5","94.7"],"154":["20","91.63500","3.23516","86.3","94.6"],"155":["38","91.41842","3.43020","86.2","94.5"],"156":["40","91.16750","3.20783","86.2","94.4"],"157":["45","90.63333","3.57112","86.2","94.4"],"158":["61","91.19672","3.44954","86.0","94.3"],"159":["568","79.61972","9.13488","59.6","94.8"],"160":["963","59.86272","4.74649","50.7","75.8"],"161":["923","65.79144","8.84442","48.0","89.2"],"162":["1029","60.58426","3.22659","50.3","79.3"],"163":["954","52.95786","6.26422","36.4","65.9"],"164":["736","58.94008","11.19787","39.1","85.2"],"165":["111","88.46486","3.99287","83.6","94.8"],"166":["93","86.16344","2.24460","84.6","94.7"],"167":["34","91.45882","3.40675","86.4","94.6"],"168":["22","91.29091","3.51903","86.3","94.6"],"169":["58","89.56379","3.69919","86.0","94.5"],"170":["65","90.97692","3.43403","86.2","94.5"],"171":["452","74.35819","9.75520","61.5","95.0"],"172":["921","76.14723","8.44371","60.8","94.8"],"173":["970","65.38876","11.05782","47.6","94.6"],"174":["1139","71.14241","7.86611","50.6","87.2"],"175":["1004","74.85010","8.11576","50.8","90.5"],"176":["805","65.91217","8.02868","51.9","91.4"],"177":["18","90.66111","3.46428","86.4","94.7"],"178":["41","91.11220","3.47059","86.4","94.6"],"179":["49","91.16122","3.23973","86.5","94.6"],"180":["20","90.97500","3.44918","86.4","94.5"],"181":["27","90.71111","3.51023","86.2","94.5"],"182":["40","90.70000","3.47376","86.1","94.3"],"183":["366","81.95601","10.06614","62.6","94.8"],"184":["996","61.07380","10.15868","45.2","95.1"],"185":["1041","62.00327","10.18847","42.9","84.6"],"186":["901","72.62353","8.46743","56.3","84.6"],"187":["1040","63.70663","6.24053","49.2","84.5"],"188":["847","80.50283","10.64109","53.6","95.0"],"189":["12","91.45000","3.57946","86.5","94.9"],"190":["22","91.12273","3.27594","86.5","94.7"],"191":["51","91.22549","3.46969","86.5","94.7"],"192":["47","90.62553","3.47908","86.2","94.6"],"193":["54","90.74815","3.54572","86.2","94.4"],"194":["63","90.92063","3.43752","86.0","94.3"],"195":["543","80.60000","10.07368","59.5","94.8"],"196":["954","49.61436","6.63192","37.5","74.8"],"197":["942","52.42771","14.76361","35.0","80.2"],"198":["913","68.06429","4.31232","51.9","80.5"],"199":["834","64.09209","6.17668","51.6","78.8"],"200":["873","81.61833","8.94236","52.8","94.9"],"201":["31","91.32581","3.36653","86.6","94.8"],"202":["32","91.21563","3.28044","86.4","94.8"],