{"_t":[1362373200,1364965200,2592000,240],"_i":["valentina\/001\/humidity","valentina\/001\/temperature"],"_@":{"humi":[20,90],"temp":[0,40]},"valentina\/001\/humidity":{"0":["180","86.09889","0.05868","86.0","86.2"],"1":["179","86.08883","0.03150","86.0","86.1"],"2":["180","86.19944","0.00743","86.1","86.2"],"3":["179","78.55531","9.83264","60.3","86.5"],"4":["180","68.48000","13.32728","41.8","86.8"],"5":["180","63.20500","13.64540","30.4","83.2"],"6":["179","75.69832","3.24365","69.3","83.9"],"7":["150","85.69333","1.25090","81.1","86.4"],"27":["1","57.40000","0.00000","57.4","57.4"],"28":["140","36.41571","10.03354","21.4","58.1"],"29":["178","56.43652","7.87662","41.0","69.3"],"30":["180","67.43722","14.75461","33.1","85.0"],"31":["176","85.89432","1.24475","80.3","86.6"],"32":["180","86.21500","0.08061","86.1","86.3"],"33":["179","86.08547","0.08914","85.9","86.2"],"34":["180","85.78667","0.04643","85.7","85.9"],"35":["179","77.38436","10.29949","56.5","86.6"],"36":["176","45.89943","6.46418","35.5","61.6"],"37":["84","38.21310","6.78470","27.4","57.4"],"61":["1","51.90000","0.00000","51.9","51.9"],"62":["164","74.27561","7.19544","52.0","86.2"],"63":["179","82.66201","5.14774","69.4","86.4"],"64":["179","86.32179","0.11249","86.1","86.4"],"65":["179","86.07430","0.10575","85.9","86.3"],"66":["179","86.03464","0.12339","85.8","86.3"],"67":["180","72.24722","12.46305","51.0","86.4"],"68":["180","47.39056","10.26236","32.9","71.5"],"69":["179","66.32626","10.46332","39.4","86.3"],"70":["179","71.51508","6.01812","57.0","85.7"],"71":["179","86.34302","0.64079","82.1","86.6"],"72":["180","86.36444","0.18904","85.3","86.5"],"73":["184","85.03967","7.29446","37.4","86.4"],"74":["16","86.03125","0.04635","86.0","86.1"],"75":["27","50.29630","5.55614","36.4","57.4"],"76":["110","45.22273","14.52243","23.4","67.3"],"77":["179","58.79553","18.03373","24.4","85.9"],"78":["178","86.50787","0.11730","86.2","86.7"],"79":["178","86.25506","0.04974","86.2","86.3"],"80":["180","86.22222","0.04661","86.1","86.3"],"81":["180","85.87833","0.12169","85.7","86.1"],"82":["179","76.73855","11.38566","52.2","86.6"],"83":["180","52.19667","9.27909","30.7","67.1"],"84":["179","56.24693","5.53197","40.9","64.0"],"85":["180","58.01278","12.81612","41.0","85.5"],"86":["34","86.55588","0.14182","85.9","86.6"],"91":["30","82.41000","3.55315","75.6","86.9"],"92":["179","82.43520","5.40818","64.1","86.9"],"93":["52","74.95192","5.18695","63.8","80.2"],"114":["4","84.25000","2.96353","79.5","86.8"],"115":["179","61.22011","14.08178","27.9","82.3"],"116":["180","78.24667","11.51630","53.7","87.3"],"117":["180","82.50111","5.09507","70.1","87.0"],"118":["180","86.56833","0.23511","84.5","86.8"],"119":["179","86.50838","0.02771","86.5","86.6"],"120":["180","86.50000","0.00000","86.5","86.5"],"121":["180","86.41333","0.03399","86.4","86.5"],"122":["180","73.95111","14.29973","50.5","86.8"],"123":["180","57.55000","7.87976","40.1","73.2"],"124":["179","79.53017","11.01021","48.8","86.8"],"125":["180","59.92722","12.99480","30.3","86.6"],"126":["180","86.48167","0.05424","86.4","86.6"],"127":["180","86.27833","0.06854","86.2","86.4"],"128":["178","86.23539","0.11868","86.1","86.4"],"129":["180","86.14444","0.09844","86.0","86.4"],"130":["180","79.02167","7.14110","66.5","86.6"],"131":["180","55.11278","6.77768","37.3","69.3"],"132":["179","46.76425","6.45637","31.4","62.7"],"133":["180","71.47444","6.85964","55.0","86.0"],"134":["180","86.63222","0.15764","86.3","86.8"],"135":["180","86.31000","0.07608","86.2","86.4"],"136":["180","86.36611","0.05978","86.2","86.4"],"137":["179","86.33240","0.05751","86.2","86.4"],"138":["180","80.94944","8.33961","56.3","87.0"],"139":["46","64.00870","6.24997","46.9","73.0"],"140":["36","61.24722","11.76299","43.4","83.2"],"141":["36","81.20833","5.11682","69.9","86.6"],"142":["36","86.46667","0.04714","86.4","86.5"],"143":["36","86.49722","0.01643","86.4","86.5"],"144":["36","86.40833","0.02764","86.4","86.5"],"145":["36","86.39722","0.01643","86.3","86.4"],"146":["36","84.18056","5.32545","67.1","86.9"],"147":["35","55.76857","12.31157","37.2","75.9"],"148":["36","65.22778","4.94316","55.9","71.6"],"149":["36","83.45833","4.85698","68.9","86.6"],"150":["34","86.45294","0.04991","86.4","86.5"],"151":["36","86.25000","0.05000","86.2","86.3"],"152":["34","86.14118","0.05487","86.0","86.2"],"153":["36","85.87500","0.07949","85.8","86.0"],"154":["36","86.03333","0.13540","85.9","86.3"],"155":["36","68.42500","15.80663","41.2","86.5"],"156":["36","50.63333","10.51097","34.4","71.9"],"157":["36","68.25833","11.76479","41.7","86.6"],"158":["31","86.25484","0.11595","86.1","86.5"],"159":["36","86.26667","0.12472","86.1","86.4"],"160":["36","85.96667","0.08165","85.9","86.1"],"161":["36","85.71389","0.11584","85.6","85.9"],"162":["36","84.52778","3.65799","71.9","86.6"],"163":["36","50.05556","11.64893","32.1","79.2"],"164":["36","55.40000","13.70243","31.5","73.9"],"165":["35","65.52571","5.29282","54.4","76.1"],"166":["36","80.93056","5.09029","69.5","86.5"],"167":["36","86.13611","0.09175","86.0","86.4"],"168":["36","85.93333","0.08498","85.8","86.1"],"169":["36","85.84722","0.10405","85.7","86.0"],"170":["36","76.71667","9.64957","58.5","86.4"],"171":["36","52.82222","8.26492","37.8","69.2"],"172":["36","56.99167","6.42289","41.3","67.3"],"173":["36","82.57222","3.86585","68.4","86.3"],"174":["36","86.49722","0.10668","86.3","86.7"],"175":["36","86.35000","0.07265","86.2","86.4"],"176":["36","86.00278","0.10926","85.8","86.2"],"177":["36","85.60833","0.08937","85.5","85.8"],"178":["36","78.40833","9.47668","59.1","86.3"],"179":["36","46.88056","6.22570","35.6","59.1"],"180":["36","46.00278","4.21508","39.1","59.8"],"181":["35","58.90571","14.77738","41.8","85.1"],"182":["35","80.91429","5.35287","69.4","86.6"],"183":["36","86.01389","0.13775","85.8","86.3"],"184":["36","85.67500","0.09242","85.5","85.8"],"185":["36","85.38056","0.07000","85.2","85.5"],"186":["36","70.18889","18.42210","34.7","85.9"],"187":["36","34.42778","8.39417","20.1","50.5"],"188":["36","50.93056","6.81407","41.1","66.2"],"189":["36","73.92778","11.91455","42.0","86.7"],"190":["36","85.54167","1.76232","79.2","86.6"],"191":["36","86.28611","0.07871","86.1","86.4"],"192":["36","86.02778","0.12159","85.8","86.2"],"193":["36","86.14167","0.06821","86.0","86.2"],"194":["36","69.27778","13.05367","49.2","86.3"],"195":["36","41.60000","10.44355","26.7","67.7"],"196":["36","50.15833","4.86532","41.4","60.4"],"197":["36","75.15000","9.84924","49.6","84.4"],"198":["35","86.35143","0.15560","85.8","86.5"],"199":["36","86.26667","0.05774","86.1","86.3"],"200":["36","85.98889","0.06136","85.9","86.1"],"201":["36","85.74167","0.08292","85.6","85.9"],"202":["35","75.53429","11.80760","49.7","86.5"],"203":["31","48.92581","7.72971","36.5","64.6"],"204":["36","44.57778","8.30746","26.3","59.8"],"205":["36","71.32500","10.66699","45.5","86.7"],"206":["36","86.42778","0.11208","86.3","86.7"],"207":["36","86.17778","0.11811","86.0","86.3"],"208":["36","86.00000","0.00000","86.0","86.0"],"209":["36","85.89722","0.06003","85.8","86.0"],"210":["36","74.83611","10.09778","55.1","86.4"],"211":["36","53.22500","6.14661","43.2","66.0"],"212":["36","46.50556","5.83999","37.6","58.2"],"213":["36","51.11389","10.88685","22.6","66.1"],"214":["36","84.05000","5.51888","67.3","86.4"],"215":["36","86.43333","0.05774","86.3","86.5"],"216":["35","86.46286","0.04832","86.4","86.5"],"217":["35","86.20000","0.07928","86.1","86.4"],"218":["36","71.29444","12.45264","52.1","86.4"],"219":["36","46.61389","7.52371","36.9","63.1"],"220":["36","51.11111","7.91931","28.6","61.8"],"221":["36","38.96389","12.52201","22.4","63.3"],"222":["36","84.21944","4.78573","66.6","86.4"],"223":["36","85.93056","0.04606","85.9","86.0"],"224":["36","85.85000","0.08333","85.8","86.0"],"225":["36","85.83333","0.05774","85.8","86.0"],"226":["36","74.06111","10.73789","54.3","86.3"],"227":["36","44.95556","5.18119","35.8","56.9"],