{"_t":[1376456400,1376542800,86400,144],"_i":["timana0\/002\/VoltR"],"_@":{"Volt":[0,130]},"timana0\/002\/VoltR":{"72":["4","0.00000","0.00000","0.0","0.0"],"73":["4","30.25000","52.39454","0.0","121.0"],"74":["4","30.25000","52.39454","0.0","121.0"],"75":["4","60.00000","60.00000","0.0","120.0"],"76":["5","48.00000","58.78775","0.0","120.0"],"77":["4","60.00000","60.00000","0.0","120.0"],"78":["4","59.25000","59.25105","0.0","119.0"],"79":["4","59.25000","59.25949","0.0","120.0"],"80":["4","60.50000","60.50000","0.0","121.0"],"81":["4","60.50000","60.50000","0.0","121.0"],"82":["4","59.50000","59.50000","0.0","119.0"],"83":["4","59.50000","59.50000","0.0","119.0"],"84":["4","60.25000","60.25104","0.0","121.0"],"85":["4","60.25000","60.25104","0.0","121.0"],"86":["5","24.00000","48.00000","0.0","120.0"],"87":["4","59.00000","59.00000","0.0","118.0"],"88":["4","30.25000","52.39454","0.0","121.0"]}}