{"_t":[1368162000,1368248400,86400,144],"_i":["marly\/003\/humidity","marly\/003\/temperature"],"_@":{"humi":[30,90],"temp":[0,30]},"marly\/003\/humidity":{"35":["3","86.30000","0.28284","85.9","86.5"],"36":["6","86.20000","0.30000","85.9","86.5"],"41":["7","86.54286","0.29692","86.2","86.8"],"42":["2","86.50000","0.30000","86.2","86.8"],"47":["9","65.72222","2.31794","61.1","68.2"],"53":["9","60.92222","2.91272","57.3","65.3"],"56":["2","61.00000","0.70000","60.3","61.7"],"57":["11","61.05455","3.25447","56.4","67.9"],"58":["16","57.11875","4.15756","47.8","65.0"],"59":["16","46.98125","4.45200","40.3","53.9"],"60":["12","41.28333","5.96697","35.8","58.2"],"61":["20","49.88500","6.28333","39.5","58.0"],"62":["20","57.63000","5.59742","48.2","70.2"],"63":["20","59.34500","4.81876","50.7","68.4"],"64":["15","63.45333","5.65731","56.1","71.5"],"65":["19","67.51579","6.11282","58.3","74.9"],"66":["14","66.68571","8.12499","57.4","77.1"]},"marly\/003\/temperature":{"35":["3","9.30000","1.20277","8.4","11.0"],"36":["6","9.86667","1.23648","8.5","11.1"],"41":["7","11.94286","1.34998","10.7","13.6"],"42":["2","12.25000","1.35000","10.9","13.6"],"47":["9","17.42222","1.91531","15.1","19.9"],"53":["9","19.04444","2.11246","17.1","21.7"],"56":["2","19.90000","0.00000","19.9","19.9"],"57":["11","20.08182","1.54497","15.4","21.4"],"58":["16","20.78750","2.33797","17.1","23.8"],"59":["16","23.05625","3.17056","18.6","26.9"],"60":["12","25.70833","3.06444","18.0","27.5"],"61":["20","22.15000","3.64397","17.8","27.1"],"62":["20","20.36500","2.91672","17.2","24.2"],"63":["20","19.54000","2.43401","16.7","22.1"],"64":["15","19.28667","2.74272","15.7","22.0"],"65":["19","18.42105","2.79503","15.3","22.3"],"66":["14","19.04286","3.27735","15.2","22.6"]}}