{"_t":[1376024400,1376110800,86400,144],"_i":["timana0\/003\/VoltR"],"_@":{"Volt":[0,130]},"timana0\/003\/VoltR":{"62":["2","0.00000","0.00000","0.0","0.0"],"63":["2","0.00000","0.00000","0.0","0.0"],"64":["1","117.00000","0.00000","117.0","117.0"],"65":["1","0.00000","0.00000","0.0","0.0"],"66":["1","120.00000","0.00000","120.0","120.0"],"67":["1","119.00000","0.00000","119.0","119.0"],"68":["1","118.00000","0.00000","118.0","118.0"],"69":["2","0.00000","0.00000","0.0","0.0"],"73":["2","0.00000","0.00000","0.0","0.0"],"75":["2","120.00000","1.00000","119.0","121.0"],"76":["1","0.00000","0.00000","0.0","0.0"],"79":["1","0.00000","0.00000","0.0","0.0"]}}