{"_t":[1365656400,1365742800,86400,144],"_i":["sanpedro\/004\/humidity","sanpedro\/004\/temp_dry","sanpedro\/004\/temp_wet"],"_@":{"humi":[90,110],"temp":[0,20]},"sanpedro\/004\/humidity":[["12","100.50000","0.50000","100.0","101.0"],["13","99.30769","1.06588","98.0","101.0"],["16","99.37500","1.11102","98.0","101.0"],["11","99.18182","1.33609","97.0","101.0"],["12","99.00000","1.22474","97.0","101.0"],["13","99.38462","1.49556","97.0","101.0"],["8","99.00000","1.00000","98.0","100.0"],["6","99.00000","1.00000","98.0","100.0"],["8","99.25000","0.82916","98.0","100.0"],["3","98.66667","0.94281","98.0","100.0"],["8","98.62500","1.11102","97.0","100.0"],["6","99.00000","1.00000","98.0","100.0"],["5","99.20000","0.97980","98.0","100.0"],["3","98.66667","0.94281","98.0","100.0"],["3","98.66667","0.94281","98.0","100.0"],["3","99.66667","0.47140","99.0","100.0"],["5","99.20000","0.97980","98.0","100.0"],["3","98.66667","0.94281","98.0","100.0"],["4","99.50000","0.86603","98.0","100.0"],["2","100.00000","0.00000","100.0","100.0"]],"sanpedro\/004\/temp_dry":[["12","9.26667","0.08498","9.1","9.4"],["13","9.20769","0.06154","9.1","9.3"],["16","9.10625","0.09662","8.9","9.2"],["11","8.95455","0.09875","8.8","9.1"],["12","8.97500","0.09242","8.8","9.1"],["13","8.93846","0.13889","8.8","9.2"],["8","9.20000","0.12247","9.0","9.4"],["6","9.41667","0.03727","9.4","9.5"],["8","9.55000","0.08660","9.4","9.7"],["3","9.73333","0.04714","9.7","9.8"],["8","9.96250","0.09922","9.8","10.1"],["6","10.15000","0.05000","10.1","10.2"],["5","10.32000","0.04000","10.3","10.4"],["3","10.36667","0.04714","10.3","10.4"],["3","10.43333","0.04714","10.4","10.5"],["3","10.56667","0.04714","10.5","10.6"],["5","10.72000","0.04000","10.7","10.8"],["3","10.76667","0.04714","10.7","10.8"],["4","10.77500","0.04330","10.7","10.8"],["2","10.80000","0.00000","10.8","10.8"]],"sanpedro\/004\/temp_wet":[["12","9.31667","0.06872","9.2","9.4"],["13","9.17692","0.06966","9.1","9.3"],["16","9.08125","0.08077","8.9","9.2"],["11","8.91818","0.03857","8.9","9.0"],["12","8.91667","0.03727","8.9","9.0"],["13","8.91538","0.05329","8.8","9.0"],["8","9.15000","0.11180","9.0","9.3"],["6","9.36667","0.04714","9.3","9.4"],["8","9.50000","0.07071","9.4","9.6"],["3","9.66667","0.04714","9.6","9.7"],["8","9.88750","0.05995","9.8","10.0"],["6","10.11667","0.03727","10.1","10.2"],["5","10.28000","0.04000","10.2","10.3"],["3","10.30000","0.00000","10.3","10.3"],["3","10.36667","0.04714","10.3","10.4"],["3","10.53333","0.04714","10.5","10.6"],["5","10.66000","0.04899","10.6","10.7"],["3","10.70000","0.00000","10.7","10.7"],["4","10.72500","0.04330","10.7","10.8"],["2","10.80000","0.00000","10.8","10.8"]]}