{"_t":[1367989200,1368075600,86400,168],"_i":["sanpedro\/006\/VoltR"],"_@":{"Volt":[0,140]},"sanpedro\/006\/VoltR":{"0":["2","0.00000","0.00000","0.0","0.0"],"1":["2","0.00000","0.00000","0.0","0.0"],"2":["2","0.00000","0.00000","0.0","0.0"],"3":["1","0.00000","0.00000","0.0","0.0"],"4":["2","0.00000","0.00000","0.0","0.0"],"5":["2","0.00000","0.00000","0.0","0.0"],"6":["1","0.00000","0.00000","0.0","0.0"],"7":["2","0.00000","0.00000","0.0","0.0"],"8":["2","0.00000","0.00000","0.0","0.0"],"9":["2","0.00000","0.00000","0.0","0.0"],"10":["1","0.00000","0.00000","0.0","0.0"],"11":["2","0.00000","0.00000","0.0","0.0"],"12":["2","0.00000","0.00000","0.0","0.0"],"14":["2","0.00000","0.00000","0.0","0.0"],"15":["2","0.00000","0.00000","0.0","0.0"],"16":["1","0.00000","0.00000","0.0","0.0"],"17":["2","0.00000","0.00000","0.0","0.0"],"18":["2","0.00000","0.00000","0.0","0.0"],"19":["2","0.00000","0.00000","0.0","0.0"],"20":["1","0.00000","0.00000","0.0","0.0"],"21":["2","0.00000","0.00000","0.0","0.0"],"22":["2","0.00000","0.00000","0.0","0.0"],"23":["1","0.00000","0.00000","0.0","0.0"],"24":["2","0.00000","0.00000","0.0","0.0"],"25":["2","0.00000","0.00000","0.0","0.0"],"26":["1","0.00000","0.00000","0.0","0.0"],"27":["2","0.00000","0.00000","0.0","0.0"],"28":["2","0.00000","0.00000","0.0","0.0"],"29":["2","0.00000","0.00000","0.0","0.0"],"30":["1","0.00000","0.00000","0.0","0.0"],"31":["2","0.00000","0.00000","0.0","0.0"],"32":["2","0.00000","0.00000","0.0","0.0"],"33":["1","0.00000","0.00000","0.0","0.0"],"34":["2","0.00000","0.00000","0.0","0.0"],"35":["2","0.00000","0.00000","0.0","0.0"],"36":["2","0.00000","0.00000","0.0","0.0"],"37":["1","0.00000","0.00000","0.0","0.0"],"38":["2","0.00000","0.00000","0.0","0.0"],"39":["2","0.00000","0.00000","0.0","0.0"],"40":["1","0.00000","0.00000","0.0","0.0"],"41":["2","0.00000","0.00000","0.0","0.0"],"42":["2","0.00000","0.00000","0.0","0.0"],"43":["1","0.00000","0.00000","0.0","0.0"],"44":["2","0.00000","0.00000","0.0","0.0"],"45":["2","0.00000","0.00000","0.0","0.0"],"46":["2","0.00000","0.00000","0.0","0.0"],"47":["1","0.00000","0.00000","0.0","0.0"],"48":["2","0.00000","0.00000","0.0","0.0"],"49":["2","0.00000","0.00000","0.0","0.0"],"50":["1","0.00000","0.00000","0.0","0.0"],"51":["7","94.57143","59.81366","0.0","133.0"],"52":["2","0.00000","0.00000","0.0","0.0"],"53":["1","0.00000","0.00000","0.0","0.0"],"54":["2","0.00000","0.00000","0.0","0.0"],"55":["2","0.00000","0.00000","0.0","0.0"],"56":["1","0.00000","0.00000","0.0","0.0"],"57":["2","0.00000","0.00000","0.0","0.0"],"58":["2","0.00000","0.00000","0.0","0.0"],"59":["8","102.00000","58.89185","0.0","137.0"],"60":["2","0.00000","0.00000","0.0","0.0"],"61":["1","0.00000","0.00000","0.0","0.0"],"62":["7","97.42857","61.62063","0.0","137.0"],"63":["2","0.00000","0.00000","0.0","0.0"],"64":["1","0.00000","0.00000","0.0","0.0"],"65":["2","0.00000","0.00000","0.0","0.0"],"66":["2","0.00000","0.00000","0.0","0.0"],"67":["1","0.00000","0.00000","0.0","0.0"],"68":["2","0.00000","0.00000","0.0","0.0"],"69":["2","0.00000","0.00000","0.0","0.0"],"70":["2","0.00000","0.00000","0.0","0.0"],"71":["1","0.00000","0.00000","0.0","0.0"],"72":["2","0.00000","0.00000","0.0","0.0"],"73":["2","0.00000","0.00000","0.0","0.0"],"74":["1","0.00000","0.00000","0.0","0.0"],"75":["2","0.00000","0.00000","0.0","0.0"],"76":["2","0.00000","0.00000","0.0","0.0"],"77":["1","0.00000","0.00000","0.0","0.0"],"78":["2","0.00000","0.00000","0.0","0.0"],"79":["2","0.00000","0.00000","0.0","0.0"],"80":["2","0.00000","0.00000","0.0","0.0"],"81":["1","0.00000","0.00000","0.0","0.0"],"82":["2","0.00000","0.00000","0.0","0.0"],"83":["5","83.00000","67.77020","0.0","139.0"],"84":["4","68.25000","68.25092","0.0","137.0"],"85":["2","0.00000","0.00000","0.0","0.0"],"86":["1","0.00000","0.00000","0.0","0.0"],"87":["2","0.00000","0.00000","0.0","0.0"],"88":["2","0.00000","0.00000","0.0","0.0"],"89":["1","0.00000","0.00000","0.0","0.0"],"90":["2","0.00000","0.00000","0.0","0.0"],"91":["2","0.00000","0.00000","0.0","0.0"],"92":["1","0.00000","0.00000","0.0","0.0"],"93":["2","0.00000","0.00000","0.0","0.0"],"94":["2","0.00000","0.00000","0.0","0.0"],"95":["1","0.00000","0.00000","0.0","0.0"],"96":["2","0.00000","0.00000","0.0","0.0"],"97":["2","0.00000","0.00000","0.0","0.0"],"98":["2","0.00000","0.00000","0.0","0.0"],"99":["1","0.00000","0.00000","0.0","0.0"],"100":["2","0.00000","0.00000","0.0","0.0"],"101":["2","0.00000","0.00000","0.0","0.0"],"102":["3","91.00000","64.34801","0.0","137.0"],"103":["5","81.80000","66.79042","0.0","137.0"],"104":["2","0.00000","0.00000","0.0","0.0"],"105":["1","0.00000","0.00000","0.0","0.0"],"106":["2","0.00000","0.00000","0.0","0.0"],"107":["2","0.00000","0.00000","0.0","0.0"],"108":["1","0.00000","0.00000","0.0","0.0"],"109":["2","0.00000","0.00000","0.0","0.0"],"110":["2","0.00000","0.00000","0.0","0.0"],"111":["4","67.25000","67.25093","0.0","135.0"],"112":["2","0.00000","0.00000","0.0","0.0"],"113":["1","0.00000","0.00000","0.0","0.0"],"114":["2","0.00000","0.00000","0.0","0.0"],"115":["2","0.00000","0.00000","0.0","0.0"],"116":["1","0.00000","0.00000","0.0","0.0"],"117":["2","0.00000","0.00000","0.0","0.0"],"118":["2","0.00000","0.00000","0.0","0.0"],"119":["1","0.00000","0.00000","0.0","0.0"],"120":["2","0.00000","0.00000","0.0","0.0"],"121":["2","0.00000","0.00000","0.0","0.0"],"122":["2","0.00000","0.00000","0.0","0.0"],"123":["1","0.00000","0.00000","0.0","0.0"],"124":["2","0.00000","0.00000","0.0","0.0"],"125":["2","0.00000","0.00000","0.0","0.0"],"126":["1","0.00000","0.00000","0.0","0.0"],"127":["2","0.00000","0.00000","0.0","0.0"],"128":["2","0.00000","0.00000","0.0","0.0"],"129":["2","0.00000","0.00000","0.0","0.0"],"130":["1","0.00000","0.00000","0.0","0.0"],"131":["2","0.00000","0.00000","0.0","0.0"],"132":["2","0.00000","0.00000","0.0","0.0"],"133":["1","0.00000","0.00000","0.0","0.0"],"134":["2","0.00000","0.00000","0.0","0.0"],"135":["2","0.00000","0.00000","0.0","0.0"],"136":["2","0.00000","0.00000","0.0","0.0"],"137":["1","0.00000","0.00000","0.0","0.0"],"138":["2","0.00000","0.00000","0.0","0.0"],"139":["2","0.00000","0.00000","0.0","0.0"],"140":["1","0.00000","0.00000","0.0","0.0"],"141":["2","0.00000","0.00000","0.0","0.0"],"142":["2","0.00000","0.00000","0.0","0.0"],"143":["1","0.00000","0.00000","0.0","0.0"],"144":["2","0.00000","0.00000","0.0","0.0"],"145":["2","0.00000","0.00000","0.0","0.0"],"146":["2","0.00000","0.00000","0.0","0.0"],"147":["1","0.00000","0.00000","0.0","0.0"],"148":["2","0.00000","0.00000","0.0","0.0"],"149":["2","0.00000","0.00000","0.0","0.0"],"150":["1","0.00000","0.00000","0.0","0.0"],"151":["2","0.00000","0.00000","0.0","0.0"],"152":["2","0.00000","0.00000","0.0","0.0"],"153":["2","0.00000","0.00000","0.0","0.0"],"154":["1","0.00000","0.00000","0.0","0.0"],"155":["2","0.00000","0.00000","0.0","0.0"],"156":["2","0.00000","0.00000","0.0","0.0"],"157":["1","0.00000","0.00000","0.0","0.0"],"158":["2","0.00000","0.00000","0.0","0.0"],"159":["2","0.00000","0.00000","0.0","0.0"],"160":["1","0.00000","0.00000","0.0","0.0"],"161":["2","0.00000","0.00000","0.0","0.0"],"162":["2","0.00000","0.00000","0.0","0.0"],"163":["2","0.00000","0.00000","0.0","0.0"],"164":["1","0.00000","0.00000","0.0","0.0"],"165":["2","0.00000","0.00000","0.0","0.0"],"166":["2","0.00000","0.00000","0.0","0.0"],"167":["1","0.00000","0.00000","0.0","0.0"]}}