{"_t":[1378530000,1381122000,2592000,240],"_i":["timana0\/002\/VoltR"],"_@":{"Volt":[0,140]},"timana0\/002\/VoltR":{"0":["36","0.00000","0.00000","0.0","0.0"],"1":["35","0.00000","0.00000","0.0","0.0"],"2":["36","0.00000","0.00000","0.0","0.0"],"3":["36","0.00000","0.00000","0.0","0.0"],"4":["36","0.13889","0.82168","0.0","5.0"],"5":["36","0.00000","0.00000","0.0","0.0"],"6":["36","0.00000","0.00000","0.0","0.0"],"7":["36","0.00000","0.00000","0.0","0.0"],"8":["35","0.00000","0.00000","0.0","0.0"],"9":["36","0.00000","0.00000","0.0","0.0"],"10":["36","0.00000","0.00000","0.0","0.0"],"11":["36","0.00000","0.00000","0.0","0.0"],"12":["36","0.00000","0.00000","0.0","0.0"],"13":["36","0.00000","0.00000","0.0","0.0"],"14":["35","0.00000","0.00000","0.0","0.0"],"15":["36","0.00000","0.00000","0.0","0.0"],"16":["36","0.00000","0.00000","0.0","0.0"],"17":["36","0.00000","0.00000","0.0","0.0"],"18":["36","0.00000","0.00000","0.0","0.0"],"19":["36","0.00000","0.00000","0.0","0.0"],"20":["35","0.00000","0.00000","0.0","0.0"],"21":["36","0.00000","0.00000","0.0","0.0"],"22":["36","0.00000","0.00000","0.0","0.0"],"23":["36","0.00000","0.00000","0.0","0.0"],"24":["36","0.00000","0.00000","0.0","0.0"],"25":["36","0.00000","0.00000","0.0","0.0"],"26":["36","0.00000","0.00000","0.0","0.0"],"27":["35","0.00000","0.00000","0.0","0.0"],"28":["36","0.00000","0.00000","0.0","0.0"],"29":["36","0.00000","0.00000","0.0","0.0"],"30":["36","0.00000","0.00000","0.0","0.0"],"31":["36","0.00000","0.00000","0.0","0.0"],"32":["36","0.00000","0.00000","0.0","0.0"],"33":["35","0.00000","0.00000","0.0","0.0"],"34":["36","0.00000","0.00000","0.0","0.0"],"35":["36","0.00000","0.00000","0.0","0.0"],"36":["36","0.00000","0.00000","0.0","0.0"],"37":["18","0.00000","0.00000","0.0","0.0"],"42":["5","0.00000","0.00000","0.0","0.0"],"43":["30","19.90000","44.49970","0.0","121.0"],"72":["21","0.00000","0.00000","0.0","0.0"],"73":["36","0.00000","0.00000","0.0","0.0"],"74":["35","0.00000","0.00000","0.0","0.0"],"75":["36","0.00000","0.00000","0.0","0.0"],"76":["34","0.00000","0.00000","0.0","0.0"],"77":["36","0.00000","0.00000","0.0","0.0"],"78":["35","0.00000","0.00000","0.0","0.0"],"79":["36","0.00000","0.00000","0.0","0.0"],"80":["35","0.00000","0.00000","0.0","0.0"],"81":["35","3.71429","21.65782","0.0","130.0"],"82":["36","37.41667","56.41137","0.0","125.0"],"83":["35","0.00000","0.00000","0.0","0.0"],"84":["36","20.38889","45.59257","0.0","124.0"],"85":["35","0.00000","0.00000","0.0","0.0"],"86":["36","0.00000","0.00000","0.0","0.0"],"87":["36","0.00000","0.00000","0.0","0.0"],"88":["35","0.00000","0.00000","0.0","0.0"],"89":["36","0.00000","0.00000","0.0","0.0"],"90":["36","13.44444","38.02736","0.0","122.0"],"91":["35","10.22857","33.40751","0.0","120.0"],"92":["36","0.00000","0.00000","0.0","0.0"],"93":["35","10.62857","34.71277","0.0","124.0"],"94":["36","0.00000","0.00000","0.0","0.0"],"95":["35","0.00000","0.00000","0.0","0.0"],"96":["35","0.00000","0.00000","0.0","0.0"],"97":["36","24.88889","50.66216","0.0","130.0"],"98":["35","0.00000","0.00000","0.0","0.0"],"99":["35","0.00000","0.00000","0.0","0.0"],"100":["36","13.44444","38.02736","0.0","122.0"],"101":["34","0.00000","0.00000","0.0","0.0"],"102":["36","0.00000","0.00000","0.0","0.0"],"103":["14","0.00000","0.00000","0.0","0.0"],"131":["36","0.00000","0.00000","0.0","0.0"],"132":["35","0.00000","0.00000","0.0","0.0"],"133":["36","0.00000","0.00000","0.0","0.0"],"134":["35","0.00000","0.00000","0.0","0.0"],"135":["36","0.00000","0.00000","0.0","0.0"],"136":["35","0.00000","0.00000","0.0","0.0"],"137":["9","0.00000","0.00000","0.0","0.0"],"138":["9","0.00000","0.00000","0.0","0.0"],"139":["36","0.00000","0.00000","0.0","0.0"],"140":["30","0.00000","0.00000","0.0","0.0"],"141":["36","0.00000","0.00000","0.0","0.0"],"142":["8","0.00000","0.00000","0.0","0.0"],"146":["25","0.00000","0.00000","0.0","0.0"],"147":["35","0.00000","0.00000","0.0","0.0"],"148":["36","0.00000","0.00000","0.0","0.0"],"149":["36","0.00000","0.00000","0.0","0.0"],"150":["35","0.00000","0.00000","0.0","0.0"],"151":["35","0.00000","0.00000","0.0","0.0"],"152":["36","0.00000","0.00000","0.0","0.0"],"153":["35","0.00000","0.00000","0.0","0.0"],"154":["36","0.00000","0.00000","0.0","0.0"],"155":["29","0.00000","0.00000","0.0","0.0"],"156":["26","13.96154","38.66073","0.0","122.0"],"184":["30","0.00000","0.00000","0.0","0.0"],"185":["35","21.91429","48.18024","0.0","129.0"],"186":["35","0.00000","0.00000","0.0","0.0"],"187":["34","0.00000","0.00000","0.0","0.0"],"188":["35","0.00000","0.00000","0.0","0.0"],"189":["36","0.00000","0.00000","0.0","0.0"],"190":["36","0.00000","0.00000","0.0","0.0"],"191":["35","0.00000","0.00000","0.0","0.0"],"192":["36","117.30556","35.37797","0.0","130.0"],"193":["36","102.88889","50.55897","0.0","129.0"],"194":["35","10.68571","34.89967","0.0","125.0"],"195":["36","0.00000","0.00000","0.0","0.0"],"196":["35","0.00000","0.00000","0.0","0.0"],"197":["36","28.00000","52.38532","0.0","127.0"],"198":["35","108.82857","44.43711","0.0","129.0"],"199":["35","127.45714","0.96637","125.0","129.0"],"200":["36","128.63889","1.13414","125.0","130.0"],"201":["35","94.71429","55.73641","0.0","130.0"],"202":["36","10.13889","33.63047","0.0","124.0"],"203":["35","0.00000","0.00000","0.0","0.0"],"204":["36","0.00000","0.00000","0.0","0.0"],"205":["35","17.65714","43.25205","0.0","124.0"],"206":["36","6.91667","28.51839","0.0","125.0"],"207":["35","0.00000","0.00000","0.0","0.0"],"208":["35","103.51429","51.76285","0.0","130.0"],"209":["36","107.27778","47.99283","0.0","131.0"],"210":["35","3.54286","20.65823","0.0","124.0"],"211":["36","0.00000","0.00000","0.0","0.0"],"212":["35","0.00000","0.00000","0.0","0.0"],"213":["35","0.00000","0.00000","0.0","0.0"],"214":["36","0.00000","0.00000","0.0","0.0"],"215":["35","21.91429","48.18083","0.0","130.0"],"216":["35","0.00000","0.00000","0.0","0.0"],"217":["35","0.00000","0.00000","0.0","0.0"],"218":["36","3.36111","19.88460","0.0","121.0"],"219":["36","0.00000","0.00000","0.0","0.0"],"220":["35","14.00000","38.97545","0.0","124.0"],"221":["36","0.00000","0.00000","0.0","0.0"],"222":["35","0.00000","0.00000","0.0","0.0"],"223":["36","0.00000","0.00000","0.0","0.0"],"224":["34","0.00000","0.00000","0.0","0.0"],"225":["35","21.65714","47.61869","0.0","130.0"],"226":["36","0.00000","0.00000","0.0","0.0"],"227":["28","0.00000","0.00000","0.0","0.0"]}}