{"_t":[1372395600,1372482000,86400,240],"_i":["fantasy\/003\/humidity","fantasy\/003\/temp_dry","fantasy\/003\/temp_wet"],"_@":{"humi":[60,100],"temp":[0,20]},"fantasy\/003\/humidity":[["12","89.25000","0.43301","89.0","90.0"],["7","88.85714","0.34993","88.0","89.0"],["12","88.25000","0.82916","87.0","89.0"],["10","87.30000","1.73494","85.0","89.0"],["9","87.33333","1.49071","86.0","89.0"],["10","88.20000","0.97980","86.0","89.0"],["12","88.75000","0.59512","87.0","89.0"],["8","88.50000","0.50000","88.0","89.0"],["11","89.54545","1.43740","88.0","91.0"],["8","90.25000","1.29904","89.0","92.0"],["11","90.90909","1.44314","89.0","93.0"],["12","91.25000","1.47902","89.0","93.0"],["10","91.40000","1.62481","89.0","93.0"],["9","91.66667","1.49071","90.0","93.0"],["10","92.20000","2.27156","89.0","95.0"],["12","92.25000","1.78536","90.0","94.0"],["7","93.14286","1.88442","91.0","95.0"],["12","93.08333","1.93470","91.0","95.0"],["10","93.00000","2.64575","90.0","96.0"],["9","93.22222","2.24983","90.0","96.0"],["10","93.00000","2.04939","90.0","95.0"],["9","93.11111","2.13148","90.0","95.0"],["10","92.70000","2.32594","90.0","95.0"],["12","92.66667","1.88562","90.0","95.0"],["8","92.75000","2.27761","90.0","95.0"],["11","93.09091","2.10862","90.0","95.0"],["12","92.50000","1.70783","90.0","95.0"],["10","92.50000","2.15639","90.0","95.0"],["9","92.33333","2.10819","90.0","95.0"],["10","92.20000","1.83303","90.0","94.0"],["12","92.08333","1.93470","90.0","94.0"],["7","92.42857","1.84059","90.0","94.0"],["12","92.16667","1.86339","90.0","94.0"],["10","92.40000","1.85472","90.0","95.0"],["9","92.77778","2.09644","90.0","95.0"],["10","92.80000","2.44131","90.0","96.0"],["9","92.88889","2.37788","90.0","95.0"],["10","92.90000","2.11896","90.0","95.0"],["12","93.16667","2.37463","90.0","96.0"],["8","93.50000","2.50000","91.0","96.0"],["11","93.36364","2.18560","91.0","96.0"],["12","93.50000","2.36291","91.0","96.0"],["10","93.50000","2.50000","91.0","96.0"],["9","93.88889","1.72848","92.0","96.0"],["10","93.50000","2.15639","91.0","96.0"],["12","93.50000","2.36291","91.0","96.0"],["7","93.85714","2.47436","91.0","96.0"],["12","93.00000","2.00000","91.0","95.0"],["10","92.90000","2.54755","90.0","96.0"],["9","93.66667","2.40370","91.0","96.0"],["10","93.60000","2.41661","91.0","96.0"],["12","93.25000","2.12623","91.0","96.0"],["8","93.25000","2.77263","90.0","96.0"],["11","93.27273","1.91125","91.0","95.0"],["12","93.66667","1.43372","91.0","95.0"],["10","93.90000","1.13578","92.0","95.0"],["9","94.11111","1.28620","92.0","96.0"],["10","93.90000","1.13578","92.0","95.0"],["9","94.44444","1.34256","93.0","96.0"],["7","94.42857","1.04978","93.0","96.0"],["12","94.58333","1.32025","93.0","96.0"],["7","95.14286","1.64130","93.0","97.0"],["12","94.00000","1.63299","92.0","97.0"],["10","94.00000","1.67332","92.0","96.0"],["9","94.11111","1.28620","92.0","96.0"],["10","93.90000","1.37477","92.0","96.0"],["12","93.75000","1.36168","92.0","96.0"],["8","93.37500","1.21835","92.0","95.0"],["11","93.09091","0.99586","92.0","95.0"],["12","92.16667","0.55277","91.0","93.0"],["10","91.90000","0.53852","91.0","93.0"],["9","91.44444","0.49690","91.0","92.0"],["10","91.20000","0.40000","91.0","92.0"],["12","90.66667","0.74536","90.0","92.0"],["7","89.42857","0.49487","89.0","90.0"],["12","89.00000","0.91287","87.0","90.0"],["10","87.40000","0.80000","86.0","88.0"],["9","86.22222","0.62854","85.0","87.0"],["10","84.60000","0.91652","83.0","86.0"],["12","82.66667","0.62361","82.0","84.0"],["8","82.00000","0.00000","82.0","82.0"],["11","80.81818","1.58505","78.0","83.0"],["12","78.50000","1.65831","76.0","81.0"],["10","78.00000","1.09545","76.0","79.0"],["9","76.77778","1.74978","74.0","79.0"],["10","74.80000","1.53623","73.0","77.0"],["9","74.11111","0.73703","73.0","75.0"],["10","73.80000","0.74833","73.0","75.0"],["12","73.00000","0.57735","72.0","74.0"],["7","73.14286","1.24540","71.0","75.0"],["12","71.16667","1.06719","69.0","73.0"],["10","71.50000","0.80623","70.0","73.0"],["9","70.33333","1.33333","69.0","73.0"],["10","69.70000","0.90000","68.0","71.0"],["6","68.83333","1.21335","68.0","71.0"]],