{"_t":[1378443600,1378702800,259200,168],"_i":["timana0\/002\/VoltR"],"_@":{"Volt":[0,10]},"timana0\/002\/VoltR":[["5","0.00000","0.00000","0.0","0.0"],["5","0.00000","0.00000","0.0","0.0"],["5","0.00000","0.00000","0.0","0.0"],["5","0.00000","0.00000","0.0","0.0"],["5","0.00000","0.00000","0.0","0.0"],["5","0.00000","0.00000","0.0","0.0"],["5","0.00000","0.00000","0.0","0.0"],["6","0.00000","0.00000","0.0","0.0"],["5","0.00000","0.00000","0.0","0.0"],["5","0.00000","0.00000","0.0","0.0"],["4","0.00000","0.00000","0.0","0.0"],["5","0.00000","0.00000","0.0","0.0"],["5","0.00000","0.00000","0.0","0.0"],["5","0.00000","0.00000","0.0","0.0"],["5","0.00000","0.00000","0.0","0.0"],["6","0.00000","0.00000","0.0","0.0"],["5","0.00000","0.00000","0.0","0.0"],["5","0.00000","0.00000","0.0","0.0"],["5","0.00000","0.00000","0.0","0.0"],["5","0.00000","0.00000","0.0","0.0"],["5","0.00000","0.00000","0.0","0.0"],["5","0.00000","0.00000","0.0","0.0"],["5","0.00000","0.00000","0.0","0.0"],["6","0.00000","0.00000","0.0","0.0"],["5","0.00000","0.00000","0.0","0.0"],["5","0.00000","0.00000","0.0","0.0"],["5","0.00000","0.00000","0.0","0.0"],["5","0.00000","0.00000","0.0","0.0"],["5","0.00000","0.00000","0.0","0.0"],["5","0.00000","0.00000","0.0","0.0"],["5","0.00000","0.00000","0.0","0.0"],["6","0.00000","0.00000","0.0","0.0"],["5","0.00000","0.00000","0.0","0.0"],["5","0.00000","0.00000","0.0","0.0"],["5","0.00000","0.00000","0.0","0.0"],["5","0.00000","0.00000","0.0","0.0"],["5","0.00000","0.00000","0.0","0.0"],["5","0.00000","0.00000","0.0","0.0"],["6","0.00000","0.00000","0.0","0.0"],["5","0.00000","0.00000","0.0","0.0"],["5","0.00000","0.00000","0.0","0.0"],["5","0.00000","0.00000","0.0","0.0"],["5","0.00000","0.00000","0.0","0.0"],["5","0.00000","0.00000","0.0","0.0"],["5","0.00000","0.00000","0.0","0.0"],["5","0.00000","0.00000","0.0","0.0"],["6","0.00000","0.00000","0.0","0.0"],["5","0.00000","0.00000","0.0","0.0"],["5","0.00000","0.00000","0.0","0.0"],["5","0.00000","0.00000","0.0","0.0"],["5","0.00000","0.00000","0.0","0.0"],["5","0.00000","0.00000","0.0","0.0"],["5","0.00000","0.00000","0.0","0.0"],["6","0.00000","0.00000","0.0","0.0"],["5","0.00000","0.00000","0.0","0.0"],["5","0.00000","0.00000","0.0","0.0"],["5","0.00000","0.00000","0.0","0.0"],["5","0.00000","0.00000","0.0","0.0"],["5","0.00000","0.00000","0.0","0.0"],["5","0.00000","0.00000","0.0","0.0"],["5","0.00000","0.00000","0.0","0.0"],["6","0.00000","0.00000","0.0","0.0"],["5","0.00000","0.00000","0.0","0.0"],["5","0.00000","0.00000","0.0","0.0"],["5","0.00000","0.00000","0.0","0.0"],["5","0.00000","0.00000","0.0","0.0"],["5","0.00000","0.00000","0.0","0.0"],["5","0.00000","0.00000","0.0","0.0"],["5","0.00000","0.00000","0.0","0.0"],["5","0.00000","0.00000","0.0","0.0"],["6","0.00000","0.00000","0.0","0.0"],["5","0.00000","0.00000","0.0","0.0"],["5","0.00000","0.00000","0.0","0.0"],["5","0.00000","0.00000","0.0","0.0"],["5","0.00000","0.00000","0.0","0.0"],["5","0.00000","0.00000","0.0","0.0"],["5","0.00000","0.00000","0.0","0.0"],["5","0.00000","0.00000","0.0","0.0"],["6","0.00000","0.00000","0.0","0.0"],["5","0.00000","0.00000","0.0","0.0"],["5","0.00000","0.00000","0.0","0.0"],["5","0.00000","0.00000","0.0","0.0"],["5","0.00000","0.00000","0.0","0.0"],["5","0.00000","0.00000","0.0","0.0"],["5","0.00000","0.00000","0.0","0.0"],["5","0.00000","0.00000","0.0","0.0"],["6","0.00000","0.00000","0.0","0.0"],["5","0.00000","0.00000","0.0","0.0"],["5","0.00000","0.00000","0.0","0.0"],["5","1.00000","2.00000","0.0","5.0"],["5","0.00000","0.00000","0.0","0.0"],["5","0.00000","0.00000","0.0","0.0"],["5","0.00000","0.00000","0.0","0.0"],["5","0.00000","0.00000","0.0","0.0"],["5","0.00000","0.00000","0.0","0.0"],["6","0.00000","0.00000","0.0","0.0"],["5","0.00000","0.00000","0.0","0.0"],["5","0.00000","0.00000","0.0","0.0"],["5","0.00000","0.00000","0.0","0.0"],["5","0.00000","0.00000","0.0","0.0"],["5","0.00000","0.00000","0.0","0.0"],["5","0.00000","0.00000","0.0","0.0"],["5","0.00000","0.00000","0.0","0.0"],["6","0.00000","0.00000","0.0","0.0"],["5","0.00000","0.00000","0.0","0.0"],["5","0.00000","0.00000","0.0","0.0"],["5","0.00000","0.00000","0.0","0.0"],["5","0.00000","0.00000","0.0","0.0"],["5","0.00000","0.00000","0.0","0.0"],["5","0.00000","0.00000","0.0","0.0"],["5","0.00000","0.00000","0.0","0.0"],["6","0.00000","0.00000","0.0","0.0"],["5","0.00000","0.00000","0.0","0.0"],["5","0.00000","0.00000","0.0","0.0"],["5","0.00000","0.00000","0.0","0.0"],["5","0.00000","0.00000","0.0","0.0"],["5","0.00000","0.00000","0.0","0.0"],["5","0.00000","0.00000","0.0","0.0"],["5","0.00000","0.00000","0.0","0.0"],["5","0.00000","0.00000","0.0","0.0"],["6","0.00000","0.00000","0.0","0.0"],["5","0.00000","0.00000","0.0","0.0"],["5","0.00000","0.00000","0.0","0.0"],["5","0.00000","0.00000","0.0","0.0"],["5","0.00000","0.00000","0.0","0.0"],["5","0.00000","0.00000","0.0","0.0"],["5","0.00000","0.00000","0.0","0.0"],["5","0.00000","0.00000","0.0","0.0"],["6","0.00000","0.00000","0.0","0.0"],["5","0.00000","0.00000","0.0","0.0"],["5","0.00000","0.00000","0.0","0.0"],["5","0.00000","0.00000","0.0","0.0"],["5","0.00000","0.00000","0.0","0.0"],["5","0.00000","0.00000","0.0","0.0"],["5","0.00000","0.00000","0.0","0.0"],["5","0.00000","0.00000","0.0","0.0"],["6","0.00000","0.00000","0.0","0.0"],["5","0.00000","0.00000","0.0","0.0"],["5","0.00000","0.00000","0.0","0.0"],["5","0.00000","0.00000","0.0","0.0"],["5","0.00000","0.00000","0.0","0.0"],["5","0.00000","0.00000","0.0","0.0"],["5","0.00000","0.00000","0.0","0.0"],["5","0.00000","0.00000","0.0","0.0"],["5","0.00000","0.00000","0.0","0.0"],["6","0.00000","0.00000","0.0","0.0"],["5","0.00000","0.00000","0.0","0.0"],["5","0.00000","0.00000","0.0","0.0"],["5","0.00000","0.00000","0.0","0.0"],["5","0.00000","0.00000","0.0","0.0"],["5","0.00000","0.00000","0.0","0.0"],["5","0.00000","0.00000","0.0","0.0"],["5","0.00000","0.00000","0.0","0.0"],["6","0.00000","0.00000","0.0","0.0"],["5","0.00000","0.00000","0.0","0.0"],["5","0.00000","0.00000","0.0","0.0"],["5","0.00000","0.00000","0.0","0.0"],["5","0.00000","0.00000","0.0","0.0"],["5","0.00000","0.00000","0.0","0.0"],["5","0.00000","0.00000","0.0","0.0"],["5","0.00000","0.00000","0.0","0.0"],["6","0.00000","0.00000","0.0","0.0"],["5","0.00000","0.00000","0.0","0.0"],["5","0.00000","0.00000","0.0","0.0"],["5","0.00000","0.00000","0.0","0.0"],["5","0.00000","0.00000","0.0","0.0"],["5","0.00000","0.00000","0.0","0.0"],["5","0.00000","0.00000","0.0","0.0"]]}