{"_t":[1369803600,1369890000,86400,144],"_i":["sanpedro\/006\/VoltR"],"_@":{"Volt":[0,140]},"sanpedro\/006\/VoltR":[["2","0.00000","0.00000","0.0","0.0"],["2","0.00000","0.00000","0.0","0.0"],["2","0.00000","0.00000","0.0","0.0"],["2","0.00000","0.00000","0.0","0.0"],["2","0.00000","0.00000","0.0","0.0"],["2","0.00000","0.00000","0.0","0.0"],["2","0.00000","0.00000","0.0","0.0"],["2","0.00000","0.00000","0.0","0.0"],["2","0.00000","0.00000","0.0","0.0"],["2","0.00000","0.00000","0.0","0.0"],["2","0.00000","0.00000","0.0","0.0"],["2","0.00000","0.00000","0.0","0.0"],["2","0.00000","0.00000","0.0","0.0"],["2","0.00000","0.00000","0.0","0.0"],["2","0.00000","0.00000","0.0","0.0"],["2","0.00000","0.00000","0.0","0.0"],["2","0.00000","0.00000","0.0","0.0"],["2","0.00000","0.00000","0.0","0.0"],["2","0.00000","0.00000","0.0","0.0"],["2","0.00000","0.00000","0.0","0.0"],["2","0.00000","0.00000","0.0","0.0"],["2","0.00000","0.00000","0.0","0.0"],["2","0.00000","0.00000","0.0","0.0"],["2","0.00000","0.00000","0.0","0.0"],["2","0.00000","0.00000","0.0","0.0"],["2","0.00000","0.00000","0.0","0.0"],["2","0.00000","0.00000","0.0","0.0"],["2","0.00000","0.00000","0.0","0.0"],["2","0.00000","0.00000","0.0","0.0"],["2","0.00000","0.00000","0.0","0.0"],["2","0.00000","0.00000","0.0","0.0"],["2","0.00000","0.00000","0.0","0.0"],["2","0.00000","0.00000","0.0","0.0"],["2","0.00000","0.00000","0.0","0.0"],["2","0.00000","0.00000","0.0","0.0"],["2","0.00000","0.00000","0.0","0.0"],["2","0.00000","0.00000","0.0","0.0"],["2","0.00000","0.00000","0.0","0.0"],["2","0.00000","0.00000","0.0","0.0"],["2","0.00000","0.00000","0.0","0.0"],["2","0.00000","0.00000","0.0","0.0"],["2","0.00000","0.00000","0.0","0.0"],["5","77.60000","63.36119","0.0","130.0"],["2","0.00000","0.00000","0.0","0.0"],["2","0.00000","0.00000","0.0","0.0"],["2","0.00000","0.00000","0.0","0.0"],["2","0.00000","0.00000","0.0","0.0"],["2","0.00000","0.00000","0.0","0.0"],["2","0.00000","0.00000","0.0","0.0"],["2","0.00000","0.00000","0.0","0.0"],["2","0.00000","0.00000","0.0","0.0"],["11","94.18182","57.67593","0.0","130.0"],["2","0.00000","0.00000","0.0","0.0"],["2","0.00000","0.00000","0.0","0.0"],["2","0.00000","0.00000","0.0","0.0"],["2","0.00000","0.00000","0.0","0.0"],["2","0.00000","0.00000","0.0","0.0"],["2","0.00000","0.00000","0.0","0.0"],["2","0.00000","0.00000","0.0","0.0"],["2","0.00000","0.00000","0.0","0.0"],["2","0.00000","0.00000","0.0","0.0"],["2","0.00000","0.00000","0.0","0.0"],["1","0.00000","0.00000","0.0","0.0"],["2","0.00000","0.00000","0.0","0.0"],["2","0.00000","0.00000","0.0","0.0"],["2","0.00000","0.00000","0.0","0.0"],["2","0.00000","0.00000","0.0","0.0"],["2","0.00000","0.00000","0.0","0.0"],["5","45.80000","57.43309","0.0","134.0"],["2","0.00000","0.00000","0.0","0.0"],["2","0.00000","0.00000","0.0","0.0"],["2","0.00000","0.00000","0.0","0.0"],["8","100.75000","58.16947","0.0","135.0"],["2","0.00000","0.00000","0.0","0.0"],["2","0.00000","0.00000","0.0","0.0"],["2","0.00000","0.00000","0.0","0.0"],["8","50.75000","65.51860","0.0","136.0"],["3","45.00000","63.63961","0.0","135.0"],["4","34.00000","58.88973","0.0","136.0"],["4","67.75000","67.75092","0.0","136.0"],["2","0.00000","0.00000","0.0","0.0"],["2","0.00000","0.00000","0.0","0.0"],["6","67.83333","67.83415","0.0","136.0"],["15","97.20000","58.66992","0.0","136.0"],["18","107.66667","48.15484","0.0","130.0"],["2","0.00000","0.00000","0.0","0.0"],["3","43.33333","61.28259","0.0","130.0"],["10","103.60000","51.80193","0.0","130.0"],["5","51.80000","63.44257","0.0","130.0"],["2","0.00000","0.00000","0.0","0.0"],["2","0.00000","0.00000","0.0","0.0"],["2","0.00000","0.00000","0.0","0.0"],["2","0.00000","0.00000","0.0","0.0"],["2","0.00000","0.00000","0.0","0.0"],["2","0.00000","0.00000","0.0","0.0"],["2","0.00000","0.00000","0.0","0.0"],["4","66.75000","66.75094","0.0","134.0"],["2","0.00000","0.00000","0.0","0.0"],["2","0.00000","0.00000","0.0","0.0"],["2","0.00000","0.00000","0.0","0.0"],["2","0.00000","0.00000","0.0","0.0"],["2","0.00000","0.00000","0.0","0.0"],["2","0.00000","0.00000","0.0","0.0"],["2","0.00000","0.00000","0.0","0.0"],["2","0.00000","0.00000","0.0","0.0"],["2","0.00000","0.00000","0.0","0.0"],["2","0.00000","0.00000","0.0","0.0"],["2","0.00000","0.00000","0.0","0.0"],["2","0.00000","0.00000","0.0","0.0"],["2","0.00000","0.00000","0.0","0.0"],["2","0.00000","0.00000","0.0","0.0"],["2","0.00000","0.00000","0.0","0.0"],["2","0.00000","0.00000","0.0","0.0"],["2","0.00000","0.00000","0.0","0.0"],["2","0.00000","0.00000","0.0","0.0"],["2","0.00000","0.00000","0.0","0.0"],["2","0.00000","0.00000","0.0","0.0"],["2","0.00000","0.00000","0.0","0.0"],["2","0.00000","0.00000","0.0","0.0"],["2","0.00000","0.00000","0.0","0.0"],["2","0.00000","0.00000","0.0","0.0"],["2","0.00000","0.00000","0.0","0.0"],["2","0.00000","0.00000","0.0","0.0"],["2","0.00000","0.00000","0.0","0.0"],["2","0.00000","0.00000","0.0","0.0"],["2","0.00000","0.00000","0.0","0.0"],["2","0.00000","0.00000","0.0","0.0"],["2","0.00000","0.00000","0.0","0.0"],["2","0.00000","0.00000","0.0","0.0"],["2","0.00000","0.00000","0.0","0.0"],["2","0.00000","0.00000","0.0","0.0"],["2","0.00000","0.00000","0.0","0.0"],["2","0.00000","0.00000","0.0","0.0"],["1","0.00000","0.00000","0.0","0.0"]]}