{"_t":[1369630800,1369717200,86400,144],"_i":["sanpedro\/006\/VoltR"],"_@":{"Volt":[0,140]},"sanpedro\/006\/VoltR":{"0":["2","0.00000","0.00000","0.0","0.0"],"1":["2","0.00000","0.00000","0.0","0.0"],"2":["2","0.00000","0.00000","0.0","0.0"],"3":["2","0.00000","0.00000","0.0","0.0"],"4":["2","0.00000","0.00000","0.0","0.0"],"5":["2","0.00000","0.00000","0.0","0.0"],"6":["2","0.00000","0.00000","0.0","0.0"],"7":["2","0.00000","0.00000","0.0","0.0"],"8":["2","0.00000","0.00000","0.0","0.0"],"9":["2","0.00000","0.00000","0.0","0.0"],"10":["2","0.00000","0.00000","0.0","0.0"],"11":["2","0.00000","0.00000","0.0","0.0"],"12":["2","0.00000","0.00000","0.0","0.0"],"13":["2","0.00000","0.00000","0.0","0.0"],"14":["2","0.00000","0.00000","0.0","0.0"],"15":["2","0.00000","0.00000","0.0","0.0"],"16":["2","0.00000","0.00000","0.0","0.0"],"17":["2","0.00000","0.00000","0.0","0.0"],"18":["2","0.00000","0.00000","0.0","0.0"],"19":["2","0.00000","0.00000","0.0","0.0"],"20":["2","0.00000","0.00000","0.0","0.0"],"21":["2","0.00000","0.00000","0.0","0.0"],"22":["2","0.00000","0.00000","0.0","0.0"],"23":["2","0.00000","0.00000","0.0","0.0"],"24":["2","0.00000","0.00000","0.0","0.0"],"25":["2","0.00000","0.00000","0.0","0.0"],"26":["2","0.00000","0.00000","0.0","0.0"],"27":["2","0.00000","0.00000","0.0","0.0"],"28":["2","0.00000","0.00000","0.0","0.0"],"29":["2","0.00000","0.00000","0.0","0.0"],"30":["2","0.00000","0.00000","0.0","0.0"],"31":["2","0.00000","0.00000","0.0","0.0"],"32":["2","0.00000","0.00000","0.0","0.0"],"33":["2","0.00000","0.00000","0.0","0.0"],"34":["2","0.00000","0.00000","0.0","0.0"],"35":["2","0.00000","0.00000","0.0","0.0"],"36":["2","0.00000","0.00000","0.0","0.0"],"37":["2","0.00000","0.00000","0.0","0.0"],"38":["2","0.00000","0.00000","0.0","0.0"],"39":["2","0.00000","0.00000","0.0","0.0"],"40":["2","0.00000","0.00000","0.0","0.0"],"41":["2","0.00000","0.00000","0.0","0.0"],"42":["2","0.00000","0.00000","0.0","0.0"],"43":["3","43.00000","60.81118","0.0","129.0"],"44":["2","0.00000","0.00000","0.0","0.0"],"45":["2","0.00000","0.00000","0.0","0.0"],"46":["2","0.00000","0.00000","0.0","0.0"],"47":["4","65.50000","65.51527","0.0","133.0"],"48":["2","0.00000","0.00000","0.0","0.0"],"49":["2","0.00000","0.00000","0.0","0.0"],"50":["4","33.50000","58.02370","0.0","134.0"],"51":["7","96.00000","60.71714","0.0","135.0"],"52":["2","0.00000","0.00000","0.0","0.0"],"53":["2","0.00000","0.00000","0.0","0.0"],"54":["2","0.00000","0.00000","0.0","0.0"],"55":["2","0.00000","0.00000","0.0","0.0"],"56":["2","0.00000","0.00000","0.0","0.0"],"57":["2","0.00000","0.00000","0.0","0.0"],"58":["2","0.00000","0.00000","0.0","0.0"],"59":["2","0.00000","0.00000","0.0","0.0"],"60":["2","0.00000","0.00000","0.0","0.0"],"61":["2","0.00000","0.00000","0.0","0.0"],"62":["2","0.00000","0.00000","0.0","0.0"],"63":["2","0.00000","0.00000","0.0","0.0"],"64":["2","0.00000","0.00000","0.0","0.0"],"65":["2","0.00000","0.00000","0.0","0.0"],"66":["7","90.71429","58.19110","0.0","133.0"],"67":["9","88.22222","62.38372","0.0","133.0"],"68":["17","99.11765","55.71237","0.0","133.0"],"69":["2","0.00000","0.00000","0.0","0.0"],"70":["13","102.61538","56.20640","0.0","134.0"],"71":["4","33.50000","58.02370","0.0","134.0"],"72":["2","0.00000","0.00000","0.0","0.0"],"73":["2","0.00000","0.00000","0.0","0.0"],"74":["2","0.00000","0.00000","0.0","0.0"],"75":["5","80.20000","65.48404","0.0","134.0"],"76":["1","0.00000","0.00000","0.0","0.0"],"79":["1","0.00000","0.00000","0.0","0.0"],"80":["2","0.00000","0.00000","0.0","0.0"],"81":["2","0.00000","0.00000","0.0","0.0"],"82":["2","0.00000","0.00000","0.0","0.0"],"83":["2","0.00000","0.00000","0.0","0.0"],"84":["2","0.00000","0.00000","0.0","0.0"],"85":["2","0.00000","0.00000","0.0","0.0"],"86":["2","0.00000","0.00000","0.0","0.0"],"87":["1","0.00000","0.00000","0.0","0.0"],"88":["12","100.16667","57.83285","0.0","134.0"],"89":["2","0.00000","0.00000","0.0","0.0"],"90":["2","0.00000","0.00000","0.0","0.0"],"91":["2","0.00000","0.00000","0.0","0.0"],"92":["2","0.00000","0.00000","0.0","0.0"],"93":["3","41.66667","58.92557","0.0","125.0"],"94":["3","0.00000","0.00000","0.0","0.0"],"95":["2","0.00000","0.00000","0.0","0.0"],"96":["2","0.00000","0.00000","0.0","0.0"],"97":["2","0.00000","0.00000","0.0","0.0"],"98":["2","0.00000","0.00000","0.0","0.0"],"99":["2","0.00000","0.00000","0.0","0.0"],"100":["2","0.00000","0.00000","0.0","0.0"],"101":["2","0.00000","0.00000","0.0","0.0"],"102":["2","0.00000","0.00000","0.0","0.0"],"103":["2","0.00000","0.00000","0.0","0.0"],"104":["2","0.00000","0.00000","0.0","0.0"],"105":["2","0.00000","0.00000","0.0","0.0"],"106":["2","0.00000","0.00000","0.0","0.0"],"107":["2","0.00000","0.00000","0.0","0.0"],"108":["2","0.00000","0.00000","0.0","0.0"],"109":["2","0.00000","0.00000","0.0","0.0"],"110":["2","0.00000","0.00000","0.0","0.0"],"111":["2","0.00000","0.00000","0.0","0.0"],"112":["2","0.00000","0.00000","0.0","0.0"],"113":["2","0.00000","0.00000","0.0","0.0"],"114":["2","0.00000","0.00000","0.0","0.0"],"115":["2","0.00000","0.00000","0.0","0.0"],"116":["2","0.00000","0.00000","0.0","0.0"],"117":["2","0.00000","0.00000","0.0","0.0"],"118":["2","0.00000","0.00000","0.0","0.0"],"119":["2","0.00000","0.00000","0.0","0.0"],"120":["2","0.00000","0.00000","0.0","0.0"],"121":["2","0.00000","0.00000","0.0","0.0"],"122":["2","0.00000","0.00000","0.0","0.0"],"123":["2","0.00000","0.00000","0.0","0.0"],"124":["2","0.00000","0.00000","0.0","0.0"],"125":["2","0.00000","0.00000","0.0","0.0"],"126":["2","0.00000","0.00000","0.0","0.0"],"127":["2","0.00000","0.00000","0.0","0.0"],"128":["2","0.00000","0.00000","0.0","0.0"],"129":["2","0.00000","0.00000","0.0","0.0"],"130":["2","0.00000","0.00000","0.0","0.0"],"131":["2","0.00000","0.00000","0.0","0.0"],"132":["2","0.00000","0.00000","0.0","0.0"],"133":["2","0.00000","0.00000","0.0","0.0"],"134":["2","0.00000","0.00000","0.0","0.0"],"135":["2","0.00000","0.00000","0.0","0.0"],"136":["2","0.00000","0.00000","0.0","0.0"],"137":["2","0.00000","0.00000","0.0","0.0"],"138":["2","0.00000","0.00000","0.0","0.0"],"139":["2","0.00000","0.00000","0.0","0.0"],"140":["2","0.00000","0.00000","0.0","0.0"],"141":["2","0.00000","0.00000","0.0","0.0"],"142":["2","0.00000","0.00000","0.0","0.0"],"143":["2","0.00000","0.00000","0.0","0.0"]}}