{"_t":[1365516000,1365602400,86400,144],"_i":["sanpedro\/004\/humidity","sanpedro\/004\/temp_dry","sanpedro\/004\/temp_wet"],"_@":{"humi":[60,110],"temp":[0,30]},"sanpedro\/004\/humidity":{"39":["39","74.43590","0.70873","73.0","76.0"],"40":["46","76.65217","0.88998","75.0","78.0"],"41":["49","82.10204","1.56811","78.0","84.0"],"42":["38","81.63158","0.90091","80.0","84.0"],"43":["25","78.92000","0.84475","78.0","81.0"],"44":["29","79.68966","1.23466","78.0","82.0"],"45":["30","84.60000","1.78139","82.0","87.0"],"46":["27","88.14815","0.84782","86.0","89.0"],"47":["29","89.58621","1.24616","88.0","92.0"],"48":["23","92.65217","1.04710","91.0","94.0"],"49":["21","95.04762","0.65292","94.0","96.0"],"50":["17","98.88235","0.96298","97.0","100.0"],"51":["16","100.12500","0.33072","100.0","101.0"],"52":["11","101.45455","0.98753","100.0","103.0"],"53":["19","103.05263","0.68623","102.0","104.0"],"54":["12","103.16667","0.68718","102.0","104.0"],"55":["18","103.50000","0.50000","103.0","104.0"],"56":["14","102.35714","1.10887","100.0","104.0"],"57":["9","102.22222","0.62854","101.0","103.0"],"58":["11","101.45455","0.49793","101.0","102.0"],"59":["11","102.63636","0.88140","101.0","104.0"],"60":["3","101.33333","0.47140","101.0","102.0"],"61":["11","101.36364","0.64282","100.0","102.0"],"62":["12","100.66667","0.62361","100.0","102.0"],"63":["6","100.66667","0.47140","100.0","101.0"],"64":["16","100.62500","0.59948","100.0","102.0"],"65":["9","100.33333","0.47140","100.0","101.0"],"66":["9","100.33333","0.47140","100.0","101.0"],"67":["9","100.55556","0.49690","100.0","101.0"],"68":["7","100.71429","1.16058","99.0","102.0"],"69":["7","101.71429","0.69985","101.0","103.0"],"70":["11","100.72727","0.74966","100.0","102.0"],"71":["12","100.33333","0.62361","100.0","102.0"],"72":["9","100.66667","0.66667","100.0","102.0"],"73":["4","100.75000","1.08972","99.0","102.0"],"74":["8","100.50000","1.00000","99.0","102.0"],"75":["5","99.80000","0.74833","99.0","101.0"],"76":["13","100.61538","0.48650","100.0","101.0"],"77":["5","100.20000","0.74833","99.0","101.0"],"78":["8","99.37500","1.11102","98.0","101.0"],"79":["3","99.66667","0.47140","99.0","100.0"],"80":["7","99.14286","0.83299","98.0","100.0"],"81":["11","99.36364","0.48105","99.0","100.0"],"82":["9","100.00000","0.81650","99.0","101.0"],"83":["8","100.12500","0.78062","99.0","101.0"],"84":["4","99.00000","0.00000","99.0","99.0"],"85":["10","99.00000","0.77460","98.0","101.0"],"86":["8","99.50000","0.50000","99.0","100.0"],"87":["7","99.28571","0.45175","99.0","100.0"],"88":["11","99.72727","0.74966","99.0","101.0"],"89":["8","100.37500","0.69597","100.0","102.0"],"90":["8","99.50000","0.70711","98.0","100.0"],"91":["7","99.28571","0.69985","98.0","100.0"],"92":["15","99.60000","0.71181","98.0","100.0"],"93":["10","99.60000","0.91652","98.0","101.0"],"94":["10","99.70000","1.10000","98.0","101.0"],"95":["12","98.75000","0.82916","98.0","101.0"],"96":["4","99.25000","1.08972","98.0","101.0"],"97":["16","99.75000","0.90139","98.0","101.0"],"98":["8","100.00000","0.70711","99.0","101.0"],"99":["6","100.00000","1.00000","98.0","101.0"],"100":["10","99.00000","1.00000","98.0","100.0"],"101":["7","100.00000","0.92582","98.0","101.0"],"102":["8","98.87500","0.92702","98.0","100.0"],"103":["5","97.60000","0.48990","97.0","98.0"],"104":["12","98.33333","1.02740","97.0","100.0"],"105":["11","97.90909","0.79253","97.0","99.0"],"106":["5","98.00000","1.09545","97.0","100.0"],"107":["5","97.80000","0.40000","97.0","98.0"],"108":["16","98.43750","1.11629","97.0","100.0"],"109":["3","98.66667","0.94281","98.0","100.0"],"110":["14","100.07143","0.79860","98.0","101.0"],"111":["3","100.00000","0.00000","100.0","100.0"],"112":["7","99.57143","0.49487","99.0","100.0"],"113":["6","100.16667","1.06719","98.0","101.0"],"114":["5","98.60000","1.20000","97.0","100.0"],"115":["6","98.50000","1.11803","97.0","100.0"],"116":["10","99.00000","1.26491","97.0","101.0"],"117":["4","99.00000","1.00000","98.0","100.0"],"118":["7","98.00000","0.92582","97.0","100.0"],"119":["6","98.16667","0.89753","97.0","100.0"],"120":["5","98.20000","0.97980","97.0","100.0"],"121":["6","98.00000","1.00000","97.0","100.0"],"122":["3","98.66667","0.94281","98.0","100.0"],"123":["4","99.75000","1.08972","98.0","101.0"],"124":["8","100.50000","0.50000","100.0","101.0"],"125":["8","100.50000","0.50000","100.0","101.0"],"126":["16","98.56250","1.27322","97.0","101.0"],"127":["10","97.30000","0.64031","96.0","98.0"],"128":["14","96.28571","0.88063","95.0","98.0"],"129":["15","93.26667","0.77172","92.0","95.0"],"130":["9","93.77778","0.91625","93.0","95.0"],"131":["31","89.77419","2.10544","87.0","93.0"],"132":["30","85.20000","1.46969","83.0","88.0"],"133":["29","85.10345","1.15504","83.0","87.0"],"134":["43","81.39535","2.13650","78.0","86.0"],"135":["36","77.16667","0.83333","76.0","79.0"],"136":["38","74.31579","1.43463","72.0","77.0"],"137":["34","71.55882","0.60348","71.0","73.0"],"138":["47","70.17021","1.13586","68.0","72.0"],"139":["45","68.26667","0.71181","67.0","69.0"],"140":["52","67.51923","1.00939","66.0","69.0"],"141":["47","66.02128","1.22890","64.0","68.0"],"142":["57","65.94737","1.17609","63.0","68.0"],"143":["63","65.01587","1.71355","62.0","68.0"]},"sanpedro\/004\/temp_dry":{"39":["39","24.34103","0.62047","23.2","25.3"],"40":["46","24.19565","0.88119","22.8","25.5"],"41":["49","21.72041","0.46378","21.0","22.7"],"42":["38","23.25263","0.72247","22.1","24.4"],"43":["25","24.76400","0.15970","24.4","25.0"],"44":["29","23.89310","0.52780","22.9","24.6"],"45":["30","22.25333","0.30739","21.7","22.8"],"46":["27","21.41852","0.19633","21.0","21.7"],"47":["29","20.39310","0.39821","19.7","21.0"],"48":["23","19.05217","0.28722","18.7","19.6"],"49":["21","18.70952","0.11086","18.5","18.9"],"50":["17","17.92941","0.24438","17.6","18.4"],"51":["16","17.28750","0.22044","16.9","17.6"],"52":["11","16.52727","0.20041","16.2","16.8"],"53":["19","15.70526","0.27237","15.3","16.2"],"54":["12","15.00833","0.17540","14.7","15.3"],"55":["18","14.58889","0.14866","14.3","14.8"],"56":["14","14.42857","0.14357","14.2","14.6"],"57":["9","14.30000","0.13333","14.1","14.5"],"58":["11","14.02727","0.08624","13.9","14.2"],"59":["11","13.55455","0.13048","13.4","13.8"],"60":["3","13.36667","0.04714","13.3","13.4"],"61":["11","13.12727","0.07497","13.0","13.2"],"62":["12","13.09167","0.06401","13.0","13.2"],"63":["6","12.98333","0.03727","12.9","13.0"],"64":["16","13.03125","0.05830","12.9","13.1"],"65":["9","13.02222","0.09162","12.9","13.2"],"66":["9","12.95556","0.08315","12.8","13.1"],"67":["9","12.90000","0.06667","12.8","13.0"],"68":["7","12.78571","0.06389","12.7","12.9"],"69":["7","12.68571","0.08330","12.6","12.8"],"70":["11","12.41818","0.11134","12.2","12.6"],"71":["12","12.14167","0.07592","12.0","12.3"],"72":["9","11.93333","0.09428","11.8","12.1"],"73":["4","11.72500","0.04330","11.7","11.8"],"74":["8","11.65000","0.11180","11.5","11.8"],"75":["5","11.52000","0.07483","11.4","11.6"],"76":["13","11.48462","0.06617","11.4","11.6"],"77":["5","11.48000","0.07483","11.4","11.6"],"78":["8","11.77500","0.12990","11.6","12.0"],"79":["3","12.06667","0.04714","12.0","12.1"],"80":["7","12.31429","0.08330","12.2","12.4"],"81":["11","12.51818","0.07158","12.4","12.6"],"82":["9","12.61111","0.05666","12.5","12.7"],"83":["8","12.60000","0.05000","12.5","12.7"],"84":["4","12.77500","0.04330","12.7","12.8"],"85":["10","12.90000","0.06325","12.8","13.0"],"86":["8","13.01250","0.03307","13.0","13.1"],"87":["7","13.02857","0.06999","12.9","13.1"],"88":["11","12.74545","0.12332","12.6","13.0"],"89":["8","12.31250","0.09270","12.2","12.5"],"90":["8","12.23750","0.09922","12.1","12.4"],"91":["7","12.44286","0.04949","12.4","12.5"],"92":["15","12.20667","0.12893","12.0","12.4"],"93":["10","11.96000","0.08000","11.8","12.1"],"94":["10","11.69000","0.07000","11.6","11.8"],"95":["12","11.70000","0.08165","11.6","11.8"],"96":["4","11.70000","0.07071","11.6","11.8"],