{"_t":[1367125200,1369717200,2592000,240],"_i":["valentina\/002\/humidity","valentina\/002\/temperature"],"_@":{"humi":[20,90],"temp":[0,40]},"valentina\/002\/humidity":{"0":["38","86.14211","0.96590","82.0","86.5"],"1":["38","85.98158","0.93860","82.0","86.3"],"2":["37","70.62162","12.16046","46.9","86.4"],"3":["39","57.83333","8.13770","37.8","74.1"],"4":["40","44.84750","9.17785","29.4","60.9"],"5":["38","48.81316","16.53325","31.1","85.7"],"6":["39","86.01538","1.30099","82.1","86.6"],"7":["37","86.12432","0.69063","82.0","86.4"],"8":["38","86.14737","0.96675","82.0","86.4"],"9":["38","86.15263","0.96865","82.0","86.5"],"10":["38","75.91053","12.15979","53.1","86.6"],"11":["22","63.25909","10.80331","48.8","81.0"],"12":["12","58.97500","7.41228","45.0","66.4"],"13":["39","68.38718","15.03772","32.0","86.6"],"14":["35","86.50857","0.06916","86.4","86.6"],"15":["38","86.18947","0.96458","82.1","86.5"],"16":["38","86.05263","1.18649","82.0","86.4"],"17":["3","86.43333","0.04714","86.4","86.5"],"18":["30","82.28333","6.82930","57.2","86.7"],"19":["38","62.58421","6.55200","44.7","72.7"],"20":["40","58.76250","9.80787","28.2","71.2"],"21":["40","59.79250","6.41391","41.7","72.4"],"22":["39","83.22051","4.77408","68.8","86.6"],"23":["38","86.26316","0.97398","82.1","86.6"],"24":["40","85.87000","1.29000","82.0","86.3"],"25":["40","85.93250","1.31156","82.0","86.4"],"26":["39","83.06154","6.11080","61.1","86.6"],"27":["39","63.47692","7.77225","36.2","73.4"],"28":["36","64.93333","8.63375","49.2","79.7"],"29":["39","53.92821","10.69881","35.0","75.3"],"30":["37","72.69459","3.17660","67.5","82.2"],"31":["38","79.67105","5.80807","67.2","86.5"],"32":["39","85.97949","1.31211","82.1","86.5"],"33":["39","86.04615","1.14955","82.0","86.4"],"34":["41","76.18780","12.71222","48.9","86.6"],"35":["39","51.11026","6.28726","37.1","61.9"],"36":["42","65.10000","8.69376","44.2","82.9"],"37":["39","64.80769","11.80057","45.5","85.8"],"38":["38","85.88947","1.13920","82.1","86.5"],"39":["40","86.05500","1.28549","82.2","86.5"],"40":["40","85.95500","1.28549","82.1","86.4"],"41":["39","86.03590","1.15636","82.0","86.4"],"42":["40","85.63750","1.80426","78.0","86.5"],"43":["38","65.56053","16.77384","40.3","87.0"],"44":["39","40.20513","6.21990","27.5","56.2"],"45":["40","50.95000","13.15644","26.1","75.6"],"46":["38","81.99474","5.14336","70.5","86.5"],"47":["39","86.10769","1.16032","82.1","86.5"],"48":["39","85.81538","1.13737","81.8","86.4"],"49":["38","85.71842","1.14819","81.8","86.1"],"50":["38","73.73684","9.56428","59.8","86.5"],"51":["41","50.67561","6.30249","34.8","64.4"],"52":["39","45.78205","5.02995","28.3","53.3"],"53":["36","65.44167","16.65670","30.5","84.7"],"54":["40","86.18750","1.30081","82.4","86.8"],"55":["37","86.38108","0.67417","82.4","86.6"],"56":["39","85.97692","1.11917","82.1","86.3"],"57":["39","85.97692","1.11917","82.1","86.3"],"58":["40","85.44500","3.91854","66.7","87.0"],"59":["39","65.25385","16.41191","35.0","86.3"],"60":["40","68.48750","11.53911","44.5","80.5"],"61":["40","80.56750","3.00586","73.3","86.4"],"62":["38","86.12895","1.04929","82.0","86.5"],"63":["39","86.15385","1.19911","82.0","86.5"],"64":["40","86.03500","1.34546","82.0","86.5"],"65":["39","85.98205","1.15977","81.9","86.4"],"66":["38","74.97632","10.64834","54.3","86.7"],"67":["40","49.45000","7.94028","37.0","64.9"],"68":["38","56.20526","7.40437","34.0","67.5"],"69":["38","72.09211","7.31413","54.8","86.6"],"70":["40","85.88750","1.28573","81.9","86.6"],"71":["40","85.69500","1.26688","81.9","86.2"],"72":["41","85.52439","1.39735","81.7","86.1"],"73":["39","85.67949","1.15341","81.6","86.2"],"74":["38","86.17895","0.97796","82.0","86.6"],"75":["40","82.96250","6.84919","59.8","86.7"],"76":["39","69.64359","14.21465","47.1","86.7"],"77":["37","79.24865","8.79354","61.0","86.7"],"78":["39","86.03590","1.31451","82.1","86.6"],"79":["39","86.05128","1.16989","82.0","86.4"],"80":["23","85.91739","1.23979","81.9","86.3"],"89":["40","85.78250","1.30535","81.8","86.3"],"90":["42","72.65000","11.08584","53.8","86.6"],"91":["28","63.47857","10.10913","47.4","82.7"],"92":["23","56.18261","8.82603","42.9","75.6"],"93":["36","66.01111","11.74854","48.6","86.6"],"94":["67","84.19701","2.15496","82.1","86.5"],"95":["36","82.12222","0.04157","82.1","82.2"],"96":["36","82.04722","0.04992","82.0","82.1"],"97":["36","81.87500","0.07949","81.8","82.0"],"98":["36","69.21389","13.40809","47.7","82.5"],"99":["36","51.68889","8.09684","32.9","66.4"],"100":["35","50.02286","12.70842","28.6","68.5"],"101":["36","59.38333","17.96521","26.9","82.4"],"102":["34","82.25294","0.04991","82.2","82.3"],"103":["35","82.17429","0.04371","82.1","82.2"],"104":["36","81.95000","0.07265","81.9","82.1"],"105":["36","81.80278","0.08329","81.7","81.9"],"106":["36","73.11389","11.25483","49.0","82.7"],"107":["1","50.50000","0.00000","50.5","50.5"],"110":["2","82.30000","0.00000","82.3","82.3"],"111":["36","82.18056","0.05174","82.1","82.3"],"112":["36","81.95000","0.12802","81.7","82.2"],"113":["36","81.62778","0.04479","81.6","81.7"],"114":["36","65.26944","15.43436","39.7","82.6"],"115":["36","38.24722","6.70889","25.7","52.1"],"116":["36","43.12778","9.18793","24.9","58.9"],"117":["36","61.95556","11.43774","36.1","82.2"],"118":["35","82.01429","0.10729","81.9","82.2"],"119":["36","81.91944","0.03958","81.9","82.0"],"120":["19","81.95789","0.04937","81.9","82.0"],"139":["68","74.43529","9.47191","51.5","86.8"],"140":["51","74.43333","9.87170","53.5","86.9"],"141":["47","85.60851","1.81364","81.7","86.7"],"142":["41","85.96829","1.37547","82.2","86.6"],"143":["37","86.38378","0.69730","82.2","86.5"],"144":["38","86.18684","0.96523","82.1","86.5"],"145":["5","85.46000","1.68000","82.1","86.3"],"163":["16","43.76875","4.71125","32.9","51.2"],"164":["42","52.41667","9.65724","34.3","72.7"],"165":["32","53.83750","14.80504","29.1","83.6"],"166":["1","86.60000","0.00000","86.6","86.6"],"167":["3","86.40000","0.08165","86.3","86.5"],"168":["9","85.87778","1.37176","82.0","86.4"],"169":["3","86.30000","0.00000","86.3","86.3"],"170":["14","67.77857","12.40266","48.7","86.6"],"171":["39","47.66667","5.07196","32.4","55.6"],"172":["34","65.90294","10.19993","43.9","81.3"],"173":["34","75.25588","12.67258","44.9","87.1"],"174":["12","85.84167","1.28482","82.4","86.7"],"175":["5","86.26000","0.10198","86.1","86.4"],"185":["7","86.30000","0.00000","86.3","86.3"],"186":["40","76.85750","10.74842","55.5","86.7"],"187":["36","62.86111","7.76335","49.4","74.1"],"188":["36","61.81667","7.48960","44.0","72.7"],"189":["36","66.93611","13.50420","41.6","82.2"],"190":["36","82.06389","0.04803","82.0","82.1"],"191":["35","81.98571","0.03499","81.9","82.0"],"192":["5","81.90000","0.00000","81.9","81.9"],"193":["36","84.15000","2.25000","81.9","86.4"],"194":["67","83.93284","3.43513","71.4","86.9"],"195":["27","71.80741","9.00168","43.1","85.3"],"196":["38","66.32105","9.17858","43.5","83.8"],"197":["39","81.69487","2.27798","72.8","86.5"],"198":["36","86.41667","0.03727","86.4","86.5"],"199":["36","86.40000","0.00000","86.4","86.4"],"200":["36","86.36111","0.04875","86.3","86.4"],"201":["45","85.28222","1.78279","81.9","86.3"],"202":["36","82.77222","5.85916","67.5","86.8"],"203":["33","62.81212","12.16851","37.3","83.8"],"204":["38","68.59211","13.12004","35.9","86.7"],"205":["39","81.77436","6.26237","60.9","86.7"],"206":["40","85.88000","1.32612","81.9","86.5"],"207":["38","86.22105","0.99609","82.0","86.5"],"208":["38","86.16842","0.98251","82.0","86.4"],"209":["40","85.95500","1.31851","82.0","86.4"],"210":["40","82.97000","5.90335","64.6","86.9"],"211":["30","71.66667","12.08998","53.9","86.7"],"212":["39","84.68718","6.28842","59.3","87.2"],"213":["36","86.44167","1.90210","75.2","86.9"],"214":["36","86.09167","0.97564","82.1","86.6"],"215":["39","85.78718","1.18152","81.7","86.2"],"216":["39","85.62051","1.32262","81.6","86.2"],"217":["37","85.85135","0.71001","81.6","86.0"],