{"_t":[1366112340,1366198740,86400,144],"_i":["sanpedro\/005\/humidity","sanpedro\/005\/temperature"],"_@":{"humi":[30,100],"temp":[0,40]},"sanpedro\/005\/humidity":{"0":["2","89.30000","2.80000","86.5","92.1"],"1":["1","94.50000","0.00000","94.5","94.5"],"2":["38","84.61842","4.26293","81.5","94.9"],"3":["110","82.77182","5.74430","75.5","94.1"],"4":["121","80.86198","5.38589","75.2","89.7"],"5":["109","80.73945","4.90345","74.2","91.1"],"6":["107","84.27850","6.12256","73.1","92.9"],"7":["96","72.57500","5.68445","66.4","87.9"],"8":["97","64.71856","2.45270","61.1","73.8"],"9":["95","62.54526","2.67420","56.2","69.7"],"10":["58","61.07241","3.27555","53.8","68.3"],"11":["75","59.36533","1.71336","55.0","63.2"],"12":["84","52.98690","1.74682","48.9","58.2"],"13":["45","54.41778","1.37748","50.0","57.0"],"14":["83","52.17590","6.48086","46.4","77.4"],"15":["87","52.07701","6.58339","45.6","72.7"],"16":["92","50.87391","5.71898","45.5","69.4"],"17":["90","49.32667","2.09543","46.4","58.5"],"18":["90","45.87111","1.42168","41.8","50.5"],"19":["89","45.42472","1.64803","39.6","51.6"],"20":["85","45.24353","1.97767","40.0","49.2"],"21":["85","47.50824","2.43843","41.5","55.2"],"22":["90","50.53111","3.87102","42.6","58.4"],"23":["92","49.96522","5.06206","42.1","63.7"],"24":["91","50.67253","4.93850","46.6","63.5"],"25":["97","53.02474","5.64775","45.5","67.2"],"26":["45","51.28444","5.45572","45.6","62.4"],"27":["83","48.36867","4.37071","42.4","60.2"],"28":["94","53.93617","4.46806","48.9","63.9"],"29":["94","53.56702","6.51745","47.1","68.7"],"30":["91","53.34286","7.06183","47.1","68.0"],"31":["91","52.16813","7.88763","44.5","68.5"],"32":["90","48.06556","4.78022","43.9","64.6"],"33":["93","50.31613","6.10225","44.9","67.5"],"34":["84","47.10714","4.54317","41.2","59.0"],"35":["88","53.54318","4.50625","45.2","63.1"],"36":["91","51.75824","5.85653","46.0","64.6"],"37":["92","51.50543","7.11120","44.5","65.4"],"38":["95","49.90632","7.15190","43.2","67.3"],"39":["43","52.92093","7.73195","46.4","70.0"],"40":["93","59.19355","6.37372","47.4","71.1"],"41":["90","55.23333","6.21804","44.9","68.8"],"42":["96","54.92812","6.47332","45.9","68.5"],"43":["13","63.13846","2.06194","61.0","66.1"],"44":["79","65.91139","4.46199","58.3","74.9"],"45":["43","53.18372","8.28257","42.9","68.5"],"46":["95","48.96316","5.38180","40.0","56.4"],"47":["85","54.43412","2.81887","50.3","64.4"],"48":["86","52.92674","4.06564","48.4","64.9"],"49":["92","52.37065","4.39455","47.4","69.1"],"50":["92","55.24239","4.01966","47.5","67.5"],"51":["95","53.76000","4.26161","48.1","64.5"],"52":["90","52.94333","4.92032","47.5","66.2"],"53":["86","52.87442","5.31188","46.4","64.3"],"54":["91","56.39670","4.80280","49.2","69.3"],"55":["91","53.91538","5.42420","48.9","70.0"],"56":["92","55.08804","6.77697","49.2","72.8"],"57":["45","56.08667","7.36534","48.4","70.5"],"58":["99","59.66667","6.29645","49.8","72.3"],"59":["62","66.79194","3.45007","61.0","73.8"],"60":["101","66.31980","4.84280","61.3","76.2"],"61":["100","74.30900","3.84159","65.9","81.0"],"62":["67","77.50597","2.86111","73.7","85.3"],"63":["40","83.05000","1.86266","80.6","86.9"],"64":["12","83.80833","2.04102","81.4","86.3"],"67":["9","91.67778","3.63434","86.7","95.0"],"68":["8","92.38750","2.37352","86.7","94.9"],"71":["7","90.72857","2.64290","86.5","92.4"],"72":["2","90.60000","4.10000","86.5","94.7"],"75":["11","90.38182","3.04088","86.4","94.6"],"76":["12","90.71667","3.15881","86.4","94.6"],"77":["2","93.45000","1.15000","92.3","94.6"],"80":["11","90.21818","3.59642","86.4","94.6"],"81":["5","91.56000","2.73393","86.4","94.6"],"86":["4","89.97500","3.56888","86.5","94.6"],"87":["5","92.06000","2.96419","86.5","94.6"],"91":["4","90.85000","2.51147","86.5","92.3"],"92":["8","92.17500","2.37263","86.5","94.7"],"93":["1","94.70000","0.00000","94.7","94.7"],"97":["3","91.16667","3.44222","86.5","94.7"],"98":["7","91.32857","3.21146","86.5","94.7"],"99":["3","88.50000","2.68701","86.6","92.3"],"101":["6","89.80000","3.39559","86.5","94.7"],"102":["2","90.60000","4.10000","86.5","94.7"],"106":["7","90.57143","3.85365","86.2","94.4"],"107":["5","90.24000","3.39506","86.2","94.4"],"108":["9","90.65556","3.31063","86.1","94.4"],"109":["5","91.36000","2.77676","86.1","94.4"],"110":["9","91.12222","3.65993","86.1","94.4"],"111":["6","91.81667","2.78114","86.0","94.3"],"114":["17","88.73529","3.79674","85.9","94.2"],"115":["8","91.30000","3.25998","85.9","94.2"],"116":["2","85.90000","0.00000","85.9","85.9"],"117":["1","91.90000","0.00000","91.9","91.9"],"118":["11","89.29091","3.72008","85.9","94.2"],"119":["10","90.82000","3.29600","86.0","94.2"],"122":["5","90.04000","3.39506","86.0","94.2"],"123":["9","87.56667","2.98068","86.0","94.2"],"130":["10","89.36000","3.55055","85.9","94.2"],"131":["2","93.05000","1.15000","91.9","94.2"],"139":["4","91.50000","3.35559","85.9","94.1"],"142":["10","87.92000","3.13745","85.9","94.1"]},"sanpedro\/005\/temperature":{"0":["2","11.90000","0.20000","11.7","12.1"],"1":["1","12.20000","0.00000","12.2","12.2"],"2":["38","14.17105","0.30857","13.7","15.2"],"3":["110","15.35727","0.60655","14.4","16.7"],"4":["121","16.12893","0.71124","15.4","17.4"],"5":["109","15.27890","0.91622","13.8","17.4"],"6":["107","15.12243","1.13872","13.7","18.0"],"7":["96","18.21354","1.45363","16.6","22.7"],"8":["97","19.93918","2.01651","18.1","25.0"],"9":["95","20.15474","2.57922","18.3","25.8"],"10":["58","20.26034","2.54355","18.4","25.9"],"11":["75","20.94400","2.48431","19.1","26.1"],"12":["84","22.60119","2.41545","20.4","27.9"],"13":["45","22.54222","2.69019","20.4","27.1"],"14":["83","23.66265","2.82151","20.8","29.2"],"15":["87","23.20460","2.48822","20.5","30.0"],"16":["92","23.80761","2.25274","20.9","28.3"],"17":["90","24.11556","2.49198","21.8","29.1"],"18":["90","25.14444","3.10215","22.9","30.8"],"19":["89","25.27978","3.17961","23.1","32.3"],"20":["85","25.33882","3.53487","22.6","32.4"],"21":["85","24.16235","2.94782","21.7","31.3"],"22":["90","23.03889","1.95884","20.5","26.8"],"23":["92","22.72174","1.25679","21.3","26.6"],"24":["91","22.18352","0.68392","21.6","24.0"],"25":["97","21.90619","0.78554","21.0","23.7"],"26":["45","21.96000","0.82527","21.0","23.5"],"27":["83","22.72651","1.25747","21.2","25.8"],"28":["94","21.52660","1.00670","20.7","24.4"],"29":["94","21.21915","0.40404","20.8","22.1"],"30":["91","21.10769","0.37890","20.7","22.2"],"31":["91","22.23077","0.82591","21.2","24.6"],"32":["90","22.95333","0.84751","21.9","25.0"],"33":["93","22.48495","0.86757","21.7","24.4"],"34":["84","24.83095","1.41942","22.5","28.3"],"35":["88","23.36477","1.93520","20.9","28.5"],"36":["91","21.76374","0.59031","20.9","23.0"],"37":["92","22.50217","0.56221","21.8","23.5"],"38":["95","22.50316","0.70851","21.4","24.5"],"39":["43","21.41395","0.44752","21.1","22.4"],"40":["93","21.76667","0.44270","21.2","23.2"],"41":["90","22.36556","0.39558","21.9","23.6"],"42":["96","22.60104","0.81516","21.4","24.3"],"43":["13","21.94615","0.80347","21.3","23.1"],"44":["79","21.47848","0.43156","20.9","22.3"],"45":["43","24.47674","2.02815","21.5","27.5"],"46":["95","26.35158","1.86986","23.9","29.9"],"47":["85","24.58471","1.36136","23.2","27.1"],"48":["86","24.40233","1.53494","22.5","28.4"],"49":["92","24.99348","1.60792","22.6","29.1"],"50":["92","24.42174","1.44439","23.0","29.1"],"51":["95","24.79579","1.06533","23.6","27.0"],"52":["90","25.13111","0.64681","24.3","26.7"],"53":["86","25.04419","0.76942","23.2","26.9"],"54":["91","24.19560","0.85201","23.0","26.2"],"55":["91","24.39560","0.44964","23.3","25.4"],"56":["92","24.25217","0.40122","23.3","24.8"],"57":["45","24.37111","0.46266","23.6","25.1"],"58":["99","23.20202","1.00433","21.8","25.2"],"59":["62","21.40806","1.44080","20.0","25.0"],"60":["101","21.33762","1.14060","20.1","24.2"],"61":["100","19.37400","1.47476","17.6","23.7"],"62":["67","18.48060","0.95733","17.8","21.5"],"63":["40","16.89750","0.74178","16.4","19.4"],