{"_t":[1366088400,1367643540,1555140,240],"_i":["sanpedro\/003\/humidity","sanpedro\/003\/temperature"],"_@":{"humi":[30,100],"temp":[0,40]},"sanpedro\/003\/humidity":{"0":["30","90.68333","3.61516","86.3","94.6"],"1":["35","90.30286","3.42891","86.2","94.5"],"2":["45","89.88444","3.61318","86.2","94.5"],"3":["87","89.34943","3.71635","84.3","94.8"],"9":["199","81.01206","8.84216","63.4","92.3"],"10":["60","90.40500","3.28671","86.4","94.9"],"11":["40","91.16000","3.39969","86.4","94.7"],"12":["34","90.82647","3.30991","86.5","94.7"],"13":["76","90.07105","3.57969","86.0","94.7"],"14":["66","89.19848","3.62911","85.9","94.3"],"15":["76","88.90395","3.61293","85.9","94.2"],"16":["56","88.66786","3.41390","85.9","94.2"],"17":["40","90.41500","3.66207","85.9","94.4"],"18":["100","59.37600","4.81730","52.7","69.4"],"20":["38","39.72895","3.97836","32.5","48.8"],"22":["62","84.41452","3.18022","81.4","95.1"],"23":["231","85.77792","2.25701","83.0","95.0"],"24":["144","85.64653","3.02294","82.8","94.8"],"25":["28","90.93571","3.44334","86.5","94.6"],"26":["36","91.24167","2.88515","86.5","94.6"],"27":["34","91.13824","3.13950","86.5","94.6"],"29":["32","91.17500","3.30520","86.5","94.5"],"35":["53","79.80566","1.32841","77.7","82.9"],"36":["108","88.08519","3.09431","85.1","95.2"],"37":["23","91.00435","3.58335","86.6","94.9"],"38":["10","91.02000","3.70993","86.6","94.8"],"39":["25","91.01200","3.53523","86.4","94.6"],"40":["31","91.47419","3.33698","86.5","94.6"],"41":["25","91.43600","3.35891","86.3","94.5"],"42":["39","90.63333","3.37664","86.3","94.5"],"43":["2","90.40000","4.10000","86.3","94.5"],"49":["92","91.38152","3.24901","86.5","94.9"],"50":["52","90.98462","3.40375","86.5","94.8"],"51":["21","90.74286","3.46981","86.5","94.7"],"52":["19","90.72105","3.71421","86.5","94.7"],"53":["6","91.13333","3.43155","86.5","94.7"],"54":["28","91.06786","3.38052","86.3","94.6"],"55":["14","90.88571","3.54922","86.3","94.5"],"56":["20","90.62000","3.64439","86.3","94.5"],"57":["36","90.79444","3.43041","86.3","94.7"],"87":["43","78.16744","2.10180","74.6","84.8"],"88":["99","74.41313","2.37055","71.5","80.1"],"89":["55","73.37455","4.31594","69.0","82.4"],"90":["66","90.47879","3.50318","86.4","94.9"],"91":["57","90.05789","3.50077","86.2","94.5"],"92":["64","90.20937","3.58119","86.1","94.4"],"93":["1","86.20000","0.00000","86.2","86.2"],"94":["58","90.42241","3.51018","86.2","94.4"],"95":["24","90.36250","3.63557","86.2","94.4"],"96":["27","90.01852","3.53093","86.2","94.4"],"97":["83","85.29157","5.78898","77.8","94.8"],"102":["53","72.57925","5.00488","68.7","85.0"],"103":["588","81.58707","5.40489","72.1","94.8"],"104":["416","83.98269","3.57997","77.8","94.7"],"105":["33","89.93636","3.51971","86.3","94.5"],"106":["23","90.56522","3.49703","86.3","94.5"],"107":["34","90.42059","3.53593","86.2","94.5"],"108":["30","90.74000","3.38483","86.1","94.3"],"141":["45","58.58444","2.67440","52.4","66.1"],"142":["45","52.48222","4.61699","47.8","67.5"],"143":["135","83.77185","5.19893","76.7","95.0"],"144":["44","91.37727","3.18111","86.7","94.9"],"145":["163","84.42761","5.25891","77.1","94.9"],"146":["26","90.97692","3.50179","86.3","94.6"],"147":["34","90.74706","3.44479","85.9","94.4"],"148":["38","88.68158","3.54459","85.7","94.2"],"149":["55","87.26909","3.06000","85.6","94.0"],"150":["53","89.68679","3.65921","85.6","94.4"],"151":["61","67.53770","4.89611","62.5","76.4"],"156":["88","88.81705","3.49250","85.8","95.0"],"157":["36","90.18056","3.59048","86.2","94.7"],"158":["46","90.02174","3.59189","86.3","94.6"],"159":["20","90.28500","3.63336","86.4","94.6"],"160":["47","90.58723","3.47248","86.3","94.6"],"161":["26","90.71538","3.39827","86.2","94.5"],"162":["45","90.90000","3.45350","86.2","94.4"],"163":["137","85.39270","6.42130","75.5","95.0"],"170":["45","90.59778","3.12271","86.4","94.8"],"171":["26","90.71154","3.38212","86.2","94.5"],"172":["4","89.70000","3.58539","86.2","94.3"],"173":["21","90.88571","3.31351","86.4","94.5"],"174":["44","91.01591","3.29641","86.4","94.5"],"175":["25","90.49200","3.46744","86.4","94.5"],"176":["43","90.59302","3.50092","86.3","94.6"],"177":["48","90.27917","3.39380","86.6","94.8"],"178":["54","76.05000","1.89412","74.1","81.1"],"179":["53","78.58302","1.37054","76.3","82.7"],"180":["44","58.10455","1.59815","51.5","60.7"],"182":["56","86.63929","3.44340","82.6","92.7"],"183":["12","90.97500","3.78773","86.6","94.8"],"184":["21","90.66190","3.39165","86.5","94.7"],"185":["18","91.62222","3.33543","86.5","94.7"],"186":["18","90.48333","3.37873","86.4","94.6"],"187":["29","90.92414","3.41504","86.4","94.6"],"188":["10","89.93000","3.64336","86.4","94.5"],"217":["53","88.38302","3.18699","84.1","94.9"],"220":["13","79.74615","2.12553","77.1","84.8"],"221":["144","75.37431","3.65612","69.1","86.7"],"223":["44","90.97727","3.45805","86.5","94.8"],"224":["34","89.75588","3.59552","86.4","94.6"],"225":["24","91.00000","3.53270","86.6","94.6"],"226":["26","90.55769","3.06985","86.4","94.6"],"227":["32","91.00312","3.45213","86.4","94.6"],"228":["22","90.53182","3.55878","86.4","94.5"],"229":["62","90.37419","3.54018","86.3","94.5"],"230":["59","89.91017","3.59537","86.4","94.7"],"231":["162","88.09012","3.23221","83.6","94.8"],"235":["50","66.05000","1.85216","63.3","70.4"],"236":["67","73.71045","8.84558","66.6","94.9"],"237":["40","89.69000","3.62476","86.4","94.8"],"238":["20","89.94500","3.55802","86.4","94.6"],"239":["65","90.41077","3.51752","86.4","94.6"]},"sanpedro\/003\/temperature":{"0":["30","11.91667","0.50139","11.0","12.8"],"1":["35","10.88286","0.46444","10.1","11.9"],"2":["45","11.14444","0.41663","10.4","11.8"],"3":["87","11.95057","1.23147","10.0","14.0"],"9":["199","17.43719","2.30989","15.2","24.4"],"10":["60","12.85500","0.69220","11.5","14.6"],"11":["40","12.79750","0.46556","11.5","13.6"],"12":["34","13.11471","0.33178","12.7","13.7"],"13":["76","11.52895","1.08601","9.0","13.7"],"14":["66","9.15758","0.78104","8.0","10.3"],"15":["76","9.03947","0.63621","8.1","10.2"],"16":["56","8.74107","0.55413","7.6","9.8"],"17":["40","10.08250","0.91101","8.4","11.8"],"18":["100","20.41400","1.65100","18.5","24.4"],"20":["38","26.23684","1.72374","24.1","32.0"],"22":["62","17.03548","1.10557","14.8","19.6"],"23":["231","13.72165","0.35610","13.4","16.2"],"24":["144","13.39236","0.23126","12.5","13.9"],"25":["28","12.95714","0.31445","12.4","13.4"],"26":["36","12.75556","0.26188","12.4","13.3"],"27":["34","12.20588","0.34466","11.6","13.0"],"29":["32","11.96875","0.40423","11.5","12.7"],"35":["53","17.39245","0.87499","16.8","20.3"],"36":["108","15.59722","0.41554","14.6","16.9"],"37":["23","13.63478","0.57981","12.8","14.6"],"38":["10","13.30000","0.55498","12.7","14.1"],"39":["25","12.29600","0.53850","11.4","13.0"],"40":["31","12.37419","0.56681","11.3","13.1"],"41":["25","11.53600","0.61831","10.6","12.2"],"42":["39","11.13077","0.60813","10.4","12.1"],"43":["2","11.35000","0.75000","10.6","12.1"],"49":["92","13.63152","0.91639","12.1","15.3"],"50":["52","12.84615","0.58391","12.0","14.0"],"51":["21","12.50476","0.47155","11.8","13.3"],"52":["19","12.38947","0.52405","11.8","13.1"],"53":["6","12.11667","0.49469","11.5","12.8"],"54":["28","11.48571","0.54688","10.7","12.3"],"55":["14","11.13571","0.47601","10.5","11.7"],"56":["20","11.19500","0.53242","10.5","12.1"],"57":["36","12.45833","0.99537","10.7","14.3"],"87":["43","17.76047","0.46010","17.1","19.3"],"88":["99","17.77475","0.68701","17.1","19.8"],"89":["55","18.54000","0.87772","17.7","20.7"],"90":["66","12.89848","0.78961","11.1","14.6"],"91":["57","11.01930","0.62504","9.7","12.2"],"92":["64","10.48750","0.63872","9.4","11.3"],"93":["1","9.80000","0.00000","9.8","9.8"],"94":["58","11.11552","0.52021","10.2","12.0"],"95":["24","10.69583","0.60103","9.9","11.7"],"96":["27","10.60370","0.54261","9.7","11.8"],"97":["83","15.17108","1.97390","11.3","17.8"],"102":["53","15.60566","0.53673","15.3","17.2"],