{"_t":[1368594000,1368939600,345600,144],"_i":["sanpedro\/002\/humidity","sanpedro\/002\/temperature"],"_@":{"humi":[40,100],"temp":[0,30]},"sanpedro\/002\/humidity":{"0":["17","91.37647","2.91235","86.4","94.5"],"1":["21","90.64762","3.45207","86.4","94.5"],"2":["8","91.32500","2.99447","86.4","94.5"],"3":["13","90.94615","3.16218","86.4","94.5"],"4":["9","89.48889","3.53756","86.4","94.5"],"6":["7","91.12857","3.20121","86.3","94.5"],"7":["13","90.26154","3.40397","86.1","94.3"],"8":["30","89.39000","3.60383","86.1","94.3"],"9":["34","90.61176","3.34671","86.2","94.4"],"10":["8","91.67500","3.20887","86.4","94.6"],"11":["168","78.90119","3.44204","73.7","86.2"],"13":["105","70.38381","2.76061","66.3","78.9"],"14":["48","71.69583","2.20643","69.2","77.1"],"15":["166","81.24277","4.76081","69.9","88.9"],"16":["104","86.60865","2.83281","83.1","92.5"],"17":["157","89.15541","4.26261","81.5","94.0"],"18":["95","82.65263","4.54122","75.0","90.3"],"19":["50","86.56000","0.75974","85.4","88.2"],"21":["207","78.95604","1.61289","74.6","83.0"],"22":["96","87.78854","3.87026","82.9","93.9"],"23":["16","91.18750","3.23764","86.6","94.8"],"24":["11","92.44545","2.96260","86.6","94.9"],"25":["9","89.88889","3.55260","86.8","95.0"],"26":["6","91.33333","3.43155","86.7","94.9"],"27":["5","92.14000","2.97899","86.6","94.8"],"31":["9","91.06667","3.38657","86.5","94.6"],"32":["10","90.61000","3.49269","86.5","94.6"],"33":["13","90.95385","3.12696","86.5","94.6"],"34":["10","91.73000","2.83021","86.5","94.6"],"35":["5","90.36000","3.28122","86.5","94.6"],"36":["26","91.02692","3.44490","86.5","94.6"],"37":["15","91.06667","3.38657","86.5","94.6"],"40":["7","91.15714","3.16853","86.4","94.5"],"41":["7","91.50000","3.37512","86.4","94.5"],"42":["3","91.00000","3.39706","86.4","94.5"],"43":["11","90.66364","3.39579","86.3","94.5"],"45":["19","91.18421","3.06375","86.3","94.5"],"46":["19","90.17368","3.54844","86.4","94.7"],"48":["101","70.89604","3.15921","67.2","83.2"],"49":["96","61.43646","9.69974","53.9","89.4"],"50":["53","65.83585","3.58509","60.2","73.3"],"52":["96","67.21146","9.13739","53.5","80.4"],"53":["47","60.02766","1.95880","56.7","64.7"],"57":["107","74.15981","4.05799","68.4","80.9"],"60":["83","87.66867","3.99786","82.7","95.1"],"61":["14","89.62143","3.33063","86.8","95.0"],"62":["5","90.70000","3.30273","86.8","94.9"],"63":["10","89.93000","3.36602","86.7","94.8"],"64":["20","91.57500","2.65968","86.6","94.8"],"65":["18","91.65000","2.89871","86.6","94.7"],"66":["28","91.03929","3.18381","86.6","94.7"],"67":["14","91.93571","2.39780","86.6","94.7"],"68":["16","90.53125","3.59004","86.6","94.7"],"69":["4","91.42500","2.99447","86.5","94.6"],"70":["7","90.37143","3.54752","86.4","94.5"],"71":["5","91.94000","3.00173","86.3","94.5"],"72":["13","90.43077","3.37534","86.3","94.5"],"73":["12","91.47500","3.10675","86.4","94.5"],"75":["17","90.79412","3.38465","86.4","94.5"],"76":["3","91.00000","3.39706","86.4","94.5"],"78":["3","91.00000","3.39706","86.4","94.5"],"79":["4","91.27500","2.98025","86.4","94.5"],"80":["17","91.27059","3.30165","86.4","94.5"],"81":["21","91.00000","3.39706","86.4","94.5"],"82":["16","91.14375","2.87923","86.4","94.5"],"83":["10","90.11000","3.10111","86.4","94.5"],"84":["19","91.63158","3.23339","86.5","94.7"],"85":["50","91.04600","3.43349","86.5","94.9"],"86":["20","91.48000","3.28323","86.7","94.9"],"87":["86","88.63605","3.62937","83.9","95.0"],"88":["51","84.43529","4.26586","79.8","94.3"],"89":["94","74.09468","2.20687","71.2","80.8"],"90":["93","60.12688","5.90819","45.9","69.7"],"91":["47","68.98723","5.08333","64.2","78.9"],"92":["63","82.15873","4.94329","77.0","95.0"],"93":["96","80.86042","10.58655","60.9","95.1"],"94":["108","76.30463","2.57101","72.7","81.2"],"95":["101","62.97030","9.14558","48.5","79.2"],"96":["49","60.93061","4.35605","55.9","70.1"],"97":["87","88.21724","3.37537","82.9","95.1"],"98":["60","91.22167","2.92079","86.8","95.1"],"99":["21","91.26667","3.44222","86.6","94.8"],"100":["11","91.64545","3.25838","86.6","94.8"],"101":["15","91.18000","3.42427","86.5","94.7"],"102":["29","91.66897","3.11095","86.4","94.7"],"103":["14","92.08571","3.17982","86.3","94.6"],"104":["18","91.15556","3.17056","86.3","94.5"],"106":["6","91.46667","2.46824","86.3","94.4"],"107":["13","90.99231","3.28504","86.3","94.5"],"108":["21","90.15238","3.46391","86.3","94.5"],"109":["2","93.25000","1.25000","92.0","94.5"],"110":["33","90.20606","3.43220","86.1","94.3"],"111":["22","90.81818","3.37135","86.1","94.3"],"112":["4","91.05000","3.02118","86.1","94.3"],"113":["5","91.72000","2.96135","86.2","94.3"],"114":["14","90.14286","3.53305","86.2","94.3"],"116":["5","91.12000","2.72353","86.0","94.2"],"117":["63","90.02381","3.59107","86.2","94.7"],"118":["105","90.37333","3.27232","85.7","95.1"],"120":["161","76.58882","5.34628","71.1","89.0"],"121":["109","78.66972","5.81421","71.7","92.5"],"122":["55","70.76182","7.94162","63.7","86.8"],"123":["45","50.27111","3.93258","45.1","58.3"],"124":["90","54.40111","4.31085","49.6","63.8"],"128":["99","66.31616","4.92406","54.8","74.1"],"130":["150","75.81867","2.49785","69.2","82.9"],"132":["99","73.75354","3.41492","67.7","79.4"],"133":["108","70.65000","7.10878","57.2","82.1"],"134":["159","78.50503","2.18988","74.1","85.3"],"135":["26","90.57308","3.28944","86.5","94.8"],"137":["11","91.18182","2.94242","86.6","94.7"],"138":["27","91.23333","3.15947","86.6","94.7"],"139":["10","91.76000","3.56095","86.5","94.7"],"140":["19","91.47368","3.22504","86.3","94.5"],"141":["14","90.66429","3.39129","86.3","94.5"],"142":["8","90.47500","3.34019","86.3","94.4"]},"sanpedro\/002\/temperature":{"0":["17","11.99412","0.34036","11.7","12.6"],"1":["21","11.76667","0.43352","11.2","12.6"],"2":["8","11.52500","0.36315","11.3","12.2"],"3":["13","11.78462","0.32308","11.5","12.4"],"4":["9","11.82222","0.31190","11.6","12.4"],"6":["7","10.81429","0.60102","10.1","11.7"],"7":["13","9.60000","0.66100","8.7","10.7"],"8":["30","9.34333","0.78302","8.4","10.7"],"9":["34","10.74706","0.48095","9.9","11.7"],"10":["8","12.32500","0.49937","11.6","13.0"],"11":["168","17.43452","0.83516","16.1","19.3"],"13":["105","18.78571","1.04009","17.8","21.0"],"14":["48","17.79583","1.07548","16.6","19.8"],"15":["166","16.75120","0.62496","16.0","18.2"],"16":["104","16.32308","0.54864","15.5","17.4"],"17":["157","16.73312","0.82666","14.9","19.4"],"18":["95","17.95368","0.99354","15.4","21.1"],"19":["50","17.02600","1.07922","15.5","18.1"],"21":["207","16.62319","0.70761","15.8","18.8"],"22":["96","15.09167","0.53183","13.7","16.4"],"23":["16","13.87500","0.36827","13.2","14.4"],"24":["11","14.12727","0.39333","13.4","14.6"],"25":["9","14.46667","0.42687","14.0","15.2"],"26":["6","13.71667","0.32872","13.3","14.1"],"27":["5","13.10000","0.29665","12.6","13.4"],"31":["9","12.31111","0.28065","11.9","12.6"],"32":["10","12.18000","0.28213","11.8","12.5"],"33":["13","12.22308","0.27499","11.8","12.5"],"34":["10","12.27000","0.20025","11.9","12.5"],"35":["5","12.18000","0.27857","11.8","12.5"],"36":["26","12.10000","0.29483","11.6","12.5"],"37":["15","12.02667","0.32345","11.6","12.4"],"40":["7","11.47143","0.31493","11.0","11.8"],"41":["7","11.62857","0.34934","11.1","12.0"],"42":["3","11.56667","0.33993","11.1","11.9"],"43":["11","11.21818","0.46479","10.4","11.8"],"45":["19","11.52632","0.45055","10.4","12.2"],"46":["19","12.80526","0.46620","11.8","13.3"],"48":["101","18.15743","1.52090","16.5","21.2"],"49":["96","20.83750","1.01645","20.0","23.8"],"50":["53","19.06038","1.22895","17.8","21.1"],"52":["96","19.10000","2.17672","16.6","23.6"],"53":["47","20.22340","2.24264","18.5","24.3"],"57":["107","18.43458","0.47283","17.9","19.7"],"60":["83","16.67229","0.60764","15.2","17.6"],"61":["14","14.66429","0.41851","14.1","15.4"],"62":["5","14.24000","0.42237","13.7","14.8"],"63":["10","12.46000","0.44989","11.9","13.3"],"64":["20","12.98000","0.31241","12.4","13.4"],"65":["18","13.03889","0.24299","12.4","13.4"],