{"_t":[1366174800,1368766800,2592000,240],"_i":["margaritas\/007\/humidity"],"_@":{"humi":[30,100]},"margaritas\/007\/humidity":{"0":["229","92.65502","0.71706","91.0","95.0"],"1":["229","94.25764","0.99737","93.0","96.0"],"2":["229","85.37555","9.26365","63.0","96.0"],"3":["224","64.32589","6.12999","49.0","72.0"],"4":["229","56.07424","6.02460","45.0","69.0"],"5":["229","75.69869","10.62546","58.0","89.0"],"6":["229","89.07860","1.39335","85.0","92.0"],"7":["229","91.13974","0.72849","89.0","93.0"],"8":["229","92.88646","0.52471","92.0","94.0"],"9":["178","93.16854","0.57545","92.0","94.0"],"10":["36","67.08333","1.40188","63.0","70.0"],"11":["229","65.42358","4.62380","55.0","78.0"],"12":["229","58.00873","2.52670","52.0","66.0"],"13":["229","71.65939","10.93519","56.0","88.0"],"14":["229","89.14410","2.18195","84.0","92.0"],"15":["229","92.80349","0.74223","91.0","94.0"],"16":["229","93.43668","0.54625","92.0","94.0"],"17":["229","94.35808","0.60794","93.0","95.0"],"18":["229","88.42358","7.39465","69.0","95.0"],"19":["32","71.03125","1.75863","67.0","73.0"],"21":["99","89.60606","1.04271","86.0","92.0"],"22":["229","92.86900","0.66762","91.0","94.0"],"23":["229","93.99563","0.47190","93.0","95.0"],"24":["222","94.79730","0.51060","94.0","96.0"],"25":["229","94.45415","0.51514","93.0","95.0"],"26":["229","87.58515","6.72984","74.0","95.0"],"27":["25","72.36000","3.08389","67.0","77.0"],"42":["35","74.31429","4.18003","67.0","82.0"],"43":["229","68.43668","4.58892","53.0","79.0"],"44":["229","68.09170","5.20710","58.0","79.0"],"45":["228","72.17544","5.99085","64.0","87.0"],"46":["229","92.31878","1.87343","87.0","95.0"],"47":["229","94.38865","0.48744","94.0","95.0"],"48":["229","94.65939","0.50944","94.0","96.0"],"49":["229","94.82969","0.57744","94.0","96.0"],"50":["229","83.64629","9.67786","65.0","95.0"],"51":["229","62.00000","5.01526","52.0","71.0"],"52":["229","63.09170","5.80960","52.0","74.0"],"53":["229","64.56332","9.77796","51.0","82.0"],"54":["229","85.42358","2.18362","81.0","91.0"],"55":["229","93.13100","0.97136","89.0","94.0"],"56":["229","93.41921","0.63299","92.0","95.0"],"57":["227","93.56828","0.87474","92.0","95.0"],"58":["229","86.00437","5.92198","71.0","95.0"],"59":["229","63.19651","4.59740","55.0","74.0"],"60":["229","54.86463","3.26741","46.0","63.0"],"61":["229","65.61135","6.88661","55.0","79.0"],"62":["228","87.35965","3.31564","77.0","92.0"],"63":["229","88.29694","1.60214","85.0","91.0"],"64":["229","90.90393","1.56083","87.0","93.0"],"65":["229","92.54148","0.89846","90.0","94.0"],"66":["229","86.41921","8.24668","64.0","94.0"],"67":["229","57.88210","3.55113","47.0","65.0"],"68":["229","63.20961","6.17147","50.0","73.0"],"69":["228","81.44298","6.92955","64.0","90.0"],"70":["229","89.00000","1.53560","85.0","92.0"],"71":["229","87.78166","2.78884","81.0","91.0"],"72":["229","91.10917","1.16024","89.0","93.0"],"73":["229","92.07424","0.71092","90.0","95.0"],"74":["229","77.12664","10.37029","60.0","93.0"],"75":["229","63.86026","8.02004","51.0","94.0"],"76":["228","50.66228","2.17138","46.0","56.0"],"77":["229","64.17031","10.00706","50.0","81.0"],"78":["229","86.82096","2.01052","82.0","90.0"],"79":["229","86.96070","3.80797","75.0","92.0"],"80":["229","92.02620","0.69885","91.0","93.0"],"81":["229","92.86026","0.58931","90.0","94.0"],"82":["229","78.43668","10.52639","59.0","94.0"],"83":["228","55.60526","4.52695","43.0","64.0"],"84":["225","58.41778","4.39532","50.0","66.0"],"85":["229","70.59389","10.93834","54.0","88.0"],"86":["229","90.48908","1.19172","88.0","93.0"],"87":["229","92.74236","0.55209","91.0","94.0"],"88":["229","93.79039","0.52840","92.0","95.0"],"89":["229","93.79476","0.67828","92.0","95.0"],"90":["229","77.95197","11.32306","59.0","94.0"],"91":["228","56.34211","4.49137","50.0","68.0"],"92":["229","51.24891","2.28036","47.0","58.0"],"93":["229","61.28821","8.99951","50.0","83.0"],"94":["229","89.41921","2.71319","82.0","93.0"],"95":["229","92.61572","0.92558","90.0","94.0"],"96":["229","93.48035","0.51680","92.0","94.0"],"97":["229","94.02183","0.27159","93.0","95.0"],"98":["228","83.55263","10.46011","63.0","95.0"],"99":["121","63.44628","2.99021","57.0","69.0"],"101":["81","83.60494","2.68365","78.0","87.0"],"102":["229","89.29258","1.12027","87.0","92.0"],"103":["229","92.62009","0.94833","91.0","94.0"],"104":["229","93.55459","0.49701","93.0","94.0"],"105":["229","94.19214","0.42594","93.0","95.0"],"106":["229","83.98690","9.78524","59.0","95.0"],"107":["229","64.49345","5.73324","51.0","81.0"],"108":["228","63.79386","8.02772","48.0","76.0"],"109":["229","71.20961","3.60733","62.0","78.0"],"110":["229","87.03930","2.24547","77.0","91.0"],"111":["229","92.16594","0.99276","90.0","94.0"],"112":["229","93.17467","0.77913","91.0","94.0"],"113":["229","94.17467","0.52456","93.0","95.0"],"114":["229","87.87336","5.20049","77.0","95.0"],"115":["229","65.48908","5.74693","55.0","80.0"],"116":["229","67.67249","4.44787","57.0","75.0"],"117":["229","69.72052","3.90281","63.0","80.0"],"118":["229","84.56332","1.59192","80.0","87.0"],"119":["229","87.05240","1.69944","83.0","91.0"],"120":["229","92.81223","0.89863","91.0","94.0"],"121":["229","93.80786","0.53500","93.0","95.0"],"122":["229","81.90830","11.23529","56.0","94.0"],"123":["229","59.05677","5.06993","48.0","70.0"],"124":["228","69.87281","5.02245","57.0","78.0"],"125":["229","69.94760","6.22482","60.0","84.0"],"126":["229","89.27074","2.27500","84.0","92.0"],"127":["229","92.74672","0.89956","90.0","94.0"],"128":["229","94.04367","0.61836","92.0","95.0"],"129":["229","94.23581","0.49126","93.0","95.0"],"130":["229","88.55459","3.39828","84.0","95.0"],"131":["229","63.95633","10.93322","49.0","84.0"],"132":["229","50.17031","4.46840","43.0","61.0"],"133":["229","67.65939","9.86136","50.0","83.0"],"134":["229","89.20961","1.82886","84.0","92.0"],"135":["229","92.10044","0.76120","90.0","94.0"],"136":["229","92.67249","0.73120","91.0","94.0"],"137":["229","93.07424","0.68591","92.0","95.0"],"138":["229","81.06114","9.05566","65.0","95.0"],"139":["228","54.39912","5.24934","47.0","71.0"],"140":["229","51.33188","1.83224","47.0","57.0"],"141":["229","72.96507","9.65196","54.0","86.0"],"142":["229","89.72489","1.70238","85.0","92.0"],"143":["229","90.72489","0.63269","89.0","92.0"],"144":["229","92.21397","0.82143","89.0","94.0"],"145":["229","93.12227","0.70114","92.0","94.0"],"146":["229","86.73362","5.45996","76.0","94.0"],"147":["229","62.29258","9.51335","48.0","79.0"],"148":["229","68.03493","8.27310","54.0","80.0"],"149":["229","83.38428","3.61715","78.0","90.0"],"150":["229","90.28384","2.01148","86.0","93.0"],"151":["229","93.18777","0.57200","92.0","94.0"],"152":["229","92.89520","0.55084","92.0","94.0"],"153":["229","93.46288","0.60901","92.0","95.0"],"154":["228","83.06140","8.13568","69.0","94.0"],"155":["229","61.61135","5.76407","49.0","73.0"],"156":["229","50.69432","3.51826","44.0","62.0"],"157":["229","74.47162","4.80859","62.0","85.0"],"158":["229","89.32314","1.69005","84.0","91.0"],"159":["229","91.60699","0.72578","90.0","93.0"],"160":["229","92.30568","0.57837","91.0","94.0"],"161":["229","93.35808","0.95907","92.0","95.0"],"162":["229","93.50655","0.90424","91.0","95.0"],"163":["229","88.45852","4.54903","72.0","92.0"],"164":["13","71.61538","2.81585","68.0","76.0"],"180":["110","68.73636","6.88302","57.0","80.0"],"181":["229","75.24017","3.93716","70.0","87.0"],"182":["229","89.59389","1.13928","87.0","92.0"],"183":["229","89.53712","0.89378","88.0","92.0"],"184":["229","92.48908","0.87474","91.0","94.0"],"185":["229","94.16594","0.49316","92.0","95.0"],"186":["229","85.99563","12.58595","57.0","98.0"],"187":["229","61.45415","4.74906","50.0","73.0"],"188":["228","67.40351","6.81680","51.0","77.0"],"189":["229","74.65939","7.44864","60.0","86.0"],"190":["229","90.64192","2.09453","85.0","94.0"],"191":["224","93.78571","0.47110","93.0","95.0"],"192":["229","94.65502","0.78118","92.0","96.0"],