{"_t":[1376110800,1376197200,86400,144],"_i":["timana0\/001\/humidity","timana0\/001\/temp_dry","timana0\/001\/temp_wet"],"_@":{"humi":[70,110],"temp":[0,30]},"timana0\/001\/humidity":[["2","101.00000","0.00000","101.0","101.0"],["2","100.00000","0.00000","100.0","100.0"],["2","100.00000","0.00000","100.0","100.0"],["2","100.50000","0.50000","100.0","101.0"],["2","101.00000","0.00000","101.0","101.0"],["2","99.00000","1.00000","98.0","100.0"],["2","99.00000","1.00000","98.0","100.0"],["2","98.00000","0.00000","98.0","98.0"],["2","99.00000","1.00000","98.0","100.0"],["2","97.50000","0.50000","97.0","98.0"],["1","95.00000","0.00000","95.0","95.0"],["2","92.50000","1.50000","91.0","94.0"],["2","96.00000","0.00000","96.0","96.0"],["2","97.00000","0.00000","97.0","97.0"],["2","96.50000","0.50000","96.0","97.0"],["2","96.50000","0.50000","96.0","97.0"],["2","97.50000","0.50000","97.0","98.0"],["2","97.50000","0.50000","97.0","98.0"],["2","97.00000","0.00000","97.0","97.0"],["2","97.00000","0.00000","97.0","97.0"],["2","97.00000","0.00000","97.0","97.0"],["2","95.00000","0.00000","95.0","95.0"],["2","95.50000","0.50000","95.0","96.0"],["2","97.00000","0.00000","97.0","97.0"],["2","97.00000","1.00000","96.0","98.0"],["2","96.00000","0.00000","96.0","96.0"],["2","97.50000","0.50000","97.0","98.0"],["2","98.00000","0.00000","98.0","98.0"],["2","100.00000","0.00000","100.0","100.0"],["2","99.00000","0.00000","99.0","99.0"],["2","99.00000","0.00000","99.0","99.0"],["2","100.00000","0.00000","100.0","100.0"],["2","99.50000","0.50000","99.0","100.0"],["2","100.00000","0.00000","100.0","100.0"],["2","100.00000","0.00000","100.0","100.0"],["2","100.00000","0.00000","100.0","100.0"],["2","100.50000","0.50000","100.0","101.0"],["2","100.00000","0.00000","100.0","100.0"],["2","99.00000","1.00000","98.0","100.0"],["2","97.50000","0.50000","97.0","98.0"],["2","97.00000","0.00000","97.0","97.0"],["2","95.50000","0.50000","95.0","96.0"],["2","94.00000","1.00000","93.0","95.0"],["2","92.50000","0.50000","92.0","93.0"],["2","92.00000","0.00000","92.0","92.0"],["2","90.00000","1.00000","89.0","91.0"],["2","88.50000","0.50000","88.0","89.0"],["2","88.50000","0.50000","88.0","89.0"],["2","82.50000","0.50000","82.0","83.0"],["2","77.00000","1.00000","76.0","78.0"],["2","73.00000","1.00000","72.0","74.0"],["2","74.50000","0.50000","74.0","75.0"],["2","76.50000","0.50000","76.0","77.0"],["2","80.50000","0.50000","80.0","81.0"],["2","83.00000","0.00000","83.0","83.0"],["2","80.50000","0.50000","80.0","81.0"],["2","84.50000","0.50000","84.0","85.0"],["2","86.50000","0.50000","86.0","87.0"],["2","88.50000","0.50000","88.0","89.0"],["2","90.00000","1.00000","89.0","91.0"],["2","89.00000","0.00000","89.0","89.0"],["2","87.50000","0.50000","87.0","88.0"],["2","89.00000","1.00000","88.0","90.0"],["2","89.50000","1.50000","88.0","91.0"],["2","88.00000","1.00000","87.0","89.0"],["1","88.00000","0.00000","88.0","88.0"],["2","87.00000","1.00000","86.0","88.0"],["2","85.00000","0.00000","85.0","85.0"],["2","83.00000","1.00000","82.0","84.0"],["2","81.50000","0.50000","81.0","82.0"],["2","82.50000","0.50000","82.0","83.0"],["2","82.00000","0.00000","82.0","82.0"],["2","82.00000","0.00000","82.0","82.0"],["2","83.50000","0.50000","83.0","84.0"],["2","84.50000","0.50000","84.0","85.0"],["2","84.00000","1.00000","83.0","85.0"],["2","85.00000","1.00000","84.0","86.0"],["2","85.50000","0.50000","85.0","86.0"],["2","86.50000","1.50000","85.0","88.0"],["2","86.00000","0.00000","86.0","86.0"],["2","85.00000","2.00000","83.0","87.0"],["2","84.50000","1.50000","83.0","86.0"],["2","86.00000","0.00000","86.0","86.0"],["2","85.50000","3.50000","82.0","89.0"],["2","83.50000","1.50000","82.0","85.0"],["2","84.00000","0.00000","84.0","84.0"],["2","81.50000","1.50000","80.0","83.0"],["2","83.50000","1.50000","82.0","85.0"],["2","81.50000","0.50000","81.0","82.0"],["2","85.00000","0.00000","85.0","85.0"],["2","86.00000","2.00000","84.0","88.0"],["2","87.50000","0.50000","87.0","88.0"],["1","85.00000","0.00000","85.0","85.0"]],"timana0\/001\/temp_dry":[["2","10.90000","0.20000","10.7","11.1"],["2","10.80000","0.00000","10.8","10.8"],["2","10.80000","0.00000","10.8","10.8"],["2","10.85000","0.05000","10.8","10.9"],["2","10.90000","0.00000","10.9","10.9"],["2","10.90000","0.00000","10.9","10.9"],["2","10.85000","0.05000","10.8","10.9"],["2","10.80000","0.00000","10.8","10.8"],["2","10.75000","0.05000","10.7","10.8"],["2","10.80000","0.00000","10.8","10.8"],["1","10.80000","0.00000","10.8","10.8"],["2","10.65000","0.25000","10.4","10.9"],["2","9.80000","0.10000","9.7","9.9"],["2","9.65000","0.05000","9.6","9.7"],["2","9.65000","0.05000","9.6","9.7"],["2","9.60000","0.00000","9.6","9.6"],["2","9.30000","0.10000","9.2","9.4"],["2","9.20000","0.00000","9.2","9.2"],["2","9.10000","0.10000","9.0","9.2"],["2","9.00000","0.00000","9.0","9.0"],["2","8.85000","0.05000","8.8","8.9"],["2","9.00000","0.00000","9.0","9.0"],["2","8.90000","0.10000","8.8","9.0"],["2","8.50000","0.10000","8.4","8.6"],["2","8.75000","0.15000","8.6","8.9"],["2","8.75000","0.05000","8.7","8.8"],["2","8.50000","0.10000","8.4","8.6"],["2","8.05000","0.15000","7.9","8.2"],["2","7.55000","0.15000","7.4","7.7"],["2","7.30000","0.00000","7.3","7.3"],["2","7.30000","0.00000","7.3","7.3"],["2","7.10000","0.00000","7.1","7.1"],["2","7.20000","0.10000","7.1","7.3"],["2","7.25000","0.15000","7.1","7.4"],["2","7.05000","0.05000","7.0","7.1"],["2","7.55000","0.15000","7.4","7.7"],["2","7.70000","0.20000","7.5","7.9"],["2","8.30000","0.10000","8.2","8.4"],["2","8.65000","0.15000","8.5","8.8"],["2","9.05000","0.05000","9.0","9.1"],["2","9.45000","0.05000","9.4","9.5"],["2","9.85000","0.15000","9.7","10.0"],["2","10.65000","0.25000","10.4","10.9"],["2","11.30000","0.10000","11.2","11.4"],["2","11.55000","0.15000","11.4","11.7"],["2","11.85000","0.05000","11.8","11.9"],["2","12.05000","0.15000","11.9","12.2"],["2","12.85000","0.35000","12.5","13.2"],["2","13.95000","0.05000","13.9","14.0"],["2","14.85000","0.25000","14.6","15.1"],["2","16.20000","0.10000","16.1","16.3"],["2","17.05000","0.05000","17.0","17.1"],["2","17.35000","0.05000","17.3","17.4"],["2","17.45000","0.15000","17.3","17.6"],["2","17.30000","0.00000","17.3","17.3"],["2","17.95000","0.05000","17.9","18.0"],["2","18.55000","0.15000","18.4","18.7"],["2","18.85000","0.25000","18.6","19.1"],["2","18.45000","0.05000","18.4","18.5"],["2","18.40000","0.40000","18.0","18.8"],["2","18.85000","0.25000","18.6","19.1"],["2","19.60000","0.20000","19.4","19.8"],["2","19.35000","0.25000","19.1","19.6"],["2","19.50000","0.20000","19.3","19.7"],["2","19.95000","0.15000","19.8","20.1"],["1","20.20000","0.00000","20.2","20.2"],["2","20.80000","0.10000","20.7","20.9"],["2","20.65000","0.15000","20.5","20.8"],["2","20.45000","0.35000","20.1","20.8"],["2","20.65000","0.05000","20.6","20.7"],["2","20.45000","0.15000","20.3","20.6"],["2","20.70000","0.10000","20.6","20.8"],["2","20.95000","0.15000","20.8","21.1"],["2","21.05000","0.45000","20.6","21.5"],["2","21.50000","0.10000","21.4","21.6"],["2","22.20000","0.20000","22.0","22.4"],["2","22.50000","0.00000","22.5","22.5"],["2","22.75000","0.25000","22.5","23.0"],["2","22.45000","0.35000","22.1","22.8"],["2","22.70000","0.20000","22.5","22.9"],["2","22.80000","0.40000","22.4","23.2"],["2","23.10000","0.10000","23.0","23.2"],["2","22.85000","0.35000","22.5","23.2"],["2","22.90000","0.90000","22.0","23.8"],["2","24.20000","0.30000","23.9","24.5"],["2","24.70000","0.50000","24.2","25.2"],["2","26.30000","0.10000","26.2","26.4"],["2","25.60000","0.30000","25.3","25.9"],["2","26.75000","0.05000","26.7","26.8"],["2","24.70000","0.90000","23.8","25.6"],["2","24.15000","0.55000","23.6","24.7"],["2","24.05000","0.45000","23.6","24.5"],["1","23.30000","0.00000","23.3","23.3"]],