{"_t":[1381554000,1381640400,86400,144],"_i":["timana0\/006\/temp_dry","timana0\/006\/temp_wet"],"_@":{"temp":[10,40]},"timana0\/006\/temp_dry":{"0":["2","22.20000","0.00000","22.2","22.2"],"1":["2","22.10000","0.00000","22.1","22.1"],"2":["2","22.05000","0.05000","22.0","22.1"],"3":["2","21.95000","0.05000","21.9","22.0"],"4":["2","21.85000","0.05000","21.8","21.9"],"5":["2","21.75000","0.05000","21.7","21.8"],"6":["2","21.70000","0.00000","21.7","21.7"],"7":["2","21.60000","0.00000","21.6","21.6"],"8":["2","21.60000","0.00000","21.6","21.6"],"9":["2","21.45000","0.05000","21.4","21.5"],"10":["2","21.40000","0.00000","21.4","21.4"],"11":["2","21.30000","0.00000","21.3","21.3"],"12":["2","21.25000","0.05000","21.2","21.3"],"13":["2","21.20000","0.00000","21.2","21.2"],"14":["2","21.10000","0.00000","21.1","21.1"],"15":["2","21.00000","0.00000","21.0","21.0"],"16":["2","20.95000","0.05000","20.9","21.0"],"17":["2","20.90000","0.00000","20.9","20.9"],"18":["2","20.80000","0.00000","20.8","20.8"],"19":["2","20.70000","0.00000","20.7","20.7"],"20":["2","20.65000","0.05000","20.6","20.7"],"21":["2","20.60000","0.00000","20.6","20.6"],"22":["2","20.55000","0.05000","20.5","20.6"],"23":["2","20.40000","0.00000","20.4","20.4"],"24":["2","20.40000","0.00000","20.4","20.4"],"25":["2","20.35000","0.05000","20.3","20.4"],"26":["2","20.20000","0.00000","20.2","20.2"],"27":["2","20.20000","0.00000","20.2","20.2"],"28":["1","20.10000","0.00000","20.1","20.1"],"29":["2","20.10000","0.00000","20.1","20.1"],"30":["2","19.95000","0.05000","19.9","20.0"],"31":["2","19.90000","0.00000","19.9","19.9"],"32":["2","19.80000","0.00000","19.8","19.8"],"33":["2","19.80000","0.00000","19.8","19.8"],"34":["2","19.70000","0.00000","19.7","19.7"],"35":["2","19.70000","0.00000","19.7","19.7"],"36":["2","19.70000","0.00000","19.7","19.7"],"37":["2","19.70000","0.00000","19.7","19.7"],"38":["2","19.70000","0.00000","19.7","19.7"],"42":["1","19.10000","0.00000","19.1","19.1"],"45":["1","19.70000","0.00000","19.7","19.7"]},"timana0\/006\/temp_wet":{"0":["2","30.60000","0.00000","30.6","30.6"],"1":["2","30.55000","0.05000","30.5","30.6"],"2":["2","30.50000","0.00000","30.5","30.5"],"3":["2","30.40000","0.00000","30.4","30.4"],"4":["2","30.40000","0.00000","30.4","30.4"],"5":["2","30.30000","0.00000","30.3","30.3"],"6":["2","30.20000","0.00000","30.2","30.2"],"7":["2","30.20000","0.00000","30.2","30.2"],"8":["2","30.05000","0.05000","30.0","30.1"],"9":["2","30.00000","0.00000","30.0","30.0"],"10":["2","30.00000","0.00000","30.0","30.0"],"11":["2","29.90000","0.00000","29.9","29.9"],"12":["2","29.75000","0.05000","29.7","29.8"],"13":["2","29.65000","0.05000","29.6","29.7"],"14":["2","29.60000","0.00000","29.6","29.6"],"15":["2","29.50000","0.00000","29.5","29.5"],"16":["2","29.45000","0.05000","29.4","29.5"],"17":["2","29.35000","0.05000","29.3","29.4"],"18":["2","29.25000","0.05000","29.2","29.3"],"19":["2","29.20000","0.00000","29.2","29.2"],"20":["2","29.20000","0.00000","29.2","29.2"],"21":["2","29.10000","0.00000","29.1","29.1"],"22":["2","29.00000","0.10000","28.9","29.1"],"23":["2","28.90000","0.00000","28.9","28.9"],"24":["2","28.90000","0.00000","28.9","28.9"],"25":["2","28.80000","0.00000","28.8","28.8"],"26":["2","28.80000","0.00000","28.8","28.8"],"27":["2","28.80000","0.00000","28.8","28.8"],"28":["1","28.70000","0.00000","28.7","28.7"],"29":["2","28.65000","0.05000","28.6","28.7"],"30":["2","28.60000","0.00000","28.6","28.6"],"31":["2","28.50000","0.00000","28.5","28.5"],"32":["2","28.45000","0.05000","28.4","28.5"],"33":["2","28.40000","0.00000","28.4","28.4"],"34":["2","28.40000","0.00000","28.4","28.4"],"35":["2","28.45000","0.05000","28.4","28.5"],"36":["2","28.50000","0.00000","28.5","28.5"],"37":["2","28.50000","0.00000","28.5","28.5"],"38":["2","28.35000","0.05000","28.3","28.4"],"42":["1","24.30000","0.00000","24.3","24.3"],"45":["1","22.70000","0.00000","22.7","22.7"]}}