{"_t":[1364792400,1365310800,518400,168],"_i":["valentina\/003\/humidity","valentina\/003\/temp_dry","valentina\/003\/temp_wet"],"_@":{"humi":[50,110],"temp":[0,30]},"valentina\/003\/humidity":{"0":["10","94.70000","0.45826","94.0","95.0"],"1":["11","94.90909","0.51426","94.0","96.0"],"2":["10","95.00000","0.63246","94.0","96.0"],"3":["10","94.60000","0.48990","94.0","95.0"],"4":["10","94.90000","0.30000","94.0","95.0"],"5":["11","95.18182","0.38569","95.0","96.0"],"6":["10","95.20000","0.40000","95.0","96.0"],"7":["10","92.00000","3.34664","86.0","95.0"],"8":["11","79.00000","3.64318","73.0","84.0"],"9":["10","69.90000","2.11896","68.0","74.0"],"10":["10","66.70000","0.90000","65.0","68.0"],"11":["10","63.30000","3.34813","57.0","67.0"],"12":["11","66.27273","2.76639","59.0","70.0"],"13":["10","76.70000","11.59353","65.0","101.0"],"14":["10","71.40000","3.29242","63.0","75.0"],"15":["10","65.90000","2.07123","61.0","68.0"],"16":["8","66.00000","1.41421","64.0","68.0"],"22":["8","94.00000","0.00000","94.0","94.0"],"23":["11","94.36364","0.48105","94.0","95.0"],"24":["10","94.40000","0.48990","94.0","95.0"],"25":["10","95.00000","0.44721","94.0","96.0"],"26":["10","94.60000","0.48990","94.0","95.0"],"27":["11","95.00000","0.00000","95.0","95.0"],"28":["10","95.30000","0.45826","95.0","96.0"],"29":["10","95.30000","0.45826","95.0","96.0"],"30":["11","94.81818","0.38569","94.0","95.0"],"31":["10","95.40000","0.48990","95.0","96.0"],"32":["10","95.00000","0.44721","94.0","96.0"],"33":["10","95.10000","0.30000","95.0","96.0"],"34":["11","95.09091","0.51426","94.0","96.0"],"35":["10","94.40000","0.66332","93.0","95.0"],"36":["10","90.10000","2.73679","85.0","93.0"],"37":["10","78.80000","2.22711","76.0","83.0"],"38":["11","70.27273","2.83135","66.0","75.0"],"39":["10","66.50000","2.94109","61.0","72.0"],"40":["10","62.30000","1.48661","60.0","65.0"],"41":["10","62.00000","2.68328","57.0","67.0"],"42":["11","60.45455","2.23052","56.0","64.0"],"43":["10","62.00000","3.19374","57.0","67.0"],"44":["10","61.20000","3.12410","58.0","68.0"],"45":["10","69.30000","3.66197","64.0","75.0"],"46":["11","81.81818","2.69066","76.0","85.0"],"47":["10","84.40000","1.62481","82.0","86.0"],"48":["10","89.20000","1.53623","86.0","92.0"],"49":["11","93.00000","0.60302","92.0","94.0"],"50":["10","93.40000","0.80000","92.0","95.0"],"51":["10","93.70000","0.45826","93.0","94.0"],"52":["9","93.33333","0.47140","93.0","94.0"],"53":["11","94.27273","0.44536","94.0","95.0"],"54":["10","94.80000","0.40000","94.0","95.0"],"55":["10","94.90000","0.30000","94.0","95.0"],"56":["10","95.00000","0.63246","94.0","96.0"],"57":["11","95.18182","0.57496","94.0","96.0"],"58":["10","95.00000","0.44721","94.0","96.0"],"59":["10","95.20000","0.60000","94.0","96.0"],"60":["11","95.36364","0.48105","95.0","96.0"],"61":["10","95.60000","0.48990","95.0","96.0"],"62":["10","95.80000","0.40000","95.0","96.0"],"63":["9","96.11111","0.73703","95.0","97.0"],"64":["11","93.00000","1.75810","90.0","95.0"],"65":["8","76.00000","6.28490","67.0","85.0"],"66":["6","63.83333","1.86339","61.0","67.0"]},"valentina\/003\/temp_dry":{"0":["10","7.88000","0.06000","7.8","8.0"],"1":["11","7.77273","0.12856","7.6","8.0"],"2":["10","8.00000","0.47749","7.4","8.8"],"3":["10","8.74000","0.24980","8.2","9.0"],"4":["10","7.91000","0.08307","7.8","8.1"],"5":["11","7.60909","0.06680","7.5","7.7"],"6":["10","7.34000","0.06633","7.2","7.4"],"7":["10","8.85000","1.57750","7.2","11.8"],"8":["11","14.50000","1.18398","12.5","16.1"],"9":["10","17.59000","0.63000","16.1","18.4"],"10":["10","19.75000","0.86977","18.2","21.5"],"11":["10","22.23000","1.80447","19.4","24.5"],"12":["11","20.81818","0.71962","20.0","22.7"],"13":["10","19.73000","2.06981","15.8","22.3"],"14":["10","21.15000","0.93941","20.1","23.2"],"15":["10","21.38000","0.77563","20.6","22.6"],"16":["8","20.65000","0.48218","19.7","21.4"],"22":["8","12.88750","0.10533","12.7","13.0"],"23":["11","11.99091","0.41221","11.5","12.8"],"24":["10","10.83000","0.31639","10.4","11.4"],"25":["10","10.14000","0.12000","10.0","10.3"],"26":["10","9.65000","0.16882","9.3","9.9"],"27":["11","8.99091","0.18807","8.7","9.2"],"28":["10","8.56000","0.13565","8.4","8.8"],"29":["10","8.59000","0.08307","8.5","8.7"],"30":["11","8.36364","0.09791","8.3","8.6"],"31":["10","8.21000","0.08307","8.1","8.3"],"32":["10","8.32000","0.28914","8.0","8.7"],"33":["10","9.17000","0.17349","8.8","9.3"],"34":["11","9.19091","0.21086","8.9","9.5"],"35":["10","9.49000","0.49285","8.9","10.4"],"36":["10","12.28000","1.15914","10.7","14.4"],"37":["10","15.21000","0.20224","14.8","15.6"],"38":["11","17.17273","0.94397","15.9","18.9"],"39":["10","19.62000","1.07313","18.4","21.5"],"40":["10","22.69000","1.03388","21.0","23.9"],"41":["10","22.70000","0.90664","21.7","24.2"],"42":["11","23.61818","0.83863","22.6","25.0"],"43":["10","23.05000","1.52266","21.2","25.5"],"44":["10","25.09000","1.54690","23.1","27.8"],"45":["10","22.52000","1.36733","20.3","24.6"],"46":["11","17.89091","0.91498","16.7","19.8"],"47":["10","16.49000","0.64257","15.7","17.3"],"48":["10","14.58000","0.44227","13.8","15.2"],"49":["11","12.56364","0.48293","11.9","13.6"],"50":["10","11.73000","0.14866","11.5","11.9"],"51":["10","11.08000","0.14697","10.9","11.4"],"52":["9","10.75556","0.13426","10.5","10.9"],"53":["11","9.77273","0.34136","9.3","10.4"],"54":["10","9.29000","0.11358","9.0","9.4"],"55":["10","8.98000","0.16613","8.7","9.3"],"56":["10","8.61000","0.11358","8.5","8.9"],"57":["11","8.52727","0.22998","8.2","8.8"],"58":["10","8.25000","0.06708","8.1","8.3"],"59":["10","8.12000","0.08718","7.9","8.2"],"60":["11","7.78182","0.14025","7.6","8.0"],"61":["10","7.09000","0.28089","6.7","7.6"],"62":["10","7.00000","0.10954","6.8","7.2"],"63":["9","7.42222","0.46851","6.8","8.2"],"64":["11","10.19091","1.12852","8.4","12.0"],"65":["8","16.78750","1.78496","13.1","18.7"],"66":["6","19.38333","0.56100","18.6","20.2"]},"valentina\/003\/temp_wet":{"0":["10","7.45000","0.05000","7.4","7.5"],"1":["11","7.36364","0.09791","7.2","7.5"],"2":["10","7.60000","0.46476","7.1","8.4"],"3":["10","8.30000","0.25690","7.8","8.6"],"4":["10","7.50000","0.08944","7.4","7.7"],"5":["11","7.22727","0.06166","7.1","7.3"],"6":["10","6.96000","0.08000","6.8","7.1"],"7":["10","8.13000","1.21248","6.8","10.4"],"8":["11","12.19091","0.74279","10.8","13.2"],"9":["10","13.93000","0.40262","13.1","14.6"],"10":["10","15.43000","0.75372","14.0","16.8"],"11":["10","17.10000","1.27122","15.0","19.1"],"12":["11","16.30909","0.36295","15.7","16.9"],"13":["10","16.71000","0.71896","15.6","17.9"],"14":["10","17.39000","0.88255","16.1","19.5"],"15":["10","16.76000","0.56604","16.2","17.9"],"16":["8","16.16250","0.29128","15.6","16.7"],"22":["8","12.28750","0.10533","12.1","12.4"],"23":["11","11.49091","0.37039","11.0","12.2"],"24":["10","10.37000","0.29343","9.9","10.9"],"25":["10","9.74000","0.14967","9.5","10.0"],"26":["10","9.21000","0.17000","8.9","9.5"],"27":["11","8.59091","0.18807","8.3","8.8"],"28":["10","8.19000","0.15133","8.0","8.4"],"29":["10","8.22000","0.06000","8.1","8.3"],"30":["11","7.94545","0.10757","7.8","8.2"],"31":["10","7.85000","0.11180","7.7","8.0"],"32":["10","7.92000","0.30265","7.5","8.3"],"33":["10","8.78000","0.18330","8.4","9.0"],"34":["11","8.80000","0.21320","8.5","9.1"],"35":["10","9.03000","0.43139","8.5","9.8"],"36":["10","11.31000","0.84196","10.1","12.8"],"37":["10","12.85000","0.15652","12.6","13.0"],"38":["11","13.58182","0.53055","12.9","14.6"],"39":["10","15.28000","0.58447","14.5","16.3"],"40":["10","17.37000","0.81123","15.9","18.5"],"41":["10","17.34000","0.74726","16.3","18.5"],"42":["11","17.88182","0.52366","17.2","18.8"],"43":["10","17.62000","0.92499","16.6","19.5"],"44":["10","19.29000","1.05019","18.0","21.1"],"45":["10","18.30000","0.78994","17.0","19.3"],"46":["11","15.74545","0.52460","15.0","16.8"],"47":["10","14.73000","0.43139","14.2","15.4"],"48":["10","13.45000","0.28018","12.9","13.9"],