{"_t":[1377234000,1377320400,86400,144],"_i":["margaritas\/005\/humidity","margaritas\/005\/temperature"],"_@":{"humi":[30,50],"temp":[20,30]},"margaritas\/005\/humidity":{"52":["4","42.65000","1.79513","40.1","45.0"],"53":["12","38.86667","0.81887","37.3","40.3"],"54":["13","45.34615","1.72208","42.0","47.2"],"55":["13","41.66154","3.38902","35.8","45.8"],"56":["13","36.86154","3.04291","33.1","41.5"],"57":["12","42.85833","2.79775","38.6","48.3"],"58":["7","39.58571","2.87821","36.8","46.0"]},"margaritas\/005\/temperature":{"52":["4","22.12500","0.48670","21.4","22.7"],"53":["12","23.35000","0.37749","22.6","23.9"],"54":["13","21.16154","0.73016","20.4","22.5"],"55":["13","23.14615","1.27014","21.0","25.3"],"56":["13","24.60000","1.02131","23.1","25.9"],"57":["12","22.08333","1.13125","20.5","24.4"],"58":["7","23.60000","1.03510","21.8","24.8"]}}