{"_t":[1369198800,1371790800,2592000,240],"_i":["sanpedro\/003\/humidity","sanpedro\/003\/temperature"],"_@":{"humi":[40,100],"temp":[0,40]},"sanpedro\/003\/humidity":{"2":["13","79.34615","5.54736","74.9","89.7"],"3":["54","62.96481","2.66404","60.8","70.5"],"4":["92","72.31087","3.08783","64.9","79.4"],"5":["319","86.74326","3.37555","81.8","95.0"],"6":["36","90.56944","3.55784","86.5","94.8"],"7":["72","91.31667","3.45575","86.5","94.7"],"8":["53","90.51132","3.56782","86.3","94.7"],"9":["68","90.96176","3.52011","86.2","94.5"],"10":["278","83.77338","6.97847","69.6","95.0"],"12":["46","78.32826","2.40991","73.2","82.5"],"13":["232","87.01336","3.34632","82.2","94.8"],"14":["52","90.44038","3.63679","86.3","94.7"],"15":["34","90.46471","3.53827","86.3","94.6"],"16":["40","91.06000","3.39248","86.4","94.6"],"17":["42","90.22143","3.60578","86.3","94.6"],"18":["137","83.14672","5.26941","76.6","94.7"],"19":["108","68.88148","8.86629","54.6","95.0"],"20":["112","81.95804","1.51620","78.3","84.8"],"21":["203","87.12266","3.74983","82.8","95.1"],"22":["89","90.27191","3.62488","86.0","94.7"],"23":["81","90.46296","3.71232","86.0","94.3"],"24":["72","89.81667","3.61094","85.8","94.3"],"25":["140","87.94286","3.21612","85.8","94.2"],"26":["127","77.09606","9.65562","61.0","94.3"],"29":["84","74.05833","15.38166","56.3","94.9"],"30":["95","90.49684","3.53992","86.3","94.8"],"31":["64","90.29531","3.43349","86.2","94.5"],"32":["42","90.58095","3.29178","86.3","94.5"],"33":["53","90.42264","3.52996","86.2","94.5"],"34":["86","87.19186","3.67775","82.9","95.0"],"37":["174","82.32011","9.27022","65.9","94.7"],"38":["62","90.41613","3.59494","86.1","94.6"],"39":["94","89.86915","3.55130","86.0","94.3"],"40":["101","90.37723","3.52900","85.8","94.3"],"41":["45","87.52667","3.09741","85.8","94.0"],"42":["149","78.37315","8.54431","68.7","94.4"],"43":["93","61.83441","3.44488","56.0","72.5"],"45":["107","84.56916","6.66250","76.1","95.1"],"46":["75","90.77200","3.47519","86.3","94.9"],"47":["58","90.49483","3.53492","86.0","94.4"],"48":["53","89.87925","3.52561","85.9","94.2"],"49":["44","89.75455","3.59270","86.0","94.3"],"50":["148","83.68581","7.65332","71.5","95.3"],"52":["184","79.35815","11.76769","62.1","94.9"],"53":["187","87.33422","2.50375","83.5","94.9"],"54":["40","91.26000","3.21371","86.2","94.7"],"55":["112","89.09911","3.60819","86.0","94.4"],"56":["118","88.91102","3.52780","85.8","94.3"],"57":["54","89.25556","3.60923","85.7","94.1"],"58":["65","89.97385","3.83599","85.7","94.8"],"60":["12","89.84167","3.43231","86.5","94.8"],"61":["208","75.14423","12.71721","54.9","94.1"],"62":["53","90.83019","3.34430","86.2","94.8"],"63":["107","89.23832","3.52955","85.9","94.4"],"64":["113","87.81150","3.27713","85.8","94.1"],"65":["58","89.13793","3.61915","85.8","94.1"],"66":["273","78.97436","10.97862","60.1","94.3"],"67":["369","56.31436","6.43070","47.4","75.0"],"68":["326","69.88957","4.32527","62.1","78.2"],"69":["317","83.40410","3.77285","76.9","92.6"],"70":["59","89.47966","2.85490","86.6","92.5"],"71":["48","89.27500","2.85252","86.4","92.3"],"72":["51","88.62157","2.79413","86.3","92.1"],"73":["96","88.23854","2.78980","86.0","92.1"],"74":["476","77.79979","8.81930","62.8","92.6"],"75":["220","83.62500","5.81516","73.7","92.5"],"76":["490","72.13694","13.30838","45.4","92.5"],"77":["672","73.81057","9.19078","57.7","92.4"],"78":["137","87.03285","2.36788","84.2","92.3"],"79":["60","88.71333","2.83364","86.1","92.1"],"80":["171","86.94561","2.22677","85.8","91.8"],"81":["186","86.81075","2.28807","85.6","91.6"],"82":["195","82.66718","5.23746","75.1","92.1"],"83":["273","57.19341","9.35227","42.1","74.6"],"84":["222","51.61216","7.91612","41.2","70.3"],"85":["203","71.63645","12.06036","51.5","92.7"],"86":["30","89.00667","2.85633","86.4","92.5"],"87":["76","88.50789","2.87035","86.0","92.1"],"88":["59","88.46441","2.84508","85.9","91.7"],"89":["106","87.15472","2.38067","85.8","91.7"],"90":["452","72.62190","10.61735","55.7","92.7"],"91":["276","56.11993","4.65786","48.6","70.3"],"92":["161","60.45714","13.61054","40.1","80.7"],"93":["433","74.89677","10.60866","48.7","92.4"],"94":["92","89.03043","2.84226","86.3","92.4"],"95":["53","88.85283","2.80132","86.3","92.2"],"123":["16","46.01250","1.42648","43.1","47.9"],"124":["166","77.12771","8.79840","61.9","88.7"],"125":["140","86.18286","3.86715","81.8","94.8"],"126":["50","90.24200","3.40553","86.3","94.6"],"127":["90","88.67222","3.51644","86.0","94.5"],"128":["76","89.76053","3.65596","85.9","94.3"],"129":["57","90.20702","3.46197","86.1","94.3"],"130":["163","82.18405","8.12401","71.2","94.7"],"131":["58","83.17241","2.21436","80.2","90.6"],"133":["211","73.08436","13.80312","49.2","91.3"],"134":["159","86.44654","5.04687","78.7","94.6"],"135":["127","88.43228","3.38570","86.1","94.5"],"136":["275","87.83127","3.12416","85.9","94.2"],"137":["320","87.10875","2.67326","85.8","94.1"],"138":["244","86.16885","5.05784","77.5","94.7"],"141":["55","72.56909","6.23555","66.5","80.9"],"142":["257","80.91790","8.80797","70.3","94.6"],"143":["71","88.75070","3.43125","86.1","94.6"],"144":["10","88.90000","3.47966","86.1","94.3"],"172":["57","82.08421","4.15856","77.0","90.9"],"173":["179","81.61899","5.80007","73.3","94.9"],"174":["33","90.84545","3.49832","86.6","94.9"],"175":["77","90.29610","3.64921","86.1","94.7"],"176":["89","88.51798","3.46594","85.8","94.2"],"177":["101","87.80990","3.18774","85.8","94.1"],"178":["99","89.61717","3.58845","85.9","94.7"],"181":["412","81.86942","8.68792","61.2","95.1"],"182":["107","90.66262","3.34266","86.2","94.9"],"183":["62","90.00000","3.63180","86.1","94.5"],"184":["104","89.33077","3.62905","85.9","94.4"],"185":["260","87.84500","3.24965","85.8","94.1"],"186":["205","86.27756","5.37271","76.1","94.3"],"187":["93","52.95054","3.49850","46.0","59.6"],"189":["216","68.07083","5.29589","59.0","79.2"],"190":["66","90.82576","3.41162","86.4","94.7"],"191":["46","90.05435","3.67688","86.2","94.5"],"192":["42","89.57381","3.55562","86.2","94.4"],"193":["96","89.08333","3.55222","85.9","94.4"],"194":["107","78.25701","14.36905","59.8","94.6"],"197":["220","83.33091","6.19728","71.3","94.6"],"198":["54","90.67593","3.48637","86.5","94.8"],"199":["54","90.94444","3.48423","86.4","94.7"],"200":["75","89.68133","3.64892","86.0","94.6"],"201":["170","87.31294","2.90338","85.7","94.3"],"202":["313","84.87955","6.30532","70.7","94.7"],"204":["59","77.81186","2.31554","75.1","82.8"],"205":["194","81.26804","8.89795","61.9","94.9"],"206":["89","90.10225","3.51021","86.1","94.8"],"207":["68","88.88382","3.41009","86.0","94.3"],"208":["125","88.97600","3.54460","85.8","94.2"],"209":["103","88.79515","3.38286","85.9","94.1"],"210":["55","90.19091","3.64773","86.1","94.6"],"213":["164","87.94512","3.43336","83.6","95.1"],"214":["80","90.46750","3.53895","86.2","95.0"],"215":["83","90.08554","3.49344","86.0","94.5"],"216":["130","88.18154","3.46336","85.7","94.2"]},"sanpedro\/003\/temperature":{"2":["13","16.63846","0.42161","16.3","17.4"],"3":["54","19.62963","0.96698","18.9","21.6"],"4":["92","19.29239","1.06977","18.3","22.4"],"5":["319","14.96803","0.88550","12.9","17.0"],"6":["36","12.62222","0.63382","11.7","14.0"],"7":["72","12.42500","0.41256","11.8","13.1"],"8":["53","11.62642","0.62015","10.5","13.0"],"9":["68","11.55735","0.63508","9.6","12.3"],"10":["278","15.37014","2.16666","9.7","18.3"],"12":["46","18.51522","1.01467","17.3","20.6"],"13":["232","14.41466","0.79717","12.1","16.3"],"14":["52","11.20769","0.69333","10.0","12.7"],"15":["34","11.72059","0.53235","10.7","12.6"],"16":["40","11.87000","0.39887","11.3","12.4"],"17":["42","11.44762","0.56071","10.4","12.4"],"18":["137","15.72190","1.90526","11.3","19.3"],"19":["108","19.09352","2.74480","13.3","27.8"],"20":["112","16.58929","0.97233","15.7","19.0"],"21":["203","15.55419","0.71433","12.9","16.5"],"22":["89","10.84494","1.32690","8.5","13.4"],"23":["81","9.62716","0.69956","8.3","10.6"],