{"_t":[1380603600,1383195600,2592000,240],"_i":["timana0\/005\/tension"],"_@":{"tens":[0,30]},"timana0\/005\/tension":{"5":["13","12.95385","0.04985","12.9","13.0"],"6":["35","12.97429","0.04371","12.9","13.0"],"7":["35","12.91429","0.03499","12.9","13.0"],"8":["36","12.90000","0.00000","12.9","12.9"],"9":["35","12.90000","0.00000","12.9","12.9"],"10":["7","12.87143","0.04518","12.8","12.9"],"13":["17","12.89412","0.04159","12.8","13.0"],"14":["35","12.90286","0.01666","12.9","13.0"],"15":["35","12.90000","0.00000","12.9","12.9"],"16":["36","12.90000","0.00000","12.9","12.9"],"17":["35","12.90000","0.00000","12.9","12.9"],"18":["6","12.86667","0.04714","12.8","12.9"],"24":["11","12.90000","0.00000","12.9","12.9"],"25":["35","12.90000","0.00000","12.9","12.9"],"26":["36","16.89167","4.71483","8.1","21.1"],"27":["36","19.59444","2.84478","8.1","21.8"],"28":["35","20.10571","1.70041","12.9","22.3"],"29":["34","13.39706","3.79299","7.9","20.8"],"30":["35","12.90286","0.01666","12.9","13.0"],"31":["34","12.90000","0.00000","12.9","12.9"],"32":["35","12.90000","0.00000","12.9","12.9"],"33":["35","12.89143","0.02799","12.8","12.9"],"34":["6","12.88333","0.03727","12.8","12.9"],"50":["8","19.90000","0.56125","18.9","20.7"],"51":["36","18.46667","4.15458","7.9","21.9"],"52":["8","12.06250","4.67438","7.9","19.4"],"58":["1","12.90000","0.00000","12.9","12.9"],"59":["29","20.81379","1.68026","12.9","22.5"],"60":["36","19.59722","3.17127","12.9","22.5"],"61":["35","16.29143","3.77158","8.5","21.8"],"62":["35","12.92571","0.04371","12.9","13.0"],"63":["35","12.90000","0.00000","12.9","12.9"],"64":["36","12.90000","0.00000","12.9","12.9"],"65":["35","12.89714","0.01666","12.8","12.9"],"66":["35","19.22571","3.24058","12.8","21.8"],"67":["36","20.31111","1.43793","12.9","22.5"],"68":["35","20.11429","1.53533","12.9","22.2"],"69":["36","16.25278","4.88168","7.9","21.8"],"70":["35","12.90571","0.02321","12.9","13.0"],"71":["36","12.90000","0.00000","12.9","12.9"],"72":["35","12.90000","0.00000","12.9","12.9"],"73":["35","12.90000","0.00000","12.9","12.9"],"74":["35","18.67143","3.88628","8.1","21.6"],"75":["36","20.95278","1.45954","12.9","22.2"],"76":["36","20.70278","1.50711","12.9","22.3"],"77":["35","16.34286","2.91403","12.9","20.3"],"78":["36","12.94167","0.04930","12.9","13.0"],"79":["35","12.91714","0.03769","12.9","13.0"],"80":["35","12.90286","0.01666","12.9","13.0"],"81":["36","12.90000","0.00000","12.9","12.9"],"82":["6","12.90000","0.00000","12.9","12.9"],"85":["15","12.64667","0.94789","9.1","12.9"],"86":["36","12.91667","0.03727","12.9","13.0"],"87":["35","12.90857","0.02799","12.9","13.0"],"88":["36","12.90278","0.01643","12.9","13.0"],"89":["35","12.90000","0.00000","12.9","12.9"],"90":["6","12.90000","0.00000","12.9","12.9"],"93":["15","12.91333","0.03399","12.9","13.0"],"94":["4","12.97500","0.04330","12.9","13.0"],"114":["4","17.52500","4.17156","10.3","20.0"],"115":["36","19.76944","2.11920","12.0","21.9"],"116":["35","18.88571","3.98556","7.8","22.2"],"117":["23","13.64783","5.02220","7.9","20.6"],"119":["35","12.69429","0.03332","12.6","12.8"],"120":["35","12.76000","0.09621","12.6","12.9"],"121":["35","12.66857","0.04642","12.6","12.7"],"122":["9","13.96667","2.00444","12.9","18.1"],"171":["7","20.57143","0.37688","19.9","21.1"],"172":["21","17.95714","3.83537","7.9","22.1"],"179":["3","21.00000","0.85245","19.8","21.7"],"187":["12","17.57500","3.57354","9.7","21.2"]}}