{"_t":[1367186400,1367272800,86400,240],"_i":["sanpedro\/006\/VoltR"],"_@":{"Volt":[0,140]},"sanpedro\/006\/VoltR":{"0":["1","0.00000","0.00000","0.0","0.0"],"1":["1","0.00000","0.00000","0.0","0.0"],"2":["1","0.00000","0.00000","0.0","0.0"],"3":["2","0.00000","0.00000","0.0","0.0"],"4":["1","0.00000","0.00000","0.0","0.0"],"5":["1","0.00000","0.00000","0.0","0.0"],"6":["1","0.00000","0.00000","0.0","0.0"],"7":["1","0.00000","0.00000","0.0","0.0"],"8":["1","0.00000","0.00000","0.0","0.0"],"9":["2","0.00000","0.00000","0.0","0.0"],"10":["1","0.00000","0.00000","0.0","0.0"],"11":["1","0.00000","0.00000","0.0","0.0"],"12":["1","0.00000","0.00000","0.0","0.0"],"13":["1","0.00000","0.00000","0.0","0.0"],"14":["2","0.00000","0.00000","0.0","0.0"],"15":["1","0.00000","0.00000","0.0","0.0"],"16":["1","0.00000","0.00000","0.0","0.0"],"17":["1","0.00000","0.00000","0.0","0.0"],"18":["1","0.00000","0.00000","0.0","0.0"],"19":["2","0.00000","0.00000","0.0","0.0"],"20":["1","0.00000","0.00000","0.0","0.0"],"21":["1","0.00000","0.00000","0.0","0.0"],"22":["1","0.00000","0.00000","0.0","0.0"],"23":["1","0.00000","0.00000","0.0","0.0"],"24":["2","0.00000","0.00000","0.0","0.0"],"25":["1","0.00000","0.00000","0.0","0.0"],"26":["1","0.00000","0.00000","0.0","0.0"],"27":["1","0.00000","0.00000","0.0","0.0"],"28":["1","0.00000","0.00000","0.0","0.0"],"29":["2","0.00000","0.00000","0.0","0.0"],"30":["1","0.00000","0.00000","0.0","0.0"],"31":["1","0.00000","0.00000","0.0","0.0"],"32":["1","0.00000","0.00000","0.0","0.0"],"33":["1","0.00000","0.00000","0.0","0.0"],"34":["2","0.00000","0.00000","0.0","0.0"],"35":["1","0.00000","0.00000","0.0","0.0"],"36":["1","0.00000","0.00000","0.0","0.0"],"37":["1","0.00000","0.00000","0.0","0.0"],"38":["1","0.00000","0.00000","0.0","0.0"],"39":["2","0.00000","0.00000","0.0","0.0"],"40":["1","0.00000","0.00000","0.0","0.0"],"41":["1","0.00000","0.00000","0.0","0.0"],"42":["1","0.00000","0.00000","0.0","0.0"],"43":["1","0.00000","0.00000","0.0","0.0"],"44":["2","0.00000","0.00000","0.0","0.0"],"45":["1","0.00000","0.00000","0.0","0.0"],"46":["1","0.00000","0.00000","0.0","0.0"],"47":["1","0.00000","0.00000","0.0","0.0"],"48":["1","0.00000","0.00000","0.0","0.0"],"49":["2","0.00000","0.00000","0.0","0.0"],"50":["1","0.00000","0.00000","0.0","0.0"],"51":["1","0.00000","0.00000","0.0","0.0"],"52":["1","0.00000","0.00000","0.0","0.0"],"53":["1","0.00000","0.00000","0.0","0.0"],"54":["2","0.00000","0.00000","0.0","0.0"],"55":["1","0.00000","0.00000","0.0","0.0"],"56":["1","0.00000","0.00000","0.0","0.0"],"57":["1","0.00000","0.00000","0.0","0.0"],"58":["1","0.00000","0.00000","0.0","0.0"],"59":["2","0.00000","0.00000","0.0","0.0"],"60":["1","0.00000","0.00000","0.0","0.0"],"61":["1","0.00000","0.00000","0.0","0.0"],"62":["1","0.00000","0.00000","0.0","0.0"],"63":["1","0.00000","0.00000","0.0","0.0"],"64":["2","0.00000","0.00000","0.0","0.0"],"65":["1","0.00000","0.00000","0.0","0.0"],"66":["1","0.00000","0.00000","0.0","0.0"],"67":["1","0.00000","0.00000","0.0","0.0"],"68":["1","0.00000","0.00000","0.0","0.0"],"69":["1","0.00000","0.00000","0.0","0.0"],"70":["2","0.00000","0.00000","0.0","0.0"],"71":["1","0.00000","0.00000","0.0","0.0"],"72":["1","0.00000","0.00000","0.0","0.0"],"73":["1","0.00000","0.00000","0.0","0.0"],"74":["1","0.00000","0.00000","0.0","0.0"],"75":["2","0.00000","0.00000","0.0","0.0"],"76":["1","0.00000","0.00000","0.0","0.0"],"77":["1","0.00000","0.00000","0.0","0.0"],"78":["1","0.00000","0.00000","0.0","0.0"],"79":["1","0.00000","0.00000","0.0","0.0"],"80":["2","0.00000","0.00000","0.0","0.0"],"81":["1","0.00000","0.00000","0.0","0.0"],"82":["1","0.00000","0.00000","0.0","0.0"],"83":["1","0.00000","0.00000","0.0","0.0"],"84":["1","0.00000","0.00000","0.0","0.0"],"85":["2","0.00000","0.00000","0.0","0.0"],"86":["1","0.00000","0.00000","0.0","0.0"],"87":["1","0.00000","0.00000","0.0","0.0"],"88":["1","0.00000","0.00000","0.0","0.0"],"89":["1","0.00000","0.00000","0.0","0.0"],"90":["2","0.00000","0.00000","0.0","0.0"],"91":["1","0.00000","0.00000","0.0","0.0"],"92":["1","0.00000","0.00000","0.0","0.0"],"93":["1","0.00000","0.00000","0.0","0.0"],"94":["1","0.00000","0.00000","0.0","0.0"],"95":["2","0.00000","0.00000","0.0","0.0"],"96":["1","0.00000","0.00000","0.0","0.0"],"97":["1","0.00000","0.00000","0.0","0.0"],"98":["1","0.00000","0.00000","0.0","0.0"],"99":["1","0.00000","0.00000","0.0","0.0"],"100":["2","0.00000","0.00000","0.0","0.0"],"101":["1","0.00000","0.00000","0.0","0.0"],"102":["1","0.00000","0.00000","0.0","0.0"],"103":["1","0.00000","0.00000","0.0","0.0"],"104":["1","0.00000","0.00000","0.0","0.0"],"105":["2","0.00000","0.00000","0.0","0.0"],"106":["1","0.00000","0.00000","0.0","0.0"],"107":["1","0.00000","0.00000","0.0","0.0"],"108":["1","0.00000","0.00000","0.0","0.0"],"109":["1","0.00000","0.00000","0.0","0.0"],"110":["1","0.00000","0.00000","0.0","0.0"],"111":["2","0.00000","0.00000","0.0","0.0"],"112":["1","0.00000","0.00000","0.0","0.0"],"113":["1","0.00000","0.00000","0.0","0.0"],"114":["1","0.00000","0.00000","0.0","0.0"],"115":["1","0.00000","0.00000","0.0","0.0"],"116":["2","0.00000","0.00000","0.0","0.0"],"117":["3","2.00000","2.82843","0.0","6.0"],"118":["1","0.00000","0.00000","0.0","0.0"],"119":["1","0.00000","0.00000","0.0","0.0"],"120":["1","0.00000","0.00000","0.0","0.0"],"121":["1","0.00000","0.00000","0.0","0.0"],"122":["2","0.00000","0.00000","0.0","0.0"],"123":["1","0.00000","0.00000","0.0","0.0"],"124":["1","0.00000","0.00000","0.0","0.0"],"125":["1","0.00000","0.00000","0.0","0.0"],"126":["1","0.00000","0.00000","0.0","0.0"],"127":["2","0.00000","0.00000","0.0","0.0"],"128":["1","0.00000","0.00000","0.0","0.0"],"129":["1","0.00000","0.00000","0.0","0.0"],"130":["1","0.00000","0.00000","0.0","0.0"],"131":["1","0.00000","0.00000","0.0","0.0"],"132":["2","0.00000","0.00000","0.0","0.0"],"133":["1","0.00000","0.00000","0.0","0.0"],"134":["1","0.00000","0.00000","0.0","0.0"],"135":["1","0.00000","0.00000","0.0","0.0"],"136":["1","0.00000","0.00000","0.0","0.0"],"137":["2","0.00000","0.00000","0.0","0.0"],"138":["1","0.00000","0.00000","0.0","0.0"],"139":["1","0.00000","0.00000","0.0","0.0"],"140":["1","0.00000","0.00000","0.0","0.0"],"141":["1","0.00000","0.00000","0.0","0.0"],"142":["2","0.00000","0.00000","0.0","0.0"],"143":["1","0.00000","0.00000","0.0","0.0"],"144":["1","0.00000","0.00000","0.0","0.0"],"145":["1","0.00000","0.00000","0.0","0.0"],"146":["1","0.00000","0.00000","0.0","0.0"],"147":["2","0.00000","0.00000","0.0","0.0"],"148":["1","0.00000","0.00000","0.0","0.0"],"149":["1","0.00000","0.00000","0.0","0.0"],"150":["1","0.00000","0.00000","0.0","0.0"],"151":["1","0.00000","0.00000","0.0","0.0"],"152":["2","0.00000","0.00000","0.0","0.0"],"153":["1","0.00000","0.00000","0.0","0.0"],"154":["1","0.00000","0.00000","0.0","0.0"],"155":["1","0.00000","0.00000","0.0","0.0"],"156":["1","0.00000","0.00000","0.0","0.0"],"157":["2","0.00000","0.00000","0.0","0.0"],"158":["1","0.00000","0.00000","0.0","0.0"],"159":["1","0.00000","0.00000","0.0","0.0"],"160":["1","0.00000","0.00000","0.0","0.0"],"161":["1","0.00000","0.00000","0.0","0.0"],"162":["1","0.00000","0.00000","0.0","0.0"],"163":["2","0.00000","0.00000","0.0","0.0"],"164":["1","0.00000","0.00000","0.0","0.0"],"165":["1","0.00000","0.00000","0.0","0.0"],"166":["1","0.00000","0.00000","0.0","0.0"],"167":["1","0.00000","0.00000","0.0","0.0"],"168":["5","81.80000","66.79042","0.0","137.0"],"169":["13","105.76923","57.93385","0.0","138.0"],"170":["1","0.00000","0.00000","0.0","0.0"],"171":["1","0.00000","0.00000","0.0","0.0"],"172":["2","0.00000","0.00000","0.0","0.0"],"173":["1","0.00000","0.00000","0.0","0.0"],"174":["1","0.00000","0.00000","0.0","0.0"],"175":["1","0.00000","0.00000","0.0","0.0"],"179":["1","0.00000","0.00000","0.0","0.0"],"180":["3","87.33333","61.77558","0.0","133.0"],"181":["3","44.66667","63.16821","0.0","134.0"],"182":["1","0.00000","0.00000","0.0","0.0"],"183":["1","0.00000","0.00000","0.0","0.0"],