{"_t":[1366031100,1366032900,1800,144],"_i":["sanpedro\/002\/humidity","sanpedro\/002\/temperature","sanpedro\/003\/humidity","sanpedro\/003\/temperature","sanpedro\/004\/humidity","sanpedro\/004\/temp_dry","sanpedro\/004\/temp_wet","sanpedro\/005\/humidity","sanpedro\/005\/temperature"],"_@":{"humi":[80,100],"temp":[10,20]},"sanpedro\/004\/humidity":{"0":["1","89.00000","0.00000","89.0","89.0"],"7":["1","88.00000","0.00000","88.0","88.0"],"8":["1","89.00000","0.00000","89.0","89.0"],"9":["1","88.00000","0.00000","88.0","88.0"],"21":["1","88.00000","0.00000","88.0","88.0"],"22":["2","87.50000","0.50000","87.0","88.0"],"25":["1","87.00000","0.00000","87.0","87.0"],"28":["1","88.00000","0.00000","88.0","88.0"],"29":["1","87.00000","0.00000","87.0","87.0"],"30":["2","87.50000","0.50000","87.0","88.0"],"32":["1","87.00000","0.00000","87.0","87.0"],"33":["1","86.00000","0.00000","86.0","86.0"],"35":["1","87.00000","0.00000","87.0","87.0"],"36":["1","86.00000","0.00000","86.0","86.0"],"37":["2","85.50000","0.50000","85.0","86.0"],"40":["1","86.00000","0.00000","86.0","86.0"],"41":["1","85.00000","0.00000","85.0","85.0"],"45":["2","85.50000","0.50000","85.0","86.0"],"46":["1","85.00000","0.00000","85.0","85.0"]},"sanpedro\/004\/temp_dry":{"0":["1","14.80000","0.00000","14.8","14.8"],"7":["1","14.90000","0.00000","14.9","14.9"],"8":["1","14.90000","0.00000","14.9","14.9"],"9":["1","15.00000","0.00000","15.0","15.0"],"21":["1","15.10000","0.00000","15.1","15.1"],"22":["2","15.20000","0.00000","15.2","15.2"],"25":["1","15.30000","0.00000","15.3","15.3"],"28":["1","15.30000","0.00000","15.3","15.3"],"29":["1","15.40000","0.00000","15.4","15.4"],"30":["2","15.45000","0.05000","15.4","15.5"],"32":["1","15.60000","0.00000","15.6","15.6"],"33":["1","15.70000","0.00000","15.7","15.7"],"35":["1","15.70000","0.00000","15.7","15.7"],"36":["1","15.80000","0.00000","15.8","15.8"],"37":["2","15.90000","0.00000","15.9","15.9"],"40":["1","15.80000","0.00000","15.8","15.8"],"41":["1","15.90000","0.00000","15.9","15.9"],"45":["2","16.00000","0.00000","16.0","16.0"],"46":["1","16.10000","0.00000","16.1","16.1"]},"sanpedro\/004\/temp_wet":{"0":["1","13.60000","0.00000","13.6","13.6"],"7":["1","13.60000","0.00000","13.6","13.6"],"8":["1","13.70000","0.00000","13.7","13.7"],"9":["1","13.70000","0.00000","13.7","13.7"],"21":["1","13.80000","0.00000","13.8","13.8"],"22":["2","13.85000","0.05000","13.8","13.9"],"25":["1","13.90000","0.00000","13.9","13.9"],"28":["1","14.00000","0.00000","14.0","14.0"],"29":["1","14.00000","0.00000","14.0","14.0"],"30":["2","14.10000","0.00000","14.1","14.1"],"32":["1","14.20000","0.00000","14.2","14.2"],"33":["1","14.20000","0.00000","14.2","14.2"],"35":["1","14.30000","0.00000","14.3","14.3"],"36":["1","14.30000","0.00000","14.3","14.3"],"37":["2","14.30000","0.00000","14.3","14.3"],"40":["1","14.30000","0.00000","14.3","14.3"],"41":["1","14.30000","0.00000","14.3","14.3"],"45":["2","14.35000","0.05000","14.3","14.4"],"46":["1","14.40000","0.00000","14.4","14.4"]},"sanpedro\/002\/humidity":{"2":["1","86.80000","0.00000","86.8","86.8"],"3":["1","92.60000","0.00000","92.6","92.6"],"6":["1","94.90000","0.00000","94.9","94.9"],"8":["1","86.80000","0.00000","86.8","86.8"],"11":["1","86.80000","0.00000","86.8","86.8"],"12":["2","93.75000","1.15000","92.6","94.9"],"15":["1","92.60000","0.00000","92.6","92.6"],"16":["1","86.80000","0.00000","86.8","86.8"],"17":["1","92.60000","0.00000","92.6","92.6"],"20":["1","86.80000","0.00000","86.8","86.8"],"21":["1","94.90000","0.00000","94.9","94.9"],"22":["1","92.60000","0.00000","92.6","92.6"],"25":["2","93.80000","1.10000","92.7","94.9"],"26":["1","86.80000","0.00000","86.8","86.8"],"28":["1","94.90000","0.00000","94.9","94.9"],"29":["1","92.70000","0.00000","92.7","92.7"],"30":["1","86.80000","0.00000","86.8","86.8"],"31":["2","86.55000","0.05000","86.5","86.6"],"32":["2","86.70000","0.10000","86.6","86.8"],"33":["2","90.95000","4.05000","86.9","95.0"],"35":["2","89.80000","2.90000","86.9","92.7"],"36":["1","95.00000","0.00000","95.0","95.0"],"37":["1","86.60000","0.00000","86.6","86.6"],"38":["3","85.46667","0.24944","85.2","85.8"],"39":["1","85.10000","0.00000","85.1","85.1"],"40":["1","85.00000","0.00000","85.0","85.0"],"41":["3","88.00000","3.32966","85.4","92.7"],"42":["2","86.40000","0.10000","86.3","86.5"],"43":["2","86.65000","0.05000","86.6","86.7"],"44":["2","86.40000","0.10000","86.3","86.5"],"45":["3","85.86667","0.09428","85.8","86.0"],"46":["2","90.30000","4.70000","85.6","95.0"],"47":["2","85.70000","0.00000","85.7","85.7"]},"sanpedro\/002\/temperature":{"2":["1","15.10000","0.00000","15.1","15.1"],"3":["1","15.50000","0.00000","15.5","15.5"],"6":["1","15.50000","0.00000","15.5","15.5"],"8":["1","15.20000","0.00000","15.2","15.2"],"11":["1","15.30000","0.00000","15.3","15.3"],"12":["2","15.65000","0.05000","15.6","15.7"],"15":["1","15.80000","0.00000","15.8","15.8"],"16":["1","15.40000","0.00000","15.4","15.4"],"17":["1","15.90000","0.00000","15.9","15.9"],"20":["1","15.50000","0.00000","15.5","15.5"],"21":["1","15.80000","0.00000","15.8","15.8"],"22":["1","16.10000","0.00000","16.1","16.1"],"25":["2","16.05000","0.15000","15.9","16.2"],"26":["1","15.60000","0.00000","15.6","15.6"],"28":["1","16.00000","0.00000","16.0","16.0"],"29":["1","16.30000","0.00000","16.3","16.3"],"30":["1","15.70000","0.00000","15.7","15.7"],"31":["2","15.70000","0.00000","15.7","15.7"],"32":["2","15.70000","0.00000","15.7","15.7"],"33":["2","15.90000","0.20000","15.7","16.1"],"35":["2","16.15000","0.35000","15.8","16.5"],"36":["1","16.20000","0.00000","16.2","16.2"],"37":["1","15.80000","0.00000","15.8","15.8"],"38":["3","15.83333","0.04714","15.8","15.9"],"39":["1","15.90000","0.00000","15.9","15.9"],"40":["1","15.90000","0.00000","15.9","15.9"],"41":["3","16.20000","0.35590","15.9","16.7"],"42":["2","16.00000","0.00000","16.0","16.0"],"43":["2","16.00000","0.00000","16.0","16.0"],"44":["2","16.10000","0.00000","16.1","16.1"],"45":["3","16.13333","0.04714","16.1","16.2"],"46":["2","16.35000","0.15000","16.2","16.5"],"47":["2","16.25000","0.05000","16.2","16.3"]}}