{"_t":[1365989640,1366076040,86400,144],"_i":["valentina\/002\/humidity","valentina\/002\/temperature"],"_@":{"humi":[40,90],"temp":[0,40]},"valentina\/002\/humidity":{"40":["1","86.40000","0.00000","86.4","86.4"],"41":["2","86.40000","0.00000","86.4","86.4"],"42":["2","86.40000","0.00000","86.4","86.4"],"43":["2","86.40000","0.00000","86.4","86.4"],"44":["3","84.96667","2.02704","82.1","86.4"],"45":["2","86.30000","0.00000","86.3","86.3"],"46":["2","86.30000","0.00000","86.3","86.3"],"47":["2","86.30000","0.00000","86.3","86.3"],"48":["3","84.86667","2.02704","82.0","86.3"],"49":["2","86.30000","0.00000","86.3","86.3"],"50":["2","86.30000","0.00000","86.3","86.3"],"51":["2","86.30000","0.00000","86.3","86.3"],"52":["2","86.20000","0.00000","86.2","86.2"],"53":["2","86.15000","0.05000","86.1","86.2"],"54":["3","84.73333","2.00389","81.9","86.2"],"55":["2","86.30000","0.00000","86.3","86.3"],"56":["2","86.30000","0.00000","86.3","86.3"],"57":["2","86.30000","0.00000","86.3","86.3"],"58":["2","86.40000","0.00000","86.4","86.4"],"59":["3","85.00000","2.05102","82.1","86.5"],"60":["2","86.50000","0.00000","86.5","86.5"],"61":["2","86.10000","0.50000","85.6","86.6"],"62":["2","85.55000","0.45000","85.1","86.0"],"63":["2","82.90000","0.90000","82.0","83.8"],"64":["3","83.10000","1.20277","82.2","84.8"],"65":["2","86.40000","0.30000","86.1","86.7"],"66":["2","86.65000","0.05000","86.6","86.7"],"67":["2","86.70000","0.00000","86.7","86.7"],"68":["2","84.60000","2.10000","82.5","86.7"],"69":["2","86.70000","0.00000","86.7","86.7"],"70":["2","83.65000","3.05000","80.6","86.7"],"71":["2","69.30000","0.20000","69.1","69.5"],"72":["2","68.65000","0.35000","68.3","69.0"],"73":["2","66.80000","0.30000","66.5","67.1"],"74":["2","66.25000","2.35000","63.9","68.6"],"75":["3","61.16667","2.65497","58.3","64.7"],"76":["2","68.80000","1.90000","66.9","70.7"],"77":["2","58.70000","4.50000","54.2","63.2"],"78":["2","51.30000","0.90000","50.4","52.2"],"79":["2","57.85000","2.15000","55.7","60.0"],"80":["3","59.30000","1.41657","57.8","61.2"],"81":["2","62.60000","1.00000","61.6","63.6"],"82":["1","67.00000","0.00000","67.0","67.0"],"86":["3","62.63333","1.51950","60.9","64.6"],"87":["2","70.10000","1.20000","68.9","71.3"],"88":["2","65.80000","1.80000","64.0","67.6"],"89":["2","62.15000","0.95000","61.2","63.1"],"90":["2","55.80000","3.10000","52.7","58.9"],"91":["2","56.85000","3.75000","53.1","60.6"],"92":["3","54.26667","3.96344","49.3","59.0"],"93":["2","68.55000","1.15000","67.4","69.7"],"94":["2","74.10000","1.70000","72.4","75.8"],"95":["2","84.55000","2.05000","82.5","86.6"],"96":["2","86.60000","0.00000","86.6","86.6"],"97":["2","86.65000","0.05000","86.6","86.7"],"98":["2","86.75000","0.05000","86.7","86.8"],"99":["2","85.45000","1.65000","83.8","87.1"],"100":["2","82.70000","1.70000","81.0","84.4"],"101":["3","63.50000","16.20021","41.2","79.2"],"102":["2","78.25000","0.75000","77.5","79.0"],"103":["2","85.25000","1.45000","83.8","86.7"],"104":["2","86.80000","0.10000","86.7","86.9"],"105":["2","86.60000","0.00000","86.6","86.6"],"106":["2","86.60000","0.00000","86.6","86.6"],"107":["3","83.83333","3.91266","78.3","86.6"],"108":["2","86.75000","0.05000","86.7","86.8"],"109":["2","87.00000","0.00000","87.0","87.0"],"110":["2","87.10000","0.00000","87.1","87.1"],"111":["2","87.10000","0.00000","87.1","87.1"],"112":["2","86.55000","0.75000","85.8","87.3"],"113":["3","78.43333","12.39794","60.9","87.2"],"114":["2","86.65000","0.35000","86.3","87.0"],"115":["2","85.35000","0.55000","84.8","85.9"],"116":["2","86.15000","1.15000","85.0","87.3"],"117":["2","85.75000","0.75000","85.0","86.5"],"118":["3","76.36667","14.04999","56.5","86.6"],"119":["2","86.90000","0.20000","86.7","87.1"],"120":["2","86.95000","0.05000","86.9","87.0"],"121":["2","87.00000","0.00000","87.0","87.0"],"122":["2","87.00000","0.00000","87.0","87.0"],"123":["2","86.90000","0.00000","86.9","86.9"],"124":["2","86.80000","0.00000","86.8","86.8"],"125":["3","83.83333","4.19550","77.9","86.8"],"126":["2","86.80000","0.00000","86.8","86.8"],"127":["2","86.70000","0.00000","86.7","86.7"],"128":["2","86.70000","0.00000","86.7","86.7"],"129":["2","86.70000","0.00000","86.7","86.7"],"130":["2","86.70000","0.00000","86.7","86.7"],"131":["2","86.70000","0.00000","86.7","86.7"],"132":["2","86.70000","0.00000","86.7","86.7"],"133":["3","85.20000","1.97990","82.4","86.6"],"134":["3","85.20000","1.97990","82.4","86.6"],"135":["2","86.60000","0.00000","86.6","86.6"],"136":["2","86.60000","0.00000","86.6","86.6"],"137":["2","86.60000","0.00000","86.6","86.6"],"138":["2","86.60000","0.00000","86.6","86.6"],"139":["3","85.16667","2.02704","82.3","86.6"],"140":["2","86.60000","0.00000","86.6","86.6"],"141":["2","86.60000","0.00000","86.6","86.6"],"142":["2","86.60000","0.00000","86.6","86.6"],"143":["2","86.60000","0.00000","86.6","86.6"]},"valentina\/002\/temperature":{"40":["1","12.40000","0.00000","12.4","12.4"],"41":["2","12.50000","0.00000","12.5","12.5"],"42":["2","12.50000","0.00000","12.5","12.5"],"43":["2","12.50000","0.10000","12.4","12.6"],"44":["3","12.10000","0.64807","11.5","13.0"],"45":["2","11.25000","0.05000","11.2","11.3"],"46":["2","11.10000","0.00000","11.1","11.1"],"47":["2","11.00000","0.00000","11.0","11.0"],"48":["3","11.43333","0.61283","11.0","12.3"],"49":["2","11.10000","0.00000","11.1","11.1"],"50":["2","10.90000","0.00000","10.9","10.9"],"51":["2","10.75000","0.15000","10.6","10.9"],"52":["2","10.35000","0.05000","10.3","10.4"],"53":["2","9.95000","0.15000","9.8","10.1"],"54":["3","10.63333","0.49889","10.1","11.3"],"55":["2","10.75000","0.05000","10.7","10.8"],"56":["2","11.10000","0.20000","10.9","11.3"],"57":["2","11.45000","0.05000","11.4","11.5"],"58":["2","12.00000","0.20000","11.8","12.2"],"59":["3","12.73333","0.33993","12.4","13.2"],"60":["2","12.90000","0.10000","12.8","13.0"],"61":["2","13.55000","0.15000","13.4","13.7"],"62":["2","13.80000","0.00000","13.8","13.8"],"63":["2","14.15000","0.05000","14.1","14.2"],"64":["3","14.36667","0.30912","14.1","14.8"],"65":["2","13.90000","0.00000","13.9","13.9"],"66":["2","14.20000","0.00000","14.2","14.2"],"67":["2","14.30000","0.10000","14.2","14.4"],"68":["2","15.60000","1.30000","14.3","16.9"],"69":["2","14.25000","0.05000","14.2","14.3"],"70":["2","15.65000","1.15000","14.5","16.8"],"71":["2","19.35000","0.35000","19.0","19.7"],"72":["2","20.15000","0.25000","19.9","20.4"],"73":["2","20.25000","0.45000","19.8","20.7"],"74":["2","20.10000","0.10000","20.0","20.2"],"75":["3","21.83333","1.22565","20.3","23.3"],"76":["2","19.40000","0.40000","19.0","19.8"],"77":["2","21.30000","0.60000","20.7","21.9"],"78":["2","21.90000","0.80000","21.1","22.7"],"79":["2","21.10000","0.40000","20.7","21.5"],"80":["3","20.46667","0.53125","19.8","21.1"],"81":["2","19.05000","0.45000","18.6","19.5"],"82":["1","17.60000","0.00000","17.6","17.6"],"86":["3","20.16667","1.08730","19.3","21.7"],"87":["2","18.05000","0.15000","17.9","18.2"],"88":["2","19.05000","0.45000","18.6","19.5"],"89":["2","19.80000","0.20000","19.6","20.0"],"90":["2","21.30000","1.10000","20.2","22.4"],"91":["2","21.15000","1.05000","20.1","22.2"],"92":["3","21.83333","2.26471","19.5","24.9"],"93":["2","18.10000","0.30000","17.8","18.4"],"94":["2","16.75000","0.35000","16.4","17.1"],"95":["2","14.60000","0.80000","13.8","15.4"],"96":["2","13.60000","0.00000","13.6","13.6"],"97":["2","14.05000","0.45000","13.6","14.5"],"98":["2","15.05000","0.45000","14.6","15.5"],"99":["2","18.05000","0.55000","17.5","18.6"],"100":["2","18.85000","0.15000","18.7","19.0"],"101":["3","24.33333","4.78911","20.7","31.1"],"102":["2","20.00000","0.50000","19.5","20.5"],"103":["2","16.60000","0.60000","16.0","17.2"],"104":["2","14.65000","0.65000","14.0","15.3"],"105":["2","12.95000","0.15000","12.8","13.1"],"106":["2","13.10000","0.10000","13.0","13.2"],"107":["3","15.26667","2.42808","13.5","18.7"],"108":["2","14.75000","0.35000","14.4","15.1"],"109":["2","16.10000","0.20000","15.9","16.3"],