{"_t":[1370581200,1370667600,86400,144],"_i":["fantasy\/004\/humidity","fantasy\/004\/temperature"],"_@":{"humi":[20,90],"temp":[10,30]},"fantasy\/004\/humidity":{"0":["9","79.80000","17.03337","31.7","86.2"],"1":["10","86.20000","0.00000","86.2","86.2"],"2":["9","86.20000","0.00000","86.2","86.2"],"3":["10","86.20000","0.00000","86.2","86.2"],"4":["9","86.20000","0.00000","86.2","86.2"],"5":["9","86.20000","0.00000","86.2","86.2"],"6":["10","86.20000","0.00000","86.2","86.2"],"7":["9","86.22222","0.04157","86.2","86.3"],"8":["10","86.30000","0.00000","86.3","86.3"],"9":["9","86.30000","0.00000","86.3","86.3"],"10":["9","82.24444","5.94290","70.9","86.3"],"11":["10","84.85000","2.64433","77.7","86.3"],"12":["9","86.30000","0.00000","86.3","86.3"],"13":["10","85.61000","2.07000","79.4","86.3"],"14":["9","85.23333","2.94694","76.9","86.3"],"15":["9","86.30000","0.00000","86.3","86.3"],"16":["10","83.60000","3.37135","75.9","86.4"],"17":["9","82.86667","2.85618","78.6","86.3"],"18":["10","84.82000","1.90200","81.9","86.4"],"19":["9","86.31111","0.03143","86.3","86.4"],"20":["9","86.30000","0.00000","86.3","86.3"],"21":["8","86.30000","0.00000","86.3","86.3"],"66":["2","48.45000","2.65000","45.8","51.1"],"67":["9","47.54444","2.00948","42.9","50.0"],"68":["5","50.70000","4.10268","46.0","58.2"],"69":["10","51.08000","3.24586","46.7","56.3"],"70":["8","52.61250","2.19684","49.1","55.5"],"71":["8","50.98750","1.89238","48.4","53.7"],"72":["9","48.21111","2.46687","44.3","50.8"],"73":["7","53.67143","2.65045","48.1","56.4"],"74":["8","53.52500","2.87000","48.5","57.5"],"75":["9","47.33333","4.08412","40.3","52.8"],"76":["10","53.32000","2.38319","49.3","58.8"],"77":["9","61.77778","2.02582","59.1","64.9"],"78":["9","65.08889","2.09944","62.3","69.2"],"79":["10","64.76000","1.57683","61.2","67.7"],"80":["9","54.88889","4.76292","49.2","63.2"],"81":["10","41.71000","1.62200","38.6","44.2"],"82":["9","51.02222","2.49434","46.0","54.4"],"83":["9","53.46667","1.83060","49.6","56.4"],"84":["10","57.71000","2.23895","54.1","61.3"],"85":["9","55.68889","2.13356","53.0","58.9"],"86":["10","58.14000","1.58379","55.7","61.5"],"87":["9","59.91111","1.34697","58.1","62.5"],"88":["9","62.44444","3.38267","57.5","68.6"],"89":["10","69.72000","1.12410","67.1","71.8"],"90":["9","66.94444","0.59463","66.1","67.8"],"91":["10","72.14000","1.73043","69.4","75.2"],"92":["9","77.23333","1.07909","75.2","78.5"],"93":["9","75.96667","0.91894","74.2","77.5"],"94":["10","72.92000","1.40200","70.6","74.5"],"95":["9","67.86667","0.82462","66.8","69.6"],"96":["10","68.48000","0.76785","67.1","69.6"],"97":["9","70.94444","2.02874","68.1","73.7"],"98":["9","76.10000","2.01825","72.6","78.5"],"99":["10","79.54000","0.58515","79.0","80.8"],"100":["9","81.83333","1.05830","79.3","83.0"],"101":["10","81.60000","1.12694","79.3","82.9"],"102":["9","78.24444","1.55571","74.3","79.8"],"103":["10","74.85000","2.25799","72.0","77.9"],"104":["9","75.12222","2.71693","71.9","79.0"],"105":["9","78.22222","1.16788","75.8","80.1"],"106":["10","77.32000","2.70991","73.5","81.1"],"107":["9","79.61111","0.38136","78.9","80.1"],"108":["9","81.61111","2.17278","78.8","84.5"],"109":["9","83.95556","0.92989","82.8","86.0"],"110":["9","86.21111","0.67568","84.5","86.7"],"111":["10","86.49000","0.18682","86.0","86.6"],"112":["9","86.50000","0.00000","86.5","86.5"],"113":["9","86.50000","0.00000","86.5","86.5"],"114":["10","86.56000","0.04899","86.5","86.6"],"115":["9","86.60000","0.00000","86.6","86.6"],"116":["10","86.67000","0.04583","86.6","86.7"],"117":["9","86.70000","0.00000","86.7","86.7"],"118":["10","85.60000","2.15917","80.5","86.7"],"119":["9","86.60000","0.00000","86.6","86.6"],"120":["9","86.51111","0.03143","86.5","86.6"],"121":["10","86.50000","0.00000","86.5","86.5"],"122":["9","86.41111","0.03143","86.4","86.5"],"123":["10","86.40000","0.00000","86.4","86.4"],"124":["9","86.40000","0.00000","86.4","86.4"],"125":["9","86.40000","0.00000","86.4","86.4"],"126":["10","86.40000","0.00000","86.4","86.4"],"127":["9","85.93333","1.39124","82.0","86.5"],"128":["10","86.50000","0.00000","86.5","86.5"],"129":["9","79.18889","7.14368","67.9","86.5"],"130":["9","77.47778","7.10599","68.1","86.5"],"131":["10","85.62000","2.64000","77.7","86.5"],"132":["9","86.50000","0.00000","86.5","86.5"],"133":["10","67.25000","29.40518","22.0","86.5"],"134":["9","24.56667","1.42517","23.0","27.7"],"135":["9","30.73333","2.60171","26.7","36.8"],"136":["10","32.34000","1.73101","29.8","35.4"],"137":["9","31.60000","1.51950","29.8","33.7"],"138":["10","32.62000","1.82800","30.3","36.8"],"139":["9","36.86667","1.60347","34.1","39.2"],"140":["9","35.61111","1.41692","33.6","37.8"],"141":["10","39.59000","2.68084","35.9","45.6"],"142":["9","37.73333","1.57410","34.0","39.6"],"143":["10","46.61000","1.51885","44.8","49.4"]},"fantasy\/004\/temperature":{"0":["9","10.83333","0.10541","10.7","11.0"],"1":["10","10.63000","0.04583","10.6","10.7"],"2":["9","10.52222","0.04157","10.5","10.6"],"3":["10","10.37000","0.04583","10.3","10.4"],"4":["9","10.33333","0.04714","10.3","10.4"],"5":["9","10.48889","0.07370","10.4","10.6"],"6":["10","10.85000","0.10247","10.7","11.0"],"7":["9","11.22222","0.07857","11.1","11.3"],"8":["10","11.39000","0.03000","11.3","11.4"],"9":["9","11.38889","0.03143","11.3","11.4"],"10":["9","11.36667","0.04714","11.3","11.4"],"11":["10","11.46000","0.04899","11.4","11.5"],"12":["9","11.50000","0.00000","11.5","11.5"],"13":["10","11.54000","0.04899","11.5","11.6"],"14":["9","11.60000","0.00000","11.6","11.6"],"15":["9","11.63333","0.04714","11.6","11.7"],"16":["10","11.72000","0.06000","11.6","11.8"],"17":["9","11.84444","0.04969","11.8","11.9"],"18":["10","11.90000","0.00000","11.9","11.9"],"19":["9","11.82222","0.04157","11.8","11.9"],"20":["9","11.72222","0.04157","11.7","11.8"],"21":["8","11.68750","0.03307","11.6","11.7"],"66":["2","26.15000","0.05000","26.1","26.2"],"67":["9","26.11111","0.60451","25.5","27.3"],"68":["5","24.58000","0.57411","24.0","25.4"],"69":["10","24.80000","0.66483","24.1","26.0"],"70":["8","23.82500","0.21065","23.5","24.2"],"71":["8","24.36250","0.18666","24.1","24.6"],"72":["9","24.83333","0.19437","24.6","25.2"],"73":["7","23.78571","0.46730","23.3","24.5"],"74":["8","22.85000","0.34278","22.4","23.4"],"75":["9","25.91111","1.00934","24.4","27.3"],"76":["10","23.21000","0.81419","21.7","24.3"],"77":["9","20.32222","0.63382","19.5","21.4"],"78":["9","19.23333","0.11547","19.1","19.4"],"79":["10","19.75000","0.25397","19.4","20.2"],"80":["9","23.44444","2.27504","20.4","26.6"],"81":["10","27.22000","0.79095","25.8","28.4"],"82":["9","23.54444","0.74998","22.7","24.9"],"83":["9","23.22222","0.34570","22.6","23.6"],"84":["10","23.02000","1.00777","21.9","24.4"],"85":["9","23.47778","0.72538","22.3","24.4"],"86":["10","22.99000","0.27731","22.5","23.4"],"87":["9","22.58889","0.07370","22.5","22.7"],"88":["9","21.06667","0.70396","20.2","22.2"],"89":["10","20.59000","0.27000","20.2","21.0"],"90":["9","20.55556","0.39752","19.8","21.0"],"91":["10","18.90000","0.41231","18.3","19.6"],"92":["9","17.97778","0.10304","17.9","18.2"],"93":["9","18.13333","0.06667","18.1","18.3"],"94":["10","19.08000","0.46861","18.4","19.8"],"95":["9","19.76667","0.18856","19.5","20.0"],"96":["10","19.46000","0.08000","19.4","19.6"],"97":["9","18.44444","0.49015","17.8","19.3"],"98":["9","17.42222","0.12273","17.3","17.7"],"99":["10","17.06000","0.12000","16.9","17.2"],"100":["9","16.82222","0.04157","16.8","16.9"],"101":["10","17.40000","0.42895","16.9","18.1"],"102":["9","18.31111","0.08749","18.2","18.4"],"103":["10","18.23000","0.07810","18.1","18.4"],"104":["9","18.03333","0.18257","17.9","18.4"],"105":["9","17.75556","0.13426","17.5","17.9"],"106":["10","17.10000","0.22804","16.8","17.5"],"107":["9","16.43333","0.16997","16.2","16.7"],"108":["9","16.01111","0.10999","15.8","16.2"],"109":["9","15.27778","0.28974","14.8","15.7"],"110":["9","14.45556","0.14990","14.2","14.7"],