{"_t":[1368162000,1368248400,86400,144],"_i":["margaritas\/006\/humidity","margaritas\/006\/temperature"],"_@":{"humi":[30,90],"temp":[0,30]},"margaritas\/006\/humidity":{"1":["13","84.43077","1.54541","83.0","86.1"],"2":["13","84.43077","1.54541","83.0","86.1"],"4":["13","84.43077","1.54541","83.0","86.1"],"6":["13","84.43077","1.54541","83.0","86.1"],"8":["13","84.43077","1.54541","83.0","86.1"],"9":["13","84.38462","1.49556","83.0","86.0"],"13":["13","84.33077","1.54541","82.9","86.0"],"15":["13","84.33077","1.54541","82.9","86.0"],"16":["13","84.33077","1.54541","82.9","86.0"],"20":["13","84.28462","1.49556","82.9","85.9"],"22":["13","84.28462","1.49556","82.9","85.9"],"23":["13","84.19231","1.48866","82.8","85.8"],"27":["13","84.18462","1.49556","82.8","85.8"],"29":["13","84.18462","1.49556","82.8","85.8"],"33":["13","84.18462","1.49556","82.8","85.8"],"34":["13","84.18462","1.49556","82.8","85.8"],"36":["13","84.20000","1.51251","82.8","85.9"],"40":["13","84.35385","1.54004","82.9","86.1"],"41":["13","84.48462","1.49556","83.1","86.1"],"43":["13","83.82308","1.00472","82.8","86.0"],"45":["13","68.08462","16.76520","48.8","83.6"],"47":["13","65.60769","16.34044","45.7","82.2"],"48":["13","57.76154","13.18516","41.9","72.9"],"52":["13","54.51538","8.97191","41.6","67.0"],"54":["13","44.16154","6.17533","34.6","51.2"],"55":["13","58.60769","2.74660","55.0","64.5"],"59":["13","42.04615","6.17895","30.0","50.1"],"61":["13","50.86923","4.43975","45.5","57.4"],"65":["13","38.23077","6.04221","31.5","48.4"],"66":["13","45.14615","2.57909","40.0","48.7"],"68":["13","50.50769","1.40902","48.4","53.0"],"72":["13","65.79231","0.85975","64.5","68.0"],"73":["13","48.20769","2.49722","45.0","53.4"],"75":["13","40.78462","1.65476","38.3","44.4"],"77":["13","53.08462","3.04324","45.2","56.8"],"79":["13","67.14615","2.06532","62.6","69.7"],"80":["13","69.27692","0.79629","68.0","71.0"],"84":["13","61.45385","7.49098","45.3","70.8"],"86":["13","58.90000","2.38166","55.0","62.8"],"87":["13","60.80769","1.60598","57.3","63.2"],"91":["13","56.89231","3.49977","50.4","62.4"]},"margaritas\/006\/temperature":{"1":["13","12.49231","0.28946","12.1","12.8"],"2":["13","12.40769","0.28679","12.1","12.7"],"4":["13","12.41538","0.19941","12.2","12.6"],"6":["13","12.26154","0.25881","11.9","12.5"],"8":["13","12.10000","0.37210","11.7","12.5"],"9":["13","11.91538","0.41666","11.4","12.3"],"13":["13","11.63077","0.39881","11.2","12.0"],"15":["13","11.57692","0.44229","11.1","12.0"],"16":["13","11.48462","0.44867","11.0","11.9"],"20":["13","11.15385","0.48296","10.6","11.6"],"22":["13","11.10769","0.47143","10.6","11.6"],"23":["13","10.72308","0.62407","10.0","11.3"],"27":["13","10.53077","0.39881","10.1","10.9"],"29":["13","10.30000","0.54065","9.7","10.8"],"33":["13","10.50769","0.47143","10.0","11.0"],"34":["13","10.73077","0.35601","10.3","11.1"],"36":["13","10.94615","0.31037","10.5","11.3"],"40":["13","12.29231","0.29211","11.9","12.7"],"41":["13","13.12308","0.45261","12.5","13.7"],"43":["13","14.07692","0.17166","13.7","14.3"],"45":["13","19.61538","1.81483","17.8","21.9"],"47":["13","20.00769","2.10291","17.6","23.1"],"48":["13","21.64615","1.65976","19.8","24.0"],"52":["13","22.14615","1.10148","20.0","23.8"],"54":["13","24.66923","0.72789","23.6","25.8"],"55":["13","19.90769","1.01940","18.7","21.5"],"59":["13","26.63077","1.44029","24.9","29.3"],"61":["13","22.59231","0.57841","21.8","23.7"],"65":["13","26.40000","0.43146","25.9","27.1"],"66":["13","23.58462","0.75227","22.6","24.6"],"68":["13","24.00000","0.89184","22.9","24.9"],"72":["13","19.54615","0.68345","18.7","20.2"],"73":["13","25.87692","1.38016","24.2","27.8"],"75":["13","27.04615","1.49080","25.1","28.7"],"77":["13","23.08462","1.25872","21.3","25.1"],"79":["13","19.45385","0.98106","18.2","20.7"],"80":["13","18.76154","0.69231","17.9","19.5"],"84":["13","23.07692","1.84564","20.4","26.4"],"86":["13","22.19231","1.59010","20.1","24.3"],"87":["13","21.70769","0.90423","20.6","22.6"],"91":["13","22.84615","1.35908","20.9","24.4"]}}