{"_t":[1354338000,1367643540,13305540,52],"_i":["sanpedro\/003\/humidity","sanpedro\/003\/temperature"],"_@":{"humi":[20,100],"temp":[0,40]},"sanpedro\/003\/humidity":{"27":["4512","50.27598","12.60179","23.4","77.1"],"28":["2503","67.86392","8.97894","53.0","86.9"],"29":["7021","63.37948","10.99343","39.1","87.0"],"30":["6307","70.03474","11.91130","42.7","86.9"],"31":["62","57.43226","4.77675","47.8","65.7"],"32":["849","74.46773","16.55624","31.8","86.8"],"33":["349","75.45444","13.25236","36.7","86.7"],"34":["707","75.91867","13.52680","37.3","86.9"],"35":["160","81.01250","7.70564","56.7","86.8"],"36":["629","77.53975","12.63562","39.2","86.9"],"37":["798","79.72544","11.11166","43.0","86.9"],"38":["846","76.83262","13.80568","37.8","87.0"],"39":["847","74.57993","16.87130","25.2","86.9"],"40":["848","75.29281","13.71782","39.3","86.9"],"41":["126","74.44841","19.69463","44.8","94.8"],"42":["1215","82.81844","12.96045","40.4","95.0"],"43":["459","84.33050","11.66669","51.1","95.0"],"44":["344","85.68779","10.61247","55.9","94.9"],"45":["307","85.22671","8.98840","63.2","95.0"],"46":["1732","84.62985","10.84424","32.5","95.2"],"47":["311","90.99100","3.42484","86.3","94.9"],"48":["1754","83.38381","6.61366","68.7","94.9"],"49":["939","83.19531","11.43836","47.8","95.0"],"50":["776","85.78054","9.07211","51.5","95.0"],"51":["917","84.79248","8.70893","63.3","94.9"]},"sanpedro\/003\/temperature":{"27":["4512","20.90860","2.36592","16.5","26.3"],"28":["2503","17.97711","1.51082","14.1","20.9"],"29":["7021","18.16348","2.93620","6.0","24.0"],"30":["6307","17.14140","2.97060","8.0","23.4"],"31":["62","19.92097","1.15118","18.3","22.7"],"32":["849","14.71084","5.07669","5.3","26.2"],"33":["349","14.05186","4.57266","7.5","25.5"],"34":["707","14.45417","5.17262","6.0","26.1"],"35":["160","14.85062","2.88188","9.1","21.1"],"36":["629","15.14674","4.39326","8.6","26.5"],"37":["798","14.00977","4.34984","6.7","25.5"],"38":["846","13.42518","5.52371","5.1","25.8"],"39":["847","13.58689","6.30351","1.8","26.9"],"40":["848","13.34811","5.08421","5.4","23.9"],"41":["126","14.84841","5.12160","8.7","23.2"],"42":["1215","14.03654","5.03123","6.3","31.1"],"43":["459","14.12070","4.38494","8.5","27.1"],"44":["344","12.17878","3.32089","7.6","19.9"],"45":["307","14.57687","3.45357","10.1","21.3"],"46":["1732","14.05624","3.65192","7.6","32.0"],"47":["311","12.53505","1.16970","10.4","15.3"],"48":["1754","13.65673","2.10844","8.8","20.7"],"49":["939","13.63876","4.59469","5.4","26.0"],"50":["776","13.96546","2.99747","9.5","25.8"],"51":["917","14.40622","2.65660","10.3","21.5"]}}