{"_t":[1362114000,1364792340,2678340,240],"_i":["sanpedro\/005\/humidity","sanpedro\/005\/temperature"],"_@":{"humi":[30,100],"temp":[0,40]},"sanpedro\/005\/humidity":{"0":["43","94.50000","0.00000","94.5","94.5"],"1":["40","94.50000","0.00000","94.5","94.5"],"2":["60","94.34167","0.10048","94.2","94.5"],"3":["622","77.31431","10.93472","60.6","95.0"],"4":["1014","76.71489","11.00574","53.5","95.0"],"5":["515","78.02252","8.70477","65.0","93.6"],"35":["27","65.77778","4.58341","56.9","73.0"],"36":["38","66.45000","4.90020","56.3","76.0"],"37":["36","78.63889","13.34762","54.3","94.7"],"38":["37","94.69459","0.22294","93.4","94.8"],"39":["37","94.68649","0.03419","94.6","94.7"],"40":["37","94.54865","0.04998","94.5","94.6"],"41":["37","94.40811","0.07120","94.3","94.5"],"42":["38","73.17895","16.66091","45.1","94.9"],"43":["37","58.02703","9.96417","42.9","78.5"],"44":["37","54.99730","5.13170","42.0","66.1"],"45":["37","87.32432","9.59559","69.3","94.9"],"46":["37","94.55946","0.04910","94.5","94.6"],"47":["38","94.42895","0.04535","94.4","94.5"],"48":["37","94.37297","0.04441","94.3","94.4"],"49":["35","94.49143","0.13809","94.4","94.8"],"50":["38","54.90789","20.14695","35.1","94.8"],"51":["38","59.27895","9.61895","33.3","72.3"],"52":["37","68.15946","10.59945","53.8","92.9"],"53":["37","94.72432","0.41028","92.7","95.0"],"54":["37","94.46486","0.04774","94.4","94.5"],"55":["37","94.28649","0.05771","94.2","94.4"],"56":["36","94.04444","0.04969","94.0","94.1"],"57":["37","84.96216","13.77087","57.7","94.7"],"58":["37","59.85135","5.48179","50.8","70.0"],"59":["37","51.53243","4.87021","43.6","61.8"],"60":["38","64.36316","9.21587","50.7","87.6"],"61":["36","93.45000","1.87431","89.2","94.7"],"62":["37","94.44865","0.04998","94.4","94.5"],"63":["37","94.32162","0.10688","94.2","94.5"],"64":["37","94.25405","0.04984","94.2","94.3"],"65":["36","91.25556","6.85093","68.0","94.9"],"66":["38","69.90526","5.60080","59.6","84.7"],"67":["37","72.61892","3.42296","64.7","77.9"],"68":["30","84.35333","8.57095","72.7","94.8"],"69":["15","94.51333","0.07180","94.4","94.6"],"83":["28","86.17500","9.90951","65.3","95.0"],"84":["37","94.58108","0.20113","94.3","94.9"],"85":["6","94.41667","0.03727","94.4","94.5"],"88":["5","65.06000","1.84022","62.5","67.6"],"89":["37","61.89730","7.89754","48.6","77.6"],"90":["37","78.77297","9.70117","58.4","93.9"],"91":["38","88.87105","4.34620","74.7","94.8"],"92":["37","94.65405","0.04984","94.6","94.7"],"93":["36","94.57778","0.04157","94.5","94.6"],"94":["38","94.40526","0.09986","94.2","94.5"],"95":["37","94.08108","0.07654","94.0","94.2"],"96":["37","87.47297","10.56086","61.3","94.7"],"97":["37","58.02432","5.10545","51.5","70.7"],"98":["52","72.16731","14.46321","46.4","95.1"],"99":["33","93.44848","6.49737","56.7","94.8"],"100":["37","94.42703","0.04441","94.4","94.5"],"101":["38","94.35000","0.11180","94.1","94.5"],"102":["37","94.12162","0.15962","94.0","94.6"],"103":["37","65.53784","15.64379","44.5","94.7"],"104":["37","70.59459","6.91938","54.4","82.5"],"105":["37","67.22162","3.59159","59.3","76.7"],"106":["23","83.87826","9.76444","71.3","95.1"],"111":["2","84.05000","0.15000","83.9","84.2"],"112":["37","88.57838","2.15371","82.8","91.1"],"113":["37","91.37297","4.02564","83.8","95.1"],"114":["36","94.68056","0.14302","94.5","95.0"],"115":["15","94.35333","0.04989","94.3","94.4"],"134":["19","58.80000","6.39087","48.3","68.9"],"135":["37","69.11892","14.15123","45.9","94.9"],"136":["38","82.67895","8.94422","70.2","95.0"],"137":["33","94.61515","0.80080","91.1","95.0"],"138":["38","94.70000","0.00000","94.7","94.7"],"139":["36","94.70000","0.00000","94.7","94.7"],"140":["36","94.65278","0.04992","94.6","94.7"],"141":["36","92.32778","6.68812","66.6","95.0"],"142":["38","67.06842","6.26843","55.6","78.5"],"143":["37","78.78378","15.64604","54.0","94.9"],"144":["37","78.71622","8.97156","64.6","94.9"],"145":["36","94.22778","1.35639","88.1","94.9"],"146":["37","94.43514","0.09362","94.3","94.6"],"147":["37","94.30000","0.06576","94.2","94.4"],"148":["38","94.31579","0.06699","94.2","94.4"],"149":["37","89.14595","6.18707","75.4","94.8"],"150":["37","66.80000","7.20582","54.9","84.7"],"151":["38","58.39737","7.41799","44.7","74.8"],"152":["37","84.29459","6.72699","74.4","95.2"],"153":["36","94.88611","0.11584","94.7","95.0"],"154":["37","94.52973","0.09260","94.4","94.7"],"155":["33","94.50000","0.00000","94.5","94.5"],"157":["32","73.86875","14.76145","51.4","95.0"],"158":["37","64.87838","7.46955","48.0","76.2"],"159":["37","76.43243","15.49431","48.1","94.5"],"160":["36","93.24444","2.28418","87.7","94.9"],"161":["37","94.57568","0.04290","94.5","94.6"],"162":["37","94.67568","0.04290","94.6","94.7"],"163":["36","94.66667","0.04714","94.6","94.7"],"164":["37","94.61892","0.03917","94.6","94.7"],"165":["37","83.25946","10.55719","66.4","95.2"],"166":["38","60.80789","6.87602","49.6","76.4"],"167":["37","83.35676","8.29674","69.5","94.9"],"168":["36","94.79722","0.08656","94.6","94.9"],"169":["34","94.50588","0.07252","94.4","94.6"],"170":["35","94.35143","0.04998","94.3","94.4"],"171":["37","94.14865","0.06419","94.1","94.3"],"172":["35","94.13429","0.07149","94.1","94.3"],"173":["37","91.68378","6.17736","71.2","94.9"],"174":["37","61.91622","4.59891","51.8","70.2"],"175":["37","77.10541","8.42554","65.9","95.1"],"176":["32","94.67500","0.14577","94.6","95.0"],"177":["36","94.50000","0.10541","94.3","94.6"],"178":["37","94.19730","0.07529","94.1","94.3"],"179":["38","93.98684","0.08936","93.8","94.1"],"180":["37","80.66486","15.00678","53.9","94.6"],"181":["37","53.16757","4.73544","42.0","62.1"],"182":["38","71.08421","13.73117","50.3","90.1"],"183":["37","89.42973","3.61639","83.9","95.0"],"184":["36","94.76111","0.12310","94.5","94.9"],"185":["37","94.34324","0.05473","94.3","94.5"],"186":["37","94.14865","0.05512","94.1","94.3"],"187":["38","94.06579","0.08038","94.0","94.2"],"188":["37","70.77838","17.28319","48.2","94.8"],"189":["37","53.86216","6.63534","39.5","67.9"],"190":["37","71.09730","12.28115","49.3","94.7"],"191":["37","94.97297","0.16870","94.7","95.2"],"192":["37","94.60000","0.05695","94.5","94.7"],"193":["38","94.42632","0.11398","94.2","94.6"],"194":["36","94.11667","0.07638","94.0","94.2"],"195":["38","93.56842","1.41051","87.7","94.5"],"196":["36","58.97778","9.23737","43.9","86.3"],"197":["38","55.48684","6.27904","45.1","72.2"],"198":["37","60.96486","6.20981","49.4","72.4"],"199":["36","92.00833","5.01239","76.2","95.1"],"200":["37","94.42162","0.15092","94.2","94.7"],"201":["37","93.98378","0.10530","93.8","94.2"],"202":["38","93.66053","0.06704","93.6","93.8"],"203":["37","84.30000","14.94118","46.2","94.2"],"204":["37","40.93243","5.53324","32.2","53.0"],"205":["37","53.20811","5.41247","46.7","66.4"],"206":["37","77.61351","10.47559","59.3","95.0"],"207":["37","94.73243","0.12093","94.5","95.0"],"208":["36","94.48056","0.03958","94.4","94.5"],"209":["36","94.25000","0.11667","94.1","94.4"],"210":["35","94.34000","0.04899","94.3","94.4"],"211":["37","78.68649","14.60729","56.0","94.7"],"212":["38","47.13158","8.59520","37.3","65.4"],"213":["37","55.98108","7.31577","47.2","71.6"],"214":["37","87.52162","9.89559","60.5","94.9"],"215":["36","94.56944","0.07000","94.5","94.7"],"216":["37","94.46216","0.07110","94.3","94.5"],"217":["38","94.16579","0.06987","94.1","94.3"],"218":["37","94.06757","0.13163","94.0","94.5"],"219":["32","73.26563","15.18788","51.9","94.8"],"220":["37","64.23784","6.81415","50.8","74.0"],"221":["38","64.76579","6.72103","53.0","80.5"],"222":["36","93.10000","3.07273","83.1","95.1"],"223":["38","94.53158","0.05184","94.4","94.6"],"224":["37","94.24865","0.07212","94.2","94.4"],"225":["36","94.16111","0.04875","94.1","94.2"],"226":["38","93.98421","0.55513","91.7","94.8"],"227":["37","73.98919","9.37895","61.3","92.0"],"228":["37","63.93784","4.55900","52.7","73.3"],"229":["37","68.69459","5.28946","59.9","75.6"],