{"_t":[1376024400,1376110800,86400,144],"_i":["timana0\/001\/humidity","timana0\/001\/temp_dry","timana0\/001\/temp_wet"],"_@":{"humi":[60,110],"temp":[10,30]},"timana0\/001\/humidity":{"47":["56","74.12500","0.80317","72.0","75.0"],"48":["2","70.00000","2.00000","68.0","72.0"],"49":["1","70.00000","0.00000","70.0","70.0"],"50":["2","66.00000","1.00000","65.0","67.0"],"51":["2","69.50000","1.50000","68.0","71.0"],"52":["2","74.00000","0.00000","74.0","74.0"],"53":["2","79.00000","1.00000","78.0","80.0"],"54":["2","80.00000","1.00000","79.0","81.0"],"55":["2","85.00000","1.00000","84.0","86.0"],"56":["2","85.50000","0.50000","85.0","86.0"],"57":["2","89.50000","0.50000","89.0","90.0"],"58":["2","87.00000","1.00000","86.0","88.0"],"59":["2","88.50000","1.50000","87.0","90.0"],"60":["2","91.50000","1.50000","90.0","93.0"],"61":["2","94.50000","0.50000","94.0","95.0"],"62":["2","92.00000","1.00000","91.0","93.0"],"63":["2","89.50000","0.50000","89.0","90.0"],"64":["2","88.00000","1.00000","87.0","89.0"],"65":["2","86.50000","0.50000","86.0","87.0"],"66":["2","84.00000","2.00000","82.0","86.0"],"67":["2","88.00000","1.00000","87.0","89.0"],"68":["2","91.50000","2.50000","89.0","94.0"],"69":["2","95.50000","2.50000","93.0","98.0"],"70":["2","93.50000","0.50000","93.0","94.0"],"71":["2","104.00000","3.00000","101.0","107.0"],"72":["2","104.50000","2.50000","102.0","107.0"],"73":["2","93.50000","3.50000","90.0","97.0"],"74":["2","91.00000","2.00000","89.0","93.0"],"75":["2","88.00000","1.00000","87.0","89.0"],"76":["2","91.50000","0.50000","91.0","92.0"],"77":["2","91.00000","0.00000","91.0","91.0"],"78":["2","90.50000","1.50000","89.0","92.0"],"79":["2","94.00000","0.00000","94.0","94.0"],"80":["2","95.00000","1.00000","94.0","96.0"],"81":["2","96.50000","0.50000","96.0","97.0"],"82":["2","99.00000","3.00000","96.0","102.0"],"83":["2","103.00000","0.00000","103.0","103.0"],"84":["2","100.50000","2.50000","98.0","103.0"],"85":["2","95.50000","1.50000","94.0","97.0"],"86":["2","94.00000","0.00000","94.0","94.0"],"87":["2","93.50000","0.50000","93.0","94.0"],"88":["2","94.00000","0.00000","94.0","94.0"],"89":["2","94.00000","1.00000","93.0","95.0"],"90":["2","94.00000","0.00000","94.0","94.0"],"91":["2","95.50000","1.50000","94.0","97.0"],"92":["2","96.50000","0.50000","96.0","97.0"],"93":["2","96.50000","0.50000","96.0","97.0"],"94":["2","99.00000","1.00000","98.0","100.0"],"95":["2","100.00000","1.00000","99.0","101.0"],"96":["2","100.00000","1.00000","99.0","101.0"],"97":["2","96.00000","1.00000","95.0","97.0"],"98":["1","96.00000","0.00000","96.0","96.0"],"99":["2","95.50000","0.50000","95.0","96.0"],"100":["2","94.50000","0.50000","94.0","95.0"],"101":["2","93.50000","0.50000","93.0","94.0"],"102":["2","94.50000","0.50000","94.0","95.0"],"103":["2","96.00000","0.00000","96.0","96.0"],"104":["2","95.50000","0.50000","95.0","96.0"],"105":["2","96.00000","0.00000","96.0","96.0"],"106":["2","95.50000","0.50000","95.0","96.0"],"107":["2","97.50000","0.50000","97.0","98.0"],"108":["2","102.00000","0.00000","102.0","102.0"],"109":["1","101.00000","0.00000","101.0","101.0"]},"timana0\/001\/temp_dry":{"47":["56","15.98393","0.10484","15.8","16.3"],"48":["2","17.20000","0.50000","16.7","17.7"],"49":["1","17.60000","0.00000","17.6","17.6"],"50":["2","18.85000","0.45000","18.4","19.3"],"51":["2","19.25000","0.25000","19.0","19.5"],"52":["2","19.05000","0.25000","18.8","19.3"],"53":["2","19.45000","0.15000","19.3","19.6"],"54":["2","19.55000","0.75000","18.8","20.3"],"55":["2","19.40000","0.10000","19.3","19.5"],"56":["2","19.60000","0.30000","19.3","19.9"],"57":["2","19.60000","0.10000","19.5","19.7"],"58":["2","20.05000","0.05000","20.0","20.1"],"59":["2","19.80000","0.50000","19.3","20.3"],"60":["2","18.65000","0.15000","18.5","18.8"],"61":["2","18.70000","0.30000","18.4","19.0"],"62":["2","18.30000","0.10000","18.2","18.4"],"63":["2","18.80000","0.20000","18.6","19.0"],"64":["2","20.15000","0.25000","19.9","20.4"],"65":["2","20.55000","0.35000","20.2","20.9"],"66":["2","21.85000","0.05000","21.8","21.9"],"67":["2","22.15000","0.15000","22.0","22.3"],"68":["2","20.85000","0.85000","20.0","21.7"],"69":["2","19.10000","0.00000","19.1","19.1"],"70":["2","18.25000","0.25000","18.0","18.5"],"71":["2","15.85000","0.85000","15.0","16.7"],"72":["2","14.00000","0.20000","13.8","14.2"],"73":["2","16.25000","1.05000","15.2","17.3"],"74":["2","17.85000","0.45000","17.4","18.3"],"75":["2","20.10000","0.60000","19.5","20.7"],"76":["2","19.70000","0.40000","19.3","20.1"],"77":["2","19.80000","0.30000","19.5","20.1"],"78":["2","20.30000","0.20000","20.1","20.5"],"79":["2","18.75000","0.55000","18.2","19.3"],"80":["2","17.65000","0.15000","17.5","17.8"],"81":["2","17.50000","0.30000","17.2","17.8"],"82":["2","15.90000","0.60000","15.3","16.5"],"83":["2","14.60000","0.20000","14.4","14.8"],"84":["2","14.30000","0.10000","14.2","14.4"],"85":["2","15.25000","0.35000","14.9","15.6"],"86":["2","15.85000","0.05000","15.8","15.9"],"87":["2","15.95000","0.15000","15.8","16.1"],"88":["2","15.55000","0.05000","15.5","15.6"],"89":["2","15.60000","0.00000","15.6","15.6"],"90":["2","15.50000","0.10000","15.4","15.6"],"91":["2","15.20000","0.00000","15.2","15.2"],"92":["2","15.05000","0.05000","15.0","15.1"],"93":["2","14.80000","0.10000","14.7","14.9"],"94":["2","14.50000","0.10000","14.4","14.6"],"95":["2","14.15000","0.05000","14.1","14.2"],"96":["2","14.10000","0.00000","14.1","14.1"],"97":["2","14.65000","0.15000","14.5","14.8"],"98":["1","14.70000","0.00000","14.7","14.7"],"99":["2","15.00000","0.10000","14.9","15.1"],"100":["2","15.05000","0.05000","15.0","15.1"],"101":["2","15.25000","0.05000","15.2","15.3"],"102":["2","15.05000","0.15000","14.9","15.2"],"103":["2","14.60000","0.10000","14.5","14.7"],"104":["2","14.30000","0.10000","14.2","14.4"],"105":["2","13.95000","0.05000","13.9","14.0"],"106":["2","13.75000","0.05000","13.7","13.8"],"107":["2","13.35000","0.05000","13.3","13.4"],"108":["2","12.90000","0.10000","12.8","13.0"],"109":["1","12.70000","0.00000","12.7","12.7"]},"timana0\/001\/temp_wet":{"47":["56","13.29643","0.10345","13.2","13.6"],"48":["2","13.95000","0.25000","13.7","14.2"],"49":["1","14.30000","0.00000","14.3","14.3"],"50":["2","14.95000","0.55000","14.4","15.5"],"51":["2","15.75000","0.05000","15.7","15.8"],"52":["2","16.15000","0.25000","15.9","16.4"],"53":["2","17.05000","0.25000","16.8","17.3"],"54":["2","17.30000","0.60000","16.7","17.9"],"55":["2","17.80000","0.00000","17.8","17.8"],"56":["2","18.00000","0.30000","17.7","18.3"],"57":["2","18.45000","0.15000","18.3","18.6"],"58":["2","18.65000","0.05000","18.6","18.7"],"59":["2","18.55000","0.35000","18.2","18.9"],"60":["2","17.85000","0.05000","17.8","17.9"],"61":["2","18.15000","0.35000","17.8","18.5"],"62":["2","17.50000","0.20000","17.3","17.7"],"63":["2","17.70000","0.20000","17.5","17.9"],"64":["2","18.85000","0.15000","18.7","19.0"],"65":["2","19.05000","0.35000","18.7","19.4"],"66":["2","20.00000","0.30000","19.7","20.3"],"67":["2","20.75000","0.05000","20.7","20.8"],"68":["2","19.90000","0.50000","19.4","20.4"],"69":["2","18.65000","0.25000","18.4","18.9"],"70":["2","17.60000","0.20000","17.4","17.8"],"71":["2","16.25000","0.55000","15.7","16.8"],"72":["2","14.45000","0.45000","14.0","14.9"],"73":["2","15.60000","0.70000","14.9","16.3"],"74":["2","16.95000","0.25000","16.7","17.2"],"75":["2","18.80000","0.50000","18.3","19.3"],"76":["2","18.80000","0.30000","18.5","19.1"],"77":["2","18.85000","0.25000","18.6","19.1"],"78":["2","19.25000","0.05000","19.2","19.3"],"79":["2","18.20000","0.50000","17.7","18.7"],"80":["2","17.15000","0.25000","16.9","17.4"],"81":["2","17.15000","0.25000","16.9","17.4"],"82":["2","15.80000","0.30000","15.5","16.1"],"83":["2","14.90000","0.20000","14.7","15.1"],"84":["2","14.40000","0.10000","14.3","14.5"],"85":["2","14.85000","0.15000","14.7","15.0"],"86":["2","15.25000","0.05000","15.2","15.3"],"87":["2","15.30000","0.10000","15.2","15.4"],