{"_t":[1367298000,1369890000,2592000,240],"_i":["sanpedro\/006\/VoltR"],"_@":{"Volt":[0,150]},"sanpedro\/006\/VoltR":{"0":["35","0.00000","0.00000","0.0","0.0"],"1":["3","0.00000","0.00000","0.0","0.0"],"18":["49","61.40816","65.46908","0.0","137.0"],"19":["55","39.67273","61.94104","0.0","138.0"],"20":["55","45.12727","64.70101","0.0","139.0"],"21":["38","7.15789","30.36838","0.0","136.0"],"22":["36","0.00000","0.00000","0.0","0.0"],"23":["35","0.00000","0.00000","0.0","0.0"],"24":["36","0.00000","0.00000","0.0","0.0"],"25":["36","0.00000","0.00000","0.0","0.0"],"26":["36","0.00000","0.00000","0.0","0.0"],"27":["61","50.13115","64.59292","0.0","136.0"],"28":["65","52.21538","66.09143","0.0","138.0"],"29":["40","13.72500","41.17583","0.0","138.0"],"30":["36","0.00000","0.00000","0.0","0.0"],"31":["35","0.00000","0.00000","0.0","0.0"],"32":["36","0.00000","0.00000","0.0","0.0"],"33":["36","0.00000","0.00000","0.0","0.0"],"34":["48","33.37500","57.81242","0.0","136.0"],"35":["54","36.77778","59.49157","0.0","136.0"],"36":["47","29.53191","56.80982","0.0","140.0"],"37":["42","15.57143","42.59284","0.0","138.0"],"38":["40","16.42500","43.45796","0.0","133.0"],"39":["36","0.00000","0.00000","0.0","0.0"],"40":["36","0.00000","0.00000","0.0","0.0"],"41":["36","0.00000","0.00000","0.0","0.0"],"42":["48","35.18750","60.94897","0.0","142.0"],"43":["37","3.81081","22.86486","0.0","141.0"],"44":["42","20.00000","48.99028","0.0","141.0"],"45":["40","10.40000","36.52383","0.0","139.0"],"46":["36","0.00000","0.00000","0.0","0.0"],"47":["35","0.00000","0.00000","0.0","0.0"],"48":["36","0.00000","0.00000","0.0","0.0"],"49":["36","0.00000","0.00000","0.0","0.0"],"50":["54","43.77778","61.94940","0.0","136.0"],"51":["45","24.20000","52.04468","0.0","137.0"],"52":["45","24.26667","52.18787","0.0","137.0"],"53":["37","3.70270","22.21622","0.0","137.0"],"54":["36","0.00000","0.00000","0.0","0.0"],"55":["35","0.00000","0.00000","0.0","0.0"],"56":["36","0.00000","0.00000","0.0","0.0"],"57":["35","0.00000","0.00000","0.0","0.0"],"58":["36","0.00000","0.00000","0.0","0.0"],"59":["51","28.35294","54.24303","0.0","138.0"],"60":["50","34.36000","58.28542","0.0","139.0"],"61":["40","10.10000","35.47027","0.0","135.0"],"62":["36","0.00000","0.00000","0.0","0.0"],"63":["35","0.00000","0.00000","0.0","0.0"],"64":["35","0.00000","0.00000","0.0","0.0"],"65":["36","0.00000","0.00000","0.0","0.0"],"66":["52","41.53846","62.31603","0.0","137.0"],"67":["39","10.64103","36.86183","0.0","139.0"],"68":["43","22.20930","50.36636","0.0","137.0"],"69":["38","7.07895","30.03365","0.0","135.0"],"70":["36","0.00000","0.00000","0.0","0.0"],"71":["35","0.00000","0.00000","0.0","0.0"],"72":["36","0.00000","0.00000","0.0","0.0"],"73":["36","0.00000","0.00000","0.0","0.0"],"74":["59","48.30508","64.99185","0.0","138.0"],"75":["47","28.63830","55.09505","0.0","137.0"],"76":["55","38.78182","60.77849","0.0","138.0"],"77":["37","3.67568","22.05405","0.0","136.0"],"78":["35","0.00000","0.00000","0.0","0.0"],"79":["38","0.10526","0.64029","0.0","4.0"],"80":["36","0.00000","0.00000","0.0","0.0"],"81":["36","0.00000","0.00000","0.0","0.0"],"82":["46","26.02174","52.77042","0.0","136.0"],"83":["47","26.25532","53.63250","0.0","137.0"],"84":["59","50.74576","65.81165","0.0","138.0"],"85":["38","7.07895","30.03365","0.0","135.0"],"86":["36","0.00000","0.00000","0.0","0.0"],"87":["35","0.00000","0.00000","0.0","0.0"],"88":["36","0.00000","0.00000","0.0","0.0"],"89":["36","0.00000","0.00000","0.0","0.0"],"90":["45","21.20000","49.40157","0.0","138.0"],"91":["47","26.25532","53.95012","0.0","138.0"],"92":["45","18.44444","47.02508","0.0","139.0"],"93":["37","3.67568","22.05405","0.0","136.0"],"94":["36","0.00000","0.00000","0.0","0.0"],"95":["35","0.00000","0.00000","0.0","0.0"],"96":["36","0.00000","0.00000","0.0","0.0"],"97":["36","0.00000","0.00000","0.0","0.0"],"98":["49","28.20408","55.72014","0.0","142.0"],"99":["46","20.97826","49.59597","0.0","142.0"],"100":["41","17.19512","46.13988","0.0","142.0"],"101":["38","7.34211","31.15013","0.0","140.0"],"102":["36","0.00000","0.00000","0.0","0.0"],"103":["35","0.00000","0.00000","0.0","0.0"],"104":["36","0.00000","0.00000","0.0","0.0"],"105":["36","0.00000","0.00000","0.0","0.0"],"106":["40","13.60000","40.80490","0.0","138.0"],"107":["41","16.97561","45.55109","0.0","140.0"],"108":["40","14.02500","42.07582","0.0","141.0"],"109":["40","9.65000","34.02686","0.0","141.0"],"110":["36","0.00000","0.00000","0.0","0.0"],"111":["36","0.00000","0.00000","0.0","0.0"],"112":["35","0.00000","0.00000","0.0","0.0"],"113":["37","0.10811","0.64865","0.0","4.0"],"114":["58","46.89655","64.64644","0.0","138.0"],"115":["58","49.72414","66.00517","0.0","139.0"],"116":["49","33.55102","58.91469","0.0","138.0"],"117":["38","7.13158","30.25694","0.0","136.0"],"118":["36","0.00000","0.00000","0.0","0.0"],"119":["37","0.10811","0.64865","0.0","4.0"],"120":["36","0.00000","0.00000","0.0","0.0"],"121":["36","0.00000","0.00000","0.0","0.0"],"122":["46","29.71739","56.38866","0.0","139.0"],"123":["42","9.47619","34.16712","0.0","133.0"],"124":["55","43.90909","62.96183","0.0","137.0"],"125":["36","0.00000","0.00000","0.0","0.0"],"126":["36","0.00000","0.00000","0.0","0.0"],"127":["35","0.00000","0.00000","0.0","0.0"],"128":["36","0.00000","0.00000","0.0","0.0"],"129":["36","0.00000","0.00000","0.0","0.0"],"130":["64","57.20312","64.93631","0.0","134.0"],"131":["48","29.77083","54.60282","0.0","133.0"],"132":["45","26.44444","52.90938","0.0","134.0"],"133":["38","6.71053","28.47058","0.0","128.0"],"134":["28","0.00000","0.00000","0.0","0.0"],"135":["36","0.00000","0.00000","0.0","0.0"],"136":["36","0.00000","0.00000","0.0","0.0"],"137":["36","0.00000","0.00000","0.0","0.0"],"138":["35","0.00000","0.00000","0.0","0.0"],"139":["82","62.84146","62.84853","0.0","133.0"],"140":["64","56.32812","65.94104","0.0","135.0"],"141":["40","13.10000","39.30064","0.0","132.0"],"142":["37","0.10811","0.64865","0.0","4.0"],"143":["35","0.00000","0.00000","0.0","0.0"],"144":["36","0.00000","0.00000","0.0","0.0"],"145":["36","0.00000","0.00000","0.0","0.0"],"146":["48","27.37500","53.36534","0.0","133.0"],"147":["43","15.09302","41.70763","0.0","135.0"],"148":["41","13.04878","39.68716","0.0","135.0"],"149":["37","3.54054","21.24324","0.0","131.0"],"150":["36","0.00000","0.00000","0.0","0.0"],"151":["36","0.00000","0.00000","0.0","0.0"],"152":["35","0.00000","0.00000","0.0","0.0"],"153":["36","0.00000","0.00000","0.0","0.0"],"154":["51","28.49020","54.33064","0.0","133.0"],"155":["43","15.88372","43.78872","0.0","137.0"],"156":["59","38.64407","60.80610","0.0","138.0"],"157":["37","7.32432","30.64007","0.0","136.0"],"158":["36","0.00000","0.00000","0.0","0.0"],"159":["36","0.00000","0.00000","0.0","0.0"],"160":["1","0.00000","0.00000","0.0","0.0"],"169":["24","0.00000","0.00000","0.0","0.0"],"170":["75","63.06667","65.65939","0.0","134.0"],"171":["43","21.53488","48.83734","0.0","133.0"],"172":["36","0.00000","0.00000","0.0","0.0"],"173":["53","28.66038","52.97986","0.0","129.0"],"174":["36","0.00000","0.00000","0.0","0.0"],"175":["27","0.00000","0.00000","0.0","0.0"],"178":["1","0.00000","0.00000","0.0","0.0"],"179":["52","40.92308","61.39464","0.0","136.0"],"180":["51","34.52941","59.03882","0.0","137.0"],"181":["41","12.19512","37.09067","0.0","126.0"],"182":["35","0.00000","0.00000","0.0","0.0"],"183":["36","0.00000","0.00000","0.0","0.0"],"184":["36","0.00000","0.00000","0.0","0.0"],"185":["36","0.00000","0.00000","0.0","0.0"],"186":["61","49.00000","63.04435","0.0","133.0"],"187":["41","16.00000","42.93330","0.0","132.0"],"188":["62","48.93548","63.73075","0.0","135.0"],"189":["38","3.47368","21.12960","0.0","132.0"],"190":["37","0.16216","0.97297","0.0","6.0"],"191":["36","0.00000","0.00000","0.0","0.0"],"192":["36","0.00000","0.00000","0.0","0.0"],"193":["36","0.00000","0.00000","0.0","0.0"],"194":["71","56.56338","64.26699","0.0","133.0"],"195":["45","14.51111","41.05044","0.0","135.0"],