{"_t":[1381208400,1383800400,2592000,240],"_i":["sanpedro\/007\/humidity","sanpedro\/007\/temperature"],"_@":{"humi":[30,100],"temp":[0,40]},"sanpedro\/007\/humidity":{"1":["9","94.12222","0.04157","94.1","94.2"],"2":["52","72.32692","12.90300","62.3","94.8"],"3":["726","62.19298","5.04323","51.5","72.7"],"4":["735","60.89184","9.73663","45.6","77.6"],"5":["1128","67.33059","10.57226","53.7","94.8"],"6":["175","93.75543","0.88464","91.5","94.8"],"7":["37","94.22162","0.08741","94.1","94.3"],"8":["56","93.91607","0.10312","93.8","94.1"],"9":["61","93.73770","0.04846","93.7","93.8"],"10":["925","75.24984","11.14424","55.6","94.5"],"11":["1334","72.43673","8.65068","54.3","85.4"],"12":["1302","72.30430","10.69522","53.2","93.8"],"13":["1050","69.39143","10.31714","54.1","94.7"],"14":["59","94.43220","0.15562","94.2","94.6"],"15":["51","94.20000","0.00000","94.2","94.2"],"16":["49","94.10000","0.00000","94.1","94.1"],"17":["57","94.00351","0.01840","94.0","94.1"],"18":["811","73.61455","11.02993","56.6","94.7"],"19":["1076","52.23727","5.40549","42.0","63.4"],"20":["690","65.17232","6.88069","49.9","78.3"],"21":["761","83.08568","4.50817","73.5","95.0"],"22":["87","93.83333","1.11743","91.9","95.0"],"23":["92","93.83370","0.78537","92.3","94.9"],"25":["9","94.51111","0.03143","94.5","94.6"],"26":["665","81.34707","6.28946","73.4","94.8"],"27":["1191","64.37615","14.16921","43.9","95.2"],"28":["1115","62.86942","6.97266","50.1","78.8"],"29":["956","76.24822","10.82271","59.2","94.7"],"30":["101","94.45149","0.22009","93.9","94.7"],"31":["5","94.70000","0.00000","94.7","94.7"],"32":["2","94.60000","0.00000","94.6","94.6"],"33":["12","94.40833","0.02764","94.4","94.5"],"34":["600","71.84567","10.94213","57.6","95.0"],"35":["1047","62.32359","12.15624","44.1","83.2"],"36":["1177","66.77434","8.32003","50.2","80.4"],"37":["372","84.50672","7.02190","72.3","94.9"],"38":["41","94.77805","0.07812","94.7","94.9"],"39":["24","94.67500","0.04330","94.6","94.7"],"40":["3","94.60000","0.00000","94.6","94.6"],"41":["4","94.50000","0.00000","94.5","94.5"],"42":["398","80.65427","5.74211","74.8","95.0"],"43":["1061","55.13930","4.32753","44.9","71.6"],"44":["1177","75.51054","11.04337","52.0","93.2"],"45":["880","75.33523","9.64372","61.6","95.0"],"46":["15","94.83333","0.04714","94.8","94.9"],"47":["7","94.74286","0.04949","94.7","94.8"],"48":["3","94.80000","0.00000","94.8","94.8"],"49":["4","94.50000","0.00000","94.5","94.5"],"50":["145","78.23448","8.79072","65.0","94.6"],"51":["612","58.01029","12.15670","40.1","81.4"],"52":["665","69.74767","12.12592","54.3","90.3"],"53":["618","82.72395","10.19758","62.8","95.0"],"54":["32","94.76875","0.11302","94.5","94.9"],"55":["15","94.50000","0.00000","94.5","94.5"],"56":["36","94.40000","0.00000","94.4","94.4"],"57":["53","94.31321","0.08250","94.2","94.4"],"58":["810","89.61519","3.92264","74.7","95.0"],"59":["1110","61.17441","7.93791","42.5","76.8"],"60":["1194","56.42320","9.20222","36.3","80.6"],"61":["926","78.98585","5.40214","70.7","94.9"],"62":["221","92.69864","1.62841","89.7","94.7"],"63":["20","94.19000","0.07681","94.1","94.3"],"64":["8","94.23750","0.04841","94.2","94.3"],"65":["38","94.08158","0.07202","94.0","94.2"],"66":["890","72.07326","10.16767","54.7","94.5"],"67":["1053","73.21282","9.93579","50.2","87.9"],"68":["862","83.17378","8.46634","69.0","95.0"],"69":["65","94.71077","0.06821","94.6","94.9"],"70":["37","94.60000","0.00000","94.6","94.6"],"71":["41","94.50000","0.00000","94.5","94.5"],"72":["43","94.41628","0.03692","94.4","94.5"],"73":["48","94.32917","0.04545","94.3","94.4"],"74":["839","77.78880","8.95639","63.1","94.9"],"75":["1526","66.71330","5.78402","53.6","79.9"],"76":["1206","62.80945","5.43473","49.0","73.8"],"77":["1151","72.86499","4.98944","61.7","90.0"],"78":["103","93.52233","1.36794","89.9","94.6"],"79":["60","94.16167","0.08184","94.1","94.3"],"80":["50","94.10000","0.00000","94.1","94.1"],"81":["60","94.06000","0.06633","93.9","94.1"],"82":["878","71.49465","10.33583","54.4","94.5"],"83":["1224","52.82402","8.36233","39.5","70.4"],"84":["1198","58.35601","2.10166","53.6","66.4"],"85":["1123","74.94265","6.77649","63.8","92.8"],"86":["95","94.35263","0.47191","92.6","94.7"],"87":["55","94.30545","0.07241","94.2","94.4"],"88":["71","94.03239","0.07650","93.9","94.2"],"89":["57","93.91228","0.03282","93.9","94.0"],"90":["898","74.34287","12.18183","55.7","94.6"],"91":["1228","52.63290","6.00861","40.9","68.7"],"92":["1209","60.78189","5.37964","50.0","73.5"],"93":["912","77.72511","7.09911","64.3","94.8"],"94":["61","94.46721","0.10973","94.3","94.7"],"95":["59","94.16610","0.07037","94.1","94.3"],"96":["62","93.95323","0.05599","93.9","94.1"],"97":["65","93.94308","0.04952","93.9","94.0"],"98":["937","77.17172","11.07355","57.5","94.6"],"99":["1238","54.58376","7.06353","37.2","67.5"],"100":["1199","67.84896","13.17633","47.1","94.9"],"101":["919","86.80816","5.16694","73.9","94.9"],"102":["51","94.73922","0.04882","94.7","94.8"],"103":["52","94.56731","0.09751","94.4","94.7"],"104":["53","94.31321","0.08910","94.2","94.4"],"105":["57","94.13158","0.04648","94.1","94.2"],"106":["751","79.39148","9.30345","62.5","94.8"],"107":["1140","62.08632","7.14273","50.2","77.6"],"108":["1188","63.32172","6.89489","49.3","79.0"],"109":["787","71.62300","13.37526","55.3","95.0"],"110":["62","94.72258","0.15701","94.5","95.0"],"111":["49","94.60000","0.00000","94.6","94.6"],"112":["47","94.50851","0.02790","94.5","94.6"],"113":["59","94.32542","0.07033","94.2","94.5"],"114":["1030","72.93107","13.82240","55.3","94.9"],"115":["1232","67.35024","8.56243","51.7","83.6"],"116":["1159","79.15056","7.38220","67.3","94.4"],"117":["886","83.03860","9.23414","65.0","95.0"],"118":["55","94.60545","0.03526","94.5","94.7"],"119":["53","94.48302","0.03755","94.4","94.5"],"120":["48","94.31042","0.03055","94.3","94.4"],"121":["55","94.24364","0.04959","94.2","94.3"],"122":["893","72.05801","10.80833","54.6","95.0"],"123":["1225","57.80473","7.57238","47.2","76.5"],"124":["1208","61.03187","6.93046","45.2","80.9"],"125":["683","87.09502","5.81377","77.2","95.0"],"126":["54","94.64815","0.07134","94.5","94.7"],"127":["58","94.47069","0.05875","94.3","94.5"],"128":["58","94.22931","0.04552","94.2","94.3"],"129":["60","94.12833","0.05800","94.1","94.3"],"130":["607","78.98929","10.62425","61.3","94.8"],"131":["1229","56.54825","4.47741","46.6","66.3"],"132":["1256","69.58917","7.58824","53.7","82.3"],"133":["290","73.21310","5.21577","64.7","82.9"],"197":["839","78.04732","6.08421","68.2","90.7"],"198":["665","90.19474","1.85215","86.8","94.6"],"199":["56","94.48036","0.06660","94.4","94.6"],"200":["54","94.35556","0.04969","94.3","94.4"],"201":["54","94.35926","0.04914","94.3","94.4"],"202":["793","76.65990","12.00972","57.6","94.9"],"203":["1205","55.58481","7.95553","38.7","71.3"],"204":["1224","64.65686","10.58812","45.6","82.9"],"205":["797","85.70113","5.24275","78.3","94.9"],"206":["55","94.60545","0.09423","94.5","94.8"],"207":["47","94.50000","0.00000","94.5","94.5"],"208":["46","94.50000","0.00000","94.5","94.5"],"209":["45","94.50222","0.01474","94.5","94.6"],"210":["447","92.87987","1.10702","90.2","95.0"],"211":["1203","75.46941","11.67811","60.3","95.1"],"212":["1205","67.42249","7.21065","52.9","81.6"],"213":["773","80.51798","7.80076","66.4","94.8"],"214":["44","94.69773","0.04517","94.6","94.8"],"215":["44","94.60909","0.02875","94.6","94.7"],"216":["44","94.54091","0.04917","94.5","94.6"],"217":["43","94.50000","0.00000","94.5","94.5"],"218":["54","94.60000","0.09027","94.5","94.8"],"219":["1084","70.38459","11.67703","49.9","95.1"],"220":["985","78.98711","10.20980","61.6","94.9"],"221":["421","87.46580","4.29133","80.7","94.8"],"222":["45","94.68889","0.04332","94.6","94.8"],"223":["46","94.60000","0.00000","94.6","94.6"],"224":["50","94.53200","0.07054","94.4","94.6"],"225":["55","94.38000","0.04000","94.3","94.4"],"226":["684","75.65716","9.70837","60.6","95.1"],