{"_t":[1367060400,1367103600,43200,144],"_i":["sanpedro\/006\/VoltR"],"_@":{"Volt":[0,140]},"sanpedro\/006\/VoltR":{"0":["1","0.00000","0.00000","0.0","0.0"],"1":["1","0.00000","0.00000","0.0","0.0"],"2":["1","0.00000","0.00000","0.0","0.0"],"3":["1","0.00000","0.00000","0.0","0.0"],"4":["1","0.00000","0.00000","0.0","0.0"],"5":["1","0.00000","0.00000","0.0","0.0"],"6":["1","0.00000","0.00000","0.0","0.0"],"7":["1","0.00000","0.00000","0.0","0.0"],"8":["1","0.00000","0.00000","0.0","0.0"],"9":["1","0.00000","0.00000","0.0","0.0"],"10":["1","0.00000","0.00000","0.0","0.0"],"11":["1","0.00000","0.00000","0.0","0.0"],"12":["1","0.00000","0.00000","0.0","0.0"],"13":["1","0.00000","0.00000","0.0","0.0"],"14":["1","0.00000","0.00000","0.0","0.0"],"15":["1","0.00000","0.00000","0.0","0.0"],"16":["1","0.00000","0.00000","0.0","0.0"],"17":["6","108.83333","48.67380","0.0","131.0"],"18":["1","0.00000","0.00000","0.0","0.0"],"19":["1","0.00000","0.00000","0.0","0.0"],"20":["1","0.00000","0.00000","0.0","0.0"],"21":["1","0.00000","0.00000","0.0","0.0"],"22":["1","0.00000","0.00000","0.0","0.0"],"23":["1","0.00000","0.00000","0.0","0.0"],"24":["1","0.00000","0.00000","0.0","0.0"],"25":["1","0.00000","0.00000","0.0","0.0"],"27":["1","0.00000","0.00000","0.0","0.0"],"28":["1","0.00000","0.00000","0.0","0.0"],"29":["6","113.00000","50.53712","0.0","136.0"],"30":["8","119.25000","45.07702","0.0","137.0"],"31":["1","0.00000","0.00000","0.0","0.0"],"32":["1","0.00000","0.00000","0.0","0.0"],"33":["1","0.00000","0.00000","0.0","0.0"],"34":["1","0.00000","0.00000","0.0","0.0"],"35":["1","0.00000","0.00000","0.0","0.0"],"36":["1","0.00000","0.00000","0.0","0.0"],"37":["1","0.00000","0.00000","0.0","0.0"],"38":["1","0.00000","0.00000","0.0","0.0"],"39":["1","0.00000","0.00000","0.0","0.0"],"40":["1","0.00000","0.00000","0.0","0.0"],"41":["1","0.00000","0.00000","0.0","0.0"],"42":["1","0.00000","0.00000","0.0","0.0"],"43":["1","0.00000","0.00000","0.0","0.0"],"44":["4","68.00000","68.00000","0.0","136.0"],"45":["2","68.00000","68.00000","0.0","136.0"],"46":["1","0.00000","0.00000","0.0","0.0"],"47":["1","0.00000","0.00000","0.0","0.0"],"48":["1","0.00000","0.00000","0.0","0.0"],"49":["1","0.00000","0.00000","0.0","0.0"],"50":["1","0.00000","0.00000","0.0","0.0"],"51":["1","0.00000","0.00000","0.0","0.0"],"52":["1","0.00000","0.00000","0.0","0.0"],"53":["1","0.00000","0.00000","0.0","0.0"],"54":["1","0.00000","0.00000","0.0","0.0"],"55":["1","0.00000","0.00000","0.0","0.0"],"56":["1","0.00000","0.00000","0.0","0.0"],"57":["1","0.00000","0.00000","0.0","0.0"],"58":["1","0.00000","0.00000","0.0","0.0"],"59":["1","0.00000","0.00000","0.0","0.0"],"60":["9","103.33333","55.84502","0.0","137.0"],"61":["13","94.46154","62.97694","0.0","137.0"],"62":["1","0.00000","0.00000","0.0","0.0"],"63":["1","0.00000","0.00000","0.0","0.0"],"64":["1","0.00000","0.00000","0.0","0.0"],"65":["1","0.00000","0.00000","0.0","0.0"],"66":["1","0.00000","0.00000","0.0","0.0"],"67":["1","0.00000","0.00000","0.0","0.0"],"68":["1","0.00000","0.00000","0.0","0.0"],"69":["1","0.00000","0.00000","0.0","0.0"],"70":["1","0.00000","0.00000","0.0","0.0"],"71":["7","117.85714","48.11720","0.0","138.0"],"72":["2","69.00000","69.00000","0.0","138.0"],"73":["1","0.00000","0.00000","0.0","0.0"],"74":["1","0.00000","0.00000","0.0","0.0"],"75":["1","0.00000","0.00000","0.0","0.0"],"76":["1","0.00000","0.00000","0.0","0.0"],"77":["1","0.00000","0.00000","0.0","0.0"],"78":["1","0.00000","0.00000","0.0","0.0"],"79":["1","0.00000","0.00000","0.0","0.0"],"80":["1","0.00000","0.00000","0.0","0.0"],"81":["1","0.00000","0.00000","0.0","0.0"],"82":["1","0.00000","0.00000","0.0","0.0"],"83":["1","0.00000","0.00000","0.0","0.0"],"84":["1","0.00000","0.00000","0.0","0.0"],"85":["1","0.00000","0.00000","0.0","0.0"],"86":["1","0.00000","0.00000","0.0","0.0"],"87":["1","0.00000","0.00000","0.0","0.0"],"88":["1","0.00000","0.00000","0.0","0.0"],"89":["1","0.00000","0.00000","0.0","0.0"],"90":["1","0.00000","0.00000","0.0","0.0"],"91":["1","0.00000","0.00000","0.0","0.0"],"92":["1","0.00000","0.00000","0.0","0.0"],"93":["1","0.00000","0.00000","0.0","0.0"],"94":["1","0.00000","0.00000","0.0","0.0"],"95":["1","0.00000","0.00000","0.0","0.0"],"96":["1","0.00000","0.00000","0.0","0.0"],"97":["1","0.00000","0.00000","0.0","0.0"],"98":["1","0.00000","0.00000","0.0","0.0"],"99":["1","0.00000","0.00000","0.0","0.0"],"100":["1","0.00000","0.00000","0.0","0.0"],"101":["1","0.00000","0.00000","0.0","0.0"],"102":["1","0.00000","0.00000","0.0","0.0"],"103":["1","0.00000","0.00000","0.0","0.0"],"104":["2","69.50000","69.50000","0.0","139.0"],"105":["1","0.00000","0.00000","0.0","0.0"],"106":["1","0.00000","0.00000","0.0","0.0"],"107":["2","69.50000","69.50000","0.0","139.0"],"108":["1","0.00000","0.00000","0.0","0.0"],"109":["1","0.00000","0.00000","0.0","0.0"],"110":["1","0.00000","0.00000","0.0","0.0"],"111":["1","0.00000","0.00000","0.0","0.0"],"112":["1","0.00000","0.00000","0.0","0.0"],"113":["1","0.00000","0.00000","0.0","0.0"],"114":["1","0.00000","0.00000","0.0","0.0"],"115":["1","0.00000","0.00000","0.0","0.0"],"116":["1","0.00000","0.00000","0.0","0.0"],"117":["1","0.00000","0.00000","0.0","0.0"],"118":["1","0.00000","0.00000","0.0","0.0"],"119":["2","68.50000","68.50000","0.0","137.0"],"120":["1","0.00000","0.00000","0.0","0.0"],"121":["1","0.00000","0.00000","0.0","0.0"],"122":["1","0.00000","0.00000","0.0","0.0"],"123":["1","0.00000","0.00000","0.0","0.0"],"124":["1","0.00000","0.00000","0.0","0.0"],"125":["1","0.00000","0.00000","0.0","0.0"],"126":["1","0.00000","0.00000","0.0","0.0"],"127":["1","0.00000","0.00000","0.0","0.0"],"128":["1","0.00000","0.00000","0.0","0.0"],"129":["1","0.00000","0.00000","0.0","0.0"],"130":["1","0.00000","0.00000","0.0","0.0"],"131":["1","0.00000","0.00000","0.0","0.0"],"132":["1","0.00000","0.00000","0.0","0.0"],"133":["1","0.00000","0.00000","0.0","0.0"],"134":["1","0.00000","0.00000","0.0","0.0"],"135":["1","0.00000","0.00000","0.0","0.0"],"136":["1","0.00000","0.00000","0.0","0.0"],"137":["1","0.00000","0.00000","0.0","0.0"],"138":["1","0.00000","0.00000","0.0","0.0"],"139":["1","0.00000","0.00000","0.0","0.0"],"140":["1","0.00000","0.00000","0.0","0.0"],"141":["1","0.00000","0.00000","0.0","0.0"],"142":["1","0.00000","0.00000","0.0","0.0"],"143":["1","0.00000","0.00000","0.0","0.0"]}}