{"_t":[1368766800,1368853200,86400,144],"_i":["margaritas\/007\/humidity","margaritas\/007\/temp_dry","margaritas\/007\/temp_wet"],"_@":{"humi":[60,100],"temp":[10,30]},"margaritas\/007\/humidity":[["12","94.08333","0.27639","94.0","95.0"],["13","94.30769","0.46154","94.0","95.0"],["13","94.15385","0.36080","94.0","95.0"],["12","94.00000","0.00000","94.0","94.0"],["13","94.46154","0.49852","94.0","95.0"],["13","94.30769","0.46154","94.0","95.0"],["13","94.38462","0.48650","94.0","95.0"],["12","94.33333","0.47140","94.0","95.0"],["13","94.46154","0.49852","94.0","95.0"],["13","94.38462","0.48650","94.0","95.0"],["12","94.66667","0.47140","94.0","95.0"],["13","94.69231","0.46154","94.0","95.0"],["13","94.84615","0.36080","94.0","95.0"],["13","94.76923","0.42133","94.0","95.0"],["12","94.75000","0.43301","94.0","95.0"],["13","94.46154","0.49852","94.0","95.0"],["13","94.69231","0.46154","94.0","95.0"],["12","94.66667","0.47140","94.0","95.0"],["13","94.76923","0.42133","94.0","95.0"],["13","94.30769","0.46154","94.0","95.0"],["13","94.69231","0.46154","94.0","95.0"],["12","94.50000","0.50000","94.0","95.0"],["13","94.84615","0.36080","94.0","95.0"],["13","94.53846","0.49852","94.0","95.0"],["12","94.66667","0.47140","94.0","95.0"],["13","94.84615","0.36080","94.0","95.0"],["13","94.76923","0.42133","94.0","95.0"],["13","94.76923","0.42133","94.0","95.0"],["12","94.75000","0.43301","94.0","95.0"],["13","94.76923","0.42133","94.0","95.0"],["13","95.00000","0.00000","95.0","95.0"],["12","95.00000","0.00000","95.0","95.0"],["13","95.00000","0.00000","95.0","95.0"],["13","94.61538","0.48650","94.0","95.0"],["13","95.00000","0.00000","95.0","95.0"],["12","95.00000","0.00000","95.0","95.0"],["13","94.92308","0.26647","94.0","95.0"],["13","95.00000","0.00000","95.0","95.0"],["12","95.00000","0.40825","94.0","96.0"],["13","94.53846","0.49852","94.0","95.0"],["13","94.53846","0.49852","94.0","95.0"],["13","94.69231","0.46154","94.0","95.0"],["12","94.66667","0.47140","94.0","95.0"],["13","94.30769","0.46154","94.0","95.0"],["13","94.07692","0.26647","94.0","95.0"],["12","94.00000","0.00000","94.0","94.0"],["13","93.84615","0.36080","93.0","94.0"],["13","93.76923","0.42133","93.0","94.0"],["13","93.30769","0.46154","93.0","94.0"],["12","92.41667","0.49301","92.0","93.0"],["13","91.15385","0.66172","90.0","92.0"],["13","89.53846","0.74580","88.0","91.0"],["12","86.58333","1.44097","84.0","89.0"],["13","84.30769","0.82131","83.0","85.0"],["13","85.84615","0.86346","85.0","87.0"],["13","86.30769","0.72160","85.0","87.0"],["12","87.25000","0.43301","87.0","88.0"],["13","87.38462","0.48650","87.0","88.0"],["13","85.30769","0.82131","84.0","87.0"],["12","84.08333","0.64010","83.0","85.0"],["13","83.53846","0.49852","83.0","84.0"],["13","83.00000","0.67937","82.0","84.0"],["13","81.30769","0.91017","80.0","83.0"],["6","79.66667","0.47140","79.0","80.0"],["13","78.84615","0.53294","78.0","80.0"],["13","78.23077","1.04909","77.0","80.0"],["12","77.08333","0.49301","76.0","78.0"],["13","75.53846","0.92947","74.0","77.0"],["13","73.15385","1.23077","71.0","75.0"],["13","68.53846","0.84265","67.0","70.0"],["12","67.58333","0.86201","66.0","69.0"],["13","64.46154","1.98515","62.0","69.0"],["13","62.46154","1.59882","60.0","65.0"],["12","62.58333","1.18732","61.0","65.0"],["13","63.46154","1.33678","61.0","65.0"],["13","64.61538","1.21139","63.0","66.0"],["13","72.76923","2.63567","67.0","75.0"],["12","74.33333","0.74536","73.0","75.0"],["13","74.61538","0.73782","73.0","76.0"],["13","75.92308","2.01767","74.0","81.0"],["12","81.25000","1.08972","79.0","82.0"],["13","83.53846","0.74580","82.0","84.0"],["13","85.07692","1.63902","82.0","87.0"],["13","87.07692","0.47419","86.0","88.0"],["12","87.83333","0.79931","86.0","89.0"],["13","83.92308","2.46394","79.0","87.0"],["13","75.92308","2.97325","73.0","80.0"],["12","71.66667","1.43372","70.0","73.0"],["7","71.71429","0.69985","71.0","73.0"]],"margaritas\/007\/temp_dry":[["12","11.36667","0.04714","11.3","11.4"],["13","11.36923","0.04615","11.3","11.4"],["13","11.40000","0.00000","11.4","11.4"],["12","11.50000","0.00000","11.5","11.5"],["13","11.56923","0.04615","11.5","11.6"],["13","11.67692","0.04213","11.6","11.7"],["13","11.75385","0.04985","11.7","11.8"],["12","11.80000","0.00000","11.8","11.8"],["13","11.85385","0.04985","11.8","11.9"],["13","11.93846","0.04865","11.9","12.0"],["12","12.00000","0.00000","12.0","12.0"],["13","12.03077","0.04615","12.0","12.1"],["13","11.98462","0.03608","11.9","12.0"],["13","11.92308","0.04213","11.9","12.0"],["12","11.90833","0.02764","11.9","12.0"],["13","11.89231","0.02665","11.8","11.9"],["13","11.76923","0.04615","11.7","11.8"],["12","11.75000","0.05000","11.7","11.8"],["13","11.76923","0.04615","11.7","11.8"],["13","11.76923","0.04615","11.7","11.8"],["13","11.73077","0.04615","11.7","11.8"],["12","11.75000","0.05000","11.7","11.8"],["13","11.71538","0.03608","11.7","11.8"],["13","11.74615","0.04985","11.7","11.8"],["12","11.73333","0.04714","11.7","11.8"],["13","11.67692","0.04213","11.6","11.7"],["13","11.63077","0.04615","11.6","11.7"],["13","11.73077","0.04615","11.7","11.8"],["12","11.80000","0.04082","11.7","11.9"],["13","11.87692","0.04213","11.8","11.9"],["13","11.83077","0.04615","11.8","11.9"],["12","11.75000","0.05000","11.7","11.8"],["13","11.70000","0.00000","11.7","11.7"],["13","11.75385","0.04985","11.7","11.8"],["13","11.68462","0.03608","11.6","11.7"],["12","11.70000","0.00000","11.7","11.7"],["13","11.74615","0.04985","11.7","11.8"],["13","11.80000","0.00000","11.8","11.8"],["12","11.80000","0.04082","11.7","11.9"],["13","11.75385","0.04985","11.7","11.8"],["13","11.79231","0.02665","11.7","11.8"],["13","11.74615","0.06343","11.7","11.9"],["12","11.83333","0.04714","11.8","11.9"],["13","11.90769","0.04742","11.8","12.0"],["13","11.99231","0.02665","11.9","12.0"],["12","12.00000","0.00000","12.0","12.0"],["13","12.00769","0.02665","12.0","12.1"],["13","12.02308","0.04213","12.0","12.1"],["13","12.20769","0.07298","12.1","12.3"],["12","12.45000","0.06455","12.4","12.6"],["13","12.74615","0.10824","12.6","12.9"],["13","13.30769","0.26736","12.9","13.8"],["12","14.40000","0.29721","13.9","14.9"],["13","15.16154","0.08356","15.0","15.3"],["13","15.16154","0.10030","14.9","15.3"],["13","14.62308","0.12499","14.5","14.8"],["12","14.65833","0.04930","14.6","14.7"],["13","14.53846","0.11461","14.4","14.7"],["13","14.63077","0.14350","14.4","14.8"],["12","14.87500","0.04330","14.8","14.9"],["13","15.18462","0.10263","15.0","15.4"],["13","15.46923","0.11358","15.3","15.7"],["13","15.87692","0.05756","15.8","16.0"],["6","15.96667","0.11055","15.8","16.1"],["13","16.26923","0.10659","16.1","16.5"],["13","16.36923","0.08213","16.2","16.5"],["12","16.26667","0.12472","16.1","16.5"],["13","16.53077","0.16354","16.3","16.9"],["13","17.30769","0.34743","16.8","18.0"],["13","18.61538","0.30596","18.1","19.0"],["12","19.24167","0.33778","18.8","19.9"],["13","20.59231","0.51360","20.0","21.6"],["13","22.19231","0.29733","21.8","22.7"],["12","21.80833","0.42320","21.4","22.8"],["13","22.03077","0.49207","20.8","22.7"],["13","19.66923","0.52533","18.9","20.8"],["13","18.54615","0.10088","18.4","18.7"],["12","18.42500","0.24195","18.1","18.8"],["13","17.73846","0.17776","17.5","18.1"],["13","16.90000","0.31132","16.5","17.5"],["12","16.16667","0.10274","16.0","16.4"],["13","16.00000","0.06794","15.9","16.1"],["13","15.60769","0.17742","15.4","15.9"],["13","15.19231","0.15914","15.0","15.4"],["12","15.40833","0.25317","15.1","15.9"],["13","16.72308","0.50254","16.0","17.7"],["13","19.43077","0.92768","17.9","20.5"],["12","20.39167","0.20190","20.1","20.7"],["7","20.12857","0.17496","19.9","20.4"]],