{"_t":[1381122000,1381208400,86400,144],"_i":["timana0\/005\/tension"],"_@":{"tens":[0,30]},"timana0\/005\/tension":{"50":["2","19.80000","0.90000","18.9","20.7"],"51":["2","20.25000","0.05000","20.2","20.3"],"52":["2","19.50000","0.10000","19.4","19.6"],"53":["2","20.05000","0.35000","19.7","20.4"],"54":["2","20.75000","0.75000","20.0","21.5"],"55":["2","20.35000","0.95000","19.4","21.3"],"56":["2","19.65000","0.05000","19.6","19.7"],"57":["2","20.15000","0.05000","20.1","20.2"],"58":["2","20.25000","0.65000","19.6","20.9"],"59":["2","19.95000","0.95000","19.0","20.9"],"60":["2","16.65000","3.75000","12.9","20.4"],"61":["2","21.40000","0.50000","20.9","21.9"],"62":["2","20.65000","0.15000","20.5","20.8"],"63":["2","16.50000","3.60000","12.9","20.1"],"64":["2","21.15000","0.25000","20.9","21.4"],"65":["2","21.15000","0.65000","20.5","21.8"],"66":["2","20.80000","0.20000","20.6","21.0"],"67":["2","20.75000","0.25000","20.5","21.0"],"68":["2","18.30000","0.90000","17.4","19.2"],"69":["2","17.60000","1.60000","16.0","19.2"],"70":["2","8.10000","0.20000","7.9","8.3"],"71":["2","8.25000","0.05000","8.2","8.3"],"72":["2","18.40000","1.00000","17.4","19.4"],"73":["2","12.60000","4.70000","7.9","17.3"],"74":["2","8.45000","0.05000","8.4","8.5"],"75":["2","8.80000","0.40000","8.4","9.2"]}}