{"_t":[1376715600,1376802000,86400,144],"_i":["timana0\/004\/VoltR"],"_@":{"Volt":[0,130]},"timana0\/004\/VoltR":[["2","0.00000","0.00000","0.0","0.0"],["3","0.00000","0.00000","0.0","0.0"],["2","0.00000","0.00000","0.0","0.0"],["2","0.00000","0.00000","0.0","0.0"],["2","0.00000","0.00000","0.0","0.0"],["3","0.00000","0.00000","0.0","0.0"],["2","0.00000","0.00000","0.0","0.0"],["3","0.00000","0.00000","0.0","0.0"],["2","0.00000","0.00000","0.0","0.0"],["2","0.00000","0.00000","0.0","0.0"],["3","0.00000","0.00000","0.0","0.0"],["2","0.00000","0.00000","0.0","0.0"],["3","0.00000","0.00000","0.0","0.0"],["2","0.00000","0.00000","0.0","0.0"],["3","0.00000","0.00000","0.0","0.0"],["2","0.00000","0.00000","0.0","0.0"],["3","0.00000","0.00000","0.0","0.0"],["2","0.00000","0.00000","0.0","0.0"],["2","0.00000","0.00000","0.0","0.0"],["2","0.00000","0.00000","0.0","0.0"],["2","0.00000","0.00000","0.0","0.0"],["2","0.00000","0.00000","0.0","0.0"],["3","0.00000","0.00000","0.0","0.0"],["2","0.00000","0.00000","0.0","0.0"],["3","0.00000","0.00000","0.0","0.0"],["2","0.00000","0.00000","0.0","0.0"],["3","0.00000","0.00000","0.0","0.0"],["2","0.00000","0.00000","0.0","0.0"],["3","0.00000","0.00000","0.0","0.0"],["2","0.00000","0.00000","0.0","0.0"],["2","0.00000","0.00000","0.0","0.0"],["1","0.00000","0.00000","0.0","0.0"],["2","0.00000","0.00000","0.0","0.0"],["2","0.00000","0.00000","0.0","0.0"],["2","0.00000","0.00000","0.0","0.0"],["3","0.00000","0.00000","0.0","0.0"],["2","0.00000","0.00000","0.0","0.0"],["3","0.00000","0.00000","0.0","0.0"],["2","0.00000","0.00000","0.0","0.0"],["3","0.00000","0.00000","0.0","0.0"],["2","0.00000","0.00000","0.0","0.0"],["3","0.00000","0.00000","0.0","0.0"],["2","0.00000","0.00000","0.0","0.0"],["3","0.00000","0.00000","0.0","0.0"],["2","119.00000","0.00000","119.0","119.0"],["2","119.00000","1.00000","118.0","120.0"],["2","118.00000","1.00000","117.0","119.0"],["2","118.00000","0.00000","118.0","118.0"],["3","79.33333","56.09714","0.0","119.0"],["3","80.66667","57.04579","0.0","122.0"],["2","60.00000","60.00000","0.0","120.0"],["2","118.00000","1.00000","117.0","119.0"],["3","0.00000","0.00000","0.0","0.0"],["2","120.00000","0.00000","120.0","120.0"],["2","120.50000","0.50000","120.0","121.0"],["3","79.66667","56.33432","0.0","120.0"],["2","119.00000","1.00000","118.0","120.0"],["2","120.50000","0.50000","120.0","121.0"],["2","120.00000","0.00000","120.0","120.0"],["2","118.50000","0.50000","118.0","119.0"],["2","118.50000","0.50000","118.0","119.0"],["2","119.00000","0.00000","119.0","119.0"],["3","80.00000","56.56854","0.0","120.0"],["2","118.50000","0.50000","118.0","119.0"],["2","59.00000","59.00000","0.0","118.0"],["3","78.33333","55.39154","0.0","118.0"],["2","59.00000","59.00000","0.0","118.0"],["3","79.33333","56.10308","0.0","120.0"],["3","80.66667","57.03995","0.0","121.0"],["3","80.33333","56.80571","0.0","121.0"],["2","0.00000","0.00000","0.0","0.0"],["3","40.66667","57.51135","0.0","122.0"],["2","122.50000","0.50000","122.0","123.0"],["3","82.00000","57.98850","0.0","124.0"],["2","122.00000","0.00000","122.0","122.0"],["3","81.66667","57.74850","0.0","123.0"],["3","82.33333","58.21989","0.0","124.0"],["2","124.00000","0.00000","124.0","124.0"],["2","62.00000","62.00000","0.0","124.0"],["3","82.33333","58.21989","0.0","124.0"],["2","124.00000","0.00000","124.0","124.0"],["2","124.00000","0.00000","124.0","124.0"],["2","0.00000","0.00000","0.0","0.0"],["3","82.66667","58.45416","0.0","124.0"],["3","41.66667","58.92557","0.0","125.0"],["2","126.00000","1.00000","125.0","127.0"],["3","84.33333","59.63407","0.0","127.0"],["2","0.00000","0.00000","0.0","0.0"],["3","0.00000","0.00000","0.0","0.0"],["3","42.00000","59.39697","0.0","126.0"],["2","0.00000","0.00000","0.0","0.0"],["3","0.00000","0.00000","0.0","0.0"],["2","63.50000","63.50000","0.0","127.0"],["2","0.00000","0.00000","0.0","0.0"],["2","0.00000","0.00000","0.0","0.0"],["2","127.00000","0.00000","127.0","127.0"],["2","126.00000","1.00000","125.0","127.0"],["2","0.00000","0.00000","0.0","0.0"],["2","0.00000","0.00000","0.0","0.0"],["3","0.00000","0.00000","0.0","0.0"],["2","0.00000","0.00000","0.0","0.0"],["2","0.00000","0.00000","0.0","0.0"],["2","0.00000","0.00000","0.0","0.0"],["4","0.00000","0.00000","0.0","0.0"],["2","0.00000","0.00000","0.0","0.0"],["2","0.00000","0.00000","0.0","0.0"],["2","0.00000","0.00000","0.0","0.0"],["2","0.00000","0.00000","0.0","0.0"],["2","0.00000","0.00000","0.0","0.0"],["3","0.00000","0.00000","0.0","0.0"],["2","0.00000","0.00000","0.0","0.0"],["2","0.00000","0.00000","0.0","0.0"],["3","0.00000","0.00000","0.0","0.0"],["2","0.00000","0.00000","0.0","0.0"],["3","0.00000","0.00000","0.0","0.0"],["2","0.00000","0.00000","0.0","0.0"],["2","0.00000","0.00000","0.0","0.0"],["2","0.00000","0.00000","0.0","0.0"],["3","0.00000","0.00000","0.0","0.0"],["2","0.00000","0.00000","0.0","0.0"],["3","0.00000","0.00000","0.0","0.0"],["2","0.00000","0.00000","0.0","0.0"],["3","0.00000","0.00000","0.0","0.0"],["3","0.00000","0.00000","0.0","0.0"],["2","0.00000","0.00000","0.0","0.0"],["3","0.00000","0.00000","0.0","0.0"],["3","0.00000","0.00000","0.0","0.0"],["2","0.00000","0.00000","0.0","0.0"],["3","0.00000","0.00000","0.0","0.0"],["3","0.00000","0.00000","0.0","0.0"],["2","0.00000","0.00000","0.0","0.0"],["2","0.00000","0.00000","0.0","0.0"],["1","0.00000","0.00000","0.0","0.0"]]}