{"_t":[1366002000,1366088400,86400,144],"_i":["marly\/001\/humidity","marly\/001\/temperature","marly\/002\/humidity","marly\/002\/temperature","marly\/003\/humidity","marly\/003\/temperature","marly\/007\/temp_dry","marly\/007\/temp_wet"],"_@":{"humi":[80,90],"temp":[10,20]},"marly\/003\/humidity":{"41":["3","85.53333","1.08423","84.0","86.3"],"42":["14","85.47857","1.10206","84.0","86.3"],"43":["3","86.30000","0.00000","86.3","86.3"]},"marly\/003\/temperature":{"41":["3","13.83333","0.09428","13.7","13.9"],"42":["14","13.92143","0.11451","13.7","14.1"],"43":["3","14.13333","0.04714","14.1","14.2"]},"marly\/007\/temp_dry":{"41":["2","13.70000","0.00000","13.7","13.7"],"42":["9","13.82222","0.09162","13.7","14.0"],"43":["3","14.00000","0.00000","14.0","14.0"]},"marly\/007\/temp_wet":{"41":["2","13.60000","0.00000","13.6","13.6"],"42":["9","13.76667","0.08165","13.7","13.9"],"43":["3","13.90000","0.00000","13.9","13.9"]}}