{"_t":[1379221200,1381813200,2592000,240],"_i":["timana0\/002\/VoltR"],"_@":{"Volt":[0,140]},"timana0\/002\/VoltR":{"8":["21","0.00000","0.00000","0.0","0.0"],"9":["36","0.00000","0.00000","0.0","0.0"],"10":["35","0.00000","0.00000","0.0","0.0"],"11":["36","0.00000","0.00000","0.0","0.0"],"12":["34","0.00000","0.00000","0.0","0.0"],"13":["36","0.00000","0.00000","0.0","0.0"],"14":["35","0.00000","0.00000","0.0","0.0"],"15":["36","0.00000","0.00000","0.0","0.0"],"16":["35","0.00000","0.00000","0.0","0.0"],"17":["35","3.71429","21.65782","0.0","130.0"],"18":["36","37.41667","56.41137","0.0","125.0"],"19":["35","0.00000","0.00000","0.0","0.0"],"20":["36","20.38889","45.59257","0.0","124.0"],"21":["35","0.00000","0.00000","0.0","0.0"],"22":["36","0.00000","0.00000","0.0","0.0"],"23":["36","0.00000","0.00000","0.0","0.0"],"24":["35","0.00000","0.00000","0.0","0.0"],"25":["36","0.00000","0.00000","0.0","0.0"],"26":["36","13.44444","38.02736","0.0","122.0"],"27":["35","10.22857","33.40751","0.0","120.0"],"28":["36","0.00000","0.00000","0.0","0.0"],"29":["35","10.62857","34.71277","0.0","124.0"],"30":["36","0.00000","0.00000","0.0","0.0"],"31":["35","0.00000","0.00000","0.0","0.0"],"32":["35","0.00000","0.00000","0.0","0.0"],"33":["36","24.88889","50.66216","0.0","130.0"],"34":["35","0.00000","0.00000","0.0","0.0"],"35":["35","0.00000","0.00000","0.0","0.0"],"36":["36","13.44444","38.02736","0.0","122.0"],"37":["34","0.00000","0.00000","0.0","0.0"],"38":["36","0.00000","0.00000","0.0","0.0"],"39":["14","0.00000","0.00000","0.0","0.0"],"67":["36","0.00000","0.00000","0.0","0.0"],"68":["35","0.00000","0.00000","0.0","0.0"],"69":["36","0.00000","0.00000","0.0","0.0"],"70":["35","0.00000","0.00000","0.0","0.0"],"71":["36","0.00000","0.00000","0.0","0.0"],"72":["35","0.00000","0.00000","0.0","0.0"],"73":["9","0.00000","0.00000","0.0","0.0"],"74":["9","0.00000","0.00000","0.0","0.0"],"75":["36","0.00000","0.00000","0.0","0.0"],"76":["30","0.00000","0.00000","0.0","0.0"],"77":["36","0.00000","0.00000","0.0","0.0"],"78":["8","0.00000","0.00000","0.0","0.0"],"82":["25","0.00000","0.00000","0.0","0.0"],"83":["35","0.00000","0.00000","0.0","0.0"],"84":["36","0.00000","0.00000","0.0","0.0"],"85":["36","0.00000","0.00000","0.0","0.0"],"86":["35","0.00000","0.00000","0.0","0.0"],"87":["35","0.00000","0.00000","0.0","0.0"],"88":["36","0.00000","0.00000","0.0","0.0"],"89":["35","0.00000","0.00000","0.0","0.0"],"90":["36","0.00000","0.00000","0.0","0.0"],"91":["29","0.00000","0.00000","0.0","0.0"],"92":["26","13.96154","38.66073","0.0","122.0"],"120":["30","0.00000","0.00000","0.0","0.0"],"121":["35","21.91429","48.18024","0.0","129.0"],"122":["35","0.00000","0.00000","0.0","0.0"],"123":["34","0.00000","0.00000","0.0","0.0"],"124":["35","0.00000","0.00000","0.0","0.0"],"125":["36","0.00000","0.00000","0.0","0.0"],"126":["36","0.00000","0.00000","0.0","0.0"],"127":["35","0.00000","0.00000","0.0","0.0"],"128":["36","117.30556","35.37797","0.0","130.0"],"129":["36","102.88889","50.55897","0.0","129.0"],"130":["35","10.68571","34.89967","0.0","125.0"],"131":["36","0.00000","0.00000","0.0","0.0"],"132":["35","0.00000","0.00000","0.0","0.0"],"133":["36","28.00000","52.38532","0.0","127.0"],"134":["35","108.82857","44.43711","0.0","129.0"],"135":["35","127.45714","0.96637","125.0","129.0"],"136":["36","128.63889","1.13414","125.0","130.0"],"137":["35","94.71429","55.73641","0.0","130.0"],"138":["36","10.13889","33.63047","0.0","124.0"],"139":["35","0.00000","0.00000","0.0","0.0"],"140":["36","0.00000","0.00000","0.0","0.0"],"141":["35","17.65714","43.25205","0.0","124.0"],"142":["36","6.91667","28.51839","0.0","125.0"],"143":["35","0.00000","0.00000","0.0","0.0"],"144":["35","103.51429","51.76285","0.0","130.0"],"145":["36","107.27778","47.99283","0.0","131.0"],"146":["35","3.54286","20.65823","0.0","124.0"],"147":["36","0.00000","0.00000","0.0","0.0"],"148":["35","0.00000","0.00000","0.0","0.0"],"149":["35","0.00000","0.00000","0.0","0.0"],"150":["36","0.00000","0.00000","0.0","0.0"],"151":["35","21.91429","48.18083","0.0","130.0"],"152":["35","0.00000","0.00000","0.0","0.0"],"153":["35","0.00000","0.00000","0.0","0.0"],"154":["36","3.36111","19.88460","0.0","121.0"],"155":["36","0.00000","0.00000","0.0","0.0"],"156":["35","14.00000","38.97545","0.0","124.0"],"157":["36","0.00000","0.00000","0.0","0.0"],"158":["35","0.00000","0.00000","0.0","0.0"],"159":["36","0.00000","0.00000","0.0","0.0"],"160":["34","0.00000","0.00000","0.0","0.0"],"161":["35","21.65714","47.61869","0.0","130.0"],"162":["36","0.00000","0.00000","0.0","0.0"],"163":["28","0.00000","0.00000","0.0","0.0"],"178":["8","0.00000","0.00000","0.0","0.0"],"179":["36","0.00000","0.00000","0.0","0.0"],"180":["35","10.37143","33.87294","0.0","121.0"],"181":["36","0.00000","0.00000","0.0","0.0"],"182":["36","0.00000","0.00000","0.0","0.0"],"183":["35","0.00000","0.00000","0.0","0.0"],"184":["36","0.00000","0.00000","0.0","0.0"],"185":["36","0.00000","0.00000","0.0","0.0"],"186":["35","0.00000","0.00000","0.0","0.0"],"187":["36","0.00000","0.00000","0.0","0.0"],"188":["35","27.54286","50.60115","0.0","122.0"],"189":["35","0.00000","0.00000","0.0","0.0"],"190":["36","0.00000","0.00000","0.0","0.0"],"191":["35","0.00000","0.00000","0.0","0.0"],"192":["36","0.00000","0.00000","0.0","0.0"],"193":["35","0.00000","0.00000","0.0","0.0"],"194":["35","0.00000","0.00000","0.0","0.0"],"195":["35","0.00000","0.00000","0.0","0.0"],"196":["36","0.00000","0.00000","0.0","0.0"],"197":["36","0.00000","0.00000","0.0","0.0"],"198":["35","0.00000","0.00000","0.0","0.0"],"199":["36","0.00000","0.00000","0.0","0.0"],"200":["35","0.00000","0.00000","0.0","0.0"],"201":["34","0.00000","0.00000","0.0","0.0"],"202":["29","16.48276","41.20899","0.0","121.0"],"203":["36","0.00000","0.00000","0.0","0.0"],"204":["36","0.00000","0.00000","0.0","0.0"],"205":["35","0.00000","0.00000","0.0","0.0"],"206":["36","0.00000","0.00000","0.0","0.0"],"207":["35","3.65714","21.32462","0.0","128.0"],"208":["36","0.00000","0.00000","0.0","0.0"],"209":["35","0.00000","0.00000","0.0","0.0"],"210":["35","0.00000","0.00000","0.0","0.0"],"211":["36","0.00000","0.00000","0.0","0.0"],"212":["33","0.00000","0.00000","0.0","0.0"],"213":["36","0.00000","0.00000","0.0","0.0"],"214":["35","0.00000","0.00000","0.0","0.0"],"215":["36","0.00000","0.00000","0.0","0.0"],"216":["35","0.00000","0.00000","0.0","0.0"],"217":["36","0.00000","0.00000","0.0","0.0"],"218":["35","0.00000","0.00000","0.0","0.0"],"219":["36","0.00000","0.00000","0.0","0.0"],"220":["35","0.00000","0.00000","0.0","0.0"],"221":["36","0.00000","0.00000","0.0","0.0"],"222":["4","31.50000","54.55960","0.0","126.0"]}}