{"_t":[1368766800,1368853200,86400,144],"_i":["margaritas\/006\/humidity","margaritas\/006\/temperature"],"_@":{"humi":[40,90],"temp":[10,30]},"margaritas\/006\/humidity":[["14","85.55714","1.08477","82.9","86.0"],["14","85.77857","0.79837","82.9","86.0"],["13","86.00000","0.00000","86.0","86.0"],["18","84.96667","1.46135","82.9","86.0"],["26","84.45000","1.55000","82.9","86.0"],["13","84.33077","1.54541","82.9","86.0"],["12","84.45000","1.55000","82.9","86.0"],["25","84.38800","1.54876","82.9","86.0"],["26","84.45000","1.55000","82.9","86.0"],["26","84.49615","1.59627","82.9","86.1"],["24","84.50000","1.60000","82.9","86.1"],["26","84.50000","1.60000","82.9","86.1"],["13","84.37692","1.59526","82.9","86.1"],["12","84.50000","1.60000","82.9","86.1"],["25","84.43600","1.59872","82.9","86.1"],["26","84.50000","1.60000","82.9","86.1"],["26","84.50000","1.60000","82.9","86.1"],["24","84.50000","1.60000","82.9","86.1"],["26","84.50000","1.60000","82.9","86.1"],["13","84.37692","1.59526","82.9","86.1"],["12","84.50000","1.60000","82.9","86.1"],["25","84.43600","1.59872","82.9","86.1"],["26","84.50000","1.60000","82.9","86.1"],["26","84.50000","1.60000","82.9","86.1"],["24","84.49583","1.59595","82.9","86.1"],["26","84.45000","1.55000","82.9","86.0"],["13","84.33077","1.54541","82.9","86.0"],["12","84.45000","1.55000","82.9","86.0"],["25","84.38800","1.54876","82.9","86.0"],["26","84.45000","1.55000","82.9","86.0"],["26","84.45000","1.55000","82.9","86.0"],["24","84.45000","1.55000","82.9","86.0"],["26","84.45000","1.55000","82.9","86.0"],["13","84.33077","1.54541","82.9","86.0"],["12","84.45000","1.55000","82.9","86.0"],["25","84.38800","1.54876","82.9","86.0"],["26","84.45000","1.55000","82.9","86.0"],["26","84.45000","1.55000","82.9","86.0"],["24","84.45000","1.55000","82.9","86.0"],["26","84.45000","1.55000","82.9","86.0"],["13","84.33077","1.54541","82.9","86.0"],["12","84.45000","1.55000","82.9","86.0"],["25","84.38800","1.54876","82.9","86.0"],["26","84.45000","1.55000","82.9","86.0"],["26","84.45000","1.55000","82.9","86.0"],["24","84.45000","1.55000","82.9","86.0"],["26","84.45000","1.55000","82.9","86.0"],["13","84.33077","1.54541","82.9","86.0"],["12","84.49167","1.50856","82.9","86.0"],["25","84.44000","1.49880","83.0","86.0"],["26","84.59615","1.49627","83.1","86.1"],["26","84.64231","1.51230","83.1","86.2"],["24","84.80000","1.52671","83.2","86.5"],["26","84.24615","2.33126","80.6","86.5"],["13","84.68462","1.55951","83.1","86.4"],["12","84.80000","1.50000","83.3","86.3"],["25","84.74000","1.49880","83.3","86.3"],["26","84.75769","1.45792","83.3","86.3"],["26","84.75000","1.45000","83.3","86.2"],["24","84.70000","1.60000","82.6","86.3"],["26","84.17692","2.20198","80.7","86.3"],["13","83.16154","3.01599","79.6","86.4"],["12","82.75000","3.73330","78.2","86.5"],["13","80.69231","5.14998","74.4","86.4"],["26","79.88846","4.43243","73.5","86.0"],["26","78.10769","4.65328","71.6","85.5"],["24","77.35833","4.91137","72.0","84.5"],["26","75.49615","4.06339","69.9","82.0"],["13","70.36154","3.25235","66.6","76.7"],["12","67.11667","4.28949","62.7","73.9"],["25","63.95600","3.93315","58.7","71.5"],["26","59.17308","4.30041","53.6","69.7"],["26","55.31538","3.70225","49.6","63.1"],["24","53.38333","3.36336","47.9","60.1"],["26","51.98846","3.42461","45.7","59.2"],["13","60.26923","2.40716","57.0","64.7"],["12","66.25000","4.26292","57.7","72.8"],["25","66.62000","3.86709","60.3","73.2"],["26","70.60769","1.59878","67.0","73.8"],["26","71.75385","2.36907","67.8","77.0"],["24","77.73333","2.20693","73.0","80.7"],["26","83.42692","2.10230","80.4","86.4"],["13","84.68462","1.49556","83.3","86.3"],["12","84.80000","1.50000","83.3","86.3"],["25","84.77200","1.53245","83.3","86.4"],["26","84.17692","2.72528","78.8","86.8"],["26","74.84231","6.81690","66.1","86.9"],["24","67.66667","4.93497","59.8","75.2"],["14","67.70000","4.39204","62.0","75.1"]],"margaritas\/006\/temperature":[["14","11.26429","0.38286","11.1","12.2"],["14","11.20000","0.28031","11.1","12.2"],["13","11.25385","0.04985","11.2","11.3"],["18","11.67778","0.51159","11.3","12.4"],["26","11.95769","0.49160","11.4","12.5"],["13","12.18462","0.44867","11.7","12.6"],["12","12.15000","0.45000","11.7","12.6"],["25","12.26000","0.44272","11.8","12.7"],["26","12.29231","0.45651","11.8","12.8"],["26","12.40385","0.41276","11.9","12.9"],["24","12.47500","0.42647","12.0","12.9"],["26","12.51923","0.42064","12.1","13.0"],["13","12.45385","0.45339","11.9","12.9"],["12","12.35000","0.45000","11.9","12.8"],["25","12.32000","0.49960","11.8","12.8"],["26","12.23462","0.52105","11.7","12.8"],["26","12.14615","0.52494","11.6","12.7"],["24","12.12917","0.47212","11.6","12.6"],["26","12.13077","0.47049","11.6","12.6"],["13","12.13846","0.49852","11.6","12.6"],["12","12.10000","0.50000","11.6","12.6"],["25","12.09600","0.52572","11.5","12.6"],["26","12.08846","0.51241","11.5","12.6"],["26","12.07308","0.52810","11.5","12.6"],["24","12.04167","0.55895","11.4","12.6"],["26","12.00769","0.56359","11.4","12.6"],["13","12.16154","0.36698","11.7","12.5"],["12","12.19167","0.39255","11.8","12.6"],["25","12.31200","0.39630","11.9","12.7"],["26","12.27308","0.44424","11.8","12.8"],["26","12.21538","0.50891","11.7","12.8"],["24","12.12500","0.51821","11.6","12.7"],["26","12.12692","0.47439","11.6","12.6"],["13","12.16154","0.47481","11.6","12.6"],["12","12.11667","0.48448","11.6","12.6"],["25","12.16400","0.45421","11.6","12.6"],["26","12.17692","0.46352","11.7","12.7"],["26","12.21923","0.48200","11.7","12.7"],["24","12.20000","0.50000","11.7","12.7"],["26","12.19231","0.50833","11.6","12.7"],["13","12.21538","0.52455","11.6","12.7"],["12","12.15000","0.55000","11.6","12.7"],["25","12.24400","0.52389","11.7","12.8"],["26","12.25769","0.53578","11.7","12.8"],["26","12.30769","0.56359","11.7","12.9"],["24","12.28333","0.61959","11.6","12.9"],["26","12.34615","0.60969","11.7","13.0"],["13","12.44615","0.59822","11.8","13.0"],["12","12.37500","0.67593","11.7","13.1"],["25","12.66000","0.78230","11.8","13.6"],["26","12.97692","0.83127","12.0","14.0"],["26","13.66154","0.90557","12.3","15.0"],["24","14.89583","0.93563","13.5","16.4"],["26","15.89231","0.97780","14.1","16.9"],["13","15.26154","1.25609","13.6","16.6"],["12","14.72500","1.26037","13.4","16.1"],["25","14.65600","1.16003","13.3","15.8"],["26","14.40769","1.25051","13.0","15.8"],["26","14.46538","1.32779","12.9","16.0"],["24","15.02083","1.12952","13.5","16.2"],["26","15.12308","1.33252","13.6","16.6"],["13","15.84615","1.15932","14.5","17.1"],["12","16.09167","1.16151","14.8","17.3"],["13","16.58462","0.98983","15.4","17.5"],["26","16.76154","0.97036","15.4","17.8"],["26","17.06154","0.82884","16.1","18.0"],["24","17.07500","0.78329","15.9","17.9"],["26","17.26154","0.74631","16.3","18.3"],["13","18.68462","0.74508","17.5","19.8"],["12","19.57500","0.73044","18.4","20.6"],["25","20.38800","1.02306","19.1","21.9"],["26","21.70000","1.47882","19.0","23.9"],["26","23.20769","1.54470","21.1","25.2"],["24","23.40000","1.10604","22.1","25.3"],["26","23.72692","1.06466","20.8","24.8"],["13","19.91538","0.69042","19.2","21.2"],["12","19.40000","0.32914","19.0","19.9"],["25","19.49200","0.44982","18.7","20.3"],["26","18.31923","0.24498","17.9","18.8"],["26","17.50000","0.51366","16.5","18.3"],["24","16.62500","0.62400","15.6","17.5"],["26","16.04615","0.76220","15.0","17.0"],["13","15.10769","1.24249","13.7","16.3"],["12","14.95000","1.10114","13.8","16.1"],["25","15.49600","0.70170","14.1","16.7"],["26","17.10385","0.98819","15.3","18.9"],["26","20.91538","1.30286","18.5","22.5"],["24","21.84583","0.60276","21.0","22.7"],["14","20.98571","0.92956","19.7","22.2"]]}