{"_t":[1376456400,1377061200,604800,144],"_i":["timana0\/001\/humidity","timana0\/001\/temp_dry","timana0\/001\/temp_wet","timana0\/002\/VoltR","timana0\/003\/VoltR","timana0\/004\/VoltR"],"_@":{"humi":[30,100],"temp":[0,30],"Volt":[0,130]},"timana0\/001\/humidity":{"5":["6","84.16667","6.25611","78.0","95.0"],"6":["14","69.14286","5.06891","63.0","79.0"],"7":["14","60.21429","1.26370","58.0","63.0"],"8":["14","52.71429","3.21667","47.0","58.0"],"9":["14","46.78571","1.69784","44.0","50.0"],"10":["14","46.42857","1.63507","44.0","49.0"],"11":["14","41.50000","1.80278","38.0","45.0"],"12":["10","40.90000","2.50799","38.0","46.0"],"51":["10","35.60000","1.20000","33.0","37.0"],"52":["14","39.71429","6.26132","34.0","53.0"],"53":["14","43.42857","5.55125","32.0","50.0"],"54":["14","43.07143","3.28338","37.0","46.0"],"55":["14","52.64286","4.99438","47.0","61.0"],"56":["14","68.64286","4.51358","62.0","75.0"],"57":["14","73.00000","1.77281","70.0","76.0"],"58":["14","80.78571","2.48362","77.0","85.0"],"59":["14","86.07143","1.83086","84.0","90.0"],"60":["14","92.85714","1.99489","89.0","96.0"],"61":["14","93.07143","1.09963","91.0","95.0"],"62":["14","94.92857","1.16277","92.0","96.0"],"63":["14","91.42857","1.34771","89.0","94.0"],"64":["14","94.00000","2.44949","90.0","97.0"],"65":["14","97.35714","0.61029","96.0","98.0"],"66":["13","96.76923","0.42133","96.0","97.0"],"67":["14","83.92857","9.99617","67.0","96.0"],"68":["14","61.35714","3.65684","56.0","67.0"],"69":["14","51.57143","3.24509","47.0","57.0"],"70":["14","46.42857","1.63507","43.0","48.0"],"71":["14","40.78571","1.89656","37.0","44.0"],"72":["14","38.07143","2.15354","33.0","41.0"],"73":["14","47.78571","10.06535","31.0","59.0"],"74":["14","81.21429","8.69465","59.0","91.0"],"75":["14","83.85714","2.06526","80.0","87.0"],"76":["14","91.14286","2.26328","86.0","94.0"],"77":["14","93.50000","0.90633","91.0","94.0"],"78":["14","94.21429","1.37210","91.0","96.0"],"79":["14","95.21429","1.26370","93.0","97.0"],"80":["14","96.57143","0.90351","95.0","98.0"],"81":["14","97.14286","0.63888","96.0","98.0"],"82":["13","97.00000","0.39223","96.0","98.0"],"83":["14","96.85714","0.34993","96.0","97.0"],"84":["14","97.14286","0.34993","97.0","98.0"],"85":["14","97.07143","0.25754","97.0","98.0"],"86":["14","96.57143","0.49487","96.0","97.0"],"87":["14","95.71429","1.62255","92.0","97.0"],"88":["14","77.71429","9.43723","61.0","89.0"],"89":["14","60.64286","3.22063","56.0","67.0"],"90":["14","51.64286","3.51745","44.0","58.0"],"91":["14","50.64286","4.52938","43.0","58.0"],"92":["14","68.07143","9.92446","53.0","80.0"],"93":["14","84.57143","4.73157","78.0","93.0"],"94":["14","74.57143","7.47103","60.0","83.0"],"95":["14","84.92857","4.86187","73.0","89.0"],"96":["14","88.50000","1.63663","85.0","91.0"],"97":["14","91.64286","2.09104","88.0","95.0"],"98":["14","93.64286","1.63039","91.0","96.0"],"99":["13","96.69231","0.60569","96.0","98.0"],"100":["14","96.57143","0.49487","96.0","97.0"],"101":["14","96.35714","0.61029","95.0","97.0"],"102":["14","96.42857","0.72843","95.0","97.0"],"103":["14","96.92857","0.25754","96.0","97.0"],"104":["14","96.71429","0.45175","96.0","97.0"],"105":["14","96.64286","0.47916","96.0","97.0"],"106":["14","96.42857","0.49487","96.0","97.0"],"107":["14","97.14286","0.34993","97.0","98.0"],"108":["14","87.85714","9.10931","73.0","98.0"],"109":["14","71.78571","4.58536","66.0","80.0"],"110":["14","60.21429","3.87628","54.0","66.0"],"111":["14","55.71429","3.51382","50.0","63.0"],"112":["14","51.21429","3.02793","46.0","57.0"],"113":["14","56.64286","1.98592","54.0","62.0"],"114":["14","61.00000","4.64451","53.0","67.0"],"115":["13","73.46154","10.32261","55.0","83.0"],"116":["14","66.92857","6.98431","60.0","81.0"],"117":["14","69.64286","4.74503","63.0","78.0"],"118":["14","85.35714","5.03711","75.0","90.0"],"119":["14","89.14286","1.55183","87.0","92.0"],"120":["14","86.07143","1.27975","84.0","88.0"],"121":["14","89.92857","2.46299","86.0","93.0"],"122":["14","92.85714","0.34993","92.0","93.0"],"123":["14","94.57143","1.49830","91.0","96.0"],"124":["14","97.78571","0.55787","96.0","98.0"],"125":["14","96.35714","1.10887","94.0","98.0"],"126":["14","96.21429","0.67386","95.0","97.0"],"127":["14","97.64286","0.81127","97.0","100.0"],"128":["14","97.35714","0.61029","96.0","98.0"],"129":["14","89.07143","6.62748","78.0","96.0"],"130":["14","67.07143","4.30057","59.0","76.0"],"131":["14","52.21429","4.76863","45.0","60.0"],"132":["5","51.60000","0.48990","51.0","52.0"]},"timana0\/001\/temp_dry":{"5":["6","10.03333","1.56489","7.4","12.0"],"6":["14","14.56429","1.18117","12.1","15.9"],"7":["14","16.77857","0.53610","16.0","17.9"],"8":["14","19.36429","1.30088","17.5","21.8"],"9":["14","21.25000","0.83986","19.4","22.9"],"10":["14","21.06429","0.58139","20.3","22.2"],"11":["14","22.26429","0.65640","21.1","23.8"],"12":["10","21.67000","1.04312","20.1","23.4"],"51":["10","23.14000","0.80275","22.1","24.9"],"52":["14","22.49286","0.50492","21.6","23.2"],"53":["14","22.95000","1.07753","20.8","25.1"],"54":["14","20.42143","1.19593","19.1","22.7"],"55":["14","18.14286","1.30259","16.3","19.8"],"56":["14","15.09286","0.70047","14.1","16.1"],"57":["14","14.17857","0.12637","14.0","14.4"],"58":["14","13.05714","0.36978","12.4","13.8"],"59":["14","11.87143","0.30806","11.0","12.2"],"60":["14","9.95714","0.59847","9.2","11.0"],"61":["14","10.10714","0.45742","9.4","10.6"],"62":["14","9.82143","0.42958","9.1","10.6"],"63":["14","10.07857","0.10809","9.8","10.2"],"64":["14","8.02143","0.80372","6.8","9.5"],"65":["14","7.05714","0.37170","6.4","7.6"],"66":["13","7.76923","0.27283","7.4","8.1"],"67":["14","10.88571","2.27089","8.2","14.9"],"68":["14","15.99286","0.98884","14.5","17.6"],"69":["14","18.42857","0.93153","16.5","19.8"],"70":["14","20.22857","0.74107","18.9","21.7"],"71":["14","21.89286","0.93996","20.5","23.9"],"72":["14","22.73571","0.93702","21.4","25.0"],"73":["14","21.70714","2.07484","18.5","26.1"],"74":["14","15.52143","1.66226","13.7","20.1"],"75":["14","14.77143","0.59932","14.0","16.0"],"76":["14","12.97857","0.44429","12.4","14.0"],"77":["14","11.67143","0.26030","11.5","12.3"],"78":["14","10.97143","0.25754","10.7","11.6"],"79":["14","10.42143","0.43454","9.7","10.9"],"80":["14","9.99286","0.53913","9.2","10.7"],"81":["14","9.74286","0.24411","9.2","10.0"],"82":["13","9.85385","0.07458","9.7","10.0"],"83":["14","10.06429","0.18749","9.7","10.3"],"84":["14","9.75714","0.07284","9.6","9.8"],"85":["14","10.02857","0.12778","9.8","10.2"],"86":["14","10.27857","0.05579","10.2","10.4"],"87":["14","10.40714","0.34530","10.1","11.3"],"88":["14","13.85714","1.90102","11.6","17.3"],"89":["14","16.80714","0.56879","16.0","18.0"],"90":["14","19.09286","1.20680","17.6","21.8"],"91":["14","20.02857","1.15352","18.2","21.7"],"92":["14","17.25714","2.37358","14.4","21.8"],"93":["14","14.80000","1.21538","12.8","16.7"],"94":["14","17.60000","1.92539","15.3","21.2"],"95":["14","14.27143","1.25722","13.4","17.8"],"96":["14","13.20000","0.37607","12.8","13.9"],"97":["14","12.30714","0.45271","11.7","13.0"],"98":["14","11.40000","0.47359","10.6","11.9"],"99":["13","10.27692","0.25466","9.9","10.7"],"100":["14","10.18571","0.08330","10.0","10.3"],"101":["14","10.37857","0.16115","10.1","10.6"],"102":["14","10.60714","0.04574","10.5","10.7"],"103":["14","10.60714","0.02575","10.6","10.7"],"104":["14","10.73571","0.06103","10.7","10.9"],"105":["14","10.67857","0.04103","10.6","10.7"],"106":["14","10.59286","0.08835","10.5","10.7"],"107":["14","10.40714","0.15336","10.1","10.6"],"108":["14","11.79286","1.71275","9.8","14.8"],"109":["14","15.22143","1.13652","13.5","17.1"],"110":["14","17.61429","1.02738","16.1","20.1"],"111":["14","18.78571","1.04803","17.1","20.5"],"112":["14","20.47857","0.59182","19.5","21.4"],"113":["14","20.93571","0.69858","19.5","21.8"],"114":["14","19.82857","1.51064","17.8","22.3"],"115":["13","17.36154","2.19669","15.7","21.7"],