{"_t":[1368680400,1368853200,172800,144],"_i":["sanpedro\/002\/humidity","sanpedro\/002\/temperature"],"_@":{"humi":[40,100],"temp":[0,30]},"sanpedro\/002\/humidity":{"0":["11","91.48182","3.23161","86.5","94.6"],"1":["15","90.69333","3.55649","86.5","94.6"],"2":["3","91.06667","3.38657","86.5","94.6"],"3":["12","91.06667","3.38657","86.5","94.6"],"9":["7","91.15714","3.16853","86.4","94.5"],"11":["7","91.50000","3.37512","86.4","94.5"],"12":["3","91.00000","3.39706","86.4","94.5"],"14":["6","91.00000","3.39706","86.4","94.5"],"15":["5","90.26000","3.34999","86.3","94.5"],"18":["4","91.17500","2.98025","86.3","94.4"],"19":["15","91.18667","3.08564","86.3","94.5"],"20":["5","89.22000","3.49651","86.4","94.6"],"21":["14","90.51429","3.50446","86.6","94.7"],"24":["50","71.09000","4.19344","67.2","83.2"],"25":["51","70.70588","1.56599","68.5","74.4"],"27":["96","61.43646","9.69974","53.9","89.4"],"29":["53","65.83585","3.58509","60.2","73.3"],"32":["51","74.89804","3.45341","71.0","80.4"],"33":["45","58.50000","4.66357","53.5","71.0"],"35":["47","60.02766","1.95880","56.7","64.7"],"43":["107","74.15981","4.05799","68.4","80.9"],"48":["61","86.14590","3.46441","82.7","92.3"],"49":["22","91.89091","1.66239","86.9","95.1"],"51":["14","89.62143","3.33063","86.8","95.0"],"52":["5","90.70000","3.30273","86.8","94.9"],"55":["10","89.93000","3.36602","86.7","94.8"],"56":["17","91.64706","2.50273","86.6","94.8"],"57":["3","91.16667","3.38657","86.6","94.7"],"58":["10","91.58000","2.67163","86.6","94.7"],"59":["8","91.73750","3.15751","86.6","94.7"],"60":["10","91.59000","2.65309","86.6","94.7"],"61":["18","90.73333","3.40522","86.6","94.7"],"62":["3","91.16667","3.38657","86.6","94.7"],"63":["11","92.14545","1.99607","86.6","94.7"],"64":["16","90.53125","3.59004","86.6","94.7"],"67":["4","91.42500","2.99447","86.5","94.6"],"69":["7","90.37143","3.54752","86.4","94.5"],"70":["5","91.94000","3.00173","86.3","94.5"],"72":["10","90.26000","3.34999","86.3","94.5"],"73":["3","91.00000","3.39706","86.4","94.5"],"75":["12","91.47500","3.10675","86.4","94.5"],"78":["7","91.15714","3.16853","86.4","94.5"],"79":["10","90.54000","3.50577","86.4","94.5"],"81":["3","91.00000","3.39706","86.4","94.5"],"84":["3","91.00000","3.39706","86.4","94.5"],"86":["4","91.27500","2.98025","86.4","94.5"],"88":["7","91.50000","3.37512","86.4","94.5"],"89":["10","91.11000","3.23958","86.4","94.5"],"90":["9","91.00000","3.39706","86.4","94.5"],"91":["12","91.00000","3.39706","86.4","94.5"],"92":["16","91.14375","2.87923","86.4","94.5"],"94":["6","90.65000","3.11328","86.4","94.5"],"95":["4","89.30000","2.90000","86.4","92.2"],"97":["19","91.63158","3.23339","86.5","94.7"],"98":["39","90.82821","3.44242","86.5","94.9"],"99":["11","91.81818","3.28739","86.7","94.9"],"100":["14","91.11429","3.42634","86.7","94.9"],"101":["6","92.33333","2.73841","86.7","94.9"],"102":["86","88.63605","3.62937","83.9","95.0"],"104":["51","84.43529","4.26586","79.8","94.3"],"106":["94","74.09468","2.20687","71.2","80.8"],"109":["93","60.12688","5.90819","45.9","69.7"],"110":["47","68.98723","5.08333","64.2","78.9"],"112":["51","80.08039","2.07865","77.0","84.6"],"113":["12","90.99167","3.68068","86.7","95.0"],"114":["48","90.85833","3.44830","86.7","95.1"],"115":["48","70.86250","3.51323","60.9","73.9"],"116":["56","76.66429","2.34562","73.0","81.1"],"117":["52","75.91731","2.74119","72.7","81.2"],"118":["53","70.05849","4.04729","66.0","79.2"],"119":["48","55.14375","6.41703","48.5","63.6"],"120":["49","60.93061","4.35605","55.9","70.1"],"122":["61","86.59180","2.15941","82.9","91.4"],"123":["26","92.03077","2.53798","86.9","95.1"],"124":["50","90.98600","2.84703","86.8","95.1"],"125":["10","92.40000","2.99867","86.8","95.0"],"126":["8","90.82500","3.40211","86.6","94.8"],"127":["13","91.53846","3.43859","86.6","94.8"],"128":["11","91.64545","3.25838","86.6","94.8"],"130":["9","91.18889","3.41221","86.5","94.7"],"131":["6","91.16667","3.44222","86.5","94.7"],"132":["20","91.53000","3.07849","86.5","94.7"],"133":["9","91.97778","3.16009","86.4","94.6"],"134":["8","92.20000","3.46987","86.3","94.6"],"135":["6","91.93333","2.73841","86.3","94.5"],"136":["6","89.60000","3.39559","86.3","94.5"],"137":["12","91.93333","2.73841","86.3","94.5"],"141":["6","91.46667","2.46824","86.3","94.4"],"142":["8","91.47500","3.16336","86.3","94.4"],"143":["5","90.22000","3.32830","86.3","94.5"]},"sanpedro\/002\/temperature":{"0":["11","12.18182","0.25161","11.8","12.5"],"1":["15","12.04000","0.30941","11.6","12.4"],"2":["3","12.00000","0.29439","11.6","12.3"],"3":["12","12.03333","0.32998","11.6","12.4"],"9":["7","11.47143","0.31493","11.0","11.8"],"11":["7","11.62857","0.34934","11.1","12.0"],"12":["3","11.56667","0.33993","11.1","11.9"],"14":["6","11.38333","0.38909","10.8","11.8"],"15":["5","11.02000","0.47074","10.4","11.5"],"18":["4","11.07500","0.39607","10.4","11.4"],"19":["15","11.64667","0.38274","10.8","12.2"],"20":["5","12.12000","0.31875","11.8","12.6"],"21":["14","13.05000","0.17627","12.7","13.3"],"24":["50","18.19800","0.76511","17.6","19.6"],"25":["51","18.11765","2.00095","16.5","21.2"],"27":["96","20.83750","1.01645","20.0","23.8"],"29":["53","19.06038","1.22895","17.8","21.1"],"32":["51","17.16667","0.53675","16.6","18.3"],"33":["45","21.29111","0.86277","20.2","23.6"],"35":["47","20.22340","2.24264","18.5","24.3"],"43":["107","18.43458","0.47283","17.9","19.7"],"48":["61","16.86885","0.58071","16.3","17.6"],"49":["22","16.12727","0.23195","15.2","16.5"],"51":["14","14.66429","0.41851","14.1","15.4"],"52":["5","14.24000","0.42237","13.7","14.8"],"55":["10","12.46000","0.44989","11.9","13.3"],"56":["17","12.98235","0.30724","12.4","13.4"],"57":["3","12.96667","0.33993","12.5","13.3"],"58":["10","13.00000","0.25690","12.4","13.3"],"59":["8","13.08750","0.21469","12.8","13.4"],"60":["10","12.97000","0.21932","12.8","13.4"],"61":["18","12.92778","0.32456","12.4","13.4"],"62":["3","12.90000","0.37417","12.4","13.3"],"63":["11","12.91818","0.21666","12.5","13.3"],"64":["16","12.91875","0.34860","12.5","13.4"],"67":["4","12.70000","0.35355","12.1","13.0"],"69":["7","11.74286","0.64776","10.9","12.4"],"70":["5","11.48000","0.44452","10.6","11.8"],"72":["10","11.32000","0.45343","10.7","11.8"],"73":["3","11.93333","0.32998","11.5","12.3"],"75":["12","12.16667","0.31447","11.7","12.6"],"78":["7","12.07143","0.36533","11.5","12.5"],"79":["10","11.98000","0.39699","11.5","12.5"],"81":["3","11.83333","0.41096","11.3","12.3"],"84":["3","11.80000","0.37417","11.3","12.2"],"86":["4","11.95000","0.32016","11.5","12.4"],"88":["7","11.88571","0.40153","11.3","12.3"],"89":["10","11.76000","0.38000","11.2","12.2"],"90":["9","11.86667","0.41366","11.3","12.4"],"91":["12","11.97500","0.40026","11.4","12.5"],"92":["16","12.07500","0.36827","11.5","12.6"],"94":["6","11.98333","0.38909","11.4","12.4"],"95":["4","11.80000","0.25495","11.5","12.1"],"97":["19","13.02632","0.54274","12.1","13.9"],"98":["39","14.08462","0.82167","12.6","15.3"],"99":["11","14.64545","0.60206","13.6","15.3"],"100":["14","14.34286","0.69459","13.3","15.0"],"101":["6","14.91667","0.72896","13.3","15.4"],"102":["86","15.17209","1.14381","14.0","17.0"],"104":["51","15.45098","1.26155","14.5","18.1"],"106":["94","17.72872","2.34809","15.6","22.1"],"109":["93","20.85591","3.20394","18.0","30.0"],"110":["47","19.13191","0.55891","18.4","20.6"],"112":["51","16.39412","0.66816","15.8","18.1"],"113":["12","15.20833","0.78258","14.1","16.1"],"114":["48","15.51875","0.84055","13.9","17.0"],"115":["48","19.46875","1.69363","18.2","23.1"],"116":["56","17.71071","0.63406","17.0","18.7"],"117":["52","18.22500","0.45016","17.9","19.1"],"118":["53","19.48113","0.35398","19.0","20.1"],"119":["48","22.63125","0.93878","21.7","24.5"],"120":["49","20.80612","1.39948","19.5","23.8"],"122":["61","16.85410","0.77154","15.8","18.4"],"123":["26","16.88846","0.35769","15.7","17.2"],"124":["50","15.67600","0.75909","14.1","16.6"],"125":["10","14.99000","0.53749","13.9","15.5"],