{"_t":[1369544400,1369630800,86400,144],"_i":["sanpedro\/005\/humidity","sanpedro\/005\/temperature"],"_@":{"humi":[40,100],"temp":[0,30]},"sanpedro\/005\/humidity":{"0":["3","90.96667","3.38657","86.4","94.5"],"2":["4","91.85000","3.30794","86.4","94.5"],"3":["4","91.85000","3.30794","86.4","94.5"],"4":["6","91.38333","3.63291","86.4","94.5"],"8":["4","91.85000","3.30794","86.4","94.5"],"9":["9","91.24444","3.55812","86.4","94.5"],"10":["8","90.52500","3.33869","86.4","94.5"],"11":["5","90.76000","3.67511","86.4","94.5"],"12":["8","89.82500","3.53721","86.4","94.5"],"13":["6","91.36667","3.65589","86.3","94.5"],"14":["8","90.80000","3.61766","86.3","94.5"],"17":["3","90.93333","3.43155","86.3","94.5"],"18":["9","91.17778","3.57329","86.3","94.5"],"20":["6","90.90000","3.39706","86.3","94.4"],"22":["4","91.75000","3.35075","86.2","94.4"],"23":["5","90.16000","3.34999","86.2","94.4"],"25":["5","90.62000","3.72258","86.2","94.4"],"26":["3","90.83333","3.43155","86.2","94.4"],"28":["11","90.73636","3.56836","86.2","94.4"],"29":["3","90.83333","3.43155","86.2","94.4"],"32":["5","92.26000","3.18094","86.2","94.4"],"33":["5","90.62000","3.72258","86.2","94.4"],"35":["8","91.78750","3.31943","86.3","94.5"],"37":["10","91.08000","3.23073","86.4","94.5"],"38":["12","89.90000","3.56160","86.4","94.6"],"39":["6","92.45000","2.89813","86.5","94.7"],"40":["9","90.50000","3.69233","86.5","94.7"],"44":["113","84.95398","4.90763","79.3","94.8"],"45":["93","76.47849","7.90667","63.8","92.9"],"46":["104","68.50673","7.29254","61.4","84.3"],"47":["99","68.85758","1.95593","65.0","75.6"],"48":["95","64.98211","1.46021","62.5","68.2"],"49":["94","70.68511","3.83422","60.4","75.2"],"50":["108","73.68148","1.64154","70.7","76.9"],"51":["52","68.58846","2.61936","65.8","74.6"],"52":["103","69.64563","3.87528","65.4","79.8"],"53":["93","67.16237","3.66594","62.4","75.8"],"54":["101","64.57624","3.72315","59.0","72.1"],"55":["101","65.03861","2.86419","61.1","74.4"],"56":["102","65.82157","3.09594","60.8","72.4"],"57":["95","68.90947","3.28054","64.7","76.6"],"58":["44","66.51818","3.06307","63.0","73.5"],"59":["101","68.66139","3.69535","63.0","76.3"],"60":["108","72.36852","3.44194","68.2","80.9"],"61":["50","71.64400","3.14663","69.0","78.5"],"62":["48","67.18542","3.76525","62.5","74.5"],"63":["94","63.17553","2.24834","59.4","67.3"],"64":["92","63.71957","2.02104","60.1","70.3"],"65":["47","65.83830","2.24144","63.0","72.3"],"66":["49","66.42449","2.40506","61.5","71.3"],"67":["95","62.67789","2.86217","59.1","68.8"],"68":["94","61.03191","4.02942","53.6","70.2"],"69":["88","52.84091","2.00469","49.4","59.2"],"70":["90","59.60556","1.78689","55.8","65.8"],"71":["95","60.19895","2.59921","56.4","66.1"],"72":["50","60.99800","3.94104","57.2","68.6"],"73":["96","62.12187","2.86953","58.8","68.5"],"74":["97","60.90825","2.47772","58.0","67.3"],"75":["96","61.44271","3.37496","57.2","68.2"],"76":["98","62.51531","3.22823","58.5","69.9"],"77":["102","59.74804","2.84804","56.4","67.3"],"78":["91","54.60330","3.37025","49.4","64.5"],"79":["97","51.42887","3.54970","46.5","61.6"],"80":["98","56.17245","3.43484","52.0","65.7"],"81":["99","61.52525","3.18038","56.5","69.2"],"82":["46","61.06739","3.80749","57.6","68.5"],"83":["94","57.17128","4.64075","51.4","67.7"],"84":["96","54.33333","4.00423","50.3","65.6"],"85":["95","50.34211","5.64718","44.3","62.4"],"86":["94","51.79043","4.31122","44.9","63.4"],"87":["95","65.39684","4.32740","55.0","73.0"],"88":["47","72.03830","1.20558","70.0","75.9"],"89":["94","65.91702","3.74846","61.2","74.6"],"90":["52","64.62115","2.91530","60.8","72.5"],"91":["99","70.30606","2.75816","66.6","77.3"],"92":["92","75.05761","3.61426","69.7","82.3"],"93":["109","85.14037","2.53974","80.7","90.7"],"94":["101","79.86337","5.06414","72.6","89.4"],"95":["116","85.82759","2.37220","81.7","91.7"],"96":["116","86.12759","3.76514","82.1","93.3"],"97":["52","83.01923","4.05363","79.6","92.4"],"98":["60","85.33667","4.96316","80.5","93.4"],"99":["51","88.38824","4.17639","84.2","94.6"],"100":["22","87.40455","2.60881","85.6","94.7"],"104":["6","92.08333","2.77093","86.4","94.7"]},"sanpedro\/005\/temperature":{"0":["3","11.46667","0.36818","11.0","11.9"],"2":["4","11.60000","0.43012","10.9","12.0"],"3":["4","11.65000","0.43875","11.0","12.1"],"4":["6","11.66667","0.47493","11.0","12.2"],"8":["4","11.72500","0.41458","11.1","12.1"],"9":["9","11.58889","0.47480","10.9","12.1"],"10":["8","11.37500","0.43229","10.8","12.0"],"11":["5","11.20000","0.46043","10.6","11.7"],"12":["8","11.02500","0.48153","10.5","11.6"],"13":["6","11.11667","0.44127","10.5","11.5"],"14":["8","10.98750","0.48846","10.3","11.5"],"17":["3","10.70000","0.43205","10.1","11.1"],"18":["9","10.74444","0.44250","10.1","11.2"],"20":["6","10.51667","0.48103","9.8","11.0"],"22":["4","10.35000","0.49244","9.5","10.7"],"23":["5","10.08000","0.59800","9.3","10.6"],"25":["5","10.22000","0.47074","9.6","10.7"],"26":["3","10.33333","0.44969","9.7","10.7"],"28":["11","10.49091","0.42737","9.9","11.0"],"29":["3","10.46667","0.47842","9.8","10.9"],"32":["5","10.64000","0.40792","9.9","11.0"],"33":["5","10.58000","0.45343","10.0","11.1"],"35":["8","11.06250","0.40908","10.4","11.5"],"37":["10","11.62000","0.36824","11.0","12.1"],"38":["12","12.06667","0.41899","11.5","12.8"],"39":["6","12.65000","0.38622","12.0","13.1"],"40":["9","12.93333","0.42687","12.4","13.6"],"44":["113","15.13894","0.64718","14.5","16.5"],"45":["93","17.39140","1.31743","15.3","19.5"],"46":["104","19.32500","0.90785","18.4","21.6"],"47":["99","18.41111","2.03683","16.9","23.6"],"48":["95","19.51684","2.39476","17.5","25.0"],"49":["94","17.86702","2.76064","15.2","25.4"],"50":["108","17.25185","2.05036","15.2","20.9"],"51":["52","18.81538","1.17578","17.9","21.3"],"52":["103","18.15146","0.68491","17.5","20.4"],"53":["93","18.93226","0.91148","18.0","20.8"],"54":["101","18.98515","0.85311","18.0","20.8"],"55":["101","19.03960","1.36694","17.6","21.3"],"56":["102","18.42059","1.28752","17.1","21.2"],"57":["95","17.30737","1.05703","16.2","19.9"],"58":["44","17.98636","1.05024","16.9","20.3"],"59":["101","17.60000","1.01757","16.5","20.2"],"60":["108","17.12593","0.80166","16.4","18.7"],"61":["50","16.95000","0.90360","16.3","19.2"],"62":["48","18.75833","1.32332","17.5","22.1"],"63":["94","19.61702","2.04584","17.6","23.8"],"64":["92","19.36196","1.83290","17.9","23.4"],"65":["47","18.67234","1.89991","17.1","22.1"],"66":["49","19.26122","1.39296","17.7","21.8"],"67":["95","19.88526","1.33479","18.6","22.4"],"68":["94","20.62872","1.47097","19.1","24.7"],"69":["88","22.91591","2.16101","20.7","27.0"],"70":["90","21.36778","1.68878","20.1","25.3"],"71":["95","20.40842","1.29360","19.2","23.0"],"72":["50","20.37000","1.37757","19.0","22.3"],"73":["96","20.16979","1.43274","18.7","22.2"],"74":["97","20.15567","1.14684","18.8","21.9"],"75":["96","19.90729","1.00853","19.0","21.4"],"76":["98","19.94898","1.14529","18.9","21.7"],"77":["102","20.65784","1.14955","19.2","22.8"],"78":["91","21.95385","1.10357","20.7","24.5"],"79":["97","23.38144","1.35930","21.5","25.9"],"80":["98","21.38776","1.30863","19.7","23.9"],"81":["99","19.97879","1.22047","18.8","22.2"],"82":["46","19.73478","0.78580","19.2","21.3"],"83":["94","20.80213","0.71933","19.9","22.2"],"84":["96","21.61979","0.62193","20.8","23.6"],"85":["95","23.73158","1.07451","22.7","26.3"],"86":["94","22.33830","1.58067","20.1","26.1"],"87":["95","20.13579","1.13025","18.9","22.5"],"88":["47","18.75957","0.97624","18.1","20.9"],"89":["94","20.37234","0.75278","19.3","21.9"],"90":["52","20.04038","0.75301","19.1","21.8"],"91":["99","18.73333","0.74549","18.1","20.3"],"92":["92","17.84130","0.78770","16.6","19.6"],"93":["109","16.47982","0.68359","15.5","18.2"],"94":["101","14.97624","0.95234","13.5","16.7"],"95":["116","13.69224","0.93672","12.9","15.4"],"96":["116","13.58190","0.86269","13.0","15.1"],"97":["52","13.50000","0.69863","13.1","15.0"],