{"_t":[1366261200,1366347600,86400,144],"_i":["sanpedro\/002\/humidity","sanpedro\/002\/temperature"],"_@":{"humi":[50,100],"temp":[10,30]},"sanpedro\/002\/humidity":{"0":["20","91.46500","2.14972","86.5","94.6"],"1":["8","90.96250","3.57943","86.5","94.6"],"2":["6","91.10000","3.39706","86.5","94.6"],"3":["3","91.10000","3.39706","86.5","94.6"],"5":["9","90.20000","3.42345","86.5","94.6"],"6":["4","91.97500","3.30936","86.5","94.6"],"7":["9","91.83333","2.02868","86.5","94.6"],"9":["6","91.10000","3.39706","86.5","94.6"],"14":["7","90.90000","2.88939","86.5","94.5"],"15":["8","91.31250","2.94297","86.5","94.5"],"16":["6","91.03333","3.35195","86.5","94.5"],"17":["6","91.03333","3.35195","86.5","94.5"],"18":["3","91.03333","3.35195","86.5","94.5"],"22":["2","89.30000","2.80000","86.5","92.1"],"27":["5","90.34000","3.25552","86.5","94.5"],"29":["4","91.90000","3.26803","86.5","94.5"],"59":["45","58.06889","3.85958","54.7","66.0"],"63":["92","63.82717","3.11372","60.4","71.5"],"65":["43","58.19302","4.00572","53.8","69.5"],"69":["44","53.79318","3.42401","50.5","61.7"]},"sanpedro\/002\/temperature":{"0":["20","12.60500","0.19098","12.2","13.1"],"1":["8","12.57500","0.39291","12.1","13.1"],"2":["6","12.50000","0.32660","12.1","12.9"],"3":["3","12.50000","0.32660","12.1","12.9"],"5":["9","12.41111","0.35101","12.0","13.0"],"6":["4","12.57500","0.40234","12.0","13.0"],"7":["9","12.34444","0.21660","11.9","12.8"],"9":["6","12.25000","0.33040","11.8","12.7"],"14":["7","12.01429","0.28997","11.8","12.7"],"15":["8","11.93750","0.32763","11.7","12.5"],"16":["6","12.03333","0.32998","11.8","12.5"],"17":["6","12.10000","0.28868","11.8","12.5"],"18":["3","12.10000","0.29439","11.8","12.5"],"22":["2","12.00000","0.10000","11.9","12.1"],"27":["5","12.12000","0.24819","11.9","12.6"],"29":["4","12.07500","0.32692","11.7","12.4"],"59":["45","20.45778","0.86525","19.8","22.3"],"63":["92","21.07283","0.83628","20.3","22.8"],"65":["43","21.87907","0.64178","21.1","23.3"],"69":["44","23.85000","0.72032","23.3","25.4"]}}