{"_t":[1376715600,1379307600,2592000,240],"_i":["timana0\/002\/VoltR"],"_@":{"Volt":[0,130]},"timana0\/002\/VoltR":{"28":["26","36.65385","54.98387","0.0","121.0"],"29":["36","30.44444","52.73648","0.0","124.0"],"30":["36","0.00000","0.00000","0.0","0.0"],"31":["36","0.00000","0.00000","0.0","0.0"],"32":["36","0.00000","0.00000","0.0","0.0"],"33":["36","0.00000","0.00000","0.0","0.0"],"34":["35","65.28571","59.92260","0.0","123.0"],"35":["36","110.27778","33.29882","0.0","123.0"],"36":["36","100.05556","44.75237","0.0","122.0"],"37":["36","71.88889","60.76904","0.0","127.0"],"38":["36","0.00000","0.00000","0.0","0.0"],"39":["36","0.00000","0.00000","0.0","0.0"],"40":["36","0.00000","0.00000","0.0","0.0"],"41":["35","0.00000","0.00000","0.0","0.0"],"42":["36","80.33333","56.81696","0.0","124.0"],"43":["36","119.05556","1.20057","116.0","121.0"],"44":["36","116.50000","19.89765","0.0","122.0"],"45":["36","72.19444","61.01904","0.0","126.0"],"46":["36","0.00000","0.00000","0.0","0.0"],"47":["34","0.00000","0.00000","0.0","0.0"],"48":["36","0.00000","0.00000","0.0","0.0"],"49":["36","0.00000","0.00000","0.0","0.0"],"50":["36","71.05556","60.06059","0.0","124.0"],"51":["36","103.13889","41.45222","0.0","124.0"],"52":["36","105.97222","37.50073","0.0","123.0"],"53":["36","71.91667","60.79445","0.0","127.0"],"54":["35","0.00000","0.00000","0.0","0.0"],"55":["36","0.00000","0.00000","0.0","0.0"],"56":["36","0.00000","0.00000","0.0","0.0"],"57":["36","0.00000","0.00000","0.0","0.0"],"58":["36","36.75000","55.40476","0.0","122.0"],"59":["36","99.97222","44.74960","0.0","124.0"],"60":["36","107.80556","43.30949","0.0","128.0"],"61":["35","54.17143","62.55443","0.0","128.0"],"62":["36","14.02778","39.67821","0.0","128.0"],"63":["36","0.00000","0.00000","0.0","0.0"],"64":["36","0.00000","0.00000","0.0","0.0"],"65":["36","0.00000","0.00000","0.0","0.0"],"66":["36","62.80556","62.80783","0.0","127.0"],"67":["35","121.05714","20.77491","0.0","126.0"],"68":["36","102.25000","50.24350","0.0","129.0"],"69":["36","56.72222","63.42126","0.0","129.0"],"70":["36","0.00000","0.00000","0.0","0.0"],"71":["36","0.00000","0.00000","0.0","0.0"],"72":["36","0.00000","0.00000","0.0","0.0"],"73":["36","0.00000","0.00000","0.0","0.0"],"74":["35","72.28571","59.03054","0.0","123.0"],"75":["36","113.05556","27.46103","0.0","123.0"],"76":["36","107.41667","38.02658","0.0","124.0"],"77":["36","27.52778","51.50107","0.0","125.0"],"78":["36","0.00000","0.00000","0.0","0.0"],"79":["36","0.00000","0.00000","0.0","0.0"],"80":["35","0.00000","0.00000","0.0","0.0"],"81":["36","0.00000","0.00000","0.0","0.0"],"82":["36","63.94444","60.48964","0.0","123.0"],"83":["36","109.86111","33.15632","0.0","122.0"],"84":["36","63.52778","60.09644","0.0","122.0"],"85":["36","20.72222","46.33670","0.0","125.0"],"86":["36","0.00000","0.00000","0.0","0.0"],"87":["35","0.00000","0.00000","0.0","0.0"],"88":["36","0.00000","0.00000","0.0","0.0"],"89":["36","0.00000","0.00000","0.0","0.0"],"90":["36","44.08333","58.63890","0.0","123.0"],"91":["36","94.63889","46.52786","0.0","121.0"],"92":["35","119.74286","1.51832","116.0","123.0"],"93":["36","68.97222","61.69796","0.0","127.0"],"94":["35","0.00000","0.00000","0.0","0.0"],"95":["36","0.00000","0.00000","0.0","0.0"],"96":["36","0.00000","0.00000","0.0","0.0"],"97":["36","0.00000","0.00000","0.0","0.0"],"98":["36","70.50000","59.67621","0.0","124.0"],"99":["36","96.61111","47.50455","0.0","123.0"],"100":["35","10.22857","33.40666","0.0","120.0"],"101":["14","0.00000","0.00000","0.0","0.0"],"107":["33","68.90909","59.16098","0.0","121.0"],"108":["36","40.05556","56.65291","0.0","123.0"],"109":["35","35.54286","56.20134","0.0","127.0"],"110":["36","0.00000","0.00000","0.0","0.0"],"111":["36","0.00000","0.00000","0.0","0.0"],"112":["36","0.00000","0.00000","0.0","0.0"],"113":["36","0.00000","0.00000","0.0","0.0"],"114":["36","0.00000","0.00000","0.0","0.0"],"115":["35","0.00000","0.00000","0.0","0.0"],"116":["36","55.19444","61.71386","0.0","126.0"],"117":["36","6.94444","28.63365","0.0","126.0"],"118":["36","0.00000","0.00000","0.0","0.0"],"119":["36","0.00000","0.00000","0.0","0.0"],"120":["35","0.00000","0.00000","0.0","0.0"],"121":["36","0.00000","0.00000","0.0","0.0"],"122":["35","49.97143","61.20433","0.0","127.0"],"123":["36","115.50000","34.83652","0.0","128.0"],"124":["36","126.52778","0.89710","124.0","128.0"],"125":["36","35.27778","56.88615","0.0","128.0"],"126":["36","0.00000","0.00000","0.0","0.0"],"127":["36","0.00000","0.00000","0.0","0.0"],"128":["35","0.00000","0.00000","0.0","0.0"],"129":["36","0.00000","0.00000","0.0","0.0"],"130":["36","20.02778","44.78373","0.0","121.0"],"131":["36","55.08333","58.25966","0.0","120.0"],"132":["36","45.86111","57.49693","0.0","121.0"],"133":["36","43.97222","58.49904","0.0","125.0"],"134":["35","0.00000","0.00000","0.0","0.0"],"135":["36","0.00000","0.00000","0.0","0.0"],"136":["36","0.00000","0.00000","0.0","0.0"],"137":["36","0.00000","0.00000","0.0","0.0"],"138":["36","46.38889","58.15844","0.0","121.0"],"139":["36","59.36111","59.36851","0.0","121.0"],"140":["36","0.00000","0.00000","0.0","0.0"],"141":["35","0.00000","0.00000","0.0","0.0"],"142":["36","0.00000","0.00000","0.0","0.0"],"143":["36","0.00000","0.00000","0.0","0.0"],"144":["36","0.00000","0.00000","0.0","0.0"],"145":["36","0.00000","0.00000","0.0","0.0"],"146":["36","0.00000","0.00000","0.0","0.0"],"147":["35","0.00000","0.00000","0.0","0.0"],"148":["36","0.00000","0.00000","0.0","0.0"],"149":["36","0.00000","0.00000","0.0","0.0"],"150":["36","0.00000","0.00000","0.0","0.0"],"151":["36","0.00000","0.00000","0.0","0.0"],"152":["36","0.00000","0.00000","0.0","0.0"],"153":["36","0.00000","0.00000","0.0","0.0"],"154":["34","0.00000","0.00000","0.0","0.0"],"155":["36","0.00000","0.00000","0.0","0.0"],"156":["36","0.00000","0.00000","0.0","0.0"],"157":["36","0.00000","0.00000","0.0","0.0"],"158":["36","0.00000","0.00000","0.0","0.0"],"159":["36","0.00000","0.00000","0.0","0.0"],"160":["35","0.00000","0.00000","0.0","0.0"],"161":["35","0.00000","0.00000","0.0","0.0"],"162":["36","0.00000","0.00000","0.0","0.0"],"163":["36","0.00000","0.00000","0.0","0.0"],"164":["36","0.00000","0.00000","0.0","0.0"],"165":["36","0.00000","0.00000","0.0","0.0"],"166":["36","0.00000","0.00000","0.0","0.0"],"167":["36","0.00000","0.00000","0.0","0.0"],"168":["36","0.00000","0.00000","0.0","0.0"],"169":["35","0.00000","0.00000","0.0","0.0"],"170":["36","0.00000","0.00000","0.0","0.0"],"171":["36","0.00000","0.00000","0.0","0.0"],"172":["36","0.13889","0.82168","0.0","5.0"],"173":["36","0.00000","0.00000","0.0","0.0"],"174":["36","0.00000","0.00000","0.0","0.0"],"175":["36","0.00000","0.00000","0.0","0.0"],"176":["35","0.00000","0.00000","0.0","0.0"],"177":["36","0.00000","0.00000","0.0","0.0"],"178":["36","0.00000","0.00000","0.0","0.0"],"179":["36","0.00000","0.00000","0.0","0.0"],"180":["36","0.00000","0.00000","0.0","0.0"],"181":["36","0.00000","0.00000","0.0","0.0"],"182":["35","0.00000","0.00000","0.0","0.0"],"183":["36","0.00000","0.00000","0.0","0.0"],"184":["36","0.00000","0.00000","0.0","0.0"],"185":["36","0.00000","0.00000","0.0","0.0"],"186":["36","0.00000","0.00000","0.0","0.0"],"187":["36","0.00000","0.00000","0.0","0.0"],"188":["35","0.00000","0.00000","0.0","0.0"],"189":["36","0.00000","0.00000","0.0","0.0"],"190":["36","0.00000","0.00000","0.0","0.0"],"191":["36","0.00000","0.00000","0.0","0.0"],"192":["36","0.00000","0.00000","0.0","0.0"],"193":["36","0.00000","0.00000","0.0","0.0"],"194":["36","0.00000","0.00000","0.0","0.0"],"195":["35","0.00000","0.00000","0.0","0.0"],"196":["36","0.00000","0.00000","0.0","0.0"],"197":["36","0.00000","0.00000","0.0","0.0"],"198":["36","0.00000","0.00000","0.0","0.0"],"199":["36","0.00000","0.00000","0.0","0.0"],"200":["36","0.00000","0.00000","0.0","0.0"],"201":["35","0.00000","0.00000","0.0","0.0"],"202":["36","0.00000","0.00000","0.0","0.0"],"203":["36","0.00000","0.00000","0.0","0.0"],