{"_t":[1368075600,1368162000,86400,144],"_i":["valentina\/003\/humidity","valentina\/003\/temp_dry","valentina\/003\/temp_wet"],"_@":{"humi":[60,100],"temp":[0,20]},"valentina\/003\/humidity":[["2","94.50000","0.50000","94.0","95.0"],["2","94.50000","0.50000","94.0","95.0"],["2","95.00000","0.00000","95.0","95.0"],["2","95.00000","0.00000","95.0","95.0"],["2","95.50000","0.50000","95.0","96.0"],["2","96.00000","0.00000","96.0","96.0"],["2","96.00000","0.00000","96.0","96.0"],["2","96.00000","0.00000","96.0","96.0"],["2","96.50000","0.50000","96.0","97.0"],["2","95.50000","0.50000","95.0","96.0"],["2","96.00000","0.00000","96.0","96.0"],["2","97.00000","1.00000","96.0","98.0"],["2","96.00000","0.00000","96.0","96.0"],["2","96.00000","0.00000","96.0","96.0"],["2","97.00000","1.00000","96.0","98.0"],["2","96.00000","0.00000","96.0","96.0"],["2","96.50000","0.50000","96.0","97.0"],["2","97.00000","0.00000","97.0","97.0"],["2","96.00000","0.00000","96.0","96.0"],["2","97.00000","0.00000","97.0","97.0"],["2","96.50000","0.50000","96.0","97.0"],["2","96.00000","0.00000","96.0","96.0"],["2","96.00000","0.00000","96.0","96.0"],["2","96.00000","0.00000","96.0","96.0"],["2","96.50000","0.50000","96.0","97.0"],["2","96.00000","0.00000","96.0","96.0"],["2","96.00000","0.00000","96.0","96.0"],["2","97.00000","1.00000","96.0","98.0"],["2","97.00000","1.00000","96.0","98.0"],["2","97.00000","1.00000","96.0","98.0"],["2","97.00000","1.00000","96.0","98.0"],["2","96.50000","0.50000","96.0","97.0"],["2","96.00000","0.00000","96.0","96.0"],["2","96.00000","0.00000","96.0","96.0"],["2","96.50000","0.50000","96.0","97.0"],["2","96.00000","0.00000","96.0","96.0"],["2","96.00000","0.00000","96.0","96.0"],["2","95.50000","0.50000","95.0","96.0"],["2","94.00000","0.00000","94.0","94.0"],["2","93.50000","0.50000","93.0","94.0"],["2","92.50000","0.50000","92.0","93.0"],["2","92.00000","0.00000","92.0","92.0"],["2","87.00000","2.00000","85.0","89.0"],["2","77.50000","0.50000","77.0","78.0"],["2","70.50000","2.50000","68.0","73.0"],["2","71.50000","0.50000","71.0","72.0"],["2","68.50000","1.50000","67.0","70.0"],["2","68.50000","0.50000","68.0","69.0"],["2","78.50000","1.50000","77.0","80.0"],["1","81.00000","0.00000","81.0","81.0"]],"valentina\/003\/temp_dry":[["2","11.70000","0.00000","11.7","11.7"],["2","11.75000","0.05000","11.7","11.8"],["2","11.70000","0.00000","11.7","11.7"],["2","11.70000","0.00000","11.7","11.7"],["2","11.70000","0.00000","11.7","11.7"],["2","11.75000","0.05000","11.7","11.8"],["2","11.80000","0.00000","11.8","11.8"],["2","11.80000","0.10000","11.7","11.9"],["2","11.55000","0.05000","11.5","11.6"],["2","11.20000","0.10000","11.1","11.3"],["2","10.95000","0.05000","10.9","11.0"],["2","10.75000","0.05000","10.7","10.8"],["2","10.90000","0.00000","10.9","10.9"],["2","10.75000","0.05000","10.7","10.8"],["2","10.70000","0.00000","10.7","10.7"],["2","10.55000","0.05000","10.5","10.6"],["2","10.45000","0.05000","10.4","10.5"],["2","10.25000","0.05000","10.2","10.3"],["2","10.25000","0.05000","10.2","10.3"],["2","10.00000","0.10000","9.9","10.1"],["2","9.70000","0.10000","9.6","9.8"],["2","9.50000","0.00000","9.5","9.5"],["2","9.60000","0.10000","9.5","9.7"],["2","10.00000","0.10000","9.9","10.1"],["2","10.25000","0.05000","10.2","10.3"],["2","10.45000","0.05000","10.4","10.5"],["2","10.65000","0.05000","10.6","10.7"],["2","10.75000","0.05000","10.7","10.8"],["2","10.70000","0.00000","10.7","10.7"],["2","10.70000","0.00000","10.7","10.7"],["2","10.65000","0.05000","10.6","10.7"],["2","10.40000","0.00000","10.4","10.4"],["2","10.55000","0.05000","10.5","10.6"],["2","10.70000","0.00000","10.7","10.7"],["2","10.80000","0.00000","10.8","10.8"],["2","10.95000","0.05000","10.9","11.0"],["2","11.10000","0.00000","11.1","11.1"],["2","11.40000","0.10000","11.3","11.5"],["2","12.00000","0.10000","11.9","12.1"],["2","12.40000","0.10000","12.3","12.5"],["2","12.95000","0.05000","12.9","13.0"],["2","13.30000","0.10000","13.2","13.4"],["2","14.65000","0.95000","13.7","15.6"],["2","17.25000","0.35000","16.9","17.6"],["2","19.40000","0.30000","19.1","19.7"],["2","18.85000","0.05000","18.8","18.9"],["2","19.15000","0.05000","19.1","19.2"],["2","19.55000","0.25000","19.3","19.8"],["2","17.50000","0.60000","16.9","18.1"],["1","15.90000","0.00000","15.9","15.9"]],"valentina\/003\/temp_wet":[["2","11.25000","0.05000","11.2","11.3"],["2","11.30000","0.00000","11.3","11.3"],["2","11.30000","0.00000","11.3","11.3"],["2","11.30000","0.00000","11.3","11.3"],["2","11.35000","0.05000","11.3","11.4"],["2","11.40000","0.00000","11.4","11.4"],["2","11.40000","0.00000","11.4","11.4"],["2","11.45000","0.05000","11.4","11.5"],["2","11.25000","0.05000","11.2","11.3"],["2","10.85000","0.05000","10.8","10.9"],["2","10.65000","0.05000","10.6","10.7"],["2","10.50000","0.00000","10.5","10.5"],["2","10.60000","0.00000","10.6","10.6"],["2","10.45000","0.05000","10.4","10.5"],["2","10.45000","0.05000","10.4","10.5"],["2","10.25000","0.05000","10.2","10.3"],["2","10.20000","0.00000","10.2","10.2"],["2","10.05000","0.05000","10.0","10.1"],["2","9.95000","0.05000","9.9","10.0"],["2","9.80000","0.10000","9.7","9.9"],["2","9.45000","0.05000","9.4","9.5"],["2","9.20000","0.00000","9.2","9.2"],["2","9.30000","0.10000","9.2","9.4"],["2","9.70000","0.10000","9.6","9.8"],["2","10.00000","0.00000","10.0","10.0"],["2","10.15000","0.05000","10.1","10.2"],["2","10.35000","0.05000","10.3","10.4"],["2","10.50000","0.00000","10.5","10.5"],["2","10.45000","0.05000","10.4","10.5"],["2","10.45000","0.05000","10.4","10.5"],["2","10.40000","0.00000","10.4","10.4"],["2","10.15000","0.05000","10.1","10.2"],["2","10.25000","0.05000","10.2","10.3"],["2","10.40000","0.00000","10.4","10.4"],["2","10.55000","0.05000","10.5","10.6"],["2","10.65000","0.05000","10.6","10.7"],["2","10.80000","0.00000","10.8","10.8"],["2","11.05000","0.15000","10.9","11.2"],["2","11.50000","0.10000","11.4","11.6"],["2","11.75000","0.05000","11.7","11.8"],["2","12.20000","0.00000","12.2","12.2"],["2","12.50000","0.10000","12.4","12.6"],["2","13.30000","0.70000","12.6","14.0"],["2","14.60000","0.20000","14.4","14.8"],["2","15.65000","0.05000","15.6","15.7"],["2","15.30000","0.00000","15.3","15.3"],["2","15.15000","0.15000","15.0","15.3"],["2","15.50000","0.10000","15.4","15.6"],["2","14.95000","0.35000","14.6","15.3"],["1","13.80000","0.00000","13.8","13.8"]]}