{"_t":[1364101200,1366693200,2592000,240],"_i":["sanpedro\/002\/humidity","sanpedro\/002\/temperature"],"_@":{"humi":[20,100],"temp":[0,40]},"sanpedro\/002\/humidity":{"0":["36","91.82222","0.06713","91.7","91.9"],"1":["35","91.64000","0.09008","91.5","91.8"],"2":["35","82.42571","11.04330","57.7","92.2"],"3":["36","52.43889","5.21857","36.7","63.1"],"4":["36","69.24444","12.92514","47.2","92.1"],"5":["36","82.86111","5.20311","73.1","92.2"],"6":["36","92.44722","0.07633","92.3","92.6"],"7":["34","92.07647","0.08765","92.0","92.3"],"8":["35","91.86000","0.08685","91.8","92.0"],"9":["36","91.78889","0.09061","91.6","91.9"],"10":["36","83.57222","9.27654","62.3","92.4"],"11":["36","49.23056","6.61038","35.2","62.8"],"12":["36","60.57222","7.20735","46.8","71.8"],"13":["36","89.97222","5.30893","70.5","92.8"],"14":["36","92.41389","0.11584","92.3","92.7"],"15":["36","92.24444","0.08642","92.1","92.3"],"16":["33","92.00909","0.07533","91.8","92.1"],"17":["36","91.59444","0.10526","91.4","91.8"],"18":["36","84.16111","8.77083","63.7","92.2"],"19":["36","53.21111","7.72308","40.3","68.1"],"20":["36","51.90556","4.61067","44.8","63.2"],"21":["36","69.92500","12.35085","53.5","92.0"],"22":["36","92.40833","0.14410","92.2","92.6"],"23":["36","91.97500","0.14977","91.7","92.2"],"24":["36","91.56389","0.09762","91.4","91.7"],"25":["36","91.28056","0.06155","91.2","91.4"],"26":["36","77.69722","14.62643","48.6","91.8"],"27":["36","39.93611","6.13755","27.6","50.7"],"28":["36","55.73056","7.89166","46.2","71.2"],"29":["36","80.66667","10.67817","53.9","92.6"],"30":["36","92.26111","0.11125","92.1","92.4"],"31":["36","92.08056","0.03958","92.0","92.1"],"32":["36","91.90556","0.08802","91.8","92.0"],"33":["36","91.92778","0.04479","91.9","92.0"],"34":["36","80.43611","12.26495","59.3","92.5"],"35":["36","48.06944","9.53234","33.3","67.6"],"36":["36","55.95278","4.84473","46.9","72.6"],"37":["36","84.22778","10.02138","62.7","92.7"],"38":["35","92.16571","0.14529","91.8","92.4"],"39":["36","92.08056","0.03958","92.0","92.1"],"40":["36","91.82222","0.08854","91.7","92.0"],"41":["36","91.57778","0.05827","91.5","91.7"],"42":["36","82.18056","11.39783","52.9","92.4"],"43":["31","60.23871","7.02405","48.7","72.2"],"44":["36","64.11389","6.68199","49.5","75.8"],"45":["36","81.61667","10.55584","61.1","92.7"],"46":["36","92.25556","0.13217","92.1","92.6"],"47":["35","92.04857","0.10789","91.8","92.2"],"48":["34","91.83824","0.04860","91.8","91.9"],"49":["35","91.73429","0.05827","91.7","91.9"],"50":["36","87.25000","8.73026","62.9","92.4"],"51":["36","72.59722","8.20858","60.1","92.7"],"52":["36","64.26944","5.89142","56.6","78.1"],"53":["36","72.14444","7.27310","56.9","86.5"],"54":["36","91.82222","0.78638","87.4","92.3"],"55":["36","91.98333","0.03727","91.9","92.0"],"56":["35","92.13714","0.08972","91.8","92.2"],"57":["35","92.05714","0.07667","92.0","92.2"],"58":["36","82.28889","11.03680","62.3","92.6"],"59":["36","59.77500","9.61398","45.9","79.2"],"60":["36","65.92500","6.51491","48.7","75.3"],"61":["36","63.58611","8.97844","53.7","85.4"],"62":["36","91.55000","1.75111","85.2","92.4"],"63":["36","91.78056","0.07753","91.7","92.0"],"64":["36","91.64167","0.07217","91.6","91.8"],"65":["36","91.64444","0.09263","91.5","91.8"],"66":["36","84.76111","9.75674","57.7","92.5"],"67":["36","53.28056","5.06808","41.7","60.4"],"68":["28","63.21429","6.46506","51.9","72.9"],"70":["40","90.87000","3.45146","86.2","94.7"],"71":["6","89.43333","3.43204","86.1","94.4"],"98":["42","55.48333","1.52595","53.6","61.5"],"100":["44","53.62500","2.15640","50.1","57.8"],"101":["262","79.57710","10.56451","58.8","95.0"],"102":["82","91.17927","3.36922","86.4","94.9"],"103":["51","91.30784","3.20097","86.5","94.7"],"104":["49","90.58980","3.50767","86.2","94.7"],"105":["46","91.00217","3.26180","86.1","94.5"],"106":["217","77.89124","10.49493","62.7","94.7"],"107":["43","36.84884","3.08465","30.9","42.9"],"108":["176","57.06080","8.91054","43.4","75.2"],"109":["227","76.51938","6.81496","64.9","95.0"],"110":["47","91.18085","3.13780","86.5","94.8"],"111":["78","91.22564","3.26015","86.4","94.8"],"112":["41","90.20976","3.46634","86.0","94.6"],"113":["75","89.44400","3.54074","85.7","94.1"],"114":["206","85.63447","5.41877","76.7","94.5"],"115":["132","52.61667","3.39675","48.9","64.0"],"116":["44","52.09091","2.85218","48.8","59.0"],"133":["190","78.84947","14.72757","49.2","95.2"],"134":["73","90.85890","3.53564","86.3","95.1"],"135":["51","91.24706","3.32249","86.3","94.7"],"136":["85","90.81647","3.48391","86.1","94.6"],"137":["95","90.40316","3.52723","86.1","94.5"],"138":["170","75.70000","11.50442","62.9","94.9"],"139":["137","54.42920","16.35012","38.9","85.0"],"140":["294","63.62993","7.33533","53.0","83.0"],"141":["22","91.30455","3.27240","86.7","94.9"],"142":["55","90.78000","3.39076","86.3","94.8"],"143":["35","91.00857","3.35315","86.0","94.6"],"144":["81","90.35432","3.45340","85.9","94.3"],"145":["10","90.37000","3.51939","86.2","94.3"],"178":["50","88.78200","3.64053","85.0","95.0"],"179":["104","70.72981","4.16182","63.9","81.1"],"181":["327","78.12263","8.00779","63.9","95.0"],"182":["42","90.91190","3.43991","86.7","94.9"],"183":["63","91.23016","2.92367","86.4","94.7"],"184":["65","90.76308","3.41709","86.2","94.6"],"185":["40","90.53000","3.37818","86.2","94.5"],"186":["125","66.80720","14.30710","54.3","94.6"],"187":["44","51.31136","5.48760","46.7","67.1"],"188":["184","59.74239","7.98702","46.4","73.5"],"189":["298","78.74799","12.88299","49.2","95.0"],"190":["65","90.77077","3.38561","86.4","94.8"],"191":["46","91.00217","3.43362","86.4","94.7"],"192":["35","90.88000","3.21806","85.9","94.5"],"193":["110","88.80455","3.54556","85.9","94.2"],"194":["125","90.20240","3.51134","85.9","94.9"],"196":["138","52.44130","9.33933","36.1","70.6"],"197":["257","74.52957","15.50791","51.2","95.1"],"198":["63","88.25873","3.67262","84.4","94.9"],"199":["68","91.63088","2.40393","86.5","94.6"],"200":["92","91.18370","3.01259","86.5","94.6"],"201":["14","90.78571","3.33442","86.5","94.5"],"203":["267","58.79326","5.37211","50.5","71.5"],"205":["393","79.14606","10.14153","55.5","95.2"],"206":["56","91.53393","3.20643","86.6","94.9"],"207":["58","91.26207","3.34184","86.4","94.7"],"208":["34","91.42353","3.34603","86.4","94.6"],"209":["45","91.58889","3.18400","86.3","94.5"],"214":["50","91.59400","3.05067","86.5","94.7"],"215":["42","91.34524","3.23833","86.5","94.7"],"216":["70","91.12429","3.26525","86.3","94.7"],"217":["62","91.19032","3.28588","86.3","94.5"],"218":["231","77.69957","11.90091","55.4","95.0"],"236":["142","71.14155","4.44304","61.8","78.4"],"237":["236","72.92627","11.77858","51.8","95.0"],"238":["83","90.38795","3.25822","86.2","94.8"],"239":["44","90.83182","3.14381","86.2","94.4"]},"sanpedro\/002\/temperature":{"0":["36","9.11667","0.45856","8.3","9.9"],"1":["35","7.67429","0.66777","6.6","8.9"],"2":["35","14.44000","5.84310","6.5","24.3"],"3":["36","25.21111","2.15893","22.0","30.3"],"4":["36","20.77500","3.04689","16.6","26.5"],"5":["36","17.95833","1.38451","14.9","20.8"],"6":["36","13.47778","0.57885","12.3","14.7"],"7":["34","10.66765","0.67114","9.7","12.1"],"8":["35","9.32000","0.62143","8.5","10.5"],"9":["36","8.69722","0.73124","7.5","9.7"],"10":["36","14.86111","5.34115","7.7","24.8"],"11":["36","28.38056","2.35075","22.9","32.4"],"12":["36","25.21944","2.67206","21.2","30.4"],"13":["36","16.68333","1.40050","15.1","21.3"],"14":["36","13.26389","0.76961","12.1","14.8"],"15":["36","12.18333","0.46577","11.3","12.7"],"16":["33","10.33333","0.60786","9.2","11.4"],"17":["36","7.40833","0.65251","6.2","8.9"],"18":["36","14.01111","5.46594","6.3","24.0"],"19":["36","25.74167","2.38262","21.6","32.2"],"20":["36","26.84722","1.56303","22.7","29.2"],"21":["36","21.58056","3.47442","16.0","26.3"],"22":["36","13.43056","1.13304","11.6","15.7"],"23":["36","9.99722","0.98671","8.3","11.7"],"24":["36","7.13333","0.74199","6.0","8.2"],