{"_t":[1369371600,1369458000,86400,144],"_i":["marly\/001\/humidity","marly\/001\/temperature"],"_@":{"humi":[30,90],"temp":[0,30]},"marly\/001\/humidity":[["9","86.20000","0.00000","86.2","86.2"],["10","86.20000","0.00000","86.2","86.2"],["7","86.20000","0.00000","86.2","86.2"],["8","86.20000","0.00000","86.2","86.2"],["9","86.20000","0.00000","86.2","86.2"],["8","86.20000","0.00000","86.2","86.2"],["9","86.20000","0.00000","86.2","86.2"],["9","86.20000","0.00000","86.2","86.2"],["9","86.12222","0.04157","86.1","86.2"],["11","86.16364","0.20124","86.1","86.8"],["9","86.10000","0.00000","86.1","86.1"],["9","86.10000","0.00000","86.1","86.1"],["9","86.10000","0.00000","86.1","86.1"],["9","86.10000","0.00000","86.1","86.1"],["10","86.10000","0.00000","86.1","86.1"],["9","86.10000","0.00000","86.1","86.1"],["9","86.10000","0.00000","86.1","86.1"],["9","86.10000","0.00000","86.1","86.1"],["9","86.10000","0.00000","86.1","86.1"],["10","86.10000","0.00000","86.1","86.1"],["9","86.10000","0.00000","86.1","86.1"],["9","86.10000","0.00000","86.1","86.1"],["9","86.10000","0.00000","86.1","86.1"],["10","86.10000","0.00000","86.1","86.1"],["9","86.10000","0.00000","86.1","86.1"],["9","86.10000","0.00000","86.1","86.1"],["9","86.10000","0.00000","86.1","86.1"],["10","86.10000","0.00000","86.1","86.1"],["9","86.10000","0.00000","86.1","86.1"],["9","86.10000","0.00000","86.1","86.1"],["9","86.10000","0.00000","86.1","86.1"],["10","86.10000","0.00000","86.1","86.1"],["8","86.10000","0.00000","86.1","86.1"],["9","86.10000","0.00000","86.1","86.1"],["9","86.10000","0.00000","86.1","86.1"],["10","86.10000","0.00000","86.1","86.1"],["8","86.10000","0.00000","86.1","86.1"],["9","86.10000","0.00000","86.1","86.1"],["10","86.19000","0.20712","86.1","86.8"],["9","86.20000","0.00000","86.2","86.2"],["10","86.30000","0.00000","86.3","86.3"],["9","86.30000","0.00000","86.3","86.3"],["9","86.37778","0.04157","86.3","86.4"],["9","86.40000","0.00000","86.4","86.4"],["9","83.82222","2.26165","79.3","86.5"],["10","77.68000","1.10797","76.0","79.8"],["8","77.23750","0.55213","76.4","78.5"],["9","76.07778","1.28822","73.3","77.4"],["9","73.01111","1.04504","71.1","74.3"],["10","71.78000","1.06189","69.7","73.3"],["8","67.70000","2.57876","63.1","70.9"],["9","60.82222","1.65111","58.4","63.3"],["9","59.82222","1.02608","57.9","60.9"],["9","54.56667","1.47121","51.9","56.8"],["10","47.33000","3.43396","41.3","53.0"],["9","43.74444","1.82398","39.7","46.3"],["10","45.82000","6.90519","39.9","65.5"],["8","46.50000","2.28583","43.4","51.0"],["10","50.67000","1.77260","47.3","53.6"],["9","56.57778","2.18417","52.0","58.9"],["9","61.82222","0.86894","60.6","63.8"],["9","61.86667","0.92976","60.3","63.1"],["10","60.43000","2.10905","55.4","63.7"],["6","58.66667","2.39838","56.7","63.9"],["9","60.72222","3.11298","54.5","65.9"],["8","57.27500","7.51128","51.1","73.5"]],"marly\/001\/temperature":[["9","12.80000","0.00000","12.8","12.8"],["10","12.72000","0.04000","12.7","12.8"],["7","12.61429","0.03499","12.6","12.7"],["8","12.60000","0.00000","12.6","12.6"],["9","12.60000","0.00000","12.6","12.6"],["8","12.60000","0.00000","12.6","12.6"],["9","12.51111","0.03143","12.5","12.6"],["9","12.41111","0.03143","12.4","12.5"],["9","12.40000","0.00000","12.4","12.4"],["11","12.16364","0.74745","9.8","12.4"],["9","12.32222","0.04157","12.3","12.4"],["9","12.40000","0.00000","12.4","12.4"],["9","12.40000","0.00000","12.4","12.4"],["9","12.40000","0.00000","12.4","12.4"],["10","12.49000","0.03000","12.4","12.5"],["9","12.48889","0.03143","12.4","12.5"],["9","12.40000","0.00000","12.4","12.4"],["9","12.31111","0.03143","12.3","12.4"],["9","12.30000","0.00000","12.3","12.3"],["10","12.30000","0.00000","12.3","12.3"],["9","12.40000","0.00000","12.4","12.4"],["9","12.43333","0.04714","12.4","12.5"],["9","12.50000","0.00000","12.5","12.5"],["10","12.43000","0.04583","12.4","12.5"],["9","12.40000","0.00000","12.4","12.4"],["9","12.40000","0.00000","12.4","12.4"],["9","12.40000","0.00000","12.4","12.4"],["10","12.40000","0.00000","12.4","12.4"],["9","12.40000","0.00000","12.4","12.4"],["9","12.28889","0.07370","12.2","12.4"],["9","12.20000","0.00000","12.2","12.2"],["10","12.12000","0.04000","12.1","12.2"],["8","12.06250","0.04841","12.0","12.1"],["9","11.98889","0.05666","11.9","12.1"],["9","11.87778","0.04157","11.8","11.9"],["10","11.73000","0.04583","11.7","11.8"],["8","11.88750","0.10533","11.7","12.0"],["9","12.22222","0.13147","12.0","12.4"],["10","12.41000","0.81296","10.0","12.9"],["9","13.25556","0.21660","12.9","13.6"],["10","13.93000","0.17916","13.6","14.2"],["9","14.20000","0.00000","14.2","14.2"],["9","14.43333","0.09428","14.3","14.6"],["9","14.91111","0.25580","14.6","15.4"],["9","16.43333","0.56569","15.6","17.3"],["10","17.52000","0.07483","17.4","17.6"],["8","17.77500","0.24367","17.4","18.1"],["9","18.56667","0.32660","18.1","19.0"],["9","19.11111","0.05666","19.0","19.2"],["10","19.77000","0.23685","19.4","20.2"],["8","21.28750","0.68454","20.4","22.3"],["9","22.95556","0.26294","22.5","23.3"],["9","22.84444","0.37152","22.4","23.6"],["9","24.81111","0.29229","24.1","25.1"],["10","27.89000","1.53326","25.6","30.0"],["9","29.17778","0.44166","28.7","30.0"],["10","25.66000","3.03388","16.9","28.2"],["8","25.50000","0.48990","24.8","26.1"],["10","23.93000","0.59169","23.0","24.8"],["9","22.02222","0.48712","21.3","22.8"],["9","20.70000","0.24495","20.4","21.2"],["9","20.53333","0.14142","20.4","20.8"],["10","21.34000","0.30067","20.9","21.8"],["6","21.40000","0.39581","20.6","21.8"],["9","22.14444","1.33675","20.5","24.0"],["8","22.06250","2.68977","17.0","24.0"]]}