{"_t":[1381122000,1381208400,86400,144],"_i":["timana0\/006\/temp_dry","timana0\/006\/temp_wet"],"_@":{"temp":[0,30]},"timana0\/006\/temp_dry":{"51":["1","19.30000","0.00000","19.3","19.3"],"54":["1","20.30000","0.00000","20.3","20.3"],"57":["1","21.60000","0.00000","21.6","21.6"],"60":["1","21.20000","0.00000","21.2","21.2"],"63":["1","23.30000","0.00000","23.3","23.3"],"66":["1","24.20000","0.00000","24.2","24.2"],"69":["1","24.00000","0.00000","24.0","24.0"],"73":["1","22.80000","0.00000","22.8","22.8"],"76":["1","22.30000","0.00000","22.3","22.3"],"79":["1","0.00000","0.00000","0.0","0.0"],"82":["1","22.50000","0.00000","22.5","22.5"]},"timana0\/006\/temp_wet":{"51":["1","18.30000","0.00000","18.3","18.3"],"54":["1","19.30000","0.00000","19.3","19.3"],"57":["1","20.60000","0.00000","20.6","20.6"],"60":["1","20.40000","0.00000","20.4","20.4"],"63":["1","22.10000","0.00000","22.1","22.1"],"66":["1","23.10000","0.00000","23.1","23.1"],"69":["1","23.20000","0.00000","23.2","23.2"],"73":["1","22.40000","0.00000","22.4","22.4"],"76":["1","22.00000","0.00000","22.0","22.0"],"79":["1","0.00000","0.00000","0.0","0.0"],"82":["1","22.10000","0.00000","22.1","22.1"]}}