{"_t":[1371013200,1371099600,86400,144],"_i":["fantasy\/003\/humidity","fantasy\/003\/temp_dry","fantasy\/003\/temp_wet"],"_@":{"humi":[50,100],"temp":[0,30]},"fantasy\/003\/humidity":{"41":["2","88.00000","4.00000","84.0","92.0"],"42":["18","85.72222","4.55589","79.0","92.0"],"43":["19","85.47368","2.23297","82.0","89.0"],"44":["19","84.36842","1.62903","82.0","87.0"],"45":["19","79.73684","2.73076","75.0","84.0"],"46":["19","69.05263","2.23545","65.0","73.0"],"47":["15","66.26667","1.18134","65.0","69.0"],"48":["10","67.80000","0.60000","67.0","69.0"],"49":["10","67.30000","0.64031","67.0","69.0"],"50":["15","66.53333","1.58605","64.0","69.0"],"51":["14","64.07143","2.21889","61.0","68.0"],"52":["9","60.44444","1.06574","59.0","63.0"],"53":["13","60.53846","2.02353","58.0","64.0"],"54":["11","60.54545","1.49931","59.0","63.0"],"55":["12","58.16667","2.85287","54.0","63.0"],"56":["16","56.93750","1.91927","54.0","61.0"],"57":["2","57.00000","0.00000","57.0","57.0"],"59":["9","66.33333","3.59011","61.0","71.0"],"60":["10","63.90000","3.04795","60.0","69.0"],"61":["9","63.88889","2.96065","61.0","69.0"]},"fantasy\/003\/temp_dry":{"41":["2","11.35000","1.05000","10.3","12.4"],"42":["18","12.09444","1.38101","10.4","14.0"],"43":["19","12.45263","1.17490","11.0","13.7"],"44":["19","12.96842","1.16215","11.6","14.6"],"45":["19","14.41053","1.38103","12.5","16.9"],"46":["19","17.08947","1.79499","14.6","19.9"],"47":["15","17.56000","2.11559","15.1","20.3"],"48":["10","16.24000","1.69482","14.7","18.8"],"49":["10","15.92000","1.50586","14.7","18.4"],"50":["15","16.84667","1.51476","15.3","19.1"],"51":["14","17.55000","1.62909","15.8","20.4"],"52":["9","18.40000","1.98830","16.9","21.4"],"53":["13","19.07692","1.91960","16.9","21.5"],"54":["11","18.25455","1.65879","16.8","20.8"],"55":["12","19.41667","2.26636","16.9","23.5"],"56":["16","20.05000","2.00842","17.4","23.1"],"57":["2","20.95000","1.75000","19.2","22.7"],"59":["9","17.23333","1.08832","16.0","19.1"],"60":["10","17.30000","1.11265","16.1","19.0"],"61":["9","16.91111","0.96890","15.9","18.5"]},"fantasy\/003\/temp_wet":{"41":["2","10.20000","0.60000","9.6","10.8"],"42":["18","10.68333","0.84344","9.7","11.8"],"43":["19","10.98947","0.86930","10.0","12.0"],"44":["19","11.35789","0.95824","10.3","12.7"],"45":["19","12.21579","1.11698","10.8","13.9"],"46":["19","13.36316","1.62358","11.5","15.7"],"47":["15","13.42000","1.82727","11.5","15.7"],"48":["10","12.46000","1.53180","11.0","14.7"],"49":["10","12.09000","1.41241","11.0","14.3"],"50":["15","12.80667","1.49910","11.3","14.7"],"51":["14","13.10000","1.60490","11.5","15.6"],"52":["9","13.37778","1.88018","11.9","16.1"],"53":["13","13.96923","1.91929","12.0","16.3"],"54":["11","13.25455","1.62109","11.8","15.7"],"55":["12","13.87500","2.04985","11.8","17.0"],"56":["16","14.23125","1.72327","12.0","16.8"],"57":["2","15.00000","1.50000","13.5","16.5"],"59":["9","13.11111","1.36499","11.8","15.0"],"60":["10","12.86000","1.39083","11.6","14.8"],"61":["9","12.55556","1.24821","11.4","14.4"]}}