{"_t":[1365397200,1367989200,2592000,240],"_i":["sanpedro\/005\/humidity","sanpedro\/005\/temperature"],"_@":{"humi":[30,100],"temp":[0,40]},"sanpedro\/005\/humidity":{"13":["940","60.31394","14.53474","36.6","93.8"],"14":["47","90.97447","3.59589","86.4","95.0"],"15":["80","90.92500","3.48172","86.2","94.7"],"16":["25","91.24400","3.56764","86.1","94.5"],"17":["41","91.10976","3.37840","86.1","94.4"],"18":["996","70.90382","13.45153","49.3","94.9"],"19":["1496","54.33596","10.23006","37.8","86.6"],"20":["893","63.57626","6.76345","53.0","85.2"],"21":["102","89.83824","3.57508","85.2","95.1"],"22":["37","90.45946","3.49327","86.3","94.7"],"23":["66","90.28939","3.61852","86.0","94.6"],"24":["41","89.72439","3.72322","85.9","94.3"],"25":["3","90.83333","3.40816","86.2","94.3"],"58":["433","72.34411","6.58868","58.7","94.4"],"59":["386","67.33938","5.00241","60.1","81.4"],"61":["1273","78.52294","7.16252","64.7","95.0"],"62":["75","91.17067","3.48554","86.7","95.0"],"63":["55","91.18727","2.99066","86.4","94.7"],"64":["33","91.27576","3.40285","86.2","94.6"],"65":["69","90.82754","3.56150","86.2","94.5"],"66":["1063","71.56171","12.23039","48.9","94.9"],"67":["1569","50.27119","5.76450","39.6","77.4"],"68":["1450","53.09545","7.14207","40.0","74.9"],"69":["1157","61.28142","10.68628","46.4","95.0"],"70":["58","90.95345","3.14287","86.4","94.9"],"71":["43","91.02326","3.27257","86.5","94.7"],"72":["90","90.24333","3.63376","85.9","94.4"],"73":["30","89.46667","3.59540","85.9","94.2"],"74":["747","73.10549","11.46568","55.6","94.9"],"75":["1580","53.19468","4.51984","35.6","66.5"],"76":["1434","52.94951","8.09390","31.7","71.6"],"77":["805","65.61901","13.35082","47.1","95.1"],"78":["60","90.49333","3.66565","86.5","94.9"],"79":["42","91.35000","3.39532","86.5","94.6"],"80":["31","90.97097","3.22662","86.5","94.6"],"81":["63","91.07143","3.37740","86.5","94.5"],"83":["988","61.20213","6.96908","49.7","77.6"],"84":["1581","58.89323","3.52902","51.1","73.8"],"85":["820","67.43622","11.45872","51.6","95.1"],"86":["91","91.43187","3.54003","86.6","95.0"],"87":["70","91.24143","3.47557","86.4","94.7"],"88":["72","91.22083","3.51445","86.3","94.6"],"89":["33","91.21515","3.39198","86.3","94.5"],"91":["139","65.86547","4.60276","60.1","81.7"],"94":["45","91.40667","3.13698","86.5","94.7"],"95":["69","91.57246","3.30269","86.5","94.7"],"96":["55","91.56727","3.22677","86.3","94.7"],"97":["54","91.67037","3.33664","86.3","94.6"],"98":["554","75.60397","9.63992","55.1","95.1"],"115":["876","66.40217","5.30625","49.0","76.1"],"116":["1457","71.50185","7.50143","50.3","86.9"],"117":["1208","71.97136","12.54218","43.2","95.0"],"118":["40","91.04000","3.65621","86.3","94.8"],"119":["43","91.01395","3.48682","86.2","94.5"],"120":["59","90.63898","3.41239","86.2","94.4"],"121":["73","91.03151","3.54764","86.1","94.4"],"122":["744","69.25766","12.22476","50.3","94.9"],"123":["1509","65.86594","10.86698","41.0","91.0"],"124":["964","59.28942","4.02219","50.8","78.8"],"125":["1339","60.36453","13.16021","40.7","94.4"],"126":["222","83.67072","5.68109","76.6","94.8"],"127":["45","91.52444","3.22298","86.3","94.6"],"128":["47","91.17872","3.47146","86.1","94.5"],"147":["960","51.68885","4.11503","38.5","65.2"],"148":["1450","53.78034","5.20594","41.6","66.4"],"149":["1356","60.55678","11.69748","41.4","94.7"],"150":["70","90.79286","3.52750","86.7","95.0"],"151":["305","81.21180","9.10357","68.6","94.8"],"152":["84","90.87619","3.58361","85.7","94.5"],"153":["140","89.13143","3.74511","85.6","94.1"],"154":["927","70.00280","13.34826","45.1","94.6"],"155":["1528","55.65190","8.73540","35.3","89.9"],"156":["1524","55.66857","4.39511","44.0","72.1"],"157":["1007","69.28183","10.23129","44.7","95.0"],"158":["69","91.06232","3.36879","86.2","94.9"],"159":["37","91.36486","3.36614","86.4","94.6"],"160":["27","91.44815","3.50538","86.2","94.6"],"161":["57","91.55965","3.35370","86.2","94.5"],"162":["1049","66.91716","12.21561","47.8","95.0"],"163":["1488","57.80685","7.67630","41.0","75.6"],"164":["1455","53.70790","3.13847","45.3","62.4"],"165":["1316","56.74012","12.79122","39.9","89.0"],"166":["78","91.06538","3.33912","86.4","94.8"],"167":["79","90.50633","3.62311","86.2","94.4"],"168":["43","90.68837","3.58636","86.4","94.5"],"169":["44","90.92500","3.52569","86.3","94.6"],"170":["778","71.86992","10.46548","54.4","94.9"],"171":["1335","66.53401","9.70141","47.6","89.6"],"172":["1556","65.02269","7.60499","46.8","78.0"],"173":["1131","74.64704","7.96361","55.8","94.8"],"174":["88","90.64545","3.45911","86.5","94.7"],"175":["36","91.34444","3.41202","86.4","94.7"],"176":["45","91.28667","3.42556","86.4","94.6"],"177":["6","91.93333","2.70350","86.4","94.5"],"194":["705","66.75135","11.33058","49.1","94.8"],"195":["1496","49.10414","6.94248","36.9","68.9"],"196":["1239","71.35456","7.50457","56.4","88.4"],"197":["1456","67.83468","10.33572","50.2","93.2"],"198":["72","91.13889","3.40932","86.4","94.8"],"199":["68","90.81912","3.22852","86.4","94.6"],"200":["19","91.35789","3.47280","86.4","94.6"],"201":["39","91.86923","3.35132","86.4","94.5"],"202":["109","90.99358","3.46747","86.4","94.8"],"203":["1440","60.66937","13.56271","42.4","94.9"],"204":["1506","51.23506","6.57055","34.6","72.5"],"205":["1244","64.93312","11.40675","44.4","92.0"],"206":["128","90.33203","3.66921","84.2","94.8"],"207":["22","90.91364","3.42574","86.5","94.6"],"208":["38","91.46053","3.32499","86.1","94.5"],"209":["74","91.19595","3.35259","86.1","94.3"],"210":["1151","70.79800","10.08554","52.0","94.9"],"211":["1429","48.89692","4.44331","40.9","64.8"],"212":["1487","54.06456","2.94078","44.7","62.9"],"213":["1197","72.50017","13.27133","48.7","95.0"],"214":["36","91.45278","3.50163","86.6","94.9"],"215":["66","91.75606","3.35325","86.4","95.4"],"216":["51","91.43922","3.27283","86.3","94.6"],"217":["32","92.05937","3.19999","86.3","94.5"],"218":["535","77.02411","7.85363","64.9","94.9"],"219":["1560","57.21353","10.43072","43.2","80.1"],"220":["1336","68.21175","12.98295","45.1","91.0"],"221":["966","84.80145","4.08756","76.8","94.9"],"222":["36","90.70833","3.49193","86.4","94.7"],"223":["59","91.21525","3.37332","86.5","94.5"],"224":["58","91.07931","3.23849","86.4","94.5"],"225":["30","91.38333","3.18204","86.3","94.5"],"226":["969","73.12270","7.15395","62.0","94.6"],"227":["1496","53.08202","7.50534","36.1","68.8"],"228":["1465","60.08328","4.78093","48.2","71.1"],"229":["1357","76.93869","4.25038","62.4","94.8"],"230":["43","90.31860","3.64776","86.2","94.7"],"231":["96","90.27812","3.60573","86.0","94.3"],"232":["74","90.36486","3.57859","85.8","94.2"],"233":["98","89.48571","3.69694","85.8","94.3"],"234":["48","91.02292","3.59393","86.2","94.7"],"235":["528","81.01023","10.18972","61.7","94.9"],"236":["1386","72.88283","12.55803","52.0","95.0"],"237":["637","76.34584","6.18454","64.6","95.0"],"238":["26","91.00769","3.42894","86.4","94.7"],"239":["53","91.49057","3.42015","86.2","94.5"]},"sanpedro\/005\/temperature":{"13":["940","22.20723","3.06749","15.8","27.9"],"14":["47","13.22553","1.16152","10.9","15.4"],"15":["80","12.02500","0.76591","10.3","13.3"],"16":["25","10.96800","0.63606","9.5","11.9"],"17":["41","10.01463","0.66353","8.5","10.8"],"18":["996","18.43725","3.47717","8.7","27.4"],"19":["1496","22.29960","3.12641","17.4","32.3"],"20":["893","19.75801","1.66468","17.3","24.0"],"21":["102","15.26667","0.55295","14.1","16.5"],"22":["37","11.80541","0.84115","10.4","13.7"],"23":["66","10.63788","1.38529","8.1","12.9"],"24":["41","9.18537","0.79190","7.7","10.9"],"25":["3","10.63333","0.53125","10.0","11.3"],"58":["433","19.32263","1.51455","16.8","23.4"],"59":["386","19.85751","1.00692","18.2","22.7"],"61":["1273","17.83299","1.55684","14.9","22.0"],"62":["75","13.98667","0.47027","12.9","15.1"],"63":["55","12.60000","0.34272","11.8","13.2"],"64":["33","11.89697","0.69084","10.2","12.7"],"65":["69","11.03478","0.51998","9.9","12.0"],"66":["1063","18.04008","3.38389","9.9","27.9"],