{"_t":[1369112400,1369198800,86400,144],"_i":["sanpedro\/006\/VoltR"],"_@":{"Volt":[0,140]},"sanpedro\/006\/VoltR":{"24":["2","0.00000","0.00000","0.0","0.0"],"25":["2","0.00000","0.00000","0.0","0.0"],"26":["2","0.00000","0.00000","0.0","0.0"],"27":["2","0.00000","0.00000","0.0","0.0"],"28":["2","0.00000","0.00000","0.0","0.0"],"29":["2","0.00000","0.00000","0.0","0.0"],"30":["2","0.00000","0.00000","0.0","0.0"],"31":["2","0.00000","0.00000","0.0","0.0"],"32":["2","0.00000","0.00000","0.0","0.0"],"33":["2","0.00000","0.00000","0.0","0.0"],"34":["2","0.00000","0.00000","0.0","0.0"],"35":["2","0.00000","0.00000","0.0","0.0"],"36":["2","0.00000","0.00000","0.0","0.0"],"37":["2","0.00000","0.00000","0.0","0.0"],"38":["2","0.00000","0.00000","0.0","0.0"],"39":["2","0.00000","0.00000","0.0","0.0"],"40":["2","0.00000","0.00000","0.0","0.0"],"41":["2","0.00000","0.00000","0.0","0.0"],"42":["2","0.00000","0.00000","0.0","0.0"],"43":["2","0.00000","0.00000","0.0","0.0"],"44":["2","0.00000","0.00000","0.0","0.0"],"45":["2","0.00000","0.00000","0.0","0.0"],"46":["4","64.00000","64.00000","0.0","128.0"],"47":["12","107.08333","47.89130","0.0","129.0"],"48":["2","0.00000","0.00000","0.0","0.0"],"49":["2","0.00000","0.00000","0.0","0.0"],"50":["8","82.87500","64.19587","0.0","133.0"],"51":["11","108.36364","51.08509","0.0","133.0"],"52":["11","97.00000","59.40156","0.0","134.0"],"53":["5","53.40000","65.40214","0.0","134.0"],"54":["2","0.00000","0.00000","0.0","0.0"],"55":["2","0.00000","0.00000","0.0","0.0"],"56":["2","0.00000","0.00000","0.0","0.0"],"57":["2","0.00000","0.00000","0.0","0.0"],"58":["2","0.00000","0.00000","0.0","0.0"],"59":["4","65.75000","65.75095","0.0","132.0"],"60":["2","0.00000","0.00000","0.0","0.0"]}}