{"_t":[1380517200,1381122000,604800,168],"_i":["timana0\/002\/VoltR"],"_@":{"Volt":[0,140]},"timana0\/002\/VoltR":[["6","0.00000","0.00000","0.0","0.0"],["12","0.00000","0.00000","0.0","0.0"],["12","0.00000","0.00000","0.0","0.0"],["12","0.00000","0.00000","0.0","0.0"],["11","0.00000","0.00000","0.0","0.0"],["12","63.91667","63.92112","0.0","129.0"],["12","0.00000","0.00000","0.0","0.0"],["12","0.00000","0.00000","0.0","0.0"],["11","0.00000","0.00000","0.0","0.0"],["10","0.00000","0.00000","0.0","0.0"],["12","0.00000","0.00000","0.0","0.0"],["12","0.00000","0.00000","0.0","0.0"],["12","0.00000","0.00000","0.0","0.0"],["12","0.00000","0.00000","0.0","0.0"],["11","0.00000","0.00000","0.0","0.0"],["12","0.00000","0.00000","0.0","0.0"],["12","0.00000","0.00000","0.0","0.0"],["12","0.00000","0.00000","0.0","0.0"],["12","0.00000","0.00000","0.0","0.0"],["12","0.00000","0.00000","0.0","0.0"],["12","0.00000","0.00000","0.0","0.0"],["12","0.00000","0.00000","0.0","0.0"],["11","0.00000","0.00000","0.0","0.0"],["12","0.00000","0.00000","0.0","0.0"],["12","95.91667","55.38571","0.0","130.0"],["12","127.66667","0.62361","127.0","129.0"],["12","128.33333","0.62361","127.0","129.0"],["12","128.25000","0.92421","126.0","129.0"],["12","127.08333","0.95379","125.0","129.0"],["12","53.33333","63.10749","0.0","129.0"],["11","34.00000","55.52231","0.0","125.0"],["12","0.00000","0.00000","0.0","0.0"],["12","0.00000","0.00000","0.0","0.0"],["12","0.00000","0.00000","0.0","0.0"],["12","0.00000","0.00000","0.0","0.0"],["12","0.00000","0.00000","0.0","0.0"],["11","0.00000","0.00000","0.0","0.0"],["12","0.00000","0.00000","0.0","0.0"],["12","0.00000","0.00000","0.0","0.0"],["12","0.00000","0.00000","0.0","0.0"],["12","0.00000","0.00000","0.0","0.0"],["12","84.00000","59.40258","0.0","127.0"],["11","68.90909","62.90607","0.0","127.0"],["12","127.08333","0.95379","126.0","129.0"],["12","127.16667","0.89753","125.0","128.0"],["12","127.58333","0.95379","126.0","129.0"],["12","127.00000","0.70711","126.0","129.0"],["11","127.81818","1.02852","125.0","129.0"],["12","127.91667","1.32025","125.0","129.0"],["12","128.83333","0.89753","127.0","130.0"],["12","129.16667","0.68718","128.0","130.0"],["12","127.83333","0.98601","126.0","130.0"],["11","127.36364","1.49379","124.0","129.0"],["12","31.66667","54.85182","0.0","128.0"],["12","30.41667","52.69007","0.0","124.0"],["12","0.00000","0.00000","0.0","0.0"],["12","0.00000","0.00000","0.0","0.0"],["12","0.00000","0.00000","0.0","0.0"],["11","0.00000","0.00000","0.0","0.0"],["12","0.00000","0.00000","0.0","0.0"],["12","0.00000","0.00000","0.0","0.0"],["12","0.00000","0.00000","0.0","0.0"],["12","0.00000","0.00000","0.0","0.0"],["12","0.00000","0.00000","0.0","0.0"],["11","56.18182","61.54646","0.0","124.0"],["12","0.00000","0.00000","0.0","0.0"],["12","20.75000","46.39886","0.0","125.0"],["12","0.00000","0.00000","0.0","0.0"],["12","0.00000","0.00000","0.0","0.0"],["11","0.00000","0.00000","0.0","0.0"],["12","0.00000","0.00000","0.0","0.0"],["12","0.00000","0.00000","0.0","0.0"],["12","53.75000","63.59786","0.0","129.0"],["12","129.16667","1.14261","127.0","130.0"],["11","129.81818","0.38569","129.0","130.0"],["12","129.66667","0.84984","128.0","131.0"],["12","128.50000","1.11803","126.0","130.0"],["12","63.66667","63.67408","0.0","129.0"],["12","10.33333","34.27179","0.0","124.0"],["11","0.00000","0.00000","0.0","0.0"],["12","0.00000","0.00000","0.0","0.0"],["12","0.00000","0.00000","0.0","0.0"],["12","0.00000","0.00000","0.0","0.0"],["12","0.00000","0.00000","0.0","0.0"],["12","0.00000","0.00000","0.0","0.0"],["11","0.00000","0.00000","0.0","0.0"],["12","0.00000","0.00000","0.0","0.0"],["12","0.00000","0.00000","0.0","0.0"],["12","0.00000","0.00000","0.0","0.0"],["11","0.00000","0.00000","0.0","0.0"],["12","0.00000","0.00000","0.0","0.0"],["12","0.00000","0.00000","0.0","0.0"],["12","0.00000","0.00000","0.0","0.0"],["11","0.00000","0.00000","0.0","0.0"],["12","0.00000","0.00000","0.0","0.0"],["12","63.91667","63.92242","0.0","130.0"],["12","0.00000","0.00000","0.0","0.0"],["12","0.00000","0.00000","0.0","0.0"],["11","0.00000","0.00000","0.0","0.0"],["12","0.00000","0.00000","0.0","0.0"],["11","0.00000","0.00000","0.0","0.0"],["12","0.00000","0.00000","0.0","0.0"],["12","10.08333","33.44263","0.0","121.0"],["12","0.00000","0.00000","0.0","0.0"],["12","0.00000","0.00000","0.0","0.0"],["12","0.00000","0.00000","0.0","0.0"],["12","0.00000","0.00000","0.0","0.0"],["12","0.00000","0.00000","0.0","0.0"],["11","0.00000","0.00000","0.0","0.0"],["12","40.83333","57.74922","0.0","124.0"],["12","0.00000","0.00000","0.0","0.0"],["12","0.00000","0.00000","0.0","0.0"],["12","0.00000","0.00000","0.0","0.0"],["12","0.00000","0.00000","0.0","0.0"],["12","0.00000","0.00000","0.0","0.0"],["11","0.00000","0.00000","0.0","0.0"],["12","0.00000","0.00000","0.0","0.0"],["12","0.00000","0.00000","0.0","0.0"],["12","0.00000","0.00000","0.0","0.0"],["12","0.00000","0.00000","0.0","0.0"],["10","0.00000","0.00000","0.0","0.0"],["12","0.00000","0.00000","0.0","0.0"],["12","0.00000","0.00000","0.0","0.0"],["12","0.00000","0.00000","0.0","0.0"],["12","10.41667","34.54817","0.0","125.0"],["11","57.54545","63.05029","0.0","130.0"],["12","0.00000","0.00000","0.0","0.0"],["12","0.00000","0.00000","0.0","0.0"],["12","0.00000","0.00000","0.0","0.0"],["12","0.00000","0.00000","0.0","0.0"],["12","0.00000","0.00000","0.0","0.0"],["4","0.00000","0.00000","0.0","0.0"]]}